ISO-10303-21;
HEADER;
/* Generated by software containing ST-Developer
 * from STEP Tools, Inc. (www.steptools.com) 
 */

FILE_DESCRIPTION(
/* description */ (''),
/* implementation_level */ '2;1');

FILE_NAME(
/* name */ 'PRINT_V011_P101_Turret_J2CheekRelief.step',
/* time_stamp */ '2026-08-13T09:29:30+02:00',
/* author */ (''),
/* organization */ (''),
/* preprocessor_version */ 'ST-DEVELOPER v20.1',
/* originating_system */ 'Autodesk Translation Framework v15.8.0.0',
/* authorisation */ '');

FILE_SCHEMA (('AUTOMOTIVE_DESIGN { 1 0 10303 214 3 1 1 }'));
ENDSEC;

DATA;
#10=MECHANICAL_DESIGN_GEOMETRIC_PRESENTATION_REPRESENTATION('',(#15,#16,
#17),#4166);
#11=SHAPE_REPRESENTATION_RELATIONSHIP('SRR','None',#4173,#12);
#12=ADVANCED_BREP_SHAPE_REPRESENTATION('',(#2360,#13,#14),#4165);
#13=MANIFOLD_SOLID_BREP('PRINT_V011_P101_Turret_J2CheekRelief',#2358);
#14=MANIFOLD_SOLID_BREP('PRINT_V011_P101_Turret_J2CheekRelief',#2359);
#15=STYLED_ITEM('',(#4182),#2360);
#16=STYLED_ITEM('',(#4182),#13);
#17=STYLED_ITEM('',(#4182),#14);
#18=ORIENTED_CLOSED_SHELL('',*,#2352,.F.);
#19=ORIENTED_CLOSED_SHELL('',*,#2353,.F.);
#20=ORIENTED_CLOSED_SHELL('',*,#2354,.F.);
#21=ORIENTED_CLOSED_SHELL('',*,#2355,.F.);
#22=ORIENTED_CLOSED_SHELL('',*,#2356,.F.);
#23=ORIENTED_CLOSED_SHELL('',*,#2357,.F.);
#24=B_SPLINE_CURVE_WITH_KNOTS('',3,(#3610,#3611,#3612,#3613,#3614,#3615,
#3616,#3617,#3618,#3619),.UNSPECIFIED.,.F.,.F.,(4,2,2,2,4),(0.,0.0989460730194584,
0.197892146038917,0.296773751419423,0.395655356799929),.UNSPECIFIED.);
#25=B_SPLINE_CURVE_WITH_KNOTS('',3,(#3620,#3621,#3622,#3623,#3624,#3625,
#3626,#3627,#3628,#3629,#3630,#3631,#3632,#3633,#3634,#3635,#3636,#3637,
#3638,#3639,#3640,#3641,#3642,#3643,#3644,#3645),.UNSPECIFIED.,.F.,.F.,
(4,2,2,2,2,2,2,2,2,2,2,2,4),(0.395655356799929,0.494536962180435,0.593418567560941,
0.692364640580399,0.791310713599857,0.890256786619316,0.989202859638774,
1.08808446501928,1.18696607039979,1.28584767578029,1.3847292811608,1.48367535418026,
1.58262142719971),.UNSPECIFIED.);
#26=B_SPLINE_CURVE_WITH_KNOTS('',3,(#3655,#3656,#3657,#3658,#3659,#3660,
#3661,#3662,#3663,#3664,#3665,#3666,#3667,#3668,#3669,#3670,#3671,#3672,
#3673,#3674,#3675,#3676,#3677,#3678,#3679,#3680),.UNSPECIFIED.,.F.,.F.,
(4,2,2,2,2,2,2,2,2,2,2,2,4),(0.,0.17364293483841,0.34728586967682,0.520923734484682,
0.694561599292545,0.868199464100408,1.04183732890827,1.21548026374668,1.38912319858509,
1.5627661334235,1.73640906826191,1.91004693306977,2.08368479787763),
 .UNSPECIFIED.);
#27=B_SPLINE_CURVE_WITH_KNOTS('',3,(#3681,#3682,#3683,#3684,#3685,#3686,
#3687,#3688,#3689,#3690),.UNSPECIFIED.,.F.,.F.,(4,2,2,2,4),(2.08368479787763,
2.2573226626855,2.43096052749336,2.60460346233177,2.77824639717018),
 .UNSPECIFIED.);
#28=LINE('',#3444,#191);
#29=LINE('',#3466,#192);
#30=LINE('',#3476,#193);
#31=LINE('',#3479,#194);
#32=LINE('',#3481,#195);
#33=LINE('',#3488,#196);
#34=LINE('',#3500,#197);
#35=LINE('',#3503,#198);
#36=LINE('',#3505,#199);
#37=LINE('',#3512,#200);
#38=LINE('',#3524,#201);
#39=LINE('',#3527,#202);
#40=LINE('',#3529,#203);
#41=LINE('',#3536,#204);
#42=LINE('',#3548,#205);
#43=LINE('',#3551,#206);
#44=LINE('',#3553,#207);
#45=LINE('',#3560,#208);
#46=LINE('',#3566,#209);
#47=LINE('',#3570,#210);
#48=LINE('',#3574,#211);
#49=LINE('',#3578,#212);
#50=LINE('',#3587,#213);
#51=LINE('',#3591,#214);
#52=LINE('',#3600,#215);
#53=LINE('',#3604,#216);
#54=LINE('',#3647,#217);
#55=LINE('',#3653,#218);
#56=LINE('',#3703,#219);
#57=LINE('',#3707,#220);
#58=LINE('',#3710,#221);
#59=LINE('',#3718,#222);
#60=LINE('',#3725,#223);
#61=LINE('',#3727,#224);
#62=LINE('',#3730,#225);
#63=LINE('',#3735,#226);
#64=LINE('',#3744,#227);
#65=LINE('',#3749,#228);
#66=LINE('',#3758,#229);
#67=LINE('',#3763,#230);
#68=LINE('',#3772,#231);
#69=LINE('',#3777,#232);
#70=LINE('',#3786,#233);
#71=LINE('',#3792,#234);
#72=LINE('',#3794,#235);
#73=LINE('',#3795,#236);
#74=LINE('',#3798,#237);
#75=LINE('',#3800,#238);
#76=LINE('',#3801,#239);
#77=LINE('',#3804,#240);
#78=LINE('',#3805,#241);
#79=LINE('',#3809,#242);
#80=LINE('',#3812,#243);
#81=LINE('',#3814,#244);
#82=LINE('',#3816,#245);
#83=LINE('',#3818,#246);
#84=LINE('',#3820,#247);
#85=LINE('',#3822,#248);
#86=LINE('',#3826,#249);
#87=LINE('',#3830,#250);
#88=LINE('',#3831,#251);
#89=LINE('',#3834,#252);
#90=LINE('',#3836,#253);
#91=LINE('',#3838,#254);
#92=LINE('',#3839,#255);
#93=LINE('',#3844,#256);
#94=LINE('',#3845,#257);
#95=LINE('',#3850,#258);
#96=LINE('',#3851,#259);
#97=LINE('',#3853,#260);
#98=LINE('',#3855,#261);
#99=LINE('',#3860,#262);
#100=LINE('',#3865,#263);
#101=LINE('',#3872,#264);
#102=LINE('',#3878,#265);
#103=LINE('',#3880,#266);
#104=LINE('',#3882,#267);
#105=LINE('',#3883,#268);
#106=LINE('',#3887,#269);
#107=LINE('',#3891,#270);
#108=LINE('',#3897,#271);
#109=LINE('',#3909,#272);
#110=LINE('',#3913,#273);
#111=LINE('',#3915,#274);
#112=LINE('',#3916,#275);
#113=LINE('',#3919,#276);
#114=LINE('',#3923,#277);
#115=LINE('',#3927,#278);
#116=LINE('',#3931,#279);
#117=LINE('',#3935,#280);
#118=LINE('',#3939,#281);
#119=LINE('',#3941,#282);
#120=LINE('',#3944,#283);
#121=LINE('',#3946,#284);
#122=LINE('',#3948,#285);
#123=LINE('',#3949,#286);
#124=LINE('',#3951,#287);
#125=LINE('',#3953,#288);
#126=LINE('',#3959,#289);
#127=LINE('',#3961,#290);
#128=LINE('',#3963,#291);
#129=LINE('',#3964,#292);
#130=LINE('',#3968,#293);
#131=LINE('',#3972,#294);
#132=LINE('',#3976,#295);
#133=LINE('',#3980,#296);
#134=LINE('',#3983,#297);
#135=LINE('',#3985,#298);
#136=LINE('',#3986,#299);
#137=LINE('',#3987,#300);
#138=LINE('',#3989,#301);
#139=LINE('',#3990,#302);
#140=LINE('',#3993,#303);
#141=LINE('',#3994,#304);
#142=LINE('',#3996,#305);
#143=LINE('',#3997,#306);
#144=LINE('',#3998,#307);
#145=LINE('',#4004,#308);
#146=LINE('',#4007,#309);
#147=LINE('',#4010,#310);
#148=LINE('',#4011,#311);
#149=LINE('',#4017,#312);
#150=LINE('',#4019,#313);
#151=LINE('',#4020,#314);
#152=LINE('',#4023,#315);
#153=LINE('',#4024,#316);
#154=LINE('',#4027,#317);
#155=LINE('',#4029,#318);
#156=LINE('',#4031,#319);
#157=LINE('',#4033,#320);
#158=LINE('',#4035,#321);
#159=LINE('',#4036,#322);
#160=LINE('',#4038,#323);
#161=LINE('',#4041,#324);
#162=LINE('',#4044,#325);
#163=LINE('',#4045,#326);
#164=LINE('',#4048,#327);
#165=LINE('',#4049,#328);
#166=LINE('',#4053,#329);
#167=LINE('',#4054,#330);
#168=LINE('',#4060,#331);
#169=LINE('',#4067,#332);
#170=LINE('',#4075,#333);
#171=LINE('',#4083,#334);
#172=LINE('',#4091,#335);
#173=LINE('',#4099,#336);
#174=LINE('',#4107,#337);
#175=LINE('',#4116,#338);
#176=LINE('',#4118,#339);
#177=LINE('',#4119,#340);
#178=LINE('',#4124,#341);
#179=LINE('',#4125,#342);
#180=LINE('',#4128,#343);
#181=LINE('',#4132,#344);
#182=LINE('',#4135,#345);
#183=LINE('',#4142,#346);
#184=LINE('',#4144,#347);
#185=LINE('',#4145,#348);
#186=LINE('',#4150,#349);
#187=LINE('',#4154,#350);
#188=LINE('',#4155,#351);
#189=LINE('',#4158,#352);
#190=LINE('',#4161,#353);
#191=VECTOR('',#2695,23.7);
#192=VECTOR('',#2724,23.7);
#193=VECTOR('',#2735,3.2);
#194=VECTOR('',#2738,10.);
#195=VECTOR('',#2739,10.);
#196=VECTOR('',#2748,1.8);
#197=VECTOR('',#2763,3.2);
#198=VECTOR('',#2766,10.);
#199=VECTOR('',#2767,10.);
#200=VECTOR('',#2776,1.8);
#201=VECTOR('',#2791,3.2);
#202=VECTOR('',#2794,10.);
#203=VECTOR('',#2795,10.);
#204=VECTOR('',#2804,1.8);
#205=VECTOR('',#2819,3.2);
#206=VECTOR('',#2822,10.);
#207=VECTOR('',#2823,10.);
#208=VECTOR('',#2832,1.8);
#209=VECTOR('',#2841,1.8);
#210=VECTOR('',#2846,1.8);
#211=VECTOR('',#2851,1.8);
#212=VECTOR('',#2856,1.8);
#213=VECTOR('',#2867,18.);
#214=VECTOR('',#2872,27.);
#215=VECTOR('',#2883,18.);
#216=VECTOR('',#2888,27.);
#217=VECTOR('',#2895,2.6);
#218=VECTOR('',#2902,4.6);
#219=VECTOR('',#2919,27.);
#220=VECTOR('',#2924,17.4);
#221=VECTOR('',#2927,17.4);
#222=VECTOR('',#2936,10.);
#223=VECTOR('',#2945,7.2);
#224=VECTOR('',#2946,10.);
#225=VECTOR('',#2949,10.);
#226=VECTOR('',#2954,3.75);
#227=VECTOR('',#2967,2.25);
#228=VECTOR('',#2972,3.75);
#229=VECTOR('',#2985,2.25);
#230=VECTOR('',#2990,3.75);
#231=VECTOR('',#3003,2.25);
#232=VECTOR('',#3008,3.75);
#233=VECTOR('',#3021,2.25);
#234=VECTOR('',#3026,10.);
#235=VECTOR('',#3027,10.);
#236=VECTOR('',#3028,10.);
#237=VECTOR('',#3031,10.);
#238=VECTOR('',#3032,10.);
#239=VECTOR('',#3033,10.);
#240=VECTOR('',#3036,10.);
#241=VECTOR('',#3037,10.);
#242=VECTOR('',#3042,10.);
#243=VECTOR('',#3045,10.);
#244=VECTOR('',#3046,10.);
#245=VECTOR('',#3047,10.);
#246=VECTOR('',#3048,10.);
#247=VECTOR('',#3049,10.);
#248=VECTOR('',#3050,10.);
#249=VECTOR('',#3053,10.);
#250=VECTOR('',#3056,10.);
#251=VECTOR('',#3057,10.);
#252=VECTOR('',#3058,10.);
#253=VECTOR('',#3059,10.);
#254=VECTOR('',#3060,10.);
#255=VECTOR('',#3061,10.);
#256=VECTOR('',#3066,10.);
#257=VECTOR('',#3067,10.);
#258=VECTOR('',#3072,10.);
#259=VECTOR('',#3073,10.);
#260=VECTOR('',#3076,10.);
#261=VECTOR('',#3079,10.);
#262=VECTOR('',#3084,10.);
#263=VECTOR('',#3089,3.25);
#264=VECTOR('',#3098,3.25);
#265=VECTOR('',#3105,10.);
#266=VECTOR('',#3106,10.);
#267=VECTOR('',#3107,10.);
#268=VECTOR('',#3108,10.);
#269=VECTOR('',#3111,10.);
#270=VECTOR('',#3114,10.);
#271=VECTOR('',#3121,10.);
#272=VECTOR('',#3132,10.);
#273=VECTOR('',#3135,10.);
#274=VECTOR('',#3136,10.);
#275=VECTOR('',#3137,10.);
#276=VECTOR('',#3140,2.2);
#277=VECTOR('',#3145,2.2);
#278=VECTOR('',#3150,2.2);
#279=VECTOR('',#3155,2.2);
#280=VECTOR('',#3160,23.7);
#281=VECTOR('',#3165,10.);
#282=VECTOR('',#3166,10.);
#283=VECTOR('',#3171,10.);
#284=VECTOR('',#3172,10.);
#285=VECTOR('',#3173,10.);
#286=VECTOR('',#3174,10.);
#287=VECTOR('',#3177,10.);
#288=VECTOR('',#3180,10.);
#289=VECTOR('',#3185,10.);
#290=VECTOR('',#3186,10.);
#291=VECTOR('',#3187,10.);
#292=VECTOR('',#3188,10.);
#293=VECTOR('',#3193,2.2);
#294=VECTOR('',#3198,2.2);
#295=VECTOR('',#3203,2.2);
#296=VECTOR('',#3208,2.2);
#297=VECTOR('',#3211,10.);
#298=VECTOR('',#3212,10.);
#299=VECTOR('',#3213,10.);
#300=VECTOR('',#3214,10.);
#301=VECTOR('',#3215,10.);
#302=VECTOR('',#3216,10.);
#303=VECTOR('',#3219,10.);
#304=VECTOR('',#3220,10.);
#305=VECTOR('',#3223,10.);
#306=VECTOR('',#3224,10.);
#307=VECTOR('',#3225,10.);
#308=VECTOR('',#3234,23.7);
#309=VECTOR('',#3239,10.);
#310=VECTOR('',#3244,10.);
#311=VECTOR('',#3245,10.);
#312=VECTOR('',#3254,10.);
#313=VECTOR('',#3255,10.);
#314=VECTOR('',#3256,10.);
#315=VECTOR('',#3259,10.);
#316=VECTOR('',#3260,10.);
#317=VECTOR('',#3263,10.);
#318=VECTOR('',#3264,10.);
#319=VECTOR('',#3265,10.);
#320=VECTOR('',#3266,10.);
#321=VECTOR('',#3267,10.);
#322=VECTOR('',#3268,10.);
#323=VECTOR('',#3271,10.);
#324=VECTOR('',#3274,10.);
#325=VECTOR('',#3277,10.);
#326=VECTOR('',#3278,10.);
#327=VECTOR('',#3281,10.);
#328=VECTOR('',#3282,10.);
#329=VECTOR('',#3287,10.);
#330=VECTOR('',#3288,10.);
#331=VECTOR('',#3297,19.9);
#332=VECTOR('',#3306,1.25);
#333=VECTOR('',#3317,1.25);
#334=VECTOR('',#3328,1.25);
#335=VECTOR('',#3339,1.25);
#336=VECTOR('',#3350,3.25);
#337=VECTOR('',#3361,3.25);
#338=VECTOR('',#3372,10.);
#339=VECTOR('',#3373,10.);
#340=VECTOR('',#3374,10.);
#341=VECTOR('',#3379,10.);
#342=VECTOR('',#3380,10.);
#343=VECTOR('',#3383,10.);
#344=VECTOR('',#3388,10.);
#345=VECTOR('',#3393,10.);
#346=VECTOR('',#3400,10.);
#347=VECTOR('',#3401,10.);
#348=VECTOR('',#3402,10.);
#349=VECTOR('',#3407,10.);
#350=VECTOR('',#3412,10.);
#351=VECTOR('',#3413,10.);
#352=VECTOR('',#3416,10.);
#353=VECTOR('',#3421,10.);
#354=CYLINDRICAL_SURFACE('',#2385,23.7);
#355=CYLINDRICAL_SURFACE('',#2398,23.7);
#356=CYLINDRICAL_SURFACE('',#2403,3.2);
#357=CYLINDRICAL_SURFACE('',#2409,1.8);
#358=CYLINDRICAL_SURFACE('',#2415,3.2);
#359=CYLINDRICAL_SURFACE('',#2421,1.8);
#360=CYLINDRICAL_SURFACE('',#2427,3.2);
#361=CYLINDRICAL_SURFACE('',#2433,1.8);
#362=CYLINDRICAL_SURFACE('',#2439,3.2);
#363=CYLINDRICAL_SURFACE('',#2445,1.8);
#364=CYLINDRICAL_SURFACE('',#2448,1.8);
#365=CYLINDRICAL_SURFACE('',#2450,1.8);
#366=CYLINDRICAL_SURFACE('',#2452,1.8);
#367=CYLINDRICAL_SURFACE('',#2454,1.8);
#368=CYLINDRICAL_SURFACE('',#2459,18.);
#369=CYLINDRICAL_SURFACE('',#2461,27.);
#370=CYLINDRICAL_SURFACE('',#2467,18.);
#371=CYLINDRICAL_SURFACE('',#2469,27.);
#372=CYLINDRICAL_SURFACE('',#2472,2.6);
#373=CYLINDRICAL_SURFACE('',#2474,4.6);
#374=CYLINDRICAL_SURFACE('',#2483,27.);
#375=CYLINDRICAL_SURFACE('',#2484,17.4);
#376=CYLINDRICAL_SURFACE('',#2486,17.4);
#377=CYLINDRICAL_SURFACE('',#2493,7.2);
#378=CYLINDRICAL_SURFACE('',#2496,3.75);
#379=CYLINDRICAL_SURFACE('',#2502,2.25);
#380=CYLINDRICAL_SURFACE('',#2504,3.75);
#381=CYLINDRICAL_SURFACE('',#2510,2.25);
#382=CYLINDRICAL_SURFACE('',#2512,3.75);
#383=CYLINDRICAL_SURFACE('',#2518,2.25);
#384=CYLINDRICAL_SURFACE('',#2520,3.75);
#385=CYLINDRICAL_SURFACE('',#2526,2.25);
#386=CYLINDRICAL_SURFACE('',#2545,3.25);
#387=CYLINDRICAL_SURFACE('',#2549,3.25);
#388=CYLINDRICAL_SURFACE('',#2565,2.2);
#389=CYLINDRICAL_SURFACE('',#2567,2.2);
#390=CYLINDRICAL_SURFACE('',#2569,2.2);
#391=CYLINDRICAL_SURFACE('',#2571,2.2);
#392=CYLINDRICAL_SURFACE('',#2573,23.7);
#393=CYLINDRICAL_SURFACE('',#2575,58.);
#394=CYLINDRICAL_SURFACE('',#2582,2.2);
#395=CYLINDRICAL_SURFACE('',#2584,2.2);
#396=CYLINDRICAL_SURFACE('',#2586,2.2);
#397=CYLINDRICAL_SURFACE('',#2588,2.2);
#398=CYLINDRICAL_SURFACE('',#2596,23.7);
#399=CYLINDRICAL_SURFACE('',#2597,58.);
#400=CYLINDRICAL_SURFACE('',#2601,20.);
#401=CYLINDRICAL_SURFACE('',#2602,20.);
#402=CYLINDRICAL_SURFACE('',#2603,60.);
#403=CYLINDRICAL_SURFACE('',#2615,30.);
#404=CYLINDRICAL_SURFACE('',#2616,19.9);
#405=CYLINDRICAL_SURFACE('',#2619,1.25);
#406=CYLINDRICAL_SURFACE('',#2624,1.25);
#407=CYLINDRICAL_SURFACE('',#2629,1.25);
#408=CYLINDRICAL_SURFACE('',#2634,1.25);
#409=CYLINDRICAL_SURFACE('',#2639,3.25);
#410=CYLINDRICAL_SURFACE('',#2644,3.25);
#411=CYLINDRICAL_SURFACE('',#2651,60.);
#412=CYLINDRICAL_SURFACE('',#2657,20.);
#413=CYLINDRICAL_SURFACE('',#2661,20.);
#414=CYLINDRICAL_SURFACE('',#2665,60.);
#415=FACE_BOUND('',#621,.T.);
#416=FACE_BOUND('',#628,.T.);
#417=FACE_BOUND('',#637,.T.);
#418=FACE_BOUND('',#642,.T.);
#419=FACE_BOUND('',#647,.T.);
#420=FACE_BOUND('',#652,.T.);
#421=FACE_BOUND('',#659,.T.);
#422=FACE_BOUND('',#663,.T.);
#423=FACE_BOUND('',#665,.T.);
#424=FACE_BOUND('',#669,.T.);
#425=FACE_BOUND('',#673,.T.);
#426=FACE_BOUND('',#675,.T.);
#427=FACE_BOUND('',#677,.T.);
#428=FACE_BOUND('',#679,.T.);
#429=FACE_BOUND('',#683,.T.);
#430=FACE_BOUND('',#686,.T.);
#431=FACE_BOUND('',#689,.T.);
#432=FACE_BOUND('',#694,.T.);
#433=FACE_BOUND('',#699,.T.);
#434=FACE_BOUND('',#704,.T.);
#435=FACE_BOUND('',#712,.T.);
#436=FACE_BOUND('',#718,.T.);
#437=FACE_BOUND('',#719,.T.);
#438=FACE_BOUND('',#720,.T.);
#439=FACE_BOUND('',#721,.T.);
#440=FACE_BOUND('',#722,.T.);
#441=FACE_BOUND('',#730,.T.);
#442=FACE_BOUND('',#731,.T.);
#443=FACE_BOUND('',#732,.T.);
#444=FACE_BOUND('',#733,.T.);
#445=FACE_BOUND('',#734,.T.);
#446=FACE_BOUND('',#735,.T.);
#447=FACE_BOUND('',#736,.T.);
#448=FACE_BOUND('',#737,.T.);
#449=FACE_BOUND('',#738,.T.);
#450=FACE_BOUND('',#747,.T.);
#451=FACE_BOUND('',#748,.T.);
#452=FACE_BOUND('',#749,.T.);
#453=FACE_BOUND('',#750,.T.);
#454=FACE_BOUND('',#751,.T.);
#455=FACE_BOUND('',#760,.T.);
#456=FACE_BOUND('',#761,.T.);
#457=FACE_BOUND('',#764,.T.);
#458=FACE_BOUND('',#765,.T.);
#459=FACE_BOUND('',#766,.T.);
#460=FACE_BOUND('',#767,.T.);
#461=FACE_BOUND('',#768,.T.);
#462=FACE_BOUND('',#769,.T.);
#463=FACE_BOUND('',#770,.T.);
#464=FACE_BOUND('',#771,.T.);
#465=FACE_BOUND('',#772,.T.);
#466=FACE_BOUND('',#785,.T.);
#467=FACE_BOUND('',#790,.T.);
#468=FACE_BOUND('',#794,.T.);
#469=FACE_OUTER_BOUND('',#620,.T.);
#470=FACE_OUTER_BOUND('',#622,.T.);
#471=FACE_OUTER_BOUND('',#623,.T.);
#472=FACE_OUTER_BOUND('',#624,.T.);
#473=FACE_OUTER_BOUND('',#625,.T.);
#474=FACE_OUTER_BOUND('',#626,.T.);
#475=FACE_OUTER_BOUND('',#627,.T.);
#476=FACE_OUTER_BOUND('',#629,.T.);
#477=FACE_OUTER_BOUND('',#630,.T.);
#478=FACE_OUTER_BOUND('',#631,.T.);
#479=FACE_OUTER_BOUND('',#632,.T.);
#480=FACE_OUTER_BOUND('',#633,.T.);
#481=FACE_OUTER_BOUND('',#634,.T.);
#482=FACE_OUTER_BOUND('',#635,.T.);
#483=FACE_OUTER_BOUND('',#636,.T.);
#484=FACE_OUTER_BOUND('',#638,.T.);
#485=FACE_OUTER_BOUND('',#639,.T.);
#486=FACE_OUTER_BOUND('',#640,.T.);
#487=FACE_OUTER_BOUND('',#641,.T.);
#488=FACE_OUTER_BOUND('',#643,.T.);
#489=FACE_OUTER_BOUND('',#644,.T.);
#490=FACE_OUTER_BOUND('',#645,.T.);
#491=FACE_OUTER_BOUND('',#646,.T.);
#492=FACE_OUTER_BOUND('',#648,.T.);
#493=FACE_OUTER_BOUND('',#649,.T.);
#494=FACE_OUTER_BOUND('',#650,.T.);
#495=FACE_OUTER_BOUND('',#651,.T.);
#496=FACE_OUTER_BOUND('',#653,.T.);
#497=FACE_OUTER_BOUND('',#654,.T.);
#498=FACE_OUTER_BOUND('',#655,.T.);
#499=FACE_OUTER_BOUND('',#656,.T.);
#500=FACE_OUTER_BOUND('',#657,.T.);
#501=FACE_OUTER_BOUND('',#658,.T.);
#502=FACE_OUTER_BOUND('',#660,.T.);
#503=FACE_OUTER_BOUND('',#661,.T.);
#504=FACE_OUTER_BOUND('',#662,.T.);
#505=FACE_OUTER_BOUND('',#664,.T.);
#506=FACE_OUTER_BOUND('',#666,.T.);
#507=FACE_OUTER_BOUND('',#667,.T.);
#508=FACE_OUTER_BOUND('',#668,.T.);
#509=FACE_OUTER_BOUND('',#670,.T.);
#510=FACE_OUTER_BOUND('',#671,.T.);
#511=FACE_OUTER_BOUND('',#672,.T.);
#512=FACE_OUTER_BOUND('',#674,.T.);
#513=FACE_OUTER_BOUND('',#676,.T.);
#514=FACE_OUTER_BOUND('',#678,.T.);
#515=FACE_OUTER_BOUND('',#680,.T.);
#516=FACE_OUTER_BOUND('',#681,.T.);
#517=FACE_OUTER_BOUND('',#682,.T.);
#518=FACE_OUTER_BOUND('',#684,.T.);
#519=FACE_OUTER_BOUND('',#685,.T.);
#520=FACE_OUTER_BOUND('',#687,.T.);
#521=FACE_OUTER_BOUND('',#688,.T.);
#522=FACE_OUTER_BOUND('',#690,.T.);
#523=FACE_OUTER_BOUND('',#691,.T.);
#524=FACE_OUTER_BOUND('',#692,.T.);
#525=FACE_OUTER_BOUND('',#693,.T.);
#526=FACE_OUTER_BOUND('',#695,.T.);
#527=FACE_OUTER_BOUND('',#696,.T.);
#528=FACE_OUTER_BOUND('',#697,.T.);
#529=FACE_OUTER_BOUND('',#698,.T.);
#530=FACE_OUTER_BOUND('',#700,.T.);
#531=FACE_OUTER_BOUND('',#701,.T.);
#532=FACE_OUTER_BOUND('',#702,.T.);
#533=FACE_OUTER_BOUND('',#703,.T.);
#534=FACE_OUTER_BOUND('',#705,.T.);
#535=FACE_OUTER_BOUND('',#706,.T.);
#536=FACE_OUTER_BOUND('',#707,.T.);
#537=FACE_OUTER_BOUND('',#708,.T.);
#538=FACE_OUTER_BOUND('',#709,.T.);
#539=FACE_OUTER_BOUND('',#710,.T.);
#540=FACE_OUTER_BOUND('',#711,.T.);
#541=FACE_OUTER_BOUND('',#713,.T.);
#542=FACE_OUTER_BOUND('',#714,.T.);
#543=FACE_OUTER_BOUND('',#715,.T.);
#544=FACE_OUTER_BOUND('',#716,.T.);
#545=FACE_OUTER_BOUND('',#717,.T.);
#546=FACE_OUTER_BOUND('',#723,.T.);
#547=FACE_OUTER_BOUND('',#724,.T.);
#548=FACE_OUTER_BOUND('',#725,.T.);
#549=FACE_OUTER_BOUND('',#726,.T.);
#550=FACE_OUTER_BOUND('',#727,.T.);
#551=FACE_OUTER_BOUND('',#728,.T.);
#552=FACE_OUTER_BOUND('',#729,.T.);
#553=FACE_OUTER_BOUND('',#739,.T.);
#554=FACE_OUTER_BOUND('',#740,.T.);
#555=FACE_OUTER_BOUND('',#741,.T.);
#556=FACE_OUTER_BOUND('',#742,.T.);
#557=FACE_OUTER_BOUND('',#743,.T.);
#558=FACE_OUTER_BOUND('',#744,.T.);
#559=FACE_OUTER_BOUND('',#745,.T.);
#560=FACE_OUTER_BOUND('',#746,.T.);
#561=FACE_OUTER_BOUND('',#752,.T.);
#562=FACE_OUTER_BOUND('',#753,.T.);
#563=FACE_OUTER_BOUND('',#754,.T.);
#564=FACE_OUTER_BOUND('',#755,.T.);
#565=FACE_OUTER_BOUND('',#756,.T.);
#566=FACE_OUTER_BOUND('',#757,.T.);
#567=FACE_OUTER_BOUND('',#758,.T.);
#568=FACE_OUTER_BOUND('',#759,.T.);
#569=FACE_OUTER_BOUND('',#762,.T.);
#570=FACE_OUTER_BOUND('',#763,.T.);
#571=FACE_OUTER_BOUND('',#773,.T.);
#572=FACE_OUTER_BOUND('',#774,.T.);
#573=FACE_OUTER_BOUND('',#775,.T.);
#574=FACE_OUTER_BOUND('',#776,.T.);
#575=FACE_OUTER_BOUND('',#777,.T.);
#576=FACE_OUTER_BOUND('',#778,.T.);
#577=FACE_OUTER_BOUND('',#779,.T.);
#578=FACE_OUTER_BOUND('',#780,.T.);
#579=FACE_OUTER_BOUND('',#781,.T.);
#580=FACE_OUTER_BOUND('',#782,.T.);
#581=FACE_OUTER_BOUND('',#783,.T.);
#582=FACE_OUTER_BOUND('',#784,.T.);
#583=FACE_OUTER_BOUND('',#786,.T.);
#584=FACE_OUTER_BOUND('',#787,.T.);
#585=FACE_OUTER_BOUND('',#788,.T.);
#586=FACE_OUTER_BOUND('',#789,.T.);
#587=FACE_OUTER_BOUND('',#791,.T.);
#588=FACE_OUTER_BOUND('',#792,.T.);
#589=FACE_OUTER_BOUND('',#793,.T.);
#590=FACE_OUTER_BOUND('',#795,.T.);
#591=FACE_OUTER_BOUND('',#796,.T.);
#592=FACE_OUTER_BOUND('',#797,.T.);
#593=FACE_OUTER_BOUND('',#798,.T.);
#594=FACE_OUTER_BOUND('',#799,.T.);
#595=FACE_OUTER_BOUND('',#800,.T.);
#596=FACE_OUTER_BOUND('',#801,.T.);
#597=FACE_OUTER_BOUND('',#802,.T.);
#598=FACE_OUTER_BOUND('',#803,.T.);
#599=FACE_OUTER_BOUND('',#804,.T.);
#600=FACE_OUTER_BOUND('',#805,.T.);
#601=FACE_OUTER_BOUND('',#806,.T.);
#602=FACE_OUTER_BOUND('',#807,.T.);
#603=FACE_OUTER_BOUND('',#808,.T.);
#604=FACE_OUTER_BOUND('',#809,.T.);
#605=FACE_OUTER_BOUND('',#810,.T.);
#606=FACE_OUTER_BOUND('',#811,.T.);
#607=FACE_OUTER_BOUND('',#812,.T.);
#608=FACE_OUTER_BOUND('',#813,.T.);
#609=FACE_OUTER_BOUND('',#814,.T.);
#610=FACE_OUTER_BOUND('',#815,.T.);
#611=FACE_OUTER_BOUND('',#816,.T.);
#612=FACE_OUTER_BOUND('',#817,.T.);
#613=FACE_OUTER_BOUND('',#818,.T.);
#614=FACE_OUTER_BOUND('',#819,.T.);
#615=FACE_OUTER_BOUND('',#820,.T.);
#616=FACE_OUTER_BOUND('',#821,.T.);
#617=FACE_OUTER_BOUND('',#822,.T.);
#618=FACE_OUTER_BOUND('',#823,.T.);
#619=FACE_OUTER_BOUND('',#824,.T.);
#620=EDGE_LOOP('',(#1488));
#621=EDGE_LOOP('',(#1489));
#622=EDGE_LOOP('',(#1490));
#623=EDGE_LOOP('',(#1491));
#624=EDGE_LOOP('',(#1492));
#625=EDGE_LOOP('',(#1493));
#626=EDGE_LOOP('',(#1494,#1495,#1496,#1497));
#627=EDGE_LOOP('',(#1498));
#628=EDGE_LOOP('',(#1499));
#629=EDGE_LOOP('',(#1500));
#630=EDGE_LOOP('',(#1501));
#631=EDGE_LOOP('',(#1502));
#632=EDGE_LOOP('',(#1503));
#633=EDGE_LOOP('',(#1504,#1505,#1506,#1507));
#634=EDGE_LOOP('',(#1508,#1509));
#635=EDGE_LOOP('',(#1510,#1511,#1512,#1513,#1514,#1515,#1516,#1517));
#636=EDGE_LOOP('',(#1518));
#637=EDGE_LOOP('',(#1519));
#638=EDGE_LOOP('',(#1520,#1521,#1522,#1523,#1524,#1525,#1526,#1527));
#639=EDGE_LOOP('',(#1528,#1529));
#640=EDGE_LOOP('',(#1530,#1531,#1532,#1533,#1534,#1535,#1536,#1537));
#641=EDGE_LOOP('',(#1538));
#642=EDGE_LOOP('',(#1539));
#643=EDGE_LOOP('',(#1540,#1541,#1542,#1543,#1544,#1545,#1546,#1547));
#644=EDGE_LOOP('',(#1548,#1549));
#645=EDGE_LOOP('',(#1550,#1551,#1552,#1553,#1554,#1555,#1556,#1557));
#646=EDGE_LOOP('',(#1558));
#647=EDGE_LOOP('',(#1559));
#648=EDGE_LOOP('',(#1560,#1561,#1562,#1563,#1564,#1565,#1566,#1567));
#649=EDGE_LOOP('',(#1568,#1569));
#650=EDGE_LOOP('',(#1570,#1571,#1572,#1573,#1574,#1575,#1576,#1577));
#651=EDGE_LOOP('',(#1578));
#652=EDGE_LOOP('',(#1579));
#653=EDGE_LOOP('',(#1580,#1581,#1582,#1583,#1584,#1585,#1586,#1587));
#654=EDGE_LOOP('',(#1588,#1589,#1590,#1591));
#655=EDGE_LOOP('',(#1592,#1593,#1594,#1595));
#656=EDGE_LOOP('',(#1596,#1597,#1598,#1599));
#657=EDGE_LOOP('',(#1600,#1601,#1602,#1603));
#658=EDGE_LOOP('',(#1604));
#659=EDGE_LOOP('',(#1605));
#660=EDGE_LOOP('',(#1606,#1607,#1608,#1609));
#661=EDGE_LOOP('',(#1610,#1611,#1612,#1613));
#662=EDGE_LOOP('',(#1614));
#663=EDGE_LOOP('',(#1615));
#664=EDGE_LOOP('',(#1616));
#665=EDGE_LOOP('',(#1617));
#666=EDGE_LOOP('',(#1618,#1619,#1620,#1621));
#667=EDGE_LOOP('',(#1622,#1623,#1624,#1625));
#668=EDGE_LOOP('',(#1626));
#669=EDGE_LOOP('',(#1627));
#670=EDGE_LOOP('',(#1628,#1629,#1630,#1631,#1632));
#671=EDGE_LOOP('',(#1633,#1634,#1635,#1636,#1637));
#672=EDGE_LOOP('',(#1638));
#673=EDGE_LOOP('',(#1639));
#674=EDGE_LOOP('',(#1640));
#675=EDGE_LOOP('',(#1641));
#676=EDGE_LOOP('',(#1642));
#677=EDGE_LOOP('',(#1643));
#678=EDGE_LOOP('',(#1644,#1645,#1646,#1647));
#679=EDGE_LOOP('',(#1648,#1649));
#680=EDGE_LOOP('',(#1650,#1651,#1652,#1653));
#681=EDGE_LOOP('',(#1654,#1655,#1656,#1657));
#682=EDGE_LOOP('',(#1658));
#683=EDGE_LOOP('',(#1659));
#684=EDGE_LOOP('',(#1660,#1661,#1662));
#685=EDGE_LOOP('',(#1663,#1664,#1665,#1666,#1667,#1668,#1669,#1670));
#686=EDGE_LOOP('',(#1671,#1672));
#687=EDGE_LOOP('',(#1673,#1674,#1675,#1676));
#688=EDGE_LOOP('',(#1677));
#689=EDGE_LOOP('',(#1678));
#690=EDGE_LOOP('',(#1679));
#691=EDGE_LOOP('',(#1680,#1681,#1682,#1683));
#692=EDGE_LOOP('',(#1684,#1685,#1686,#1687));
#693=EDGE_LOOP('',(#1688));
#694=EDGE_LOOP('',(#1689));
#695=EDGE_LOOP('',(#1690));
#696=EDGE_LOOP('',(#1691,#1692,#1693,#1694));
#697=EDGE_LOOP('',(#1695,#1696,#1697,#1698));
#698=EDGE_LOOP('',(#1699));
#699=EDGE_LOOP('',(#1700));
#700=EDGE_LOOP('',(#1701));
#701=EDGE_LOOP('',(#1702,#1703,#1704,#1705));
#702=EDGE_LOOP('',(#1706,#1707,#1708,#1709));
#703=EDGE_LOOP('',(#1710));
#704=EDGE_LOOP('',(#1711));
#705=EDGE_LOOP('',(#1712));
#706=EDGE_LOOP('',(#1713,#1714,#1715,#1716));
#707=EDGE_LOOP('',(#1717,#1718,#1719,#1720));
#708=EDGE_LOOP('',(#1721,#1722,#1723,#1724));
#709=EDGE_LOOP('',(#1725,#1726,#1727,#1728));
#710=EDGE_LOOP('',(#1729,#1730,#1731,#1732));
#711=EDGE_LOOP('',(#1733,#1734,#1735,#1736,#1737,#1738,#1739,#1740,#1741,
#1742,#1743,#1744,#1745,#1746));
#712=EDGE_LOOP('',(#1747,#1748,#1749,#1750));
#713=EDGE_LOOP('',(#1751,#1752,#1753,#1754));
#714=EDGE_LOOP('',(#1755,#1756,#1757,#1758));
#715=EDGE_LOOP('',(#1759,#1760,#1761,#1762));
#716=EDGE_LOOP('',(#1763,#1764,#1765,#1766));
#717=EDGE_LOOP('',(#1767,#1768));
#718=EDGE_LOOP('',(#1769,#1770,#1771,#1772));
#719=EDGE_LOOP('',(#1773,#1774,#1775,#1776));
#720=EDGE_LOOP('',(#1777,#1778,#1779,#1780));
#721=EDGE_LOOP('',(#1781));
#722=EDGE_LOOP('',(#1782,#1783,#1784,#1785));
#723=EDGE_LOOP('',(#1786,#1787,#1788,#1789));
#724=EDGE_LOOP('',(#1790));
#725=EDGE_LOOP('',(#1791,#1792,#1793,#1794));
#726=EDGE_LOOP('',(#1795));
#727=EDGE_LOOP('',(#1796,#1797,#1798,#1799));
#728=EDGE_LOOP('',(#1800,#1801,#1802,#1803));
#729=EDGE_LOOP('',(#1804,#1805));
#730=EDGE_LOOP('',(#1806));
#731=EDGE_LOOP('',(#1807));
#732=EDGE_LOOP('',(#1808));
#733=EDGE_LOOP('',(#1809));
#734=EDGE_LOOP('',(#1810));
#735=EDGE_LOOP('',(#1811));
#736=EDGE_LOOP('',(#1812));
#737=EDGE_LOOP('',(#1813));
#738=EDGE_LOOP('',(#1814));
#739=EDGE_LOOP('',(#1815,#1816,#1817,#1818,#1819));
#740=EDGE_LOOP('',(#1820,#1821,#1822,#1823));
#741=EDGE_LOOP('',(#1824,#1825,#1826,#1827));
#742=EDGE_LOOP('',(#1828,#1829,#1830,#1831));
#743=EDGE_LOOP('',(#1832,#1833,#1834,#1835));
#744=EDGE_LOOP('',(#1836,#1837,#1838,#1839));
#745=EDGE_LOOP('',(#1840,#1841,#1842,#1843));
#746=EDGE_LOOP('',(#1844,#1845,#1846,#1847,#1848,#1849));
#747=EDGE_LOOP('',(#1850));
#748=EDGE_LOOP('',(#1851));
#749=EDGE_LOOP('',(#1852));
#750=EDGE_LOOP('',(#1853));
#751=EDGE_LOOP('',(#1854));
#752=EDGE_LOOP('',(#1855,#1856,#1857,#1858,#1859,#1860));
#753=EDGE_LOOP('',(#1861,#1862,#1863,#1864,#1865));
#754=EDGE_LOOP('',(#1866,#1867,#1868,#1869));
#755=EDGE_LOOP('',(#1870,#1871,#1872,#1873));
#756=EDGE_LOOP('',(#1874,#1875,#1876,#1877));
#757=EDGE_LOOP('',(#1878,#1879,#1880,#1881));
#758=EDGE_LOOP('',(#1882,#1883,#1884,#1885,#1886,#1887,#1888,#1889,#1890,
#1891,#1892,#1893,#1894,#1895,#1896,#1897));
#759=EDGE_LOOP('',(#1898,#1899,#1900,#1901));
#760=EDGE_LOOP('',(#1902));
#761=EDGE_LOOP('',(#1903));
#762=EDGE_LOOP('',(#1904,#1905,#1906,#1907,#1908,#1909,#1910,#1911));
#763=EDGE_LOOP('',(#1912,#1913,#1914,#1915,#1916,#1917));
#764=EDGE_LOOP('',(#1918));
#765=EDGE_LOOP('',(#1919));
#766=EDGE_LOOP('',(#1920));
#767=EDGE_LOOP('',(#1921));
#768=EDGE_LOOP('',(#1922));
#769=EDGE_LOOP('',(#1923));
#770=EDGE_LOOP('',(#1924));
#771=EDGE_LOOP('',(#1925));
#772=EDGE_LOOP('',(#1926));
#773=EDGE_LOOP('',(#1927,#1928,#1929,#1930));
#774=EDGE_LOOP('',(#1931,#1932,#1933,#1934));
#775=EDGE_LOOP('',(#1935,#1936,#1937,#1938,#1939,#1940));
#776=EDGE_LOOP('',(#1941,#1942,#1943,#1944));
#777=EDGE_LOOP('',(#1945,#1946,#1947,#1948,#1949,#1950));
#778=EDGE_LOOP('',(#1951,#1952,#1953,#1954,#1955,#1956));
#779=EDGE_LOOP('',(#1957,#1958,#1959,#1960,#1961,#1962,#1963,#1964,#1965,
#1966,#1967,#1968));
#780=EDGE_LOOP('',(#1969,#1970,#1971,#1972));
#781=EDGE_LOOP('',(#1973,#1974,#1975,#1976));
#782=EDGE_LOOP('',(#1977,#1978,#1979,#1980,#1981,#1982,#1983,#1984));
#783=EDGE_LOOP('',(#1985,#1986,#1987,#1988));
#784=EDGE_LOOP('',(#1989,#1990,#1991,#1992));
#785=EDGE_LOOP('',(#1993,#1994));
#786=EDGE_LOOP('',(#1995,#1996,#1997,#1998));
#787=EDGE_LOOP('',(#1999,#2000,#2001,#2002));
#788=EDGE_LOOP('',(#2003,#2004,#2005,#2006));
#789=EDGE_LOOP('',(#2007,#2008,#2009,#2010,#2011,#2012,#2013,#2014));
#790=EDGE_LOOP('',(#2015));
#791=EDGE_LOOP('',(#2016,#2017,#2018,#2019));
#792=EDGE_LOOP('',(#2020,#2021,#2022,#2023));
#793=EDGE_LOOP('',(#2024));
#794=EDGE_LOOP('',(#2025));
#795=EDGE_LOOP('',(#2026,#2027,#2028,#2029));
#796=EDGE_LOOP('',(#2030));
#797=EDGE_LOOP('',(#2031));
#798=EDGE_LOOP('',(#2032,#2033,#2034,#2035));
#799=EDGE_LOOP('',(#2036));
#800=EDGE_LOOP('',(#2037));
#801=EDGE_LOOP('',(#2038,#2039,#2040,#2041));
#802=EDGE_LOOP('',(#2042));
#803=EDGE_LOOP('',(#2043));
#804=EDGE_LOOP('',(#2044,#2045,#2046,#2047));
#805=EDGE_LOOP('',(#2048));
#806=EDGE_LOOP('',(#2049));
#807=EDGE_LOOP('',(#2050,#2051,#2052,#2053));
#808=EDGE_LOOP('',(#2054));
#809=EDGE_LOOP('',(#2055));
#810=EDGE_LOOP('',(#2056,#2057,#2058,#2059));
#811=EDGE_LOOP('',(#2060));
#812=EDGE_LOOP('',(#2061));
#813=EDGE_LOOP('',(#2062,#2063,#2064,#2065));
#814=EDGE_LOOP('',(#2066,#2067,#2068,#2069));
#815=EDGE_LOOP('',(#2070,#2071,#2072,#2073));
#816=EDGE_LOOP('',(#2074,#2075,#2076,#2077));
#817=EDGE_LOOP('',(#2078,#2079,#2080,#2081));
#818=EDGE_LOOP('',(#2082,#2083,#2084,#2085));
#819=EDGE_LOOP('',(#2086,#2087,#2088,#2089));
#820=EDGE_LOOP('',(#2090,#2091,#2092,#2093));
#821=EDGE_LOOP('',(#2094,#2095,#2096,#2097));
#822=EDGE_LOOP('',(#2098,#2099,#2100,#2101));
#823=EDGE_LOOP('',(#2102,#2103,#2104,#2105));
#824=EDGE_LOOP('',(#2106,#2107,#2108,#2109));
#825=CIRCLE('',#2375,27.);
#826=CIRCLE('',#2376,23.7);
#827=CIRCLE('',#2378,1.8);
#828=CIRCLE('',#2380,1.8);
#829=CIRCLE('',#2382,1.8);
#830=CIRCLE('',#2384,1.8);
#831=CIRCLE('',#2386,23.7);
#832=CIRCLE('',#2388,27.);
#833=CIRCLE('',#2389,23.7);
#834=CIRCLE('',#2391,1.8);
#835=CIRCLE('',#2393,1.8);
#836=CIRCLE('',#2395,1.8);
#837=CIRCLE('',#2397,1.8);
#838=CIRCLE('',#2399,23.7);
#839=CIRCLE('',#2401,1.8);
#840=CIRCLE('',#2402,3.2);
#841=CIRCLE('',#2404,3.2);
#842=CIRCLE('',#2405,3.2);
#843=CIRCLE('',#2406,3.2);
#844=CIRCLE('',#2408,2.2);
#845=CIRCLE('',#2410,1.8);
#846=CIRCLE('',#2411,1.8);
#847=CIRCLE('',#2413,1.8);
#848=CIRCLE('',#2414,3.2);
#849=CIRCLE('',#2416,3.2);
#850=CIRCLE('',#2417,3.2);
#851=CIRCLE('',#2418,3.2);
#852=CIRCLE('',#2420,2.2);
#853=CIRCLE('',#2422,1.8);
#854=CIRCLE('',#2423,1.8);
#855=CIRCLE('',#2425,1.8);
#856=CIRCLE('',#2426,3.2);
#857=CIRCLE('',#2428,3.2);
#858=CIRCLE('',#2429,3.2);
#859=CIRCLE('',#2430,3.2);
#860=CIRCLE('',#2432,2.2);
#861=CIRCLE('',#2434,1.8);
#862=CIRCLE('',#2435,1.8);
#863=CIRCLE('',#2437,1.8);
#864=CIRCLE('',#2438,3.2);
#865=CIRCLE('',#2440,3.2);
#866=CIRCLE('',#2441,3.2);
#867=CIRCLE('',#2442,3.2);
#868=CIRCLE('',#2444,2.2);
#869=CIRCLE('',#2446,1.8);
#870=CIRCLE('',#2447,1.8);
#871=CIRCLE('',#2449,1.8);
#872=CIRCLE('',#2451,1.8);
#873=CIRCLE('',#2453,1.8);
#874=CIRCLE('',#2455,1.8);
#875=CIRCLE('',#2457,23.7);
#876=CIRCLE('',#2458,18.);
#877=CIRCLE('',#2460,18.);
#878=CIRCLE('',#2462,27.);
#879=CIRCLE('',#2465,23.7);
#880=CIRCLE('',#2466,18.);
#881=CIRCLE('',#2468,18.);
#882=CIRCLE('',#2470,27.);
#883=CIRCLE('',#2473,2.6);
#884=CIRCLE('',#2475,4.6);
#885=CIRCLE('',#2478,27.);
#886=CIRCLE('',#2479,17.4);
#887=CIRCLE('',#2481,27.);
#888=CIRCLE('',#2482,17.4);
#889=CIRCLE('',#2485,17.4);
#890=CIRCLE('',#2487,17.4);
#891=CIRCLE('',#2489,19.9);
#892=CIRCLE('',#2491,7.2);
#893=CIRCLE('',#2492,7.2);
#894=CIRCLE('',#2494,7.2);
#895=CIRCLE('',#2495,7.2);
#896=CIRCLE('',#2497,3.75);
#897=CIRCLE('',#2498,3.75);
#898=CIRCLE('',#2500,2.25);
#899=CIRCLE('',#2503,2.25);
#900=CIRCLE('',#2505,3.75);
#901=CIRCLE('',#2506,3.75);
#902=CIRCLE('',#2508,2.25);
#903=CIRCLE('',#2511,2.25);
#904=CIRCLE('',#2513,3.75);
#905=CIRCLE('',#2514,3.75);
#906=CIRCLE('',#2516,2.25);
#907=CIRCLE('',#2519,2.25);
#908=CIRCLE('',#2521,3.75);
#909=CIRCLE('',#2522,3.75);
#910=CIRCLE('',#2524,2.25);
#911=CIRCLE('',#2527,2.25);
#912=CIRCLE('',#2529,60.);
#913=CIRCLE('',#2533,60.);
#914=CIRCLE('',#2535,20.);
#915=CIRCLE('',#2536,20.);
#916=CIRCLE('',#2538,60.);
#917=CIRCLE('',#2540,60.);
#918=CIRCLE('',#2544,58.);
#919=CIRCLE('',#2546,3.25);
#920=CIRCLE('',#2547,3.25);
#921=CIRCLE('',#2550,3.25);
#922=CIRCLE('',#2551,3.25);
#923=CIRCLE('',#2555,20.);
#924=CIRCLE('',#2556,20.);
#925=CIRCLE('',#2558,58.);
#926=CIRCLE('',#2559,2.2);
#927=CIRCLE('',#2560,2.2);
#928=CIRCLE('',#2561,2.2);
#929=CIRCLE('',#2562,2.2);
#930=CIRCLE('',#2564,20.);
#931=CIRCLE('',#2566,2.2);
#932=CIRCLE('',#2568,2.2);
#933=CIRCLE('',#2570,2.2);
#934=CIRCLE('',#2572,2.2);
#935=CIRCLE('',#2574,23.7);
#936=CIRCLE('',#2576,58.);
#937=CIRCLE('',#2579,60.);
#938=CIRCLE('',#2581,20.);
#939=CIRCLE('',#2583,2.2);
#940=CIRCLE('',#2585,2.2);
#941=CIRCLE('',#2587,2.2);
#942=CIRCLE('',#2589,2.2);
#943=CIRCLE('',#2594,58.);
#944=CIRCLE('',#2595,23.7);
#945=CIRCLE('',#2599,60.);
#946=CIRCLE('',#2609,30.);
#947=CIRCLE('',#2614,30.);
#948=CIRCLE('',#2617,19.9);
#949=CIRCLE('',#2620,1.25);
#950=CIRCLE('',#2621,1.25);
#951=CIRCLE('',#2625,1.25);
#952=CIRCLE('',#2626,1.25);
#953=CIRCLE('',#2630,1.25);
#954=CIRCLE('',#2631,1.25);
#955=CIRCLE('',#2635,1.25);
#956=CIRCLE('',#2636,1.25);
#957=CIRCLE('',#2640,3.25);
#958=CIRCLE('',#2641,3.25);
#959=CIRCLE('',#2645,3.25);
#960=CIRCLE('',#2646,3.25);
#961=CIRCLE('',#2650,60.);
#962=CIRCLE('',#2652,60.);
#963=CIRCLE('',#2654,20.);
#964=CIRCLE('',#2656,20.);
#965=CIRCLE('',#2660,60.);
#966=CIRCLE('',#2662,20.);
#967=CIRCLE('',#2663,20.);
#968=CIRCLE('',#2666,60.);
#969=VERTEX_POINT('',#3426);
#970=VERTEX_POINT('',#3428);
#971=VERTEX_POINT('',#3431);
#972=VERTEX_POINT('',#3434);
#973=VERTEX_POINT('',#3437);
#974=VERTEX_POINT('',#3440);
#975=VERTEX_POINT('',#3443);
#976=VERTEX_POINT('',#3447);
#977=VERTEX_POINT('',#3449);
#978=VERTEX_POINT('',#3452);
#979=VERTEX_POINT('',#3455);
#980=VERTEX_POINT('',#3458);
#981=VERTEX_POINT('',#3461);
#982=VERTEX_POINT('',#3464);
#983=VERTEX_POINT('',#3468);
#984=VERTEX_POINT('',#3469);
#985=VERTEX_POINT('',#3473);
#986=VERTEX_POINT('',#3475);
#987=VERTEX_POINT('',#3477);
#988=VERTEX_POINT('',#3480);
#989=VERTEX_POINT('',#3484);
#990=VERTEX_POINT('',#3487);
#991=VERTEX_POINT('',#3492);
#992=VERTEX_POINT('',#3493);
#993=VERTEX_POINT('',#3497);
#994=VERTEX_POINT('',#3499);
#995=VERTEX_POINT('',#3501);
#996=VERTEX_POINT('',#3504);
#997=VERTEX_POINT('',#3508);
#998=VERTEX_POINT('',#3511);
#999=VERTEX_POINT('',#3516);
#1000=VERTEX_POINT('',#3517);
#1001=VERTEX_POINT('',#3521);
#1002=VERTEX_POINT('',#3523);
#1003=VERTEX_POINT('',#3525);
#1004=VERTEX_POINT('',#3528);
#1005=VERTEX_POINT('',#3532);
#1006=VERTEX_POINT('',#3535);
#1007=VERTEX_POINT('',#3540);
#1008=VERTEX_POINT('',#3541);
#1009=VERTEX_POINT('',#3545);
#1010=VERTEX_POINT('',#3547);
#1011=VERTEX_POINT('',#3549);
#1012=VERTEX_POINT('',#3552);
#1013=VERTEX_POINT('',#3556);
#1014=VERTEX_POINT('',#3559);
#1015=VERTEX_POINT('',#3564);
#1016=VERTEX_POINT('',#3568);
#1017=VERTEX_POINT('',#3572);
#1018=VERTEX_POINT('',#3576);
#1019=VERTEX_POINT('',#3580);
#1020=VERTEX_POINT('',#3582);
#1021=VERTEX_POINT('',#3585);
#1022=VERTEX_POINT('',#3589);
#1023=VERTEX_POINT('',#3594);
#1024=VERTEX_POINT('',#3596);
#1025=VERTEX_POINT('',#3599);
#1026=VERTEX_POINT('',#3603);
#1027=VERTEX_POINT('',#3608);
#1028=VERTEX_POINT('',#3609);
#1029=VERTEX_POINT('',#3646);
#1030=VERTEX_POINT('',#3650);
#1031=VERTEX_POINT('',#3652);
#1032=VERTEX_POINT('',#3654);
#1033=VERTEX_POINT('',#3693);
#1034=VERTEX_POINT('',#3695);
#1035=VERTEX_POINT('',#3698);
#1036=VERTEX_POINT('',#3700);
#1037=VERTEX_POINT('',#3705);
#1038=VERTEX_POINT('',#3709);
#1039=VERTEX_POINT('',#3713);
#1040=VERTEX_POINT('',#3716);
#1041=VERTEX_POINT('',#3717);
#1042=VERTEX_POINT('',#3719);
#1043=VERTEX_POINT('',#3723);
#1044=VERTEX_POINT('',#3726);
#1045=VERTEX_POINT('',#3728);
#1046=VERTEX_POINT('',#3732);
#1047=VERTEX_POINT('',#3734);
#1048=VERTEX_POINT('',#3738);
#1049=VERTEX_POINT('',#3742);
#1050=VERTEX_POINT('',#3746);
#1051=VERTEX_POINT('',#3748);
#1052=VERTEX_POINT('',#3752);
#1053=VERTEX_POINT('',#3756);
#1054=VERTEX_POINT('',#3760);
#1055=VERTEX_POINT('',#3762);
#1056=VERTEX_POINT('',#3766);
#1057=VERTEX_POINT('',#3770);
#1058=VERTEX_POINT('',#3774);
#1059=VERTEX_POINT('',#3776);
#1060=VERTEX_POINT('',#3780);
#1061=VERTEX_POINT('',#3784);
#1062=VERTEX_POINT('',#3788);
#1063=VERTEX_POINT('',#3789);
#1064=VERTEX_POINT('',#3791);
#1065=VERTEX_POINT('',#3793);
#1066=VERTEX_POINT('',#3797);
#1067=VERTEX_POINT('',#3799);
#1068=VERTEX_POINT('',#3803);
#1069=VERTEX_POINT('',#3807);
#1070=VERTEX_POINT('',#3811);
#1071=VERTEX_POINT('',#3813);
#1072=VERTEX_POINT('',#3815);
#1073=VERTEX_POINT('',#3817);
#1074=VERTEX_POINT('',#3819);
#1075=VERTEX_POINT('',#3821);
#1076=VERTEX_POINT('',#3823);
#1077=VERTEX_POINT('',#3825);
#1078=VERTEX_POINT('',#3827);
#1079=VERTEX_POINT('',#3829);
#1080=VERTEX_POINT('',#3832);
#1081=VERTEX_POINT('',#3833);
#1082=VERTEX_POINT('',#3835);
#1083=VERTEX_POINT('',#3837);
#1084=VERTEX_POINT('',#3841);
#1085=VERTEX_POINT('',#3843);
#1086=VERTEX_POINT('',#3847);
#1087=VERTEX_POINT('',#3849);
#1088=VERTEX_POINT('',#3857);
#1089=VERTEX_POINT('',#3858);
#1090=VERTEX_POINT('',#3862);
#1091=VERTEX_POINT('',#3864);
#1092=VERTEX_POINT('',#3869);
#1093=VERTEX_POINT('',#3871);
#1094=VERTEX_POINT('',#3876);
#1095=VERTEX_POINT('',#3877);
#1096=VERTEX_POINT('',#3879);
#1097=VERTEX_POINT('',#3881);
#1098=VERTEX_POINT('',#3885);
#1099=VERTEX_POINT('',#3886);
#1100=VERTEX_POINT('',#3888);
#1101=VERTEX_POINT('',#3890);
#1102=VERTEX_POINT('',#3894);
#1103=VERTEX_POINT('',#3895);
#1104=VERTEX_POINT('',#3898);
#1105=VERTEX_POINT('',#3900);
#1106=VERTEX_POINT('',#3902);
#1107=VERTEX_POINT('',#3904);
#1108=VERTEX_POINT('',#3907);
#1109=VERTEX_POINT('',#3908);
#1110=VERTEX_POINT('',#3910);
#1111=VERTEX_POINT('',#3912);
#1112=VERTEX_POINT('',#3914);
#1113=VERTEX_POINT('',#3918);
#1114=VERTEX_POINT('',#3922);
#1115=VERTEX_POINT('',#3926);
#1116=VERTEX_POINT('',#3930);
#1117=VERTEX_POINT('',#3934);
#1118=VERTEX_POINT('',#3938);
#1119=VERTEX_POINT('',#3940);
#1120=VERTEX_POINT('',#3945);
#1121=VERTEX_POINT('',#3947);
#1122=VERTEX_POINT('',#3955);
#1123=VERTEX_POINT('',#3956);
#1124=VERTEX_POINT('',#3958);
#1125=VERTEX_POINT('',#3960);
#1126=VERTEX_POINT('',#3962);
#1127=VERTEX_POINT('',#3966);
#1128=VERTEX_POINT('',#3970);
#1129=VERTEX_POINT('',#3974);
#1130=VERTEX_POINT('',#3978);
#1131=VERTEX_POINT('',#3982);
#1132=VERTEX_POINT('',#3984);
#1133=VERTEX_POINT('',#3988);
#1134=VERTEX_POINT('',#3992);
#1135=VERTEX_POINT('',#4001);
#1136=VERTEX_POINT('',#4016);
#1137=VERTEX_POINT('',#4018);
#1138=VERTEX_POINT('',#4022);
#1139=VERTEX_POINT('',#4026);
#1140=VERTEX_POINT('',#4028);
#1141=VERTEX_POINT('',#4030);
#1142=VERTEX_POINT('',#4032);
#1143=VERTEX_POINT('',#4034);
#1144=VERTEX_POINT('',#4040);
#1145=VERTEX_POINT('',#4042);
#1146=VERTEX_POINT('',#4047);
#1147=VERTEX_POINT('',#4052);
#1148=VERTEX_POINT('',#4059);
#1149=VERTEX_POINT('',#4064);
#1150=VERTEX_POINT('',#4066);
#1151=VERTEX_POINT('',#4072);
#1152=VERTEX_POINT('',#4074);
#1153=VERTEX_POINT('',#4080);
#1154=VERTEX_POINT('',#4082);
#1155=VERTEX_POINT('',#4088);
#1156=VERTEX_POINT('',#4090);
#1157=VERTEX_POINT('',#4096);
#1158=VERTEX_POINT('',#4098);
#1159=VERTEX_POINT('',#4104);
#1160=VERTEX_POINT('',#4106);
#1161=VERTEX_POINT('',#4112);
#1162=VERTEX_POINT('',#4113);
#1163=VERTEX_POINT('',#4115);
#1164=VERTEX_POINT('',#4117);
#1165=VERTEX_POINT('',#4121);
#1166=VERTEX_POINT('',#4122);
#1167=VERTEX_POINT('',#4127);
#1168=VERTEX_POINT('',#4131);
#1169=VERTEX_POINT('',#4138);
#1170=VERTEX_POINT('',#4139);
#1171=VERTEX_POINT('',#4141);
#1172=VERTEX_POINT('',#4143);
#1173=VERTEX_POINT('',#4147);
#1174=VERTEX_POINT('',#4149);
#1175=VERTEX_POINT('',#4153);
#1176=VERTEX_POINT('',#4157);
#1177=EDGE_CURVE('',#969,#969,#825,.T.);
#1178=EDGE_CURVE('',#970,#970,#826,.T.);
#1179=EDGE_CURVE('',#971,#971,#827,.T.);
#1180=EDGE_CURVE('',#972,#972,#828,.T.);
#1181=EDGE_CURVE('',#973,#973,#829,.T.);
#1182=EDGE_CURVE('',#974,#974,#830,.T.);
#1183=EDGE_CURVE('',#970,#975,#28,.T.);
#1184=EDGE_CURVE('',#975,#975,#831,.T.);
#1185=EDGE_CURVE('',#976,#976,#832,.T.);
#1186=EDGE_CURVE('',#977,#977,#833,.T.);
#1187=EDGE_CURVE('',#978,#978,#834,.T.);
#1188=EDGE_CURVE('',#979,#979,#835,.T.);
#1189=EDGE_CURVE('',#980,#980,#836,.T.);
#1190=EDGE_CURVE('',#981,#981,#837,.T.);
#1191=EDGE_CURVE('',#982,#982,#838,.T.);
#1192=EDGE_CURVE('',#982,#977,#29,.T.);
#1193=EDGE_CURVE('',#983,#984,#839,.T.);
#1194=EDGE_CURVE('',#984,#983,#840,.T.);
#1195=EDGE_CURVE('',#985,#985,#841,.T.);
#1196=EDGE_CURVE('',#985,#986,#30,.T.);
#1197=EDGE_CURVE('',#987,#986,#842,.T.);
#1198=EDGE_CURVE('',#984,#987,#31,.T.);
#1199=EDGE_CURVE('',#988,#983,#32,.T.);
#1200=EDGE_CURVE('',#986,#988,#843,.T.);
#1201=EDGE_CURVE('',#989,#989,#844,.T.);
#1202=EDGE_CURVE('',#981,#990,#33,.T.);
#1203=EDGE_CURVE('',#988,#990,#845,.T.);
#1204=EDGE_CURVE('',#990,#987,#846,.T.);
#1205=EDGE_CURVE('',#991,#992,#847,.T.);
#1206=EDGE_CURVE('',#992,#991,#848,.T.);
#1207=EDGE_CURVE('',#993,#993,#849,.T.);
#1208=EDGE_CURVE('',#993,#994,#34,.T.);
#1209=EDGE_CURVE('',#995,#994,#850,.T.);
#1210=EDGE_CURVE('',#992,#995,#35,.T.);
#1211=EDGE_CURVE('',#996,#991,#36,.T.);
#1212=EDGE_CURVE('',#994,#996,#851,.T.);
#1213=EDGE_CURVE('',#997,#997,#852,.T.);
#1214=EDGE_CURVE('',#980,#998,#37,.T.);
#1215=EDGE_CURVE('',#996,#998,#853,.T.);
#1216=EDGE_CURVE('',#998,#995,#854,.T.);
#1217=EDGE_CURVE('',#999,#1000,#855,.T.);
#1218=EDGE_CURVE('',#1000,#999,#856,.T.);
#1219=EDGE_CURVE('',#1001,#1001,#857,.T.);
#1220=EDGE_CURVE('',#1001,#1002,#38,.T.);
#1221=EDGE_CURVE('',#1003,#1002,#858,.T.);
#1222=EDGE_CURVE('',#1000,#1003,#39,.T.);
#1223=EDGE_CURVE('',#1004,#999,#40,.T.);
#1224=EDGE_CURVE('',#1002,#1004,#859,.T.);
#1225=EDGE_CURVE('',#1005,#1005,#860,.T.);
#1226=EDGE_CURVE('',#979,#1006,#41,.T.);
#1227=EDGE_CURVE('',#1004,#1006,#861,.T.);
#1228=EDGE_CURVE('',#1006,#1003,#862,.T.);
#1229=EDGE_CURVE('',#1007,#1008,#863,.T.);
#1230=EDGE_CURVE('',#1008,#1007,#864,.T.);
#1231=EDGE_CURVE('',#1009,#1009,#865,.T.);
#1232=EDGE_CURVE('',#1009,#1010,#42,.T.);
#1233=EDGE_CURVE('',#1011,#1010,#866,.T.);
#1234=EDGE_CURVE('',#1008,#1011,#43,.T.);
#1235=EDGE_CURVE('',#1012,#1007,#44,.T.);
#1236=EDGE_CURVE('',#1010,#1012,#867,.T.);
#1237=EDGE_CURVE('',#1013,#1013,#868,.T.);
#1238=EDGE_CURVE('',#978,#1014,#45,.T.);
#1239=EDGE_CURVE('',#1012,#1014,#869,.T.);
#1240=EDGE_CURVE('',#1014,#1011,#870,.T.);
#1241=EDGE_CURVE('',#1015,#1015,#871,.T.);
#1242=EDGE_CURVE('',#1015,#974,#46,.T.);
#1243=EDGE_CURVE('',#1016,#1016,#872,.T.);
#1244=EDGE_CURVE('',#1016,#973,#47,.T.);
#1245=EDGE_CURVE('',#1017,#1017,#873,.T.);
#1246=EDGE_CURVE('',#1017,#972,#48,.T.);
#1247=EDGE_CURVE('',#1018,#1018,#874,.T.);
#1248=EDGE_CURVE('',#1018,#971,#49,.T.);
#1249=EDGE_CURVE('',#1019,#1019,#875,.T.);
#1250=EDGE_CURVE('',#1020,#1020,#876,.T.);
#1251=EDGE_CURVE('',#1021,#1021,#877,.T.);
#1252=EDGE_CURVE('',#1021,#1020,#50,.T.);
#1253=EDGE_CURVE('',#1022,#1022,#878,.T.);
#1254=EDGE_CURVE('',#1022,#969,#51,.T.);
#1255=EDGE_CURVE('',#1023,#1023,#879,.T.);
#1256=EDGE_CURVE('',#1024,#1024,#880,.T.);
#1257=EDGE_CURVE('',#1024,#1025,#52,.T.);
#1258=EDGE_CURVE('',#1025,#1025,#881,.T.);
#1259=EDGE_CURVE('',#976,#1026,#53,.T.);
#1260=EDGE_CURVE('',#1026,#1026,#882,.T.);
#1261=EDGE_CURVE('',#1027,#1028,#24,.T.);
#1262=EDGE_CURVE('',#1028,#1027,#25,.T.);
#1263=EDGE_CURVE('',#1028,#1029,#54,.T.);
#1264=EDGE_CURVE('',#1029,#1029,#883,.T.);
#1265=EDGE_CURVE('',#1030,#1030,#884,.T.);
#1266=EDGE_CURVE('',#1030,#1031,#55,.T.);
#1267=EDGE_CURVE('',#1032,#1031,#26,.T.);
#1268=EDGE_CURVE('',#1031,#1032,#27,.T.);
#1269=EDGE_CURVE('',#1033,#1033,#885,.T.);
#1270=EDGE_CURVE('',#1034,#1034,#886,.T.);
#1271=EDGE_CURVE('',#1035,#1035,#887,.T.);
#1272=EDGE_CURVE('',#1036,#1036,#888,.T.);
#1273=EDGE_CURVE('',#1035,#1033,#56,.T.);
#1274=EDGE_CURVE('',#1037,#1037,#889,.T.);
#1275=EDGE_CURVE('',#1037,#1036,#57,.T.);
#1276=EDGE_CURVE('',#1034,#1038,#58,.T.);
#1277=EDGE_CURVE('',#1038,#1038,#890,.T.);
#1278=EDGE_CURVE('',#1039,#1039,#891,.T.);
#1279=EDGE_CURVE('',#1040,#1041,#59,.T.);
#1280=EDGE_CURVE('',#1042,#1040,#892,.T.);
#1281=EDGE_CURVE('',#1041,#1042,#893,.T.);
#1282=EDGE_CURVE('',#1043,#1043,#894,.T.);
#1283=EDGE_CURVE('',#1043,#1042,#60,.T.);
#1284=EDGE_CURVE('',#1040,#1044,#61,.T.);
#1285=EDGE_CURVE('',#1045,#1044,#895,.T.);
#1286=EDGE_CURVE('',#1045,#1041,#62,.T.);
#1287=EDGE_CURVE('',#1046,#1046,#896,.T.);
#1288=EDGE_CURVE('',#1046,#1047,#63,.T.);
#1289=EDGE_CURVE('',#1047,#1047,#897,.T.);
#1290=EDGE_CURVE('',#1048,#1048,#898,.T.);
#1291=EDGE_CURVE('',#1049,#1049,#899,.T.);
#1292=EDGE_CURVE('',#1049,#1048,#64,.T.);
#1293=EDGE_CURVE('',#1050,#1050,#900,.T.);
#1294=EDGE_CURVE('',#1050,#1051,#65,.T.);
#1295=EDGE_CURVE('',#1051,#1051,#901,.T.);
#1296=EDGE_CURVE('',#1052,#1052,#902,.T.);
#1297=EDGE_CURVE('',#1053,#1053,#903,.T.);
#1298=EDGE_CURVE('',#1053,#1052,#66,.T.);
#1299=EDGE_CURVE('',#1054,#1054,#904,.T.);
#1300=EDGE_CURVE('',#1054,#1055,#67,.T.);
#1301=EDGE_CURVE('',#1055,#1055,#905,.T.);
#1302=EDGE_CURVE('',#1056,#1056,#906,.T.);
#1303=EDGE_CURVE('',#1057,#1057,#907,.T.);
#1304=EDGE_CURVE('',#1057,#1056,#68,.T.);
#1305=EDGE_CURVE('',#1058,#1058,#908,.T.);
#1306=EDGE_CURVE('',#1058,#1059,#69,.T.);
#1307=EDGE_CURVE('',#1059,#1059,#909,.T.);
#1308=EDGE_CURVE('',#1060,#1060,#910,.T.);
#1309=EDGE_CURVE('',#1061,#1061,#911,.T.);
#1310=EDGE_CURVE('',#1061,#1060,#70,.T.);
#1311=EDGE_CURVE('',#1062,#1063,#912,.T.);
#1312=EDGE_CURVE('',#1062,#1064,#71,.T.);
#1313=EDGE_CURVE('',#1064,#1065,#72,.T.);
#1314=EDGE_CURVE('',#1063,#1065,#73,.T.);
#1315=EDGE_CURVE('',#1065,#1066,#74,.T.);
#1316=EDGE_CURVE('',#1064,#1067,#75,.T.);
#1317=EDGE_CURVE('',#1067,#1066,#76,.T.);
#1318=EDGE_CURVE('',#1068,#1062,#77,.T.);
#1319=EDGE_CURVE('',#1067,#1068,#78,.T.);
#1320=EDGE_CURVE('',#1069,#1068,#913,.T.);
#1321=EDGE_CURVE('',#1066,#1069,#79,.T.);
#1322=EDGE_CURVE('',#1069,#1070,#80,.T.);
#1323=EDGE_CURVE('',#1070,#1071,#81,.T.);
#1324=EDGE_CURVE('',#1071,#1072,#82,.T.);
#1325=EDGE_CURVE('',#1072,#1073,#83,.T.);
#1326=EDGE_CURVE('',#1073,#1074,#84,.T.);
#1327=EDGE_CURVE('',#1074,#1075,#85,.T.);
#1328=EDGE_CURVE('',#1075,#1076,#914,.T.);
#1329=EDGE_CURVE('',#1076,#1077,#86,.T.);
#1330=EDGE_CURVE('',#1077,#1078,#915,.T.);
#1331=EDGE_CURVE('',#1078,#1079,#87,.T.);
#1332=EDGE_CURVE('',#1079,#1063,#88,.T.);
#1333=EDGE_CURVE('',#1080,#1081,#89,.T.);
#1334=EDGE_CURVE('',#1082,#1080,#90,.T.);
#1335=EDGE_CURVE('',#1083,#1082,#91,.T.);
#1336=EDGE_CURVE('',#1081,#1083,#92,.T.);
#1337=EDGE_CURVE('',#1084,#1070,#916,.T.);
#1338=EDGE_CURVE('',#1084,#1085,#93,.T.);
#1339=EDGE_CURVE('',#1085,#1071,#94,.T.);
#1340=EDGE_CURVE('',#1073,#1086,#917,.T.);
#1341=EDGE_CURVE('',#1087,#1072,#95,.T.);
#1342=EDGE_CURVE('',#1087,#1086,#96,.T.);
#1343=EDGE_CURVE('',#1085,#1087,#97,.T.);
#1344=EDGE_CURVE('',#1086,#1084,#98,.T.);
#1345=EDGE_CURVE('',#1088,#1089,#918,.T.);
#1346=EDGE_CURVE('',#1089,#1088,#99,.T.);
#1347=EDGE_CURVE('',#1090,#1090,#919,.T.);
#1348=EDGE_CURVE('',#1090,#1091,#100,.T.);
#1349=EDGE_CURVE('',#1091,#1091,#920,.T.);
#1350=EDGE_CURVE('',#1092,#1092,#921,.T.);
#1351=EDGE_CURVE('',#1092,#1093,#101,.T.);
#1352=EDGE_CURVE('',#1093,#1093,#922,.T.);
#1353=EDGE_CURVE('',#1094,#1095,#102,.T.);
#1354=EDGE_CURVE('',#1095,#1096,#103,.T.);
#1355=EDGE_CURVE('',#1096,#1097,#104,.T.);
#1356=EDGE_CURVE('',#1097,#1094,#105,.T.);
#1357=EDGE_CURVE('',#1098,#1099,#106,.T.);
#1358=EDGE_CURVE('',#1099,#1100,#923,.T.);
#1359=EDGE_CURVE('',#1100,#1101,#107,.T.);
#1360=EDGE_CURVE('',#1101,#1098,#924,.T.);
#1361=EDGE_CURVE('',#1102,#1103,#925,.T.);
#1362=EDGE_CURVE('',#1103,#1102,#108,.T.);
#1363=EDGE_CURVE('',#1104,#1104,#926,.T.);
#1364=EDGE_CURVE('',#1105,#1105,#927,.T.);
#1365=EDGE_CURVE('',#1106,#1106,#928,.T.);
#1366=EDGE_CURVE('',#1107,#1107,#929,.T.);
#1367=EDGE_CURVE('',#1108,#1109,#109,.T.);
#1368=EDGE_CURVE('',#1110,#1108,#930,.T.);
#1369=EDGE_CURVE('',#1110,#1111,#110,.T.);
#1370=EDGE_CURVE('',#1111,#1112,#111,.T.);
#1371=EDGE_CURVE('',#1112,#1109,#112,.T.);
#1372=EDGE_CURVE('',#1107,#1113,#113,.T.);
#1373=EDGE_CURVE('',#1113,#1113,#931,.T.);
#1374=EDGE_CURVE('',#1106,#1114,#114,.T.);
#1375=EDGE_CURVE('',#1114,#1114,#932,.T.);
#1376=EDGE_CURVE('',#1105,#1115,#115,.T.);
#1377=EDGE_CURVE('',#1115,#1115,#933,.T.);
#1378=EDGE_CURVE('',#1104,#1116,#116,.T.);
#1379=EDGE_CURVE('',#1116,#1116,#934,.T.);
#1380=EDGE_CURVE('',#1019,#1117,#117,.T.);
#1381=EDGE_CURVE('',#1117,#1117,#935,.T.);
#1382=EDGE_CURVE('',#1118,#1103,#118,.T.);
#1383=EDGE_CURVE('',#1102,#1119,#119,.T.);
#1384=EDGE_CURVE('',#1118,#1119,#936,.T.);
#1385=EDGE_CURVE('',#1119,#1112,#120,.T.);
#1386=EDGE_CURVE('',#1120,#1111,#121,.T.);
#1387=EDGE_CURVE('',#1121,#1120,#122,.T.);
#1388=EDGE_CURVE('',#1121,#1118,#123,.T.);
#1389=EDGE_CURVE('',#1109,#1094,#124,.T.);
#1390=EDGE_CURVE('',#1097,#1079,#937,.T.);
#1391=EDGE_CURVE('',#1108,#1078,#125,.T.);
#1392=EDGE_CURVE('',#1122,#1123,#938,.T.);
#1393=EDGE_CURVE('',#1124,#1122,#126,.T.);
#1394=EDGE_CURVE('',#1124,#1125,#127,.T.);
#1395=EDGE_CURVE('',#1125,#1126,#128,.T.);
#1396=EDGE_CURVE('',#1126,#1123,#129,.T.);
#1397=EDGE_CURVE('',#1127,#1127,#939,.T.);
#1398=EDGE_CURVE('',#1127,#989,#130,.T.);
#1399=EDGE_CURVE('',#1128,#1128,#940,.T.);
#1400=EDGE_CURVE('',#1128,#997,#131,.T.);
#1401=EDGE_CURVE('',#1129,#1129,#941,.T.);
#1402=EDGE_CURVE('',#1129,#1005,#132,.T.);
#1403=EDGE_CURVE('',#1130,#1130,#942,.T.);
#1404=EDGE_CURVE('',#1130,#1013,#133,.T.);
#1405=EDGE_CURVE('',#1088,#1131,#134,.T.);
#1406=EDGE_CURVE('',#1132,#1089,#135,.T.);
#1407=EDGE_CURVE('',#1132,#1125,#136,.T.);
#1408=EDGE_CURVE('',#1095,#1124,#137,.T.);
#1409=EDGE_CURVE('',#1133,#1121,#138,.T.);
#1410=EDGE_CURVE('',#1133,#1131,#139,.T.);
#1411=EDGE_CURVE('',#1120,#1134,#140,.T.);
#1412=EDGE_CURVE('',#1134,#1133,#141,.T.);
#1413=EDGE_CURVE('',#1123,#1098,#142,.T.);
#1414=EDGE_CURVE('',#1134,#1126,#143,.T.);
#1415=EDGE_CURVE('',#1099,#1110,#144,.T.);
#1416=EDGE_CURVE('',#1132,#1131,#943,.T.);
#1417=EDGE_CURVE('',#1135,#1135,#944,.T.);
#1418=EDGE_CURVE('',#1135,#1023,#145,.T.);
#1419=EDGE_CURVE('',#1122,#1075,#146,.T.);
#1420=EDGE_CURVE('',#1074,#1096,#945,.T.);
#1421=EDGE_CURVE('',#1100,#1077,#147,.T.);
#1422=EDGE_CURVE('',#1101,#1076,#148,.T.);
#1423=EDGE_CURVE('',#1082,#1136,#149,.T.);
#1424=EDGE_CURVE('',#1137,#1136,#150,.T.);
#1425=EDGE_CURVE('',#1083,#1137,#151,.T.);
#1426=EDGE_CURVE('',#1080,#1138,#152,.T.);
#1427=EDGE_CURVE('',#1136,#1138,#153,.T.);
#1428=EDGE_CURVE('',#1081,#1139,#154,.T.);
#1429=EDGE_CURVE('',#1140,#1139,#155,.T.);
#1430=EDGE_CURVE('',#1141,#1140,#156,.T.);
#1431=EDGE_CURVE('',#1142,#1141,#157,.T.);
#1432=EDGE_CURVE('',#1143,#1142,#158,.T.);
#1433=EDGE_CURVE('',#1138,#1143,#159,.T.);
#1434=EDGE_CURVE('',#1139,#1137,#160,.T.);
#1435=EDGE_CURVE('',#1141,#1144,#161,.T.);
#1436=EDGE_CURVE('',#1144,#1145,#946,.T.);
#1437=EDGE_CURVE('',#1145,#1142,#162,.T.);
#1438=EDGE_CURVE('',#1044,#1045,#163,.T.);
#1439=EDGE_CURVE('',#1146,#1140,#164,.T.);
#1440=EDGE_CURVE('',#1144,#1146,#165,.T.);
#1441=EDGE_CURVE('',#1147,#1145,#166,.T.);
#1442=EDGE_CURVE('',#1143,#1147,#167,.T.);
#1443=EDGE_CURVE('',#1147,#1146,#947,.T.);
#1444=EDGE_CURVE('',#1039,#1148,#168,.T.);
#1445=EDGE_CURVE('',#1148,#1148,#948,.T.);
#1446=EDGE_CURVE('',#1149,#1149,#949,.T.);
#1447=EDGE_CURVE('',#1149,#1150,#169,.T.);
#1448=EDGE_CURVE('',#1150,#1150,#950,.T.);
#1449=EDGE_CURVE('',#1151,#1151,#951,.T.);
#1450=EDGE_CURVE('',#1151,#1152,#170,.T.);
#1451=EDGE_CURVE('',#1152,#1152,#952,.T.);
#1452=EDGE_CURVE('',#1153,#1153,#953,.T.);
#1453=EDGE_CURVE('',#1153,#1154,#171,.T.);
#1454=EDGE_CURVE('',#1154,#1154,#954,.T.);
#1455=EDGE_CURVE('',#1155,#1155,#955,.T.);
#1456=EDGE_CURVE('',#1155,#1156,#172,.T.);
#1457=EDGE_CURVE('',#1156,#1156,#956,.T.);
#1458=EDGE_CURVE('',#1157,#1157,#957,.T.);
#1459=EDGE_CURVE('',#1157,#1158,#173,.T.);
#1460=EDGE_CURVE('',#1158,#1158,#958,.T.);
#1461=EDGE_CURVE('',#1159,#1159,#959,.T.);
#1462=EDGE_CURVE('',#1159,#1160,#174,.T.);
#1463=EDGE_CURVE('',#1160,#1160,#960,.T.);
#1464=EDGE_CURVE('',#1161,#1162,#961,.T.);
#1465=EDGE_CURVE('',#1163,#1162,#175,.T.);
#1466=EDGE_CURVE('',#1163,#1164,#176,.T.);
#1467=EDGE_CURVE('',#1161,#1164,#177,.T.);
#1468=EDGE_CURVE('',#1165,#1166,#962,.T.);
#1469=EDGE_CURVE('',#1162,#1166,#178,.T.);
#1470=EDGE_CURVE('',#1165,#1161,#179,.T.);
#1471=EDGE_CURVE('',#1167,#1165,#180,.T.);
#1472=EDGE_CURVE('',#1164,#1167,#963,.T.);
#1473=EDGE_CURVE('',#1166,#1168,#181,.T.);
#1474=EDGE_CURVE('',#1168,#1163,#964,.T.);
#1475=EDGE_CURVE('',#1168,#1167,#182,.T.);
#1476=EDGE_CURVE('',#1169,#1170,#965,.T.);
#1477=EDGE_CURVE('',#1171,#1169,#183,.T.);
#1478=EDGE_CURVE('',#1172,#1171,#184,.T.);
#1479=EDGE_CURVE('',#1170,#1172,#185,.T.);
#1480=EDGE_CURVE('',#1173,#1171,#966,.T.);
#1481=EDGE_CURVE('',#1173,#1174,#186,.T.);
#1482=EDGE_CURVE('',#1172,#1174,#967,.T.);
#1483=EDGE_CURVE('',#1169,#1175,#187,.T.);
#1484=EDGE_CURVE('',#1175,#1173,#188,.T.);
#1485=EDGE_CURVE('',#1176,#1170,#189,.T.);
#1486=EDGE_CURVE('',#1175,#1176,#968,.T.);
#1487=EDGE_CURVE('',#1174,#1176,#190,.T.);
#1488=ORIENTED_EDGE('',*,*,#1177,.F.);
#1489=ORIENTED_EDGE('',*,*,#1178,.F.);
#1490=ORIENTED_EDGE('',*,*,#1179,.F.);
#1491=ORIENTED_EDGE('',*,*,#1180,.F.);
#1492=ORIENTED_EDGE('',*,*,#1181,.F.);
#1493=ORIENTED_EDGE('',*,*,#1182,.F.);
#1494=ORIENTED_EDGE('',*,*,#1178,.T.);
#1495=ORIENTED_EDGE('',*,*,#1183,.T.);
#1496=ORIENTED_EDGE('',*,*,#1184,.F.);
#1497=ORIENTED_EDGE('',*,*,#1183,.F.);
#1498=ORIENTED_EDGE('',*,*,#1185,.F.);
#1499=ORIENTED_EDGE('',*,*,#1186,.F.);
#1500=ORIENTED_EDGE('',*,*,#1187,.F.);
#1501=ORIENTED_EDGE('',*,*,#1188,.F.);
#1502=ORIENTED_EDGE('',*,*,#1189,.F.);
#1503=ORIENTED_EDGE('',*,*,#1190,.F.);
#1504=ORIENTED_EDGE('',*,*,#1191,.F.);
#1505=ORIENTED_EDGE('',*,*,#1192,.T.);
#1506=ORIENTED_EDGE('',*,*,#1186,.T.);
#1507=ORIENTED_EDGE('',*,*,#1192,.F.);
#1508=ORIENTED_EDGE('',*,*,#1193,.F.);
#1509=ORIENTED_EDGE('',*,*,#1194,.F.);
#1510=ORIENTED_EDGE('',*,*,#1195,.T.);
#1511=ORIENTED_EDGE('',*,*,#1196,.T.);
#1512=ORIENTED_EDGE('',*,*,#1197,.F.);
#1513=ORIENTED_EDGE('',*,*,#1198,.F.);
#1514=ORIENTED_EDGE('',*,*,#1194,.T.);
#1515=ORIENTED_EDGE('',*,*,#1199,.F.);
#1516=ORIENTED_EDGE('',*,*,#1200,.F.);
#1517=ORIENTED_EDGE('',*,*,#1196,.F.);
#1518=ORIENTED_EDGE('',*,*,#1195,.F.);
#1519=ORIENTED_EDGE('',*,*,#1201,.F.);
#1520=ORIENTED_EDGE('',*,*,#1190,.T.);
#1521=ORIENTED_EDGE('',*,*,#1202,.T.);
#1522=ORIENTED_EDGE('',*,*,#1203,.F.);
#1523=ORIENTED_EDGE('',*,*,#1199,.T.);
#1524=ORIENTED_EDGE('',*,*,#1193,.T.);
#1525=ORIENTED_EDGE('',*,*,#1198,.T.);
#1526=ORIENTED_EDGE('',*,*,#1204,.F.);
#1527=ORIENTED_EDGE('',*,*,#1202,.F.);
#1528=ORIENTED_EDGE('',*,*,#1205,.F.);
#1529=ORIENTED_EDGE('',*,*,#1206,.F.);
#1530=ORIENTED_EDGE('',*,*,#1207,.T.);
#1531=ORIENTED_EDGE('',*,*,#1208,.T.);
#1532=ORIENTED_EDGE('',*,*,#1209,.F.);
#1533=ORIENTED_EDGE('',*,*,#1210,.F.);
#1534=ORIENTED_EDGE('',*,*,#1206,.T.);
#1535=ORIENTED_EDGE('',*,*,#1211,.F.);
#1536=ORIENTED_EDGE('',*,*,#1212,.F.);
#1537=ORIENTED_EDGE('',*,*,#1208,.F.);
#1538=ORIENTED_EDGE('',*,*,#1207,.F.);
#1539=ORIENTED_EDGE('',*,*,#1213,.F.);
#1540=ORIENTED_EDGE('',*,*,#1189,.T.);
#1541=ORIENTED_EDGE('',*,*,#1214,.T.);
#1542=ORIENTED_EDGE('',*,*,#1215,.F.);
#1543=ORIENTED_EDGE('',*,*,#1211,.T.);
#1544=ORIENTED_EDGE('',*,*,#1205,.T.);
#1545=ORIENTED_EDGE('',*,*,#1210,.T.);
#1546=ORIENTED_EDGE('',*,*,#1216,.F.);
#1547=ORIENTED_EDGE('',*,*,#1214,.F.);
#1548=ORIENTED_EDGE('',*,*,#1217,.F.);
#1549=ORIENTED_EDGE('',*,*,#1218,.F.);
#1550=ORIENTED_EDGE('',*,*,#1219,.T.);
#1551=ORIENTED_EDGE('',*,*,#1220,.T.);
#1552=ORIENTED_EDGE('',*,*,#1221,.F.);
#1553=ORIENTED_EDGE('',*,*,#1222,.F.);
#1554=ORIENTED_EDGE('',*,*,#1218,.T.);
#1555=ORIENTED_EDGE('',*,*,#1223,.F.);
#1556=ORIENTED_EDGE('',*,*,#1224,.F.);
#1557=ORIENTED_EDGE('',*,*,#1220,.F.);
#1558=ORIENTED_EDGE('',*,*,#1219,.F.);
#1559=ORIENTED_EDGE('',*,*,#1225,.F.);
#1560=ORIENTED_EDGE('',*,*,#1188,.T.);
#1561=ORIENTED_EDGE('',*,*,#1226,.T.);
#1562=ORIENTED_EDGE('',*,*,#1227,.F.);
#1563=ORIENTED_EDGE('',*,*,#1223,.T.);
#1564=ORIENTED_EDGE('',*,*,#1217,.T.);
#1565=ORIENTED_EDGE('',*,*,#1222,.T.);
#1566=ORIENTED_EDGE('',*,*,#1228,.F.);
#1567=ORIENTED_EDGE('',*,*,#1226,.F.);
#1568=ORIENTED_EDGE('',*,*,#1229,.F.);
#1569=ORIENTED_EDGE('',*,*,#1230,.F.);
#1570=ORIENTED_EDGE('',*,*,#1231,.T.);
#1571=ORIENTED_EDGE('',*,*,#1232,.T.);
#1572=ORIENTED_EDGE('',*,*,#1233,.F.);
#1573=ORIENTED_EDGE('',*,*,#1234,.F.);
#1574=ORIENTED_EDGE('',*,*,#1230,.T.);
#1575=ORIENTED_EDGE('',*,*,#1235,.F.);
#1576=ORIENTED_EDGE('',*,*,#1236,.F.);
#1577=ORIENTED_EDGE('',*,*,#1232,.F.);
#1578=ORIENTED_EDGE('',*,*,#1231,.F.);
#1579=ORIENTED_EDGE('',*,*,#1237,.F.);
#1580=ORIENTED_EDGE('',*,*,#1187,.T.);
#1581=ORIENTED_EDGE('',*,*,#1238,.T.);
#1582=ORIENTED_EDGE('',*,*,#1239,.F.);
#1583=ORIENTED_EDGE('',*,*,#1235,.T.);
#1584=ORIENTED_EDGE('',*,*,#1229,.T.);
#1585=ORIENTED_EDGE('',*,*,#1234,.T.);
#1586=ORIENTED_EDGE('',*,*,#1240,.F.);
#1587=ORIENTED_EDGE('',*,*,#1238,.F.);
#1588=ORIENTED_EDGE('',*,*,#1241,.F.);
#1589=ORIENTED_EDGE('',*,*,#1242,.T.);
#1590=ORIENTED_EDGE('',*,*,#1182,.T.);
#1591=ORIENTED_EDGE('',*,*,#1242,.F.);
#1592=ORIENTED_EDGE('',*,*,#1243,.F.);
#1593=ORIENTED_EDGE('',*,*,#1244,.T.);
#1594=ORIENTED_EDGE('',*,*,#1181,.T.);
#1595=ORIENTED_EDGE('',*,*,#1244,.F.);
#1596=ORIENTED_EDGE('',*,*,#1245,.F.);
#1597=ORIENTED_EDGE('',*,*,#1246,.T.);
#1598=ORIENTED_EDGE('',*,*,#1180,.T.);
#1599=ORIENTED_EDGE('',*,*,#1246,.F.);
#1600=ORIENTED_EDGE('',*,*,#1247,.F.);
#1601=ORIENTED_EDGE('',*,*,#1248,.T.);
#1602=ORIENTED_EDGE('',*,*,#1179,.T.);
#1603=ORIENTED_EDGE('',*,*,#1248,.F.);
#1604=ORIENTED_EDGE('',*,*,#1249,.T.);
#1605=ORIENTED_EDGE('',*,*,#1250,.T.);
#1606=ORIENTED_EDGE('',*,*,#1251,.F.);
#1607=ORIENTED_EDGE('',*,*,#1252,.T.);
#1608=ORIENTED_EDGE('',*,*,#1250,.F.);
#1609=ORIENTED_EDGE('',*,*,#1252,.F.);
#1610=ORIENTED_EDGE('',*,*,#1253,.F.);
#1611=ORIENTED_EDGE('',*,*,#1254,.T.);
#1612=ORIENTED_EDGE('',*,*,#1177,.T.);
#1613=ORIENTED_EDGE('',*,*,#1254,.F.);
#1614=ORIENTED_EDGE('',*,*,#1184,.T.);
#1615=ORIENTED_EDGE('',*,*,#1251,.T.);
#1616=ORIENTED_EDGE('',*,*,#1255,.T.);
#1617=ORIENTED_EDGE('',*,*,#1256,.T.);
#1618=ORIENTED_EDGE('',*,*,#1256,.F.);
#1619=ORIENTED_EDGE('',*,*,#1257,.T.);
#1620=ORIENTED_EDGE('',*,*,#1258,.F.);
#1621=ORIENTED_EDGE('',*,*,#1257,.F.);
#1622=ORIENTED_EDGE('',*,*,#1185,.T.);
#1623=ORIENTED_EDGE('',*,*,#1259,.T.);
#1624=ORIENTED_EDGE('',*,*,#1260,.F.);
#1625=ORIENTED_EDGE('',*,*,#1259,.F.);
#1626=ORIENTED_EDGE('',*,*,#1191,.T.);
#1627=ORIENTED_EDGE('',*,*,#1258,.T.);
#1628=ORIENTED_EDGE('',*,*,#1261,.F.);
#1629=ORIENTED_EDGE('',*,*,#1262,.F.);
#1630=ORIENTED_EDGE('',*,*,#1263,.T.);
#1631=ORIENTED_EDGE('',*,*,#1264,.F.);
#1632=ORIENTED_EDGE('',*,*,#1263,.F.);
#1633=ORIENTED_EDGE('',*,*,#1265,.T.);
#1634=ORIENTED_EDGE('',*,*,#1266,.T.);
#1635=ORIENTED_EDGE('',*,*,#1267,.F.);
#1636=ORIENTED_EDGE('',*,*,#1268,.F.);
#1637=ORIENTED_EDGE('',*,*,#1266,.F.);
#1638=ORIENTED_EDGE('',*,*,#1265,.F.);
#1639=ORIENTED_EDGE('',*,*,#1264,.T.);
#1640=ORIENTED_EDGE('',*,*,#1269,.T.);
#1641=ORIENTED_EDGE('',*,*,#1270,.F.);
#1642=ORIENTED_EDGE('',*,*,#1271,.T.);
#1643=ORIENTED_EDGE('',*,*,#1272,.F.);
#1644=ORIENTED_EDGE('',*,*,#1271,.F.);
#1645=ORIENTED_EDGE('',*,*,#1273,.T.);
#1646=ORIENTED_EDGE('',*,*,#1269,.F.);
#1647=ORIENTED_EDGE('',*,*,#1273,.F.);
#1648=ORIENTED_EDGE('',*,*,#1267,.T.);
#1649=ORIENTED_EDGE('',*,*,#1268,.T.);
#1650=ORIENTED_EDGE('',*,*,#1274,.T.);
#1651=ORIENTED_EDGE('',*,*,#1275,.T.);
#1652=ORIENTED_EDGE('',*,*,#1272,.T.);
#1653=ORIENTED_EDGE('',*,*,#1275,.F.);
#1654=ORIENTED_EDGE('',*,*,#1270,.T.);
#1655=ORIENTED_EDGE('',*,*,#1276,.T.);
#1656=ORIENTED_EDGE('',*,*,#1277,.T.);
#1657=ORIENTED_EDGE('',*,*,#1276,.F.);
#1658=ORIENTED_EDGE('',*,*,#1278,.F.);
#1659=ORIENTED_EDGE('',*,*,#1277,.F.);
#1660=ORIENTED_EDGE('',*,*,#1279,.F.);
#1661=ORIENTED_EDGE('',*,*,#1280,.F.);
#1662=ORIENTED_EDGE('',*,*,#1281,.F.);
#1663=ORIENTED_EDGE('',*,*,#1282,.F.);
#1664=ORIENTED_EDGE('',*,*,#1283,.T.);
#1665=ORIENTED_EDGE('',*,*,#1280,.T.);
#1666=ORIENTED_EDGE('',*,*,#1284,.T.);
#1667=ORIENTED_EDGE('',*,*,#1285,.F.);
#1668=ORIENTED_EDGE('',*,*,#1286,.T.);
#1669=ORIENTED_EDGE('',*,*,#1281,.T.);
#1670=ORIENTED_EDGE('',*,*,#1283,.F.);
#1671=ORIENTED_EDGE('',*,*,#1261,.T.);
#1672=ORIENTED_EDGE('',*,*,#1262,.T.);
#1673=ORIENTED_EDGE('',*,*,#1287,.T.);
#1674=ORIENTED_EDGE('',*,*,#1288,.T.);
#1675=ORIENTED_EDGE('',*,*,#1289,.T.);
#1676=ORIENTED_EDGE('',*,*,#1288,.F.);
#1677=ORIENTED_EDGE('',*,*,#1287,.F.);
#1678=ORIENTED_EDGE('',*,*,#1290,.F.);
#1679=ORIENTED_EDGE('',*,*,#1289,.F.);
#1680=ORIENTED_EDGE('',*,*,#1291,.F.);
#1681=ORIENTED_EDGE('',*,*,#1292,.T.);
#1682=ORIENTED_EDGE('',*,*,#1290,.T.);
#1683=ORIENTED_EDGE('',*,*,#1292,.F.);
#1684=ORIENTED_EDGE('',*,*,#1293,.T.);
#1685=ORIENTED_EDGE('',*,*,#1294,.T.);
#1686=ORIENTED_EDGE('',*,*,#1295,.T.);
#1687=ORIENTED_EDGE('',*,*,#1294,.F.);
#1688=ORIENTED_EDGE('',*,*,#1293,.F.);
#1689=ORIENTED_EDGE('',*,*,#1296,.F.);
#1690=ORIENTED_EDGE('',*,*,#1295,.F.);
#1691=ORIENTED_EDGE('',*,*,#1297,.F.);
#1692=ORIENTED_EDGE('',*,*,#1298,.T.);
#1693=ORIENTED_EDGE('',*,*,#1296,.T.);
#1694=ORIENTED_EDGE('',*,*,#1298,.F.);
#1695=ORIENTED_EDGE('',*,*,#1299,.T.);
#1696=ORIENTED_EDGE('',*,*,#1300,.T.);
#1697=ORIENTED_EDGE('',*,*,#1301,.T.);
#1698=ORIENTED_EDGE('',*,*,#1300,.F.);
#1699=ORIENTED_EDGE('',*,*,#1299,.F.);
#1700=ORIENTED_EDGE('',*,*,#1302,.F.);
#1701=ORIENTED_EDGE('',*,*,#1301,.F.);
#1702=ORIENTED_EDGE('',*,*,#1303,.F.);
#1703=ORIENTED_EDGE('',*,*,#1304,.T.);
#1704=ORIENTED_EDGE('',*,*,#1302,.T.);
#1705=ORIENTED_EDGE('',*,*,#1304,.F.);
#1706=ORIENTED_EDGE('',*,*,#1305,.T.);
#1707=ORIENTED_EDGE('',*,*,#1306,.T.);
#1708=ORIENTED_EDGE('',*,*,#1307,.T.);
#1709=ORIENTED_EDGE('',*,*,#1306,.F.);
#1710=ORIENTED_EDGE('',*,*,#1305,.F.);
#1711=ORIENTED_EDGE('',*,*,#1308,.F.);
#1712=ORIENTED_EDGE('',*,*,#1307,.F.);
#1713=ORIENTED_EDGE('',*,*,#1309,.F.);
#1714=ORIENTED_EDGE('',*,*,#1310,.T.);
#1715=ORIENTED_EDGE('',*,*,#1308,.T.);
#1716=ORIENTED_EDGE('',*,*,#1310,.F.);
#1717=ORIENTED_EDGE('',*,*,#1311,.F.);
#1718=ORIENTED_EDGE('',*,*,#1312,.T.);
#1719=ORIENTED_EDGE('',*,*,#1313,.T.);
#1720=ORIENTED_EDGE('',*,*,#1314,.F.);
#1721=ORIENTED_EDGE('',*,*,#1315,.F.);
#1722=ORIENTED_EDGE('',*,*,#1313,.F.);
#1723=ORIENTED_EDGE('',*,*,#1316,.T.);
#1724=ORIENTED_EDGE('',*,*,#1317,.T.);
#1725=ORIENTED_EDGE('',*,*,#1318,.F.);
#1726=ORIENTED_EDGE('',*,*,#1319,.F.);
#1727=ORIENTED_EDGE('',*,*,#1316,.F.);
#1728=ORIENTED_EDGE('',*,*,#1312,.F.);
#1729=ORIENTED_EDGE('',*,*,#1320,.F.);
#1730=ORIENTED_EDGE('',*,*,#1321,.F.);
#1731=ORIENTED_EDGE('',*,*,#1317,.F.);
#1732=ORIENTED_EDGE('',*,*,#1319,.T.);
#1733=ORIENTED_EDGE('',*,*,#1314,.T.);
#1734=ORIENTED_EDGE('',*,*,#1315,.T.);
#1735=ORIENTED_EDGE('',*,*,#1321,.T.);
#1736=ORIENTED_EDGE('',*,*,#1322,.T.);
#1737=ORIENTED_EDGE('',*,*,#1323,.T.);
#1738=ORIENTED_EDGE('',*,*,#1324,.T.);
#1739=ORIENTED_EDGE('',*,*,#1325,.T.);
#1740=ORIENTED_EDGE('',*,*,#1326,.T.);
#1741=ORIENTED_EDGE('',*,*,#1327,.T.);
#1742=ORIENTED_EDGE('',*,*,#1328,.T.);
#1743=ORIENTED_EDGE('',*,*,#1329,.T.);
#1744=ORIENTED_EDGE('',*,*,#1330,.T.);
#1745=ORIENTED_EDGE('',*,*,#1331,.T.);
#1746=ORIENTED_EDGE('',*,*,#1332,.T.);
#1747=ORIENTED_EDGE('',*,*,#1333,.F.);
#1748=ORIENTED_EDGE('',*,*,#1334,.F.);
#1749=ORIENTED_EDGE('',*,*,#1335,.F.);
#1750=ORIENTED_EDGE('',*,*,#1336,.F.);
#1751=ORIENTED_EDGE('',*,*,#1337,.F.);
#1752=ORIENTED_EDGE('',*,*,#1338,.T.);
#1753=ORIENTED_EDGE('',*,*,#1339,.T.);
#1754=ORIENTED_EDGE('',*,*,#1323,.F.);
#1755=ORIENTED_EDGE('',*,*,#1340,.F.);
#1756=ORIENTED_EDGE('',*,*,#1325,.F.);
#1757=ORIENTED_EDGE('',*,*,#1341,.F.);
#1758=ORIENTED_EDGE('',*,*,#1342,.T.);
#1759=ORIENTED_EDGE('',*,*,#1324,.F.);
#1760=ORIENTED_EDGE('',*,*,#1339,.F.);
#1761=ORIENTED_EDGE('',*,*,#1343,.T.);
#1762=ORIENTED_EDGE('',*,*,#1341,.T.);
#1763=ORIENTED_EDGE('',*,*,#1344,.F.);
#1764=ORIENTED_EDGE('',*,*,#1342,.F.);
#1765=ORIENTED_EDGE('',*,*,#1343,.F.);
#1766=ORIENTED_EDGE('',*,*,#1338,.F.);
#1767=ORIENTED_EDGE('',*,*,#1345,.T.);
#1768=ORIENTED_EDGE('',*,*,#1346,.T.);
#1769=ORIENTED_EDGE('',*,*,#1197,.T.);
#1770=ORIENTED_EDGE('',*,*,#1200,.T.);
#1771=ORIENTED_EDGE('',*,*,#1203,.T.);
#1772=ORIENTED_EDGE('',*,*,#1204,.T.);
#1773=ORIENTED_EDGE('',*,*,#1209,.T.);
#1774=ORIENTED_EDGE('',*,*,#1212,.T.);
#1775=ORIENTED_EDGE('',*,*,#1215,.T.);
#1776=ORIENTED_EDGE('',*,*,#1216,.T.);
#1777=ORIENTED_EDGE('',*,*,#1233,.T.);
#1778=ORIENTED_EDGE('',*,*,#1236,.T.);
#1779=ORIENTED_EDGE('',*,*,#1239,.T.);
#1780=ORIENTED_EDGE('',*,*,#1240,.T.);
#1781=ORIENTED_EDGE('',*,*,#1260,.T.);
#1782=ORIENTED_EDGE('',*,*,#1221,.T.);
#1783=ORIENTED_EDGE('',*,*,#1224,.T.);
#1784=ORIENTED_EDGE('',*,*,#1227,.T.);
#1785=ORIENTED_EDGE('',*,*,#1228,.T.);
#1786=ORIENTED_EDGE('',*,*,#1347,.T.);
#1787=ORIENTED_EDGE('',*,*,#1348,.T.);
#1788=ORIENTED_EDGE('',*,*,#1349,.F.);
#1789=ORIENTED_EDGE('',*,*,#1348,.F.);
#1790=ORIENTED_EDGE('',*,*,#1347,.F.);
#1791=ORIENTED_EDGE('',*,*,#1350,.T.);
#1792=ORIENTED_EDGE('',*,*,#1351,.T.);
#1793=ORIENTED_EDGE('',*,*,#1352,.F.);
#1794=ORIENTED_EDGE('',*,*,#1351,.F.);
#1795=ORIENTED_EDGE('',*,*,#1350,.F.);
#1796=ORIENTED_EDGE('',*,*,#1353,.T.);
#1797=ORIENTED_EDGE('',*,*,#1354,.T.);
#1798=ORIENTED_EDGE('',*,*,#1355,.T.);
#1799=ORIENTED_EDGE('',*,*,#1356,.T.);
#1800=ORIENTED_EDGE('',*,*,#1357,.T.);
#1801=ORIENTED_EDGE('',*,*,#1358,.T.);
#1802=ORIENTED_EDGE('',*,*,#1359,.T.);
#1803=ORIENTED_EDGE('',*,*,#1360,.T.);
#1804=ORIENTED_EDGE('',*,*,#1361,.T.);
#1805=ORIENTED_EDGE('',*,*,#1362,.T.);
#1806=ORIENTED_EDGE('',*,*,#1243,.T.);
#1807=ORIENTED_EDGE('',*,*,#1247,.T.);
#1808=ORIENTED_EDGE('',*,*,#1253,.T.);
#1809=ORIENTED_EDGE('',*,*,#1363,.T.);
#1810=ORIENTED_EDGE('',*,*,#1364,.T.);
#1811=ORIENTED_EDGE('',*,*,#1365,.T.);
#1812=ORIENTED_EDGE('',*,*,#1366,.T.);
#1813=ORIENTED_EDGE('',*,*,#1245,.T.);
#1814=ORIENTED_EDGE('',*,*,#1241,.T.);
#1815=ORIENTED_EDGE('',*,*,#1367,.F.);
#1816=ORIENTED_EDGE('',*,*,#1368,.F.);
#1817=ORIENTED_EDGE('',*,*,#1369,.T.);
#1818=ORIENTED_EDGE('',*,*,#1370,.T.);
#1819=ORIENTED_EDGE('',*,*,#1371,.T.);
#1820=ORIENTED_EDGE('',*,*,#1366,.F.);
#1821=ORIENTED_EDGE('',*,*,#1372,.T.);
#1822=ORIENTED_EDGE('',*,*,#1373,.F.);
#1823=ORIENTED_EDGE('',*,*,#1372,.F.);
#1824=ORIENTED_EDGE('',*,*,#1365,.F.);
#1825=ORIENTED_EDGE('',*,*,#1374,.T.);
#1826=ORIENTED_EDGE('',*,*,#1375,.F.);
#1827=ORIENTED_EDGE('',*,*,#1374,.F.);
#1828=ORIENTED_EDGE('',*,*,#1364,.F.);
#1829=ORIENTED_EDGE('',*,*,#1376,.T.);
#1830=ORIENTED_EDGE('',*,*,#1377,.F.);
#1831=ORIENTED_EDGE('',*,*,#1376,.F.);
#1832=ORIENTED_EDGE('',*,*,#1363,.F.);
#1833=ORIENTED_EDGE('',*,*,#1378,.T.);
#1834=ORIENTED_EDGE('',*,*,#1379,.F.);
#1835=ORIENTED_EDGE('',*,*,#1378,.F.);
#1836=ORIENTED_EDGE('',*,*,#1249,.F.);
#1837=ORIENTED_EDGE('',*,*,#1380,.T.);
#1838=ORIENTED_EDGE('',*,*,#1381,.F.);
#1839=ORIENTED_EDGE('',*,*,#1380,.F.);
#1840=ORIENTED_EDGE('',*,*,#1382,.T.);
#1841=ORIENTED_EDGE('',*,*,#1361,.F.);
#1842=ORIENTED_EDGE('',*,*,#1383,.T.);
#1843=ORIENTED_EDGE('',*,*,#1384,.F.);
#1844=ORIENTED_EDGE('',*,*,#1384,.T.);
#1845=ORIENTED_EDGE('',*,*,#1385,.T.);
#1846=ORIENTED_EDGE('',*,*,#1370,.F.);
#1847=ORIENTED_EDGE('',*,*,#1386,.F.);
#1848=ORIENTED_EDGE('',*,*,#1387,.F.);
#1849=ORIENTED_EDGE('',*,*,#1388,.T.);
#1850=ORIENTED_EDGE('',*,*,#1381,.T.);
#1851=ORIENTED_EDGE('',*,*,#1379,.T.);
#1852=ORIENTED_EDGE('',*,*,#1377,.T.);
#1853=ORIENTED_EDGE('',*,*,#1375,.T.);
#1854=ORIENTED_EDGE('',*,*,#1373,.T.);
#1855=ORIENTED_EDGE('',*,*,#1367,.T.);
#1856=ORIENTED_EDGE('',*,*,#1389,.T.);
#1857=ORIENTED_EDGE('',*,*,#1356,.F.);
#1858=ORIENTED_EDGE('',*,*,#1390,.T.);
#1859=ORIENTED_EDGE('',*,*,#1331,.F.);
#1860=ORIENTED_EDGE('',*,*,#1391,.F.);
#1861=ORIENTED_EDGE('',*,*,#1392,.F.);
#1862=ORIENTED_EDGE('',*,*,#1393,.F.);
#1863=ORIENTED_EDGE('',*,*,#1394,.T.);
#1864=ORIENTED_EDGE('',*,*,#1395,.T.);
#1865=ORIENTED_EDGE('',*,*,#1396,.T.);
#1866=ORIENTED_EDGE('',*,*,#1397,.F.);
#1867=ORIENTED_EDGE('',*,*,#1398,.T.);
#1868=ORIENTED_EDGE('',*,*,#1201,.T.);
#1869=ORIENTED_EDGE('',*,*,#1398,.F.);
#1870=ORIENTED_EDGE('',*,*,#1399,.F.);
#1871=ORIENTED_EDGE('',*,*,#1400,.T.);
#1872=ORIENTED_EDGE('',*,*,#1213,.T.);
#1873=ORIENTED_EDGE('',*,*,#1400,.F.);
#1874=ORIENTED_EDGE('',*,*,#1401,.F.);
#1875=ORIENTED_EDGE('',*,*,#1402,.T.);
#1876=ORIENTED_EDGE('',*,*,#1225,.T.);
#1877=ORIENTED_EDGE('',*,*,#1402,.F.);
#1878=ORIENTED_EDGE('',*,*,#1403,.F.);
#1879=ORIENTED_EDGE('',*,*,#1404,.T.);
#1880=ORIENTED_EDGE('',*,*,#1237,.T.);
#1881=ORIENTED_EDGE('',*,*,#1404,.F.);
#1882=ORIENTED_EDGE('',*,*,#1405,.F.);
#1883=ORIENTED_EDGE('',*,*,#1346,.F.);
#1884=ORIENTED_EDGE('',*,*,#1406,.F.);
#1885=ORIENTED_EDGE('',*,*,#1407,.T.);
#1886=ORIENTED_EDGE('',*,*,#1394,.F.);
#1887=ORIENTED_EDGE('',*,*,#1408,.F.);
#1888=ORIENTED_EDGE('',*,*,#1353,.F.);
#1889=ORIENTED_EDGE('',*,*,#1389,.F.);
#1890=ORIENTED_EDGE('',*,*,#1371,.F.);
#1891=ORIENTED_EDGE('',*,*,#1385,.F.);
#1892=ORIENTED_EDGE('',*,*,#1383,.F.);
#1893=ORIENTED_EDGE('',*,*,#1362,.F.);
#1894=ORIENTED_EDGE('',*,*,#1382,.F.);
#1895=ORIENTED_EDGE('',*,*,#1388,.F.);
#1896=ORIENTED_EDGE('',*,*,#1409,.F.);
#1897=ORIENTED_EDGE('',*,*,#1410,.T.);
#1898=ORIENTED_EDGE('',*,*,#1409,.T.);
#1899=ORIENTED_EDGE('',*,*,#1387,.T.);
#1900=ORIENTED_EDGE('',*,*,#1411,.T.);
#1901=ORIENTED_EDGE('',*,*,#1412,.T.);
#1902=ORIENTED_EDGE('',*,*,#1349,.T.);
#1903=ORIENTED_EDGE('',*,*,#1352,.T.);
#1904=ORIENTED_EDGE('',*,*,#1413,.F.);
#1905=ORIENTED_EDGE('',*,*,#1396,.F.);
#1906=ORIENTED_EDGE('',*,*,#1414,.F.);
#1907=ORIENTED_EDGE('',*,*,#1411,.F.);
#1908=ORIENTED_EDGE('',*,*,#1386,.T.);
#1909=ORIENTED_EDGE('',*,*,#1369,.F.);
#1910=ORIENTED_EDGE('',*,*,#1415,.F.);
#1911=ORIENTED_EDGE('',*,*,#1357,.F.);
#1912=ORIENTED_EDGE('',*,*,#1416,.T.);
#1913=ORIENTED_EDGE('',*,*,#1410,.F.);
#1914=ORIENTED_EDGE('',*,*,#1412,.F.);
#1915=ORIENTED_EDGE('',*,*,#1414,.T.);
#1916=ORIENTED_EDGE('',*,*,#1395,.F.);
#1917=ORIENTED_EDGE('',*,*,#1407,.F.);
#1918=ORIENTED_EDGE('',*,*,#1297,.T.);
#1919=ORIENTED_EDGE('',*,*,#1303,.T.);
#1920=ORIENTED_EDGE('',*,*,#1309,.T.);
#1921=ORIENTED_EDGE('',*,*,#1397,.T.);
#1922=ORIENTED_EDGE('',*,*,#1399,.T.);
#1923=ORIENTED_EDGE('',*,*,#1401,.T.);
#1924=ORIENTED_EDGE('',*,*,#1403,.T.);
#1925=ORIENTED_EDGE('',*,*,#1417,.T.);
#1926=ORIENTED_EDGE('',*,*,#1291,.T.);
#1927=ORIENTED_EDGE('',*,*,#1417,.F.);
#1928=ORIENTED_EDGE('',*,*,#1418,.T.);
#1929=ORIENTED_EDGE('',*,*,#1255,.F.);
#1930=ORIENTED_EDGE('',*,*,#1418,.F.);
#1931=ORIENTED_EDGE('',*,*,#1405,.T.);
#1932=ORIENTED_EDGE('',*,*,#1416,.F.);
#1933=ORIENTED_EDGE('',*,*,#1406,.T.);
#1934=ORIENTED_EDGE('',*,*,#1345,.F.);
#1935=ORIENTED_EDGE('',*,*,#1393,.T.);
#1936=ORIENTED_EDGE('',*,*,#1419,.T.);
#1937=ORIENTED_EDGE('',*,*,#1327,.F.);
#1938=ORIENTED_EDGE('',*,*,#1420,.T.);
#1939=ORIENTED_EDGE('',*,*,#1354,.F.);
#1940=ORIENTED_EDGE('',*,*,#1408,.T.);
#1941=ORIENTED_EDGE('',*,*,#1421,.T.);
#1942=ORIENTED_EDGE('',*,*,#1329,.F.);
#1943=ORIENTED_EDGE('',*,*,#1422,.F.);
#1944=ORIENTED_EDGE('',*,*,#1359,.F.);
#1945=ORIENTED_EDGE('',*,*,#1413,.T.);
#1946=ORIENTED_EDGE('',*,*,#1360,.F.);
#1947=ORIENTED_EDGE('',*,*,#1422,.T.);
#1948=ORIENTED_EDGE('',*,*,#1328,.F.);
#1949=ORIENTED_EDGE('',*,*,#1419,.F.);
#1950=ORIENTED_EDGE('',*,*,#1392,.T.);
#1951=ORIENTED_EDGE('',*,*,#1368,.T.);
#1952=ORIENTED_EDGE('',*,*,#1391,.T.);
#1953=ORIENTED_EDGE('',*,*,#1330,.F.);
#1954=ORIENTED_EDGE('',*,*,#1421,.F.);
#1955=ORIENTED_EDGE('',*,*,#1358,.F.);
#1956=ORIENTED_EDGE('',*,*,#1415,.T.);
#1957=ORIENTED_EDGE('',*,*,#1311,.T.);
#1958=ORIENTED_EDGE('',*,*,#1332,.F.);
#1959=ORIENTED_EDGE('',*,*,#1390,.F.);
#1960=ORIENTED_EDGE('',*,*,#1355,.F.);
#1961=ORIENTED_EDGE('',*,*,#1420,.F.);
#1962=ORIENTED_EDGE('',*,*,#1326,.F.);
#1963=ORIENTED_EDGE('',*,*,#1340,.T.);
#1964=ORIENTED_EDGE('',*,*,#1344,.T.);
#1965=ORIENTED_EDGE('',*,*,#1337,.T.);
#1966=ORIENTED_EDGE('',*,*,#1322,.F.);
#1967=ORIENTED_EDGE('',*,*,#1320,.T.);
#1968=ORIENTED_EDGE('',*,*,#1318,.T.);
#1969=ORIENTED_EDGE('',*,*,#1335,.T.);
#1970=ORIENTED_EDGE('',*,*,#1423,.T.);
#1971=ORIENTED_EDGE('',*,*,#1424,.F.);
#1972=ORIENTED_EDGE('',*,*,#1425,.F.);
#1973=ORIENTED_EDGE('',*,*,#1334,.T.);
#1974=ORIENTED_EDGE('',*,*,#1426,.T.);
#1975=ORIENTED_EDGE('',*,*,#1427,.F.);
#1976=ORIENTED_EDGE('',*,*,#1423,.F.);
#1977=ORIENTED_EDGE('',*,*,#1333,.T.);
#1978=ORIENTED_EDGE('',*,*,#1428,.T.);
#1979=ORIENTED_EDGE('',*,*,#1429,.F.);
#1980=ORIENTED_EDGE('',*,*,#1430,.F.);
#1981=ORIENTED_EDGE('',*,*,#1431,.F.);
#1982=ORIENTED_EDGE('',*,*,#1432,.F.);
#1983=ORIENTED_EDGE('',*,*,#1433,.F.);
#1984=ORIENTED_EDGE('',*,*,#1426,.F.);
#1985=ORIENTED_EDGE('',*,*,#1336,.T.);
#1986=ORIENTED_EDGE('',*,*,#1425,.T.);
#1987=ORIENTED_EDGE('',*,*,#1434,.F.);
#1988=ORIENTED_EDGE('',*,*,#1428,.F.);
#1989=ORIENTED_EDGE('',*,*,#1431,.T.);
#1990=ORIENTED_EDGE('',*,*,#1435,.T.);
#1991=ORIENTED_EDGE('',*,*,#1436,.T.);
#1992=ORIENTED_EDGE('',*,*,#1437,.T.);
#1993=ORIENTED_EDGE('',*,*,#1285,.T.);
#1994=ORIENTED_EDGE('',*,*,#1438,.T.);
#1995=ORIENTED_EDGE('',*,*,#1430,.T.);
#1996=ORIENTED_EDGE('',*,*,#1439,.F.);
#1997=ORIENTED_EDGE('',*,*,#1440,.F.);
#1998=ORIENTED_EDGE('',*,*,#1435,.F.);
#1999=ORIENTED_EDGE('',*,*,#1279,.T.);
#2000=ORIENTED_EDGE('',*,*,#1286,.F.);
#2001=ORIENTED_EDGE('',*,*,#1438,.F.);
#2002=ORIENTED_EDGE('',*,*,#1284,.F.);
#2003=ORIENTED_EDGE('',*,*,#1432,.T.);
#2004=ORIENTED_EDGE('',*,*,#1437,.F.);
#2005=ORIENTED_EDGE('',*,*,#1441,.F.);
#2006=ORIENTED_EDGE('',*,*,#1442,.F.);
#2007=ORIENTED_EDGE('',*,*,#1442,.T.);
#2008=ORIENTED_EDGE('',*,*,#1443,.T.);
#2009=ORIENTED_EDGE('',*,*,#1439,.T.);
#2010=ORIENTED_EDGE('',*,*,#1429,.T.);
#2011=ORIENTED_EDGE('',*,*,#1434,.T.);
#2012=ORIENTED_EDGE('',*,*,#1424,.T.);
#2013=ORIENTED_EDGE('',*,*,#1427,.T.);
#2014=ORIENTED_EDGE('',*,*,#1433,.T.);
#2015=ORIENTED_EDGE('',*,*,#1274,.F.);
#2016=ORIENTED_EDGE('',*,*,#1441,.T.);
#2017=ORIENTED_EDGE('',*,*,#1436,.F.);
#2018=ORIENTED_EDGE('',*,*,#1440,.T.);
#2019=ORIENTED_EDGE('',*,*,#1443,.F.);
#2020=ORIENTED_EDGE('',*,*,#1278,.T.);
#2021=ORIENTED_EDGE('',*,*,#1444,.T.);
#2022=ORIENTED_EDGE('',*,*,#1445,.F.);
#2023=ORIENTED_EDGE('',*,*,#1444,.F.);
#2024=ORIENTED_EDGE('',*,*,#1445,.T.);
#2025=ORIENTED_EDGE('',*,*,#1282,.T.);
#2026=ORIENTED_EDGE('',*,*,#1446,.T.);
#2027=ORIENTED_EDGE('',*,*,#1447,.T.);
#2028=ORIENTED_EDGE('',*,*,#1448,.T.);
#2029=ORIENTED_EDGE('',*,*,#1447,.F.);
#2030=ORIENTED_EDGE('',*,*,#1446,.F.);
#2031=ORIENTED_EDGE('',*,*,#1448,.F.);
#2032=ORIENTED_EDGE('',*,*,#1449,.T.);
#2033=ORIENTED_EDGE('',*,*,#1450,.T.);
#2034=ORIENTED_EDGE('',*,*,#1451,.T.);
#2035=ORIENTED_EDGE('',*,*,#1450,.F.);
#2036=ORIENTED_EDGE('',*,*,#1449,.F.);
#2037=ORIENTED_EDGE('',*,*,#1451,.F.);
#2038=ORIENTED_EDGE('',*,*,#1452,.T.);
#2039=ORIENTED_EDGE('',*,*,#1453,.T.);
#2040=ORIENTED_EDGE('',*,*,#1454,.T.);
#2041=ORIENTED_EDGE('',*,*,#1453,.F.);
#2042=ORIENTED_EDGE('',*,*,#1452,.F.);
#2043=ORIENTED_EDGE('',*,*,#1454,.F.);
#2044=ORIENTED_EDGE('',*,*,#1455,.T.);
#2045=ORIENTED_EDGE('',*,*,#1456,.T.);
#2046=ORIENTED_EDGE('',*,*,#1457,.T.);
#2047=ORIENTED_EDGE('',*,*,#1456,.F.);
#2048=ORIENTED_EDGE('',*,*,#1455,.F.);
#2049=ORIENTED_EDGE('',*,*,#1457,.F.);
#2050=ORIENTED_EDGE('',*,*,#1458,.T.);
#2051=ORIENTED_EDGE('',*,*,#1459,.T.);
#2052=ORIENTED_EDGE('',*,*,#1460,.T.);
#2053=ORIENTED_EDGE('',*,*,#1459,.F.);
#2054=ORIENTED_EDGE('',*,*,#1458,.F.);
#2055=ORIENTED_EDGE('',*,*,#1460,.F.);
#2056=ORIENTED_EDGE('',*,*,#1461,.T.);
#2057=ORIENTED_EDGE('',*,*,#1462,.T.);
#2058=ORIENTED_EDGE('',*,*,#1463,.T.);
#2059=ORIENTED_EDGE('',*,*,#1462,.F.);
#2060=ORIENTED_EDGE('',*,*,#1461,.F.);
#2061=ORIENTED_EDGE('',*,*,#1463,.F.);
#2062=ORIENTED_EDGE('',*,*,#1464,.T.);
#2063=ORIENTED_EDGE('',*,*,#1465,.F.);
#2064=ORIENTED_EDGE('',*,*,#1466,.T.);
#2065=ORIENTED_EDGE('',*,*,#1467,.F.);
#2066=ORIENTED_EDGE('',*,*,#1468,.T.);
#2067=ORIENTED_EDGE('',*,*,#1469,.F.);
#2068=ORIENTED_EDGE('',*,*,#1464,.F.);
#2069=ORIENTED_EDGE('',*,*,#1470,.F.);
#2070=ORIENTED_EDGE('',*,*,#1471,.T.);
#2071=ORIENTED_EDGE('',*,*,#1470,.T.);
#2072=ORIENTED_EDGE('',*,*,#1467,.T.);
#2073=ORIENTED_EDGE('',*,*,#1472,.T.);
#2074=ORIENTED_EDGE('',*,*,#1473,.T.);
#2075=ORIENTED_EDGE('',*,*,#1474,.T.);
#2076=ORIENTED_EDGE('',*,*,#1465,.T.);
#2077=ORIENTED_EDGE('',*,*,#1469,.T.);
#2078=ORIENTED_EDGE('',*,*,#1475,.T.);
#2079=ORIENTED_EDGE('',*,*,#1472,.F.);
#2080=ORIENTED_EDGE('',*,*,#1466,.F.);
#2081=ORIENTED_EDGE('',*,*,#1474,.F.);
#2082=ORIENTED_EDGE('',*,*,#1468,.F.);
#2083=ORIENTED_EDGE('',*,*,#1471,.F.);
#2084=ORIENTED_EDGE('',*,*,#1475,.F.);
#2085=ORIENTED_EDGE('',*,*,#1473,.F.);
#2086=ORIENTED_EDGE('',*,*,#1476,.F.);
#2087=ORIENTED_EDGE('',*,*,#1477,.F.);
#2088=ORIENTED_EDGE('',*,*,#1478,.F.);
#2089=ORIENTED_EDGE('',*,*,#1479,.F.);
#2090=ORIENTED_EDGE('',*,*,#1478,.T.);
#2091=ORIENTED_EDGE('',*,*,#1480,.F.);
#2092=ORIENTED_EDGE('',*,*,#1481,.T.);
#2093=ORIENTED_EDGE('',*,*,#1482,.F.);
#2094=ORIENTED_EDGE('',*,*,#1477,.T.);
#2095=ORIENTED_EDGE('',*,*,#1483,.T.);
#2096=ORIENTED_EDGE('',*,*,#1484,.T.);
#2097=ORIENTED_EDGE('',*,*,#1480,.T.);
#2098=ORIENTED_EDGE('',*,*,#1476,.T.);
#2099=ORIENTED_EDGE('',*,*,#1485,.F.);
#2100=ORIENTED_EDGE('',*,*,#1486,.F.);
#2101=ORIENTED_EDGE('',*,*,#1483,.F.);
#2102=ORIENTED_EDGE('',*,*,#1486,.T.);
#2103=ORIENTED_EDGE('',*,*,#1487,.F.);
#2104=ORIENTED_EDGE('',*,*,#1481,.F.);
#2105=ORIENTED_EDGE('',*,*,#1484,.F.);
#2106=ORIENTED_EDGE('',*,*,#1479,.T.);
#2107=ORIENTED_EDGE('',*,*,#1482,.T.);
#2108=ORIENTED_EDGE('',*,*,#1487,.T.);
#2109=ORIENTED_EDGE('',*,*,#1485,.T.);
#2110=PLANE('',#2374);
#2111=PLANE('',#2377);
#2112=PLANE('',#2379);
#2113=PLANE('',#2381);
#2114=PLANE('',#2383);
#2115=PLANE('',#2387);
#2116=PLANE('',#2390);
#2117=PLANE('',#2392);
#2118=PLANE('',#2394);
#2119=PLANE('',#2396);
#2120=PLANE('',#2400);
#2121=PLANE('',#2407);
#2122=PLANE('',#2412);
#2123=PLANE('',#2419);
#2124=PLANE('',#2424);
#2125=PLANE('',#2431);
#2126=PLANE('',#2436);
#2127=PLANE('',#2443);
#2128=PLANE('',#2456);
#2129=PLANE('',#2463);
#2130=PLANE('',#2464);
#2131=PLANE('',#2471);
#2132=PLANE('',#2476);
#2133=PLANE('',#2477);
#2134=PLANE('',#2480);
#2135=PLANE('',#2488);
#2136=PLANE('',#2490);
#2137=PLANE('',#2499);
#2138=PLANE('',#2501);
#2139=PLANE('',#2507);
#2140=PLANE('',#2509);
#2141=PLANE('',#2515);
#2142=PLANE('',#2517);
#2143=PLANE('',#2523);
#2144=PLANE('',#2525);
#2145=PLANE('',#2528);
#2146=PLANE('',#2530);
#2147=PLANE('',#2531);
#2148=PLANE('',#2532);
#2149=PLANE('',#2534);
#2150=PLANE('',#2537);
#2151=PLANE('',#2539);
#2152=PLANE('',#2541);
#2153=PLANE('',#2542);
#2154=PLANE('',#2543);
#2155=PLANE('',#2548);
#2156=PLANE('',#2552);
#2157=PLANE('',#2553);
#2158=PLANE('',#2554);
#2159=PLANE('',#2557);
#2160=PLANE('',#2563);
#2161=PLANE('',#2577);
#2162=PLANE('',#2578);
#2163=PLANE('',#2580);
#2164=PLANE('',#2590);
#2165=PLANE('',#2591);
#2166=PLANE('',#2592);
#2167=PLANE('',#2593);
#2168=PLANE('',#2598);
#2169=PLANE('',#2600);
#2170=PLANE('',#2604);
#2171=PLANE('',#2605);
#2172=PLANE('',#2606);
#2173=PLANE('',#2607);
#2174=PLANE('',#2608);
#2175=PLANE('',#2610);
#2176=PLANE('',#2611);
#2177=PLANE('',#2612);
#2178=PLANE('',#2613);
#2179=PLANE('',#2618);
#2180=PLANE('',#2622);
#2181=PLANE('',#2623);
#2182=PLANE('',#2627);
#2183=PLANE('',#2628);
#2184=PLANE('',#2632);
#2185=PLANE('',#2633);
#2186=PLANE('',#2637);
#2187=PLANE('',#2638);
#2188=PLANE('',#2642);
#2189=PLANE('',#2643);
#2190=PLANE('',#2647);
#2191=PLANE('',#2648);
#2192=PLANE('',#2649);
#2193=PLANE('',#2653);
#2194=PLANE('',#2655);
#2195=PLANE('',#2658);
#2196=PLANE('',#2659);
#2197=PLANE('',#2664);
#2198=PLANE('',#2667);
#2199=PLANE('',#2668);
#2200=ADVANCED_FACE('',(#469,#415),#2110,.T.);
#2201=ADVANCED_FACE('',(#470),#2111,.T.);
#2202=ADVANCED_FACE('',(#471),#2112,.T.);
#2203=ADVANCED_FACE('',(#472),#2113,.T.);
#2204=ADVANCED_FACE('',(#473),#2114,.T.);
#2205=ADVANCED_FACE('',(#474),#354,.T.);
#2206=ADVANCED_FACE('',(#475,#416),#2115,.T.);
#2207=ADVANCED_FACE('',(#476),#2116,.T.);
#2208=ADVANCED_FACE('',(#477),#2117,.T.);
#2209=ADVANCED_FACE('',(#478),#2118,.T.);
#2210=ADVANCED_FACE('',(#479),#2119,.T.);
#2211=ADVANCED_FACE('',(#480),#355,.T.);
#2212=ADVANCED_FACE('',(#481),#2120,.F.);
#2213=ADVANCED_FACE('',(#482),#356,.F.);
#2214=ADVANCED_FACE('',(#483,#417),#2121,.F.);
#2215=ADVANCED_FACE('',(#484),#357,.T.);
#2216=ADVANCED_FACE('',(#485),#2122,.F.);
#2217=ADVANCED_FACE('',(#486),#358,.F.);
#2218=ADVANCED_FACE('',(#487,#418),#2123,.F.);
#2219=ADVANCED_FACE('',(#488),#359,.T.);
#2220=ADVANCED_FACE('',(#489),#2124,.F.);
#2221=ADVANCED_FACE('',(#490),#360,.F.);
#2222=ADVANCED_FACE('',(#491,#419),#2125,.F.);
#2223=ADVANCED_FACE('',(#492),#361,.T.);
#2224=ADVANCED_FACE('',(#493),#2126,.F.);
#2225=ADVANCED_FACE('',(#494),#362,.F.);
#2226=ADVANCED_FACE('',(#495,#420),#2127,.F.);
#2227=ADVANCED_FACE('',(#496),#363,.T.);
#2228=ADVANCED_FACE('',(#497),#364,.T.);
#2229=ADVANCED_FACE('',(#498),#365,.T.);
#2230=ADVANCED_FACE('',(#499),#366,.T.);
#2231=ADVANCED_FACE('',(#500),#367,.T.);
#2232=ADVANCED_FACE('',(#501,#421),#2128,.T.);
#2233=ADVANCED_FACE('',(#502),#368,.F.);
#2234=ADVANCED_FACE('',(#503),#369,.T.);
#2235=ADVANCED_FACE('',(#504,#422),#2129,.T.);
#2236=ADVANCED_FACE('',(#505,#423),#2130,.T.);
#2237=ADVANCED_FACE('',(#506),#370,.F.);
#2238=ADVANCED_FACE('',(#507),#371,.T.);
#2239=ADVANCED_FACE('',(#508,#424),#2131,.T.);
#2240=ADVANCED_FACE('',(#509),#372,.F.);
#2241=ADVANCED_FACE('',(#510),#373,.F.);
#2242=ADVANCED_FACE('',(#511,#425),#2132,.F.);
#2243=ADVANCED_FACE('',(#512,#426),#2133,.T.);
#2244=ADVANCED_FACE('',(#513,#427),#2134,.T.);
#2245=ADVANCED_FACE('',(#514,#428),#374,.T.);
#2246=ADVANCED_FACE('',(#515),#375,.T.);
#2247=ADVANCED_FACE('',(#516),#376,.T.);
#2248=ADVANCED_FACE('',(#517,#429),#2135,.F.);
#2249=ADVANCED_FACE('',(#518),#2136,.F.);
#2250=ADVANCED_FACE('',(#519,#430),#377,.F.);
#2251=ADVANCED_FACE('',(#520),#378,.F.);
#2252=ADVANCED_FACE('',(#521,#431),#2137,.F.);
#2253=ADVANCED_FACE('',(#522),#2138,.F.);
#2254=ADVANCED_FACE('',(#523),#379,.F.);
#2255=ADVANCED_FACE('',(#524),#380,.F.);
#2256=ADVANCED_FACE('',(#525,#432),#2139,.F.);
#2257=ADVANCED_FACE('',(#526),#2140,.F.);
#2258=ADVANCED_FACE('',(#527),#381,.F.);
#2259=ADVANCED_FACE('',(#528),#382,.F.);
#2260=ADVANCED_FACE('',(#529,#433),#2141,.F.);
#2261=ADVANCED_FACE('',(#530),#2142,.F.);
#2262=ADVANCED_FACE('',(#531),#383,.F.);
#2263=ADVANCED_FACE('',(#532),#384,.F.);
#2264=ADVANCED_FACE('',(#533,#434),#2143,.F.);
#2265=ADVANCED_FACE('',(#534),#2144,.F.);
#2266=ADVANCED_FACE('',(#535),#385,.F.);
#2267=ADVANCED_FACE('',(#536),#2145,.T.);
#2268=ADVANCED_FACE('',(#537),#2146,.T.);
#2269=ADVANCED_FACE('',(#538),#2147,.F.);
#2270=ADVANCED_FACE('',(#539),#2148,.T.);
#2271=ADVANCED_FACE('',(#540,#435),#2149,.F.);
#2272=ADVANCED_FACE('',(#541),#2150,.T.);
#2273=ADVANCED_FACE('',(#542),#2151,.T.);
#2274=ADVANCED_FACE('',(#543),#2152,.T.);
#2275=ADVANCED_FACE('',(#544),#2153,.F.);
#2276=ADVANCED_FACE('',(#545,#436,#437,#438,#439,#440),#2154,.T.);
#2277=ADVANCED_FACE('',(#546),#386,.F.);
#2278=ADVANCED_FACE('',(#547),#2155,.F.);
#2279=ADVANCED_FACE('',(#548),#387,.F.);
#2280=ADVANCED_FACE('',(#549),#2156,.F.);
#2281=ADVANCED_FACE('',(#550),#2157,.T.);
#2282=ADVANCED_FACE('',(#551),#2158,.T.);
#2283=ADVANCED_FACE('',(#552,#441,#442,#443,#444,#445,#446,#447,#448,#449),
#2159,.T.);
#2284=ADVANCED_FACE('',(#553),#2160,.F.);
#2285=ADVANCED_FACE('',(#554),#388,.F.);
#2286=ADVANCED_FACE('',(#555),#389,.F.);
#2287=ADVANCED_FACE('',(#556),#390,.F.);
#2288=ADVANCED_FACE('',(#557),#391,.F.);
#2289=ADVANCED_FACE('',(#558),#392,.F.);
#2290=ADVANCED_FACE('',(#559),#393,.T.);
#2291=ADVANCED_FACE('',(#560,#450,#451,#452,#453,#454),#2161,.T.);
#2292=ADVANCED_FACE('',(#561),#2162,.F.);
#2293=ADVANCED_FACE('',(#562),#2163,.F.);
#2294=ADVANCED_FACE('',(#563),#394,.F.);
#2295=ADVANCED_FACE('',(#564),#395,.F.);
#2296=ADVANCED_FACE('',(#565),#396,.F.);
#2297=ADVANCED_FACE('',(#566),#397,.F.);
#2298=ADVANCED_FACE('',(#567),#2164,.F.);
#2299=ADVANCED_FACE('',(#568,#455,#456),#2165,.T.);
#2300=ADVANCED_FACE('',(#569),#2166,.F.);
#2301=ADVANCED_FACE('',(#570,#457,#458,#459,#460,#461,#462,#463,#464,#465),
#2167,.T.);
#2302=ADVANCED_FACE('',(#571),#398,.F.);
#2303=ADVANCED_FACE('',(#572),#399,.T.);
#2304=ADVANCED_FACE('',(#573),#2168,.F.);
#2305=ADVANCED_FACE('',(#574),#2169,.F.);
#2306=ADVANCED_FACE('',(#575),#400,.T.);
#2307=ADVANCED_FACE('',(#576),#401,.T.);
#2308=ADVANCED_FACE('',(#577),#402,.F.);
#2309=ADVANCED_FACE('',(#578),#2170,.F.);
#2310=ADVANCED_FACE('',(#579),#2171,.F.);
#2311=ADVANCED_FACE('',(#580),#2172,.F.);
#2312=ADVANCED_FACE('',(#581),#2173,.F.);
#2313=ADVANCED_FACE('',(#582,#466),#2174,.T.);
#2314=ADVANCED_FACE('',(#583),#2175,.F.);
#2315=ADVANCED_FACE('',(#584),#2176,.F.);
#2316=ADVANCED_FACE('',(#585),#2177,.F.);
#2317=ADVANCED_FACE('',(#586,#467),#2178,.T.);
#2318=ADVANCED_FACE('',(#587),#403,.T.);
#2319=ADVANCED_FACE('',(#588),#404,.T.);
#2320=ADVANCED_FACE('',(#589,#468),#2179,.T.);
#2321=ADVANCED_FACE('',(#590),#405,.F.);
#2322=ADVANCED_FACE('',(#591),#2180,.F.);
#2323=ADVANCED_FACE('',(#592),#2181,.F.);
#2324=ADVANCED_FACE('',(#593),#406,.F.);
#2325=ADVANCED_FACE('',(#594),#2182,.F.);
#2326=ADVANCED_FACE('',(#595),#2183,.F.);
#2327=ADVANCED_FACE('',(#596),#407,.F.);
#2328=ADVANCED_FACE('',(#597),#2184,.F.);
#2329=ADVANCED_FACE('',(#598),#2185,.F.);
#2330=ADVANCED_FACE('',(#599),#408,.F.);
#2331=ADVANCED_FACE('',(#600),#2186,.F.);
#2332=ADVANCED_FACE('',(#601),#2187,.F.);
#2333=ADVANCED_FACE('',(#602),#409,.F.);
#2334=ADVANCED_FACE('',(#603),#2188,.F.);
#2335=ADVANCED_FACE('',(#604),#2189,.F.);
#2336=ADVANCED_FACE('',(#605),#410,.F.);
#2337=ADVANCED_FACE('',(#606),#2190,.F.);
#2338=ADVANCED_FACE('',(#607),#2191,.F.);
#2339=ADVANCED_FACE('',(#608),#2192,.F.);
#2340=ADVANCED_FACE('',(#609),#411,.F.);
#2341=ADVANCED_FACE('',(#610),#2193,.F.);
#2342=ADVANCED_FACE('',(#611),#2194,.T.);
#2343=ADVANCED_FACE('',(#612),#412,.T.);
#2344=ADVANCED_FACE('',(#613),#2195,.T.);
#2345=ADVANCED_FACE('',(#614),#2196,.T.);
#2346=ADVANCED_FACE('',(#615),#413,.T.);
#2347=ADVANCED_FACE('',(#616),#2197,.T.);
#2348=ADVANCED_FACE('',(#617),#414,.F.);
#2349=ADVANCED_FACE('',(#618),#2198,.F.);
#2350=ADVANCED_FACE('',(#619),#2199,.F.);
#2351=CLOSED_SHELL('',(#2200,#2201,#2202,#2203,#2204,#2205,#2206,#2207,
#2208,#2209,#2210,#2211,#2212,#2213,#2214,#2215,#2216,#2217,#2218,#2219,
#2220,#2221,#2222,#2223,#2224,#2225,#2226,#2227,#2228,#2229,#2230,#2231,
#2232,#2233,#2234,#2235,#2236,#2237,#2238,#2239,#2240,#2241,#2242,#2243,
#2244,#2245,#2246,#2247,#2248,#2249,#2250,#2251,#2252,#2253,#2254,#2255,
#2256,#2257,#2258,#2259,#2260,#2261,#2262,#2263,#2264,#2265,#2266,#2267,
#2268,#2269,#2270,#2271,#2272,#2273,#2274,#2275,#2276,#2277,#2278,#2279,
#2280,#2281,#2282,#2283,#2284,#2285,#2286,#2287,#2288,#2289,#2290,#2291,
#2292,#2293,#2294,#2295,#2296,#2297,#2298,#2299,#2300,#2301,#2302,#2303,
#2304,#2305,#2306,#2307,#2308,#2309,#2310,#2311,#2312,#2313,#2314,#2315,
#2316,#2317,#2318,#2319,#2320));
#2352=CLOSED_SHELL('',(#2321,#2322,#2323));
#2353=CLOSED_SHELL('',(#2324,#2325,#2326));
#2354=CLOSED_SHELL('',(#2327,#2328,#2329));
#2355=CLOSED_SHELL('',(#2330,#2331,#2332));
#2356=CLOSED_SHELL('',(#2333,#2334,#2335));
#2357=CLOSED_SHELL('',(#2336,#2337,#2338));
#2358=CLOSED_SHELL('',(#2339,#2340,#2341,#2342,#2343,#2344));
#2359=CLOSED_SHELL('',(#2345,#2346,#2347,#2348,#2349,#2350));
#2360=BREP_WITH_VOIDS('PRINT_V011_P101_Turret_J2CheekRelief',#2351,(#18,
#19,#20,#21,#22,#23));
#2361=DERIVED_UNIT_ELEMENT(#2363,1.);
#2362=DERIVED_UNIT_ELEMENT(#4168,-3.);
#2363=(
MASS_UNIT()
NAMED_UNIT(*)
SI_UNIT(.KILO.,.GRAM.)
);
#2364=DERIVED_UNIT((#2361,#2362));
#2365=MEASURE_REPRESENTATION_ITEM('density measure',
POSITIVE_RATIO_MEASURE(7850.),#2364);
#2366=PROPERTY_DEFINITION_REPRESENTATION(#2371,#2368);
#2367=PROPERTY_DEFINITION_REPRESENTATION(#2372,#2369);
#2368=REPRESENTATION('material name',(#2370),#4165);
#2369=REPRESENTATION('density',(#2365),#4165);
#2370=DESCRIPTIVE_REPRESENTATION_ITEM('Steel','Steel');
#2371=PROPERTY_DEFINITION('material property','material name',#4175);
#2372=PROPERTY_DEFINITION('material property','density of part',#4175);
#2373=AXIS2_PLACEMENT_3D('',#3424,#2669,#2670);
#2374=AXIS2_PLACEMENT_3D('',#3425,#2671,#2672);
#2375=AXIS2_PLACEMENT_3D('',#3427,#2673,#2674);
#2376=AXIS2_PLACEMENT_3D('',#3429,#2675,#2676);
#2377=AXIS2_PLACEMENT_3D('',#3430,#2677,#2678);
#2378=AXIS2_PLACEMENT_3D('',#3432,#2679,#2680);
#2379=AXIS2_PLACEMENT_3D('',#3433,#2681,#2682);
#2380=AXIS2_PLACEMENT_3D('',#3435,#2683,#2684);
#2381=AXIS2_PLACEMENT_3D('',#3436,#2685,#2686);
#2382=AXIS2_PLACEMENT_3D('',#3438,#2687,#2688);
#2383=AXIS2_PLACEMENT_3D('',#3439,#2689,#2690);
#2384=AXIS2_PLACEMENT_3D('',#3441,#2691,#2692);
#2385=AXIS2_PLACEMENT_3D('',#3442,#2693,#2694);
#2386=AXIS2_PLACEMENT_3D('',#3445,#2696,#2697);
#2387=AXIS2_PLACEMENT_3D('',#3446,#2698,#2699);
#2388=AXIS2_PLACEMENT_3D('',#3448,#2700,#2701);
#2389=AXIS2_PLACEMENT_3D('',#3450,#2702,#2703);
#2390=AXIS2_PLACEMENT_3D('',#3451,#2704,#2705);
#2391=AXIS2_PLACEMENT_3D('',#3453,#2706,#2707);
#2392=AXIS2_PLACEMENT_3D('',#3454,#2708,#2709);
#2393=AXIS2_PLACEMENT_3D('',#3456,#2710,#2711);
#2394=AXIS2_PLACEMENT_3D('',#3457,#2712,#2713);
#2395=AXIS2_PLACEMENT_3D('',#3459,#2714,#2715);
#2396=AXIS2_PLACEMENT_3D('',#3460,#2716,#2717);
#2397=AXIS2_PLACEMENT_3D('',#3462,#2718,#2719);
#2398=AXIS2_PLACEMENT_3D('',#3463,#2720,#2721);
#2399=AXIS2_PLACEMENT_3D('',#3465,#2722,#2723);
#2400=AXIS2_PLACEMENT_3D('',#3467,#2725,#2726);
#2401=AXIS2_PLACEMENT_3D('',#3470,#2727,#2728);
#2402=AXIS2_PLACEMENT_3D('',#3471,#2729,#2730);
#2403=AXIS2_PLACEMENT_3D('',#3472,#2731,#2732);
#2404=AXIS2_PLACEMENT_3D('',#3474,#2733,#2734);
#2405=AXIS2_PLACEMENT_3D('',#3478,#2736,#2737);
#2406=AXIS2_PLACEMENT_3D('',#3482,#2740,#2741);
#2407=AXIS2_PLACEMENT_3D('',#3483,#2742,#2743);
#2408=AXIS2_PLACEMENT_3D('',#3485,#2744,#2745);
#2409=AXIS2_PLACEMENT_3D('',#3486,#2746,#2747);
#2410=AXIS2_PLACEMENT_3D('',#3489,#2749,#2750);
#2411=AXIS2_PLACEMENT_3D('',#3490,#2751,#2752);
#2412=AXIS2_PLACEMENT_3D('',#3491,#2753,#2754);
#2413=AXIS2_PLACEMENT_3D('',#3494,#2755,#2756);
#2414=AXIS2_PLACEMENT_3D('',#3495,#2757,#2758);
#2415=AXIS2_PLACEMENT_3D('',#3496,#2759,#2760);
#2416=AXIS2_PLACEMENT_3D('',#3498,#2761,#2762);
#2417=AXIS2_PLACEMENT_3D('',#3502,#2764,#2765);
#2418=AXIS2_PLACEMENT_3D('',#3506,#2768,#2769);
#2419=AXIS2_PLACEMENT_3D('',#3507,#2770,#2771);
#2420=AXIS2_PLACEMENT_3D('',#3509,#2772,#2773);
#2421=AXIS2_PLACEMENT_3D('',#3510,#2774,#2775);
#2422=AXIS2_PLACEMENT_3D('',#3513,#2777,#2778);
#2423=AXIS2_PLACEMENT_3D('',#3514,#2779,#2780);
#2424=AXIS2_PLACEMENT_3D('',#3515,#2781,#2782);
#2425=AXIS2_PLACEMENT_3D('',#3518,#2783,#2784);
#2426=AXIS2_PLACEMENT_3D('',#3519,#2785,#2786);
#2427=AXIS2_PLACEMENT_3D('',#3520,#2787,#2788);
#2428=AXIS2_PLACEMENT_3D('',#3522,#2789,#2790);
#2429=AXIS2_PLACEMENT_3D('',#3526,#2792,#2793);
#2430=AXIS2_PLACEMENT_3D('',#3530,#2796,#2797);
#2431=AXIS2_PLACEMENT_3D('',#3531,#2798,#2799);
#2432=AXIS2_PLACEMENT_3D('',#3533,#2800,#2801);
#2433=AXIS2_PLACEMENT_3D('',#3534,#2802,#2803);
#2434=AXIS2_PLACEMENT_3D('',#3537,#2805,#2806);
#2435=AXIS2_PLACEMENT_3D('',#3538,#2807,#2808);
#2436=AXIS2_PLACEMENT_3D('',#3539,#2809,#2810);
#2437=AXIS2_PLACEMENT_3D('',#3542,#2811,#2812);
#2438=AXIS2_PLACEMENT_3D('',#3543,#2813,#2814);
#2439=AXIS2_PLACEMENT_3D('',#3544,#2815,#2816);
#2440=AXIS2_PLACEMENT_3D('',#3546,#2817,#2818);
#2441=AXIS2_PLACEMENT_3D('',#3550,#2820,#2821);
#2442=AXIS2_PLACEMENT_3D('',#3554,#2824,#2825);
#2443=AXIS2_PLACEMENT_3D('',#3555,#2826,#2827);
#2444=AXIS2_PLACEMENT_3D('',#3557,#2828,#2829);
#2445=AXIS2_PLACEMENT_3D('',#3558,#2830,#2831);
#2446=AXIS2_PLACEMENT_3D('',#3561,#2833,#2834);
#2447=AXIS2_PLACEMENT_3D('',#3562,#2835,#2836);
#2448=AXIS2_PLACEMENT_3D('',#3563,#2837,#2838);
#2449=AXIS2_PLACEMENT_3D('',#3565,#2839,#2840);
#2450=AXIS2_PLACEMENT_3D('',#3567,#2842,#2843);
#2451=AXIS2_PLACEMENT_3D('',#3569,#2844,#2845);
#2452=AXIS2_PLACEMENT_3D('',#3571,#2847,#2848);
#2453=AXIS2_PLACEMENT_3D('',#3573,#2849,#2850);
#2454=AXIS2_PLACEMENT_3D('',#3575,#2852,#2853);
#2455=AXIS2_PLACEMENT_3D('',#3577,#2854,#2855);
#2456=AXIS2_PLACEMENT_3D('',#3579,#2857,#2858);
#2457=AXIS2_PLACEMENT_3D('',#3581,#2859,#2860);
#2458=AXIS2_PLACEMENT_3D('',#3583,#2861,#2862);
#2459=AXIS2_PLACEMENT_3D('',#3584,#2863,#2864);
#2460=AXIS2_PLACEMENT_3D('',#3586,#2865,#2866);
#2461=AXIS2_PLACEMENT_3D('',#3588,#2868,#2869);
#2462=AXIS2_PLACEMENT_3D('',#3590,#2870,#2871);
#2463=AXIS2_PLACEMENT_3D('',#3592,#2873,#2874);
#2464=AXIS2_PLACEMENT_3D('',#3593,#2875,#2876);
#2465=AXIS2_PLACEMENT_3D('',#3595,#2877,#2878);
#2466=AXIS2_PLACEMENT_3D('',#3597,#2879,#2880);
#2467=AXIS2_PLACEMENT_3D('',#3598,#2881,#2882);
#2468=AXIS2_PLACEMENT_3D('',#3601,#2884,#2885);
#2469=AXIS2_PLACEMENT_3D('',#3602,#2886,#2887);
#2470=AXIS2_PLACEMENT_3D('',#3605,#2889,#2890);
#2471=AXIS2_PLACEMENT_3D('',#3606,#2891,#2892);
#2472=AXIS2_PLACEMENT_3D('',#3607,#2893,#2894);
#2473=AXIS2_PLACEMENT_3D('',#3648,#2896,#2897);
#2474=AXIS2_PLACEMENT_3D('',#3649,#2898,#2899);
#2475=AXIS2_PLACEMENT_3D('',#3651,#2900,#2901);
#2476=AXIS2_PLACEMENT_3D('',#3691,#2903,#2904);
#2477=AXIS2_PLACEMENT_3D('',#3692,#2905,#2906);
#2478=AXIS2_PLACEMENT_3D('',#3694,#2907,#2908);
#2479=AXIS2_PLACEMENT_3D('',#3696,#2909,#2910);
#2480=AXIS2_PLACEMENT_3D('',#3697,#2911,#2912);
#2481=AXIS2_PLACEMENT_3D('',#3699,#2913,#2914);
#2482=AXIS2_PLACEMENT_3D('',#3701,#2915,#2916);
#2483=AXIS2_PLACEMENT_3D('',#3702,#2917,#2918);
#2484=AXIS2_PLACEMENT_3D('',#3704,#2920,#2921);
#2485=AXIS2_PLACEMENT_3D('',#3706,#2922,#2923);
#2486=AXIS2_PLACEMENT_3D('',#3708,#2925,#2926);
#2487=AXIS2_PLACEMENT_3D('',#3711,#2928,#2929);
#2488=AXIS2_PLACEMENT_3D('',#3712,#2930,#2931);
#2489=AXIS2_PLACEMENT_3D('',#3714,#2932,#2933);
#2490=AXIS2_PLACEMENT_3D('',#3715,#2934,#2935);
#2491=AXIS2_PLACEMENT_3D('',#3720,#2937,#2938);
#2492=AXIS2_PLACEMENT_3D('',#3721,#2939,#2940);
#2493=AXIS2_PLACEMENT_3D('',#3722,#2941,#2942);
#2494=AXIS2_PLACEMENT_3D('',#3724,#2943,#2944);
#2495=AXIS2_PLACEMENT_3D('',#3729,#2947,#2948);
#2496=AXIS2_PLACEMENT_3D('',#3731,#2950,#2951);
#2497=AXIS2_PLACEMENT_3D('',#3733,#2952,#2953);
#2498=AXIS2_PLACEMENT_3D('',#3736,#2955,#2956);
#2499=AXIS2_PLACEMENT_3D('',#3737,#2957,#2958);
#2500=AXIS2_PLACEMENT_3D('',#3739,#2959,#2960);
#2501=AXIS2_PLACEMENT_3D('',#3740,#2961,#2962);
#2502=AXIS2_PLACEMENT_3D('',#3741,#2963,#2964);
#2503=AXIS2_PLACEMENT_3D('',#3743,#2965,#2966);
#2504=AXIS2_PLACEMENT_3D('',#3745,#2968,#2969);
#2505=AXIS2_PLACEMENT_3D('',#3747,#2970,#2971);
#2506=AXIS2_PLACEMENT_3D('',#3750,#2973,#2974);
#2507=AXIS2_PLACEMENT_3D('',#3751,#2975,#2976);
#2508=AXIS2_PLACEMENT_3D('',#3753,#2977,#2978);
#2509=AXIS2_PLACEMENT_3D('',#3754,#2979,#2980);
#2510=AXIS2_PLACEMENT_3D('',#3755,#2981,#2982);
#2511=AXIS2_PLACEMENT_3D('',#3757,#2983,#2984);
#2512=AXIS2_PLACEMENT_3D('',#3759,#2986,#2987);
#2513=AXIS2_PLACEMENT_3D('',#3761,#2988,#2989);
#2514=AXIS2_PLACEMENT_3D('',#3764,#2991,#2992);
#2515=AXIS2_PLACEMENT_3D('',#3765,#2993,#2994);
#2516=AXIS2_PLACEMENT_3D('',#3767,#2995,#2996);
#2517=AXIS2_PLACEMENT_3D('',#3768,#2997,#2998);
#2518=AXIS2_PLACEMENT_3D('',#3769,#2999,#3000);
#2519=AXIS2_PLACEMENT_3D('',#3771,#3001,#3002);
#2520=AXIS2_PLACEMENT_3D('',#3773,#3004,#3005);
#2521=AXIS2_PLACEMENT_3D('',#3775,#3006,#3007);
#2522=AXIS2_PLACEMENT_3D('',#3778,#3009,#3010);
#2523=AXIS2_PLACEMENT_3D('',#3779,#3011,#3012);
#2524=AXIS2_PLACEMENT_3D('',#3781,#3013,#3014);
#2525=AXIS2_PLACEMENT_3D('',#3782,#3015,#3016);
#2526=AXIS2_PLACEMENT_3D('',#3783,#3017,#3018);
#2527=AXIS2_PLACEMENT_3D('',#3785,#3019,#3020);
#2528=AXIS2_PLACEMENT_3D('',#3787,#3022,#3023);
#2529=AXIS2_PLACEMENT_3D('',#3790,#3024,#3025);
#2530=AXIS2_PLACEMENT_3D('',#3796,#3029,#3030);
#2531=AXIS2_PLACEMENT_3D('',#3802,#3034,#3035);
#2532=AXIS2_PLACEMENT_3D('',#3806,#3038,#3039);
#2533=AXIS2_PLACEMENT_3D('',#3808,#3040,#3041);
#2534=AXIS2_PLACEMENT_3D('',#3810,#3043,#3044);
#2535=AXIS2_PLACEMENT_3D('',#3824,#3051,#3052);
#2536=AXIS2_PLACEMENT_3D('',#3828,#3054,#3055);
#2537=AXIS2_PLACEMENT_3D('',#3840,#3062,#3063);
#2538=AXIS2_PLACEMENT_3D('',#3842,#3064,#3065);
#2539=AXIS2_PLACEMENT_3D('',#3846,#3068,#3069);
#2540=AXIS2_PLACEMENT_3D('',#3848,#3070,#3071);
#2541=AXIS2_PLACEMENT_3D('',#3852,#3074,#3075);
#2542=AXIS2_PLACEMENT_3D('',#3854,#3077,#3078);
#2543=AXIS2_PLACEMENT_3D('',#3856,#3080,#3081);
#2544=AXIS2_PLACEMENT_3D('',#3859,#3082,#3083);
#2545=AXIS2_PLACEMENT_3D('',#3861,#3085,#3086);
#2546=AXIS2_PLACEMENT_3D('',#3863,#3087,#3088);
#2547=AXIS2_PLACEMENT_3D('',#3866,#3090,#3091);
#2548=AXIS2_PLACEMENT_3D('',#3867,#3092,#3093);
#2549=AXIS2_PLACEMENT_3D('',#3868,#3094,#3095);
#2550=AXIS2_PLACEMENT_3D('',#3870,#3096,#3097);
#2551=AXIS2_PLACEMENT_3D('',#3873,#3099,#3100);
#2552=AXIS2_PLACEMENT_3D('',#3874,#3101,#3102);
#2553=AXIS2_PLACEMENT_3D('',#3875,#3103,#3104);
#2554=AXIS2_PLACEMENT_3D('',#3884,#3109,#3110);
#2555=AXIS2_PLACEMENT_3D('',#3889,#3112,#3113);
#2556=AXIS2_PLACEMENT_3D('',#3892,#3115,#3116);
#2557=AXIS2_PLACEMENT_3D('',#3893,#3117,#3118);
#2558=AXIS2_PLACEMENT_3D('',#3896,#3119,#3120);
#2559=AXIS2_PLACEMENT_3D('',#3899,#3122,#3123);
#2560=AXIS2_PLACEMENT_3D('',#3901,#3124,#3125);
#2561=AXIS2_PLACEMENT_3D('',#3903,#3126,#3127);
#2562=AXIS2_PLACEMENT_3D('',#3905,#3128,#3129);
#2563=AXIS2_PLACEMENT_3D('',#3906,#3130,#3131);
#2564=AXIS2_PLACEMENT_3D('',#3911,#3133,#3134);
#2565=AXIS2_PLACEMENT_3D('',#3917,#3138,#3139);
#2566=AXIS2_PLACEMENT_3D('',#3920,#3141,#3142);
#2567=AXIS2_PLACEMENT_3D('',#3921,#3143,#3144);
#2568=AXIS2_PLACEMENT_3D('',#3924,#3146,#3147);
#2569=AXIS2_PLACEMENT_3D('',#3925,#3148,#3149);
#2570=AXIS2_PLACEMENT_3D('',#3928,#3151,#3152);
#2571=AXIS2_PLACEMENT_3D('',#3929,#3153,#3154);
#2572=AXIS2_PLACEMENT_3D('',#3932,#3156,#3157);
#2573=AXIS2_PLACEMENT_3D('',#3933,#3158,#3159);
#2574=AXIS2_PLACEMENT_3D('',#3936,#3161,#3162);
#2575=AXIS2_PLACEMENT_3D('',#3937,#3163,#3164);
#2576=AXIS2_PLACEMENT_3D('',#3942,#3167,#3168);
#2577=AXIS2_PLACEMENT_3D('',#3943,#3169,#3170);
#2578=AXIS2_PLACEMENT_3D('',#3950,#3175,#3176);
#2579=AXIS2_PLACEMENT_3D('',#3952,#3178,#3179);
#2580=AXIS2_PLACEMENT_3D('',#3954,#3181,#3182);
#2581=AXIS2_PLACEMENT_3D('',#3957,#3183,#3184);
#2582=AXIS2_PLACEMENT_3D('',#3965,#3189,#3190);
#2583=AXIS2_PLACEMENT_3D('',#3967,#3191,#3192);
#2584=AXIS2_PLACEMENT_3D('',#3969,#3194,#3195);
#2585=AXIS2_PLACEMENT_3D('',#3971,#3196,#3197);
#2586=AXIS2_PLACEMENT_3D('',#3973,#3199,#3200);
#2587=AXIS2_PLACEMENT_3D('',#3975,#3201,#3202);
#2588=AXIS2_PLACEMENT_3D('',#3977,#3204,#3205);
#2589=AXIS2_PLACEMENT_3D('',#3979,#3206,#3207);
#2590=AXIS2_PLACEMENT_3D('',#3981,#3209,#3210);
#2591=AXIS2_PLACEMENT_3D('',#3991,#3217,#3218);
#2592=AXIS2_PLACEMENT_3D('',#3995,#3221,#3222);
#2593=AXIS2_PLACEMENT_3D('',#3999,#3226,#3227);
#2594=AXIS2_PLACEMENT_3D('',#4000,#3228,#3229);
#2595=AXIS2_PLACEMENT_3D('',#4002,#3230,#3231);
#2596=AXIS2_PLACEMENT_3D('',#4003,#3232,#3233);
#2597=AXIS2_PLACEMENT_3D('',#4005,#3235,#3236);
#2598=AXIS2_PLACEMENT_3D('',#4006,#3237,#3238);
#2599=AXIS2_PLACEMENT_3D('',#4008,#3240,#3241);
#2600=AXIS2_PLACEMENT_3D('',#4009,#3242,#3243);
#2601=AXIS2_PLACEMENT_3D('',#4012,#3246,#3247);
#2602=AXIS2_PLACEMENT_3D('',#4013,#3248,#3249);
#2603=AXIS2_PLACEMENT_3D('',#4014,#3250,#3251);
#2604=AXIS2_PLACEMENT_3D('',#4015,#3252,#3253);
#2605=AXIS2_PLACEMENT_3D('',#4021,#3257,#3258);
#2606=AXIS2_PLACEMENT_3D('',#4025,#3261,#3262);
#2607=AXIS2_PLACEMENT_3D('',#4037,#3269,#3270);
#2608=AXIS2_PLACEMENT_3D('',#4039,#3272,#3273);
#2609=AXIS2_PLACEMENT_3D('',#4043,#3275,#3276);
#2610=AXIS2_PLACEMENT_3D('',#4046,#3279,#3280);
#2611=AXIS2_PLACEMENT_3D('',#4050,#3283,#3284);
#2612=AXIS2_PLACEMENT_3D('',#4051,#3285,#3286);
#2613=AXIS2_PLACEMENT_3D('',#4055,#3289,#3290);
#2614=AXIS2_PLACEMENT_3D('',#4056,#3291,#3292);
#2615=AXIS2_PLACEMENT_3D('',#4057,#3293,#3294);
#2616=AXIS2_PLACEMENT_3D('',#4058,#3295,#3296);
#2617=AXIS2_PLACEMENT_3D('',#4061,#3298,#3299);
#2618=AXIS2_PLACEMENT_3D('',#4062,#3300,#3301);
#2619=AXIS2_PLACEMENT_3D('',#4063,#3302,#3303);
#2620=AXIS2_PLACEMENT_3D('',#4065,#3304,#3305);
#2621=AXIS2_PLACEMENT_3D('',#4068,#3307,#3308);
#2622=AXIS2_PLACEMENT_3D('',#4069,#3309,#3310);
#2623=AXIS2_PLACEMENT_3D('',#4070,#3311,#3312);
#2624=AXIS2_PLACEMENT_3D('',#4071,#3313,#3314);
#2625=AXIS2_PLACEMENT_3D('',#4073,#3315,#3316);
#2626=AXIS2_PLACEMENT_3D('',#4076,#3318,#3319);
#2627=AXIS2_PLACEMENT_3D('',#4077,#3320,#3321);
#2628=AXIS2_PLACEMENT_3D('',#4078,#3322,#3323);
#2629=AXIS2_PLACEMENT_3D('',#4079,#3324,#3325);
#2630=AXIS2_PLACEMENT_3D('',#4081,#3326,#3327);
#2631=AXIS2_PLACEMENT_3D('',#4084,#3329,#3330);
#2632=AXIS2_PLACEMENT_3D('',#4085,#3331,#3332);
#2633=AXIS2_PLACEMENT_3D('',#4086,#3333,#3334);
#2634=AXIS2_PLACEMENT_3D('',#4087,#3335,#3336);
#2635=AXIS2_PLACEMENT_3D('',#4089,#3337,#3338);
#2636=AXIS2_PLACEMENT_3D('',#4092,#3340,#3341);
#2637=AXIS2_PLACEMENT_3D('',#4093,#3342,#3343);
#2638=AXIS2_PLACEMENT_3D('',#4094,#3344,#3345);
#2639=AXIS2_PLACEMENT_3D('',#4095,#3346,#3347);
#2640=AXIS2_PLACEMENT_3D('',#4097,#3348,#3349);
#2641=AXIS2_PLACEMENT_3D('',#4100,#3351,#3352);
#2642=AXIS2_PLACEMENT_3D('',#4101,#3353,#3354);
#2643=AXIS2_PLACEMENT_3D('',#4102,#3355,#3356);
#2644=AXIS2_PLACEMENT_3D('',#4103,#3357,#3358);
#2645=AXIS2_PLACEMENT_3D('',#4105,#3359,#3360);
#2646=AXIS2_PLACEMENT_3D('',#4108,#3362,#3363);
#2647=AXIS2_PLACEMENT_3D('',#4109,#3364,#3365);
#2648=AXIS2_PLACEMENT_3D('',#4110,#3366,#3367);
#2649=AXIS2_PLACEMENT_3D('',#4111,#3368,#3369);
#2650=AXIS2_PLACEMENT_3D('',#4114,#3370,#3371);
#2651=AXIS2_PLACEMENT_3D('',#4120,#3375,#3376);
#2652=AXIS2_PLACEMENT_3D('',#4123,#3377,#3378);
#2653=AXIS2_PLACEMENT_3D('',#4126,#3381,#3382);
#2654=AXIS2_PLACEMENT_3D('',#4129,#3384,#3385);
#2655=AXIS2_PLACEMENT_3D('',#4130,#3386,#3387);
#2656=AXIS2_PLACEMENT_3D('',#4133,#3389,#3390);
#2657=AXIS2_PLACEMENT_3D('',#4134,#3391,#3392);
#2658=AXIS2_PLACEMENT_3D('',#4136,#3394,#3395);
#2659=AXIS2_PLACEMENT_3D('',#4137,#3396,#3397);
#2660=AXIS2_PLACEMENT_3D('',#4140,#3398,#3399);
#2661=AXIS2_PLACEMENT_3D('',#4146,#3403,#3404);
#2662=AXIS2_PLACEMENT_3D('',#4148,#3405,#3406);
#2663=AXIS2_PLACEMENT_3D('',#4151,#3408,#3409);
#2664=AXIS2_PLACEMENT_3D('',#4152,#3410,#3411);
#2665=AXIS2_PLACEMENT_3D('',#4156,#3414,#3415);
#2666=AXIS2_PLACEMENT_3D('',#4159,#3417,#3418);
#2667=AXIS2_PLACEMENT_3D('',#4160,#3419,#3420);
#2668=AXIS2_PLACEMENT_3D('',#4162,#3422,#3423);
#2669=DIRECTION('axis',(0.,0.,1.));
#2670=DIRECTION('refdir',(1.,0.,0.));
#2671=DIRECTION('center_axis',(0.,-1.,0.));
#2672=DIRECTION('ref_axis',(0.,0.,-1.));
#2673=DIRECTION('center_axis',(0.,1.,0.));
#2674=DIRECTION('ref_axis',(1.,0.,0.));
#2675=DIRECTION('center_axis',(0.,-1.,0.));
#2676=DIRECTION('ref_axis',(0.835487811412936,0.,-0.549508978070806));
#2677=DIRECTION('center_axis',(0.,-1.,0.));
#2678=DIRECTION('ref_axis',(0.,0.,-1.));
#2679=DIRECTION('center_axis',(0.,1.,0.));
#2680=DIRECTION('ref_axis',(1.,0.,0.));
#2681=DIRECTION('center_axis',(0.,-1.,0.));
#2682=DIRECTION('ref_axis',(0.,0.,-1.));
#2683=DIRECTION('center_axis',(0.,1.,0.));
#2684=DIRECTION('ref_axis',(1.,0.,0.));
#2685=DIRECTION('center_axis',(0.,-1.,0.));
#2686=DIRECTION('ref_axis',(0.,0.,-1.));
#2687=DIRECTION('center_axis',(0.,1.,0.));
#2688=DIRECTION('ref_axis',(1.,0.,0.));
#2689=DIRECTION('center_axis',(0.,-1.,0.));
#2690=DIRECTION('ref_axis',(0.,0.,-1.));
#2691=DIRECTION('center_axis',(0.,1.,0.));
#2692=DIRECTION('ref_axis',(1.,0.,0.));
#2693=DIRECTION('center_axis',(0.,1.,0.));
#2694=DIRECTION('ref_axis',(1.,0.,0.));
#2695=DIRECTION('',(0.,-1.,0.));
#2696=DIRECTION('center_axis',(0.,-1.,0.));
#2697=DIRECTION('ref_axis',(1.,0.,0.));
#2698=DIRECTION('center_axis',(0.,1.,0.));
#2699=DIRECTION('ref_axis',(0.,0.,1.));
#2700=DIRECTION('center_axis',(0.,-1.,0.));
#2701=DIRECTION('ref_axis',(1.,0.,0.));
#2702=DIRECTION('center_axis',(0.,1.,0.));
#2703=DIRECTION('ref_axis',(0.893632640323412,0.,-0.448799180200462));
#2704=DIRECTION('center_axis',(0.,1.,0.));
#2705=DIRECTION('ref_axis',(0.,0.,1.));
#2706=DIRECTION('center_axis',(0.,-1.,0.));
#2707=DIRECTION('ref_axis',(1.,0.,0.));
#2708=DIRECTION('center_axis',(0.,1.,0.));
#2709=DIRECTION('ref_axis',(0.,0.,1.));
#2710=DIRECTION('center_axis',(0.,-1.,0.));
#2711=DIRECTION('ref_axis',(1.,0.,0.));
#2712=DIRECTION('center_axis',(0.,1.,0.));
#2713=DIRECTION('ref_axis',(0.,0.,1.));
#2714=DIRECTION('center_axis',(0.,-1.,0.));
#2715=DIRECTION('ref_axis',(1.,0.,0.));
#2716=DIRECTION('center_axis',(0.,1.,0.));
#2717=DIRECTION('ref_axis',(0.,0.,1.));
#2718=DIRECTION('center_axis',(0.,-1.,0.));
#2719=DIRECTION('ref_axis',(1.,0.,0.));
#2720=DIRECTION('center_axis',(0.,1.,0.));
#2721=DIRECTION('ref_axis',(1.,0.,0.));
#2722=DIRECTION('center_axis',(0.,1.,0.));
#2723=DIRECTION('ref_axis',(1.,0.,0.));
#2724=DIRECTION('',(0.,-1.,0.));
#2725=DIRECTION('center_axis',(0.,1.,0.));
#2726=DIRECTION('ref_axis',(1.,0.,0.));
#2727=DIRECTION('center_axis',(0.,1.,0.));
#2728=DIRECTION('ref_axis',(1.,0.,0.));
#2729=DIRECTION('center_axis',(0.,1.,0.));
#2730=DIRECTION('ref_axis',(1.,0.,0.));
#2731=DIRECTION('center_axis',(0.,1.,0.));
#2732=DIRECTION('ref_axis',(1.,0.,0.));
#2733=DIRECTION('center_axis',(0.,-1.,0.));
#2734=DIRECTION('ref_axis',(1.,0.,0.));
#2735=DIRECTION('',(0.,1.,0.));
#2736=DIRECTION('center_axis',(0.,-1.,0.));
#2737=DIRECTION('ref_axis',(1.,0.,0.));
#2738=DIRECTION('',(0.,-1.,0.));
#2739=DIRECTION('',(0.,1.,0.));
#2740=DIRECTION('center_axis',(0.,-1.,0.));
#2741=DIRECTION('ref_axis',(1.,0.,0.));
#2742=DIRECTION('center_axis',(0.,-1.,0.));
#2743=DIRECTION('ref_axis',(-1.,0.,0.));
#2744=DIRECTION('center_axis',(0.,1.,0.));
#2745=DIRECTION('ref_axis',(1.,0.,0.));
#2746=DIRECTION('center_axis',(0.,1.,0.));
#2747=DIRECTION('ref_axis',(1.,0.,0.));
#2748=DIRECTION('',(0.,-1.,0.));
#2749=DIRECTION('center_axis',(0.,-1.,0.));
#2750=DIRECTION('ref_axis',(1.,0.,0.));
#2751=DIRECTION('center_axis',(0.,-1.,0.));
#2752=DIRECTION('ref_axis',(1.,0.,0.));
#2753=DIRECTION('center_axis',(0.,1.,0.));
#2754=DIRECTION('ref_axis',(1.,0.,0.));
#2755=DIRECTION('center_axis',(0.,1.,0.));
#2756=DIRECTION('ref_axis',(1.,0.,0.));
#2757=DIRECTION('center_axis',(0.,1.,0.));
#2758=DIRECTION('ref_axis',(1.,0.,0.));
#2759=DIRECTION('center_axis',(0.,1.,0.));
#2760=DIRECTION('ref_axis',(1.,0.,0.));
#2761=DIRECTION('center_axis',(0.,-1.,0.));
#2762=DIRECTION('ref_axis',(1.,0.,0.));
#2763=DIRECTION('',(0.,1.,0.));
#2764=DIRECTION('center_axis',(0.,-1.,0.));
#2765=DIRECTION('ref_axis',(1.,0.,0.));
#2766=DIRECTION('',(0.,-1.,0.));
#2767=DIRECTION('',(0.,1.,0.));
#2768=DIRECTION('center_axis',(0.,-1.,0.));
#2769=DIRECTION('ref_axis',(1.,0.,0.));
#2770=DIRECTION('center_axis',(0.,-1.,0.));
#2771=DIRECTION('ref_axis',(-1.,0.,0.));
#2772=DIRECTION('center_axis',(0.,1.,0.));
#2773=DIRECTION('ref_axis',(1.,0.,0.));
#2774=DIRECTION('center_axis',(0.,1.,0.));
#2775=DIRECTION('ref_axis',(1.,0.,0.));
#2776=DIRECTION('',(0.,-1.,0.));
#2777=DIRECTION('center_axis',(0.,-1.,0.));
#2778=DIRECTION('ref_axis',(1.,0.,0.));
#2779=DIRECTION('center_axis',(0.,-1.,0.));
#2780=DIRECTION('ref_axis',(1.,0.,0.));
#2781=DIRECTION('center_axis',(0.,1.,0.));
#2782=DIRECTION('ref_axis',(1.,0.,0.));
#2783=DIRECTION('center_axis',(0.,1.,0.));
#2784=DIRECTION('ref_axis',(1.,0.,0.));
#2785=DIRECTION('center_axis',(0.,1.,0.));
#2786=DIRECTION('ref_axis',(1.,0.,0.));
#2787=DIRECTION('center_axis',(0.,1.,0.));
#2788=DIRECTION('ref_axis',(1.,0.,0.));
#2789=DIRECTION('center_axis',(0.,-1.,0.));
#2790=DIRECTION('ref_axis',(1.,0.,0.));
#2791=DIRECTION('',(0.,1.,0.));
#2792=DIRECTION('center_axis',(0.,-1.,0.));
#2793=DIRECTION('ref_axis',(1.,0.,0.));
#2794=DIRECTION('',(0.,-1.,0.));
#2795=DIRECTION('',(0.,1.,0.));
#2796=DIRECTION('center_axis',(0.,-1.,0.));
#2797=DIRECTION('ref_axis',(1.,0.,0.));
#2798=DIRECTION('center_axis',(0.,-1.,0.));
#2799=DIRECTION('ref_axis',(-1.,0.,0.));
#2800=DIRECTION('center_axis',(0.,1.,0.));
#2801=DIRECTION('ref_axis',(1.,0.,0.));
#2802=DIRECTION('center_axis',(0.,1.,0.));
#2803=DIRECTION('ref_axis',(1.,0.,0.));
#2804=DIRECTION('',(0.,-1.,0.));
#2805=DIRECTION('center_axis',(0.,-1.,0.));
#2806=DIRECTION('ref_axis',(1.,0.,0.));
#2807=DIRECTION('center_axis',(0.,-1.,0.));
#2808=DIRECTION('ref_axis',(1.,0.,0.));
#2809=DIRECTION('center_axis',(0.,1.,0.));
#2810=DIRECTION('ref_axis',(1.,0.,0.));
#2811=DIRECTION('center_axis',(0.,1.,0.));
#2812=DIRECTION('ref_axis',(1.,0.,0.));
#2813=DIRECTION('center_axis',(0.,1.,0.));
#2814=DIRECTION('ref_axis',(1.,0.,0.));
#2815=DIRECTION('center_axis',(0.,1.,0.));
#2816=DIRECTION('ref_axis',(1.,0.,0.));
#2817=DIRECTION('center_axis',(0.,-1.,0.));
#2818=DIRECTION('ref_axis',(1.,0.,0.));
#2819=DIRECTION('',(0.,1.,0.));
#2820=DIRECTION('center_axis',(0.,-1.,0.));
#2821=DIRECTION('ref_axis',(1.,0.,0.));
#2822=DIRECTION('',(0.,-1.,0.));
#2823=DIRECTION('',(0.,1.,0.));
#2824=DIRECTION('center_axis',(0.,-1.,0.));
#2825=DIRECTION('ref_axis',(1.,0.,0.));
#2826=DIRECTION('center_axis',(0.,-1.,0.));
#2827=DIRECTION('ref_axis',(-1.,0.,0.));
#2828=DIRECTION('center_axis',(0.,1.,0.));
#2829=DIRECTION('ref_axis',(1.,0.,0.));
#2830=DIRECTION('center_axis',(0.,1.,0.));
#2831=DIRECTION('ref_axis',(1.,0.,0.));
#2832=DIRECTION('',(0.,-1.,0.));
#2833=DIRECTION('center_axis',(0.,-1.,0.));
#2834=DIRECTION('ref_axis',(1.,0.,0.));
#2835=DIRECTION('center_axis',(0.,-1.,0.));
#2836=DIRECTION('ref_axis',(1.,0.,0.));
#2837=DIRECTION('center_axis',(0.,1.,0.));
#2838=DIRECTION('ref_axis',(1.,0.,0.));
#2839=DIRECTION('center_axis',(0.,1.,0.));
#2840=DIRECTION('ref_axis',(1.,0.,0.));
#2841=DIRECTION('',(0.,-1.,0.));
#2842=DIRECTION('center_axis',(0.,1.,0.));
#2843=DIRECTION('ref_axis',(1.,0.,0.));
#2844=DIRECTION('center_axis',(0.,1.,0.));
#2845=DIRECTION('ref_axis',(1.,0.,0.));
#2846=DIRECTION('',(0.,-1.,0.));
#2847=DIRECTION('center_axis',(0.,1.,0.));
#2848=DIRECTION('ref_axis',(1.,0.,0.));
#2849=DIRECTION('center_axis',(0.,1.,0.));
#2850=DIRECTION('ref_axis',(1.,0.,0.));
#2851=DIRECTION('',(0.,-1.,0.));
#2852=DIRECTION('center_axis',(0.,1.,0.));
#2853=DIRECTION('ref_axis',(1.,0.,0.));
#2854=DIRECTION('center_axis',(0.,1.,0.));
#2855=DIRECTION('ref_axis',(1.,0.,0.));
#2856=DIRECTION('',(0.,-1.,0.));
#2857=DIRECTION('center_axis',(0.,1.,0.));
#2858=DIRECTION('ref_axis',(1.,0.,0.));
#2859=DIRECTION('center_axis',(0.,1.,0.));
#2860=DIRECTION('ref_axis',(1.,0.,0.));
#2861=DIRECTION('center_axis',(0.,-1.,0.));
#2862=DIRECTION('ref_axis',(1.,0.,0.));
#2863=DIRECTION('center_axis',(0.,1.,0.));
#2864=DIRECTION('ref_axis',(1.,0.,0.));
#2865=DIRECTION('center_axis',(0.,1.,0.));
#2866=DIRECTION('ref_axis',(1.,0.,0.));
#2867=DIRECTION('',(0.,1.,0.));
#2868=DIRECTION('center_axis',(0.,1.,0.));
#2869=DIRECTION('ref_axis',(1.,0.,0.));
#2870=DIRECTION('center_axis',(0.,1.,0.));
#2871=DIRECTION('ref_axis',(1.,0.,0.));
#2872=DIRECTION('',(0.,-1.,0.));
#2873=DIRECTION('center_axis',(0.,-1.,0.));
#2874=DIRECTION('ref_axis',(-1.,0.,0.));
#2875=DIRECTION('center_axis',(0.,-1.,0.));
#2876=DIRECTION('ref_axis',(-1.,0.,0.));
#2877=DIRECTION('center_axis',(0.,-1.,0.));
#2878=DIRECTION('ref_axis',(1.,0.,0.));
#2879=DIRECTION('center_axis',(0.,1.,0.));
#2880=DIRECTION('ref_axis',(1.,0.,0.));
#2881=DIRECTION('center_axis',(0.,1.,0.));
#2882=DIRECTION('ref_axis',(1.,0.,0.));
#2883=DIRECTION('',(0.,1.,0.));
#2884=DIRECTION('center_axis',(0.,-1.,0.));
#2885=DIRECTION('ref_axis',(1.,0.,0.));
#2886=DIRECTION('center_axis',(0.,1.,0.));
#2887=DIRECTION('ref_axis',(1.,0.,0.));
#2888=DIRECTION('',(0.,-1.,0.));
#2889=DIRECTION('center_axis',(0.,-1.,0.));
#2890=DIRECTION('ref_axis',(1.,0.,0.));
#2891=DIRECTION('center_axis',(0.,1.,0.));
#2892=DIRECTION('ref_axis',(1.,0.,0.));
#2893=DIRECTION('center_axis',(1.,0.,0.));
#2894=DIRECTION('ref_axis',(0.,0.,-1.));
#2895=DIRECTION('',(1.,0.,0.));
#2896=DIRECTION('center_axis',(-1.,0.,0.));
#2897=DIRECTION('ref_axis',(0.,0.,-1.));
#2898=DIRECTION('center_axis',(1.,0.,0.));
#2899=DIRECTION('ref_axis',(0.,0.,-1.));
#2900=DIRECTION('center_axis',(-1.,0.,0.));
#2901=DIRECTION('ref_axis',(0.,0.,-1.));
#2902=DIRECTION('',(1.,0.,0.));
#2903=DIRECTION('center_axis',(-1.,0.,0.));
#2904=DIRECTION('ref_axis',(0.,0.,1.));
#2905=DIRECTION('center_axis',(0.,0.,-1.));
#2906=DIRECTION('ref_axis',(-1.,0.,0.));
#2907=DIRECTION('center_axis',(0.,0.,-1.));
#2908=DIRECTION('ref_axis',(1.,0.,0.));
#2909=DIRECTION('center_axis',(0.,0.,-1.));
#2910=DIRECTION('ref_axis',(1.,0.,0.));
#2911=DIRECTION('center_axis',(0.,0.,1.));
#2912=DIRECTION('ref_axis',(1.,0.,0.));
#2913=DIRECTION('center_axis',(0.,0.,1.));
#2914=DIRECTION('ref_axis',(1.,0.,0.));
#2915=DIRECTION('center_axis',(0.,0.,1.));
#2916=DIRECTION('ref_axis',(1.,0.,0.));
#2917=DIRECTION('center_axis',(0.,0.,1.));
#2918=DIRECTION('ref_axis',(1.,0.,0.));
#2919=DIRECTION('',(0.,0.,-1.));
#2920=DIRECTION('center_axis',(0.,0.,1.));
#2921=DIRECTION('ref_axis',(1.,0.,0.));
#2922=DIRECTION('center_axis',(0.,0.,-1.));
#2923=DIRECTION('ref_axis',(1.,0.,0.));
#2924=DIRECTION('',(0.,0.,-1.));
#2925=DIRECTION('center_axis',(0.,0.,1.));
#2926=DIRECTION('ref_axis',(1.,0.,0.));
#2927=DIRECTION('',(0.,0.,-1.));
#2928=DIRECTION('center_axis',(0.,0.,1.));
#2929=DIRECTION('ref_axis',(1.,0.,0.));
#2930=DIRECTION('center_axis',(0.,0.,-1.));
#2931=DIRECTION('ref_axis',(-1.,0.,0.));
#2932=DIRECTION('center_axis',(0.,0.,-1.));
#2933=DIRECTION('ref_axis',(1.,0.,0.));
#2934=DIRECTION('center_axis',(0.,0.,1.));
#2935=DIRECTION('ref_axis',(1.,0.,0.));
#2936=DIRECTION('',(0.,1.,0.));
#2937=DIRECTION('center_axis',(0.,0.,1.));
#2938=DIRECTION('ref_axis',(1.,0.,0.));
#2939=DIRECTION('center_axis',(0.,0.,1.));
#2940=DIRECTION('ref_axis',(1.,0.,0.));
#2941=DIRECTION('center_axis',(0.,0.,1.));
#2942=DIRECTION('ref_axis',(1.,0.,0.));
#2943=DIRECTION('center_axis',(0.,0.,1.));
#2944=DIRECTION('ref_axis',(1.,0.,0.));
#2945=DIRECTION('',(0.,0.,1.));
#2946=DIRECTION('',(0.,0.,1.));
#2947=DIRECTION('center_axis',(0.,0.,-1.));
#2948=DIRECTION('ref_axis',(1.,0.,0.));
#2949=DIRECTION('',(0.,0.,-1.));
#2950=DIRECTION('center_axis',(0.,1.,0.));
#2951=DIRECTION('ref_axis',(1.,0.,0.));
#2952=DIRECTION('center_axis',(0.,-1.,0.));
#2953=DIRECTION('ref_axis',(1.,0.,0.));
#2954=DIRECTION('',(0.,1.,0.));
#2955=DIRECTION('center_axis',(0.,1.,0.));
#2956=DIRECTION('ref_axis',(1.,0.,0.));
#2957=DIRECTION('center_axis',(0.,-1.,0.));
#2958=DIRECTION('ref_axis',(-1.,0.,0.));
#2959=DIRECTION('center_axis',(0.,1.,0.));
#2960=DIRECTION('ref_axis',(1.,0.,0.));
#2961=DIRECTION('center_axis',(0.,1.,0.));
#2962=DIRECTION('ref_axis',(1.,0.,0.));
#2963=DIRECTION('center_axis',(0.,1.,0.));
#2964=DIRECTION('ref_axis',(1.,0.,0.));
#2965=DIRECTION('center_axis',(0.,1.,0.));
#2966=DIRECTION('ref_axis',(1.,0.,0.));
#2967=DIRECTION('',(0.,1.,0.));
#2968=DIRECTION('center_axis',(0.,1.,0.));
#2969=DIRECTION('ref_axis',(1.,0.,0.));
#2970=DIRECTION('center_axis',(0.,-1.,0.));
#2971=DIRECTION('ref_axis',(1.,0.,0.));
#2972=DIRECTION('',(0.,1.,0.));
#2973=DIRECTION('center_axis',(0.,1.,0.));
#2974=DIRECTION('ref_axis',(1.,0.,0.));
#2975=DIRECTION('center_axis',(0.,-1.,0.));
#2976=DIRECTION('ref_axis',(-1.,0.,0.));
#2977=DIRECTION('center_axis',(0.,1.,0.));
#2978=DIRECTION('ref_axis',(1.,0.,0.));
#2979=DIRECTION('center_axis',(0.,1.,0.));
#2980=DIRECTION('ref_axis',(1.,0.,0.));
#2981=DIRECTION('center_axis',(0.,1.,0.));
#2982=DIRECTION('ref_axis',(1.,0.,0.));
#2983=DIRECTION('center_axis',(0.,1.,0.));
#2984=DIRECTION('ref_axis',(1.,0.,0.));
#2985=DIRECTION('',(0.,1.,0.));
#2986=DIRECTION('center_axis',(0.,1.,0.));
#2987=DIRECTION('ref_axis',(1.,0.,0.));
#2988=DIRECTION('center_axis',(0.,-1.,0.));
#2989=DIRECTION('ref_axis',(1.,0.,0.));
#2990=DIRECTION('',(0.,1.,0.));
#2991=DIRECTION('center_axis',(0.,1.,0.));
#2992=DIRECTION('ref_axis',(1.,0.,0.));
#2993=DIRECTION('center_axis',(0.,-1.,0.));
#2994=DIRECTION('ref_axis',(-1.,0.,0.));
#2995=DIRECTION('center_axis',(0.,1.,0.));
#2996=DIRECTION('ref_axis',(1.,0.,0.));
#2997=DIRECTION('center_axis',(0.,1.,0.));
#2998=DIRECTION('ref_axis',(1.,0.,0.));
#2999=DIRECTION('center_axis',(0.,1.,0.));
#3000=DIRECTION('ref_axis',(1.,0.,0.));
#3001=DIRECTION('center_axis',(0.,1.,0.));
#3002=DIRECTION('ref_axis',(1.,0.,0.));
#3003=DIRECTION('',(0.,1.,0.));
#3004=DIRECTION('center_axis',(0.,1.,0.));
#3005=DIRECTION('ref_axis',(1.,0.,0.));
#3006=DIRECTION('center_axis',(0.,-1.,0.));
#3007=DIRECTION('ref_axis',(1.,0.,0.));
#3008=DIRECTION('',(0.,1.,0.));
#3009=DIRECTION('center_axis',(0.,1.,0.));
#3010=DIRECTION('ref_axis',(1.,0.,0.));
#3011=DIRECTION('center_axis',(0.,-1.,0.));
#3012=DIRECTION('ref_axis',(-1.,0.,0.));
#3013=DIRECTION('center_axis',(0.,1.,0.));
#3014=DIRECTION('ref_axis',(1.,0.,0.));
#3015=DIRECTION('center_axis',(0.,1.,0.));
#3016=DIRECTION('ref_axis',(1.,0.,0.));
#3017=DIRECTION('center_axis',(0.,1.,0.));
#3018=DIRECTION('ref_axis',(1.,0.,0.));
#3019=DIRECTION('center_axis',(0.,1.,0.));
#3020=DIRECTION('ref_axis',(1.,0.,0.));
#3021=DIRECTION('',(0.,1.,0.));
#3022=DIRECTION('center_axis',(0.,-1.,0.));
#3023=DIRECTION('ref_axis',(0.,0.,-1.));
#3024=DIRECTION('center_axis',(0.,-1.,0.));
#3025=DIRECTION('ref_axis',(1.,0.,0.));
#3026=DIRECTION('',(-1.,0.,0.));
#3027=DIRECTION('',(0.,0.,-1.));
#3028=DIRECTION('',(-1.,0.,0.));
#3029=DIRECTION('center_axis',(1.,0.,0.));
#3030=DIRECTION('ref_axis',(0.,0.,-1.));
#3031=DIRECTION('',(0.,-1.,0.));
#3032=DIRECTION('',(0.,-1.,0.));
#3033=DIRECTION('',(0.,0.,-1.));
#3034=DIRECTION('center_axis',(0.,0.,1.));
#3035=DIRECTION('ref_axis',(1.,0.,0.));
#3036=DIRECTION('',(0.,1.,0.));
#3037=DIRECTION('',(1.,0.,0.));
#3038=DIRECTION('center_axis',(0.,1.,0.));
#3039=DIRECTION('ref_axis',(0.,0.,1.));
#3040=DIRECTION('center_axis',(0.,1.,0.));
#3041=DIRECTION('ref_axis',(1.,0.,0.));
#3042=DIRECTION('',(1.,0.,0.));
#3043=DIRECTION('center_axis',(0.,0.,1.));
#3044=DIRECTION('ref_axis',(1.,0.,0.));
#3045=DIRECTION('',(0.,-1.,0.));
#3046=DIRECTION('',(-1.,0.,0.));
#3047=DIRECTION('',(0.,-1.,0.));
#3048=DIRECTION('',(1.,0.,0.));
#3049=DIRECTION('',(0.,-1.,0.));
#3050=DIRECTION('',(-1.,0.,0.));
#3051=DIRECTION('center_axis',(0.,0.,-1.));
#3052=DIRECTION('ref_axis',(1.,0.,0.));
#3053=DIRECTION('',(0.,1.,0.));
#3054=DIRECTION('center_axis',(0.,0.,-1.));
#3055=DIRECTION('ref_axis',(1.,0.,0.));
#3056=DIRECTION('',(1.,0.,0.));
#3057=DIRECTION('',(0.,-1.,0.));
#3058=DIRECTION('',(0.,-1.,0.));
#3059=DIRECTION('',(1.,0.,0.));
#3060=DIRECTION('',(0.,1.,0.));
#3061=DIRECTION('',(-1.,0.,0.));
#3062=DIRECTION('center_axis',(0.,-1.,0.));
#3063=DIRECTION('ref_axis',(0.,0.,-1.));
#3064=DIRECTION('center_axis',(0.,-1.,0.));
#3065=DIRECTION('ref_axis',(1.,0.,0.));
#3066=DIRECTION('',(-1.,0.,0.));
#3067=DIRECTION('',(0.,0.,-1.));
#3068=DIRECTION('center_axis',(0.,1.,0.));
#3069=DIRECTION('ref_axis',(0.,0.,1.));
#3070=DIRECTION('center_axis',(0.,1.,0.));
#3071=DIRECTION('ref_axis',(1.,0.,0.));
#3072=DIRECTION('',(0.,0.,-1.));
#3073=DIRECTION('',(1.,0.,0.));
#3074=DIRECTION('center_axis',(1.,0.,0.));
#3075=DIRECTION('ref_axis',(0.,0.,-1.));
#3076=DIRECTION('',(0.,-1.,0.));
#3077=DIRECTION('center_axis',(0.,0.,1.));
#3078=DIRECTION('ref_axis',(1.,0.,0.));
#3079=DIRECTION('',(0.,1.,0.));
#3080=DIRECTION('center_axis',(0.,1.,0.));
#3081=DIRECTION('ref_axis',(1.,0.,0.));
#3082=DIRECTION('center_axis',(0.,1.,0.));
#3083=DIRECTION('ref_axis',(1.,0.,0.));
#3084=DIRECTION('',(0.,0.,1.));
#3085=DIRECTION('center_axis',(0.,0.,1.));
#3086=DIRECTION('ref_axis',(1.,0.,0.));
#3087=DIRECTION('center_axis',(0.,0.,-1.));
#3088=DIRECTION('ref_axis',(1.,0.,0.));
#3089=DIRECTION('',(0.,0.,1.));
#3090=DIRECTION('center_axis',(0.,0.,-1.));
#3091=DIRECTION('ref_axis',(1.,0.,0.));
#3092=DIRECTION('center_axis',(0.,0.,-1.));
#3093=DIRECTION('ref_axis',(-1.,0.,0.));
#3094=DIRECTION('center_axis',(0.,0.,1.));
#3095=DIRECTION('ref_axis',(1.,0.,0.));
#3096=DIRECTION('center_axis',(0.,0.,-1.));
#3097=DIRECTION('ref_axis',(1.,0.,0.));
#3098=DIRECTION('',(0.,0.,1.));
#3099=DIRECTION('center_axis',(0.,0.,-1.));
#3100=DIRECTION('ref_axis',(1.,0.,0.));
#3101=DIRECTION('center_axis',(0.,0.,-1.));
#3102=DIRECTION('ref_axis',(-1.,0.,0.));
#3103=DIRECTION('center_axis',(0.,0.,1.));
#3104=DIRECTION('ref_axis',(1.,0.,0.));
#3105=DIRECTION('',(0.,-1.,0.));
#3106=DIRECTION('',(1.,0.,0.));
#3107=DIRECTION('',(0.,1.,0.));
#3108=DIRECTION('',(-1.,0.,0.));
#3109=DIRECTION('center_axis',(0.,0.,1.));
#3110=DIRECTION('ref_axis',(1.,0.,0.));
#3111=DIRECTION('',(0.,1.,0.));
#3112=DIRECTION('center_axis',(0.,0.,1.));
#3113=DIRECTION('ref_axis',(1.,0.,0.));
#3114=DIRECTION('',(0.,-1.,0.));
#3115=DIRECTION('center_axis',(0.,0.,1.));
#3116=DIRECTION('ref_axis',(1.,0.,0.));
#3117=DIRECTION('center_axis',(0.,-1.,0.));
#3118=DIRECTION('ref_axis',(-1.,0.,0.));
#3119=DIRECTION('center_axis',(0.,-1.,0.));
#3120=DIRECTION('ref_axis',(1.,0.,0.));
#3121=DIRECTION('',(0.,0.,-1.));
#3122=DIRECTION('center_axis',(0.,1.,0.));
#3123=DIRECTION('ref_axis',(1.,0.,0.));
#3124=DIRECTION('center_axis',(0.,1.,0.));
#3125=DIRECTION('ref_axis',(1.,0.,0.));
#3126=DIRECTION('center_axis',(0.,1.,0.));
#3127=DIRECTION('ref_axis',(1.,0.,0.));
#3128=DIRECTION('center_axis',(0.,1.,0.));
#3129=DIRECTION('ref_axis',(1.,0.,0.));
#3130=DIRECTION('center_axis',(0.,0.,1.));
#3131=DIRECTION('ref_axis',(1.,0.,0.));
#3132=DIRECTION('',(1.,0.,0.));
#3133=DIRECTION('center_axis',(0.,0.,-1.));
#3134=DIRECTION('ref_axis',(1.,0.,0.));
#3135=DIRECTION('',(0.,1.,0.));
#3136=DIRECTION('',(1.,0.,0.));
#3137=DIRECTION('',(0.,-1.,0.));
#3138=DIRECTION('center_axis',(0.,1.,0.));
#3139=DIRECTION('ref_axis',(1.,0.,0.));
#3140=DIRECTION('',(0.,1.,0.));
#3141=DIRECTION('center_axis',(0.,-1.,0.));
#3142=DIRECTION('ref_axis',(1.,0.,0.));
#3143=DIRECTION('center_axis',(0.,1.,0.));
#3144=DIRECTION('ref_axis',(1.,0.,0.));
#3145=DIRECTION('',(0.,1.,0.));
#3146=DIRECTION('center_axis',(0.,-1.,0.));
#3147=DIRECTION('ref_axis',(1.,0.,0.));
#3148=DIRECTION('center_axis',(0.,1.,0.));
#3149=DIRECTION('ref_axis',(1.,0.,0.));
#3150=DIRECTION('',(0.,1.,0.));
#3151=DIRECTION('center_axis',(0.,-1.,0.));
#3152=DIRECTION('ref_axis',(1.,0.,0.));
#3153=DIRECTION('center_axis',(0.,1.,0.));
#3154=DIRECTION('ref_axis',(1.,0.,0.));
#3155=DIRECTION('',(0.,1.,0.));
#3156=DIRECTION('center_axis',(0.,-1.,0.));
#3157=DIRECTION('ref_axis',(1.,0.,0.));
#3158=DIRECTION('center_axis',(0.,1.,0.));
#3159=DIRECTION('ref_axis',(1.,0.,0.));
#3160=DIRECTION('',(0.,1.,0.));
#3161=DIRECTION('center_axis',(0.,-1.,0.));
#3162=DIRECTION('ref_axis',(1.,0.,0.));
#3163=DIRECTION('center_axis',(0.,1.,0.));
#3164=DIRECTION('ref_axis',(1.,0.,0.));
#3165=DIRECTION('',(0.,-1.,0.));
#3166=DIRECTION('',(0.,1.,0.));
#3167=DIRECTION('center_axis',(0.,1.,0.));
#3168=DIRECTION('ref_axis',(1.,0.,0.));
#3169=DIRECTION('center_axis',(0.,1.,0.));
#3170=DIRECTION('ref_axis',(1.,0.,0.));
#3171=DIRECTION('',(0.,0.,-1.));
#3172=DIRECTION('',(0.,0.,-1.));
#3173=DIRECTION('',(-1.,0.,0.));
#3174=DIRECTION('',(0.,0.,-1.));
#3175=DIRECTION('center_axis',(0.,-1.,0.));
#3176=DIRECTION('ref_axis',(0.,0.,-1.));
#3177=DIRECTION('',(0.,0.,1.));
#3178=DIRECTION('center_axis',(0.,-1.,0.));
#3179=DIRECTION('ref_axis',(1.,0.,0.));
#3180=DIRECTION('',(0.,0.,-1.));
#3181=DIRECTION('center_axis',(0.,0.,1.));
#3182=DIRECTION('ref_axis',(1.,0.,0.));
#3183=DIRECTION('center_axis',(0.,0.,-1.));
#3184=DIRECTION('ref_axis',(1.,0.,0.));
#3185=DIRECTION('',(-1.,0.,0.));
#3186=DIRECTION('',(0.,-1.,0.));
#3187=DIRECTION('',(-1.,0.,0.));
#3188=DIRECTION('',(0.,1.,0.));
#3189=DIRECTION('center_axis',(0.,1.,0.));
#3190=DIRECTION('ref_axis',(1.,0.,0.));
#3191=DIRECTION('center_axis',(0.,1.,0.));
#3192=DIRECTION('ref_axis',(1.,0.,0.));
#3193=DIRECTION('',(0.,1.,0.));
#3194=DIRECTION('center_axis',(0.,1.,0.));
#3195=DIRECTION('ref_axis',(1.,0.,0.));
#3196=DIRECTION('center_axis',(0.,1.,0.));
#3197=DIRECTION('ref_axis',(1.,0.,0.));
#3198=DIRECTION('',(0.,1.,0.));
#3199=DIRECTION('center_axis',(0.,1.,0.));
#3200=DIRECTION('ref_axis',(1.,0.,0.));
#3201=DIRECTION('center_axis',(0.,1.,0.));
#3202=DIRECTION('ref_axis',(1.,0.,0.));
#3203=DIRECTION('',(0.,1.,0.));
#3204=DIRECTION('center_axis',(0.,1.,0.));
#3205=DIRECTION('ref_axis',(1.,0.,0.));
#3206=DIRECTION('center_axis',(0.,1.,0.));
#3207=DIRECTION('ref_axis',(1.,0.,0.));
#3208=DIRECTION('',(0.,1.,0.));
#3209=DIRECTION('center_axis',(-1.,0.,0.));
#3210=DIRECTION('ref_axis',(0.,0.,1.));
#3211=DIRECTION('',(0.,-1.,0.));
#3212=DIRECTION('',(0.,1.,0.));
#3213=DIRECTION('',(0.,0.,-1.));
#3214=DIRECTION('',(0.,0.,-1.));
#3215=DIRECTION('',(0.,1.,0.));
#3216=DIRECTION('',(0.,0.,-1.));
#3217=DIRECTION('center_axis',(0.,0.,1.));
#3218=DIRECTION('ref_axis',(1.,0.,0.));
#3219=DIRECTION('',(0.,-1.,0.));
#3220=DIRECTION('',(1.,0.,0.));
#3221=DIRECTION('center_axis',(1.,0.,0.));
#3222=DIRECTION('ref_axis',(0.,0.,-1.));
#3223=DIRECTION('',(0.,0.,1.));
#3224=DIRECTION('',(0.,0.,-1.));
#3225=DIRECTION('',(0.,0.,-1.));
#3226=DIRECTION('center_axis',(0.,-1.,0.));
#3227=DIRECTION('ref_axis',(-1.,0.,0.));
#3228=DIRECTION('center_axis',(0.,-1.,0.));
#3229=DIRECTION('ref_axis',(1.,0.,0.));
#3230=DIRECTION('center_axis',(0.,1.,0.));
#3231=DIRECTION('ref_axis',(1.,0.,0.));
#3232=DIRECTION('center_axis',(0.,1.,0.));
#3233=DIRECTION('ref_axis',(1.,0.,0.));
#3234=DIRECTION('',(0.,1.,0.));
#3235=DIRECTION('center_axis',(0.,1.,0.));
#3236=DIRECTION('ref_axis',(1.,0.,0.));
#3237=DIRECTION('center_axis',(0.,1.,0.));
#3238=DIRECTION('ref_axis',(0.,0.,1.));
#3239=DIRECTION('',(0.,0.,-1.));
#3240=DIRECTION('center_axis',(0.,1.,0.));
#3241=DIRECTION('ref_axis',(1.,0.,0.));
#3242=DIRECTION('center_axis',(1.,0.,0.));
#3243=DIRECTION('ref_axis',(0.,0.,-1.));
#3244=DIRECTION('',(0.,0.,-1.));
#3245=DIRECTION('',(0.,0.,-1.));
#3246=DIRECTION('center_axis',(0.,0.,1.));
#3247=DIRECTION('ref_axis',(1.,0.,0.));
#3248=DIRECTION('center_axis',(0.,0.,1.));
#3249=DIRECTION('ref_axis',(1.,0.,0.));
#3250=DIRECTION('center_axis',(0.,1.,0.));
#3251=DIRECTION('ref_axis',(1.,0.,0.));
#3252=DIRECTION('center_axis',(1.,0.,0.));
#3253=DIRECTION('ref_axis',(0.,0.,-1.));
#3254=DIRECTION('',(0.,0.,-1.));
#3255=DIRECTION('',(0.,1.,0.));
#3256=DIRECTION('',(0.,0.,-1.));
#3257=DIRECTION('center_axis',(0.,-1.,0.));
#3258=DIRECTION('ref_axis',(0.,0.,-1.));
#3259=DIRECTION('',(0.,0.,-1.));
#3260=DIRECTION('',(1.,0.,0.));
#3261=DIRECTION('center_axis',(-1.,0.,0.));
#3262=DIRECTION('ref_axis',(0.,0.,1.));
#3263=DIRECTION('',(0.,0.,-1.));
#3264=DIRECTION('',(0.,-1.,0.));
#3265=DIRECTION('',(0.,0.,-1.));
#3266=DIRECTION('',(0.,-1.,0.));
#3267=DIRECTION('',(0.,0.,1.));
#3268=DIRECTION('',(0.,-1.,0.));
#3269=DIRECTION('center_axis',(0.,1.,0.));
#3270=DIRECTION('ref_axis',(0.,0.,1.));
#3271=DIRECTION('',(-1.,0.,0.));
#3272=DIRECTION('center_axis',(0.,0.,1.));
#3273=DIRECTION('ref_axis',(1.,0.,0.));
#3274=DIRECTION('',(1.,0.,0.));
#3275=DIRECTION('center_axis',(0.,0.,1.));
#3276=DIRECTION('ref_axis',(1.,0.,0.));
#3277=DIRECTION('',(-1.,0.,0.));
#3278=DIRECTION('',(0.,1.,0.));
#3279=DIRECTION('center_axis',(0.,1.,0.));
#3280=DIRECTION('ref_axis',(0.,0.,1.));
#3281=DIRECTION('',(-1.,0.,0.));
#3282=DIRECTION('',(0.,0.,-1.));
#3283=DIRECTION('center_axis',(-1.,0.,0.));
#3284=DIRECTION('ref_axis',(0.,0.,1.));
#3285=DIRECTION('center_axis',(0.,-1.,0.));
#3286=DIRECTION('ref_axis',(0.,0.,-1.));
#3287=DIRECTION('',(0.,0.,1.));
#3288=DIRECTION('',(1.,0.,0.));
#3289=DIRECTION('center_axis',(0.,0.,-1.));
#3290=DIRECTION('ref_axis',(-1.,0.,0.));
#3291=DIRECTION('center_axis',(0.,0.,-1.));
#3292=DIRECTION('ref_axis',(1.,0.,0.));
#3293=DIRECTION('center_axis',(0.,0.,1.));
#3294=DIRECTION('ref_axis',(1.,0.,0.));
#3295=DIRECTION('center_axis',(0.,0.,1.));
#3296=DIRECTION('ref_axis',(1.,0.,0.));
#3297=DIRECTION('',(0.,0.,-1.));
#3298=DIRECTION('center_axis',(0.,0.,-1.));
#3299=DIRECTION('ref_axis',(1.,0.,0.));
#3300=DIRECTION('center_axis',(0.,0.,-1.));
#3301=DIRECTION('ref_axis',(-1.,0.,0.));
#3302=DIRECTION('center_axis',(0.,1.,0.));
#3303=DIRECTION('ref_axis',(1.,0.,0.));
#3304=DIRECTION('center_axis',(0.,-1.,0.));
#3305=DIRECTION('ref_axis',(1.,0.,0.));
#3306=DIRECTION('',(0.,1.,0.));
#3307=DIRECTION('center_axis',(0.,1.,0.));
#3308=DIRECTION('ref_axis',(1.,0.,0.));
#3309=DIRECTION('center_axis',(0.,-1.,0.));
#3310=DIRECTION('ref_axis',(-1.,0.,0.));
#3311=DIRECTION('center_axis',(0.,1.,0.));
#3312=DIRECTION('ref_axis',(1.,0.,0.));
#3313=DIRECTION('center_axis',(0.,1.,0.));
#3314=DIRECTION('ref_axis',(1.,0.,0.));
#3315=DIRECTION('center_axis',(0.,-1.,0.));
#3316=DIRECTION('ref_axis',(1.,0.,0.));
#3317=DIRECTION('',(0.,1.,0.));
#3318=DIRECTION('center_axis',(0.,1.,0.));
#3319=DIRECTION('ref_axis',(1.,0.,0.));
#3320=DIRECTION('center_axis',(0.,-1.,0.));
#3321=DIRECTION('ref_axis',(-1.,0.,0.));
#3322=DIRECTION('center_axis',(0.,1.,0.));
#3323=DIRECTION('ref_axis',(1.,0.,0.));
#3324=DIRECTION('center_axis',(0.,1.,0.));
#3325=DIRECTION('ref_axis',(1.,0.,0.));
#3326=DIRECTION('center_axis',(0.,-1.,0.));
#3327=DIRECTION('ref_axis',(1.,0.,0.));
#3328=DIRECTION('',(0.,1.,0.));
#3329=DIRECTION('center_axis',(0.,1.,0.));
#3330=DIRECTION('ref_axis',(1.,0.,0.));
#3331=DIRECTION('center_axis',(0.,-1.,0.));
#3332=DIRECTION('ref_axis',(-1.,0.,0.));
#3333=DIRECTION('center_axis',(0.,1.,0.));
#3334=DIRECTION('ref_axis',(1.,0.,0.));
#3335=DIRECTION('center_axis',(0.,1.,0.));
#3336=DIRECTION('ref_axis',(1.,0.,0.));
#3337=DIRECTION('center_axis',(0.,-1.,0.));
#3338=DIRECTION('ref_axis',(1.,0.,0.));
#3339=DIRECTION('',(0.,1.,0.));
#3340=DIRECTION('center_axis',(0.,1.,0.));
#3341=DIRECTION('ref_axis',(1.,0.,0.));
#3342=DIRECTION('center_axis',(0.,-1.,0.));
#3343=DIRECTION('ref_axis',(-1.,0.,0.));
#3344=DIRECTION('center_axis',(0.,1.,0.));
#3345=DIRECTION('ref_axis',(1.,0.,0.));
#3346=DIRECTION('center_axis',(0.,0.,1.));
#3347=DIRECTION('ref_axis',(1.,0.,0.));
#3348=DIRECTION('center_axis',(0.,0.,-1.));
#3349=DIRECTION('ref_axis',(1.,0.,0.));
#3350=DIRECTION('',(0.,0.,1.));
#3351=DIRECTION('center_axis',(0.,0.,1.));
#3352=DIRECTION('ref_axis',(1.,0.,0.));
#3353=DIRECTION('center_axis',(0.,0.,-1.));
#3354=DIRECTION('ref_axis',(-1.,0.,0.));
#3355=DIRECTION('center_axis',(0.,0.,1.));
#3356=DIRECTION('ref_axis',(1.,0.,0.));
#3357=DIRECTION('center_axis',(0.,0.,1.));
#3358=DIRECTION('ref_axis',(1.,0.,0.));
#3359=DIRECTION('center_axis',(0.,0.,-1.));
#3360=DIRECTION('ref_axis',(1.,0.,0.));
#3361=DIRECTION('',(0.,0.,1.));
#3362=DIRECTION('center_axis',(0.,0.,1.));
#3363=DIRECTION('ref_axis',(1.,0.,0.));
#3364=DIRECTION('center_axis',(0.,0.,-1.));
#3365=DIRECTION('ref_axis',(-1.,0.,0.));
#3366=DIRECTION('center_axis',(0.,0.,1.));
#3367=DIRECTION('ref_axis',(1.,0.,0.));
#3368=DIRECTION('center_axis',(0.,-1.,0.));
#3369=DIRECTION('ref_axis',(0.,0.,-1.));
#3370=DIRECTION('center_axis',(0.,-1.,0.));
#3371=DIRECTION('ref_axis',(1.,0.,0.));
#3372=DIRECTION('',(-1.,0.,0.));
#3373=DIRECTION('',(0.,0.,-1.));
#3374=DIRECTION('',(1.,0.,0.));
#3375=DIRECTION('center_axis',(0.,1.,0.));
#3376=DIRECTION('ref_axis',(1.,0.,0.));
#3377=DIRECTION('center_axis',(0.,-1.,0.));
#3378=DIRECTION('ref_axis',(1.,0.,0.));
#3379=DIRECTION('',(0.,-1.,0.));
#3380=DIRECTION('',(0.,1.,0.));
#3381=DIRECTION('center_axis',(0.,0.,1.));
#3382=DIRECTION('ref_axis',(1.,0.,0.));
#3383=DIRECTION('',(-1.,0.,0.));
#3384=DIRECTION('center_axis',(0.,0.,-1.));
#3385=DIRECTION('ref_axis',(1.,0.,0.));
#3386=DIRECTION('center_axis',(0.,0.,1.));
#3387=DIRECTION('ref_axis',(1.,0.,0.));
#3388=DIRECTION('',(1.,0.,0.));
#3389=DIRECTION('center_axis',(0.,0.,1.));
#3390=DIRECTION('ref_axis',(1.,0.,0.));
#3391=DIRECTION('center_axis',(0.,0.,1.));
#3392=DIRECTION('ref_axis',(1.,0.,0.));
#3393=DIRECTION('',(0.,0.,-1.));
#3394=DIRECTION('center_axis',(0.,-1.,0.));
#3395=DIRECTION('ref_axis',(0.,0.,-1.));
#3396=DIRECTION('center_axis',(0.,1.,0.));
#3397=DIRECTION('ref_axis',(0.,0.,1.));
#3398=DIRECTION('center_axis',(0.,1.,0.));
#3399=DIRECTION('ref_axis',(1.,0.,0.));
#3400=DIRECTION('',(-1.,0.,0.));
#3401=DIRECTION('',(0.,0.,1.));
#3402=DIRECTION('',(1.,0.,0.));
#3403=DIRECTION('center_axis',(0.,0.,1.));
#3404=DIRECTION('ref_axis',(1.,0.,0.));
#3405=DIRECTION('center_axis',(0.,0.,1.));
#3406=DIRECTION('ref_axis',(1.,0.,0.));
#3407=DIRECTION('',(0.,0.,-1.));
#3408=DIRECTION('center_axis',(0.,0.,-1.));
#3409=DIRECTION('ref_axis',(1.,0.,0.));
#3410=DIRECTION('center_axis',(0.,0.,1.));
#3411=DIRECTION('ref_axis',(1.,0.,0.));
#3412=DIRECTION('',(0.,-1.,0.));
#3413=DIRECTION('',(1.,0.,0.));
#3414=DIRECTION('center_axis',(0.,1.,0.));
#3415=DIRECTION('ref_axis',(1.,0.,0.));
#3416=DIRECTION('',(0.,1.,0.));
#3417=DIRECTION('center_axis',(0.,1.,0.));
#3418=DIRECTION('ref_axis',(1.,0.,0.));
#3419=DIRECTION('center_axis',(0.,1.,0.));
#3420=DIRECTION('ref_axis',(0.,0.,1.));
#3421=DIRECTION('',(-1.,0.,0.));
#3422=DIRECTION('center_axis',(0.,0.,1.));
#3423=DIRECTION('ref_axis',(1.,0.,0.));
#3424=CARTESIAN_POINT('',(0.,0.,0.));
#3425=CARTESIAN_POINT('Origin',(135.,60.3,240.));
#3426=CARTESIAN_POINT('',(-27.,60.3,240.));
#3427=CARTESIAN_POINT('Origin',(0.,60.3,240.));
#3428=CARTESIAN_POINT('',(-23.7,60.3,240.));
#3429=CARTESIAN_POINT('Origin',(0.,60.3,240.));
#3430=CARTESIAN_POINT('Origin',(135.,60.3,240.));
#3431=CARTESIAN_POINT('',(27.898484809835,60.3,269.698484809835));
#3432=CARTESIAN_POINT('Origin',(29.698484809835,60.3,269.698484809835));
#3433=CARTESIAN_POINT('Origin',(135.,60.3,240.));
#3434=CARTESIAN_POINT('',(-31.498484809835,60.3,269.698484809835));
#3435=CARTESIAN_POINT('Origin',(-29.698484809835,60.3,269.698484809835));
#3436=CARTESIAN_POINT('Origin',(135.,60.3,240.));
#3437=CARTESIAN_POINT('',(-31.498484809835,60.3,210.301515190165));
#3438=CARTESIAN_POINT('Origin',(-29.698484809835,60.3,210.301515190165));
#3439=CARTESIAN_POINT('Origin',(135.,60.3,240.));
#3440=CARTESIAN_POINT('',(27.898484809835,60.3,210.301515190165));
#3441=CARTESIAN_POINT('Origin',(29.698484809835,60.3,210.301515190165));
#3442=CARTESIAN_POINT('Origin',(0.,52.3,240.));
#3443=CARTESIAN_POINT('',(-23.7,59.,240.));
#3444=CARTESIAN_POINT('',(-23.7,52.3,240.));
#3445=CARTESIAN_POINT('Origin',(0.,59.,240.));
#3446=CARTESIAN_POINT('Origin',(135.,-60.3,240.));
#3447=CARTESIAN_POINT('',(-27.,-60.3,240.));
#3448=CARTESIAN_POINT('Origin',(0.,-60.3,240.));
#3449=CARTESIAN_POINT('',(-23.7,-60.3,240.));
#3450=CARTESIAN_POINT('Origin',(0.,-60.3,240.));
#3451=CARTESIAN_POINT('Origin',(135.,-60.3,240.));
#3452=CARTESIAN_POINT('',(-31.498484809835,-60.3,210.301515190165));
#3453=CARTESIAN_POINT('Origin',(-29.698484809835,-60.3,210.301515190165));
#3454=CARTESIAN_POINT('Origin',(135.,-60.3,240.));
#3455=CARTESIAN_POINT('',(-31.498484809835,-60.3,269.698484809835));
#3456=CARTESIAN_POINT('Origin',(-29.698484809835,-60.3,269.698484809835));
#3457=CARTESIAN_POINT('Origin',(135.,-60.3,240.));
#3458=CARTESIAN_POINT('',(27.898484809835,-60.3,210.301515190165));
#3459=CARTESIAN_POINT('Origin',(29.698484809835,-60.3,210.301515190165));
#3460=CARTESIAN_POINT('Origin',(135.,-60.3,240.));
#3461=CARTESIAN_POINT('',(27.898484809835,-60.3,269.698484809835));
#3462=CARTESIAN_POINT('Origin',(29.698484809835,-60.3,269.698484809835));
#3463=CARTESIAN_POINT('Origin',(0.,-52.3,240.));
#3464=CARTESIAN_POINT('',(-23.7,-59.,240.));
#3465=CARTESIAN_POINT('Origin',(0.,-59.,240.));
#3466=CARTESIAN_POINT('',(-23.7,-52.3,240.));
#3467=CARTESIAN_POINT('Origin',(33.,-61.,273.));
#3468=CARTESIAN_POINT('',(30.2158286877783,-61.,271.422536813678));
#3469=CARTESIAN_POINT('',(31.4225368136779,-61.,270.215828687778));
#3470=CARTESIAN_POINT('Origin',(29.698484809835,-61.,269.698484809835));
#3471=CARTESIAN_POINT('Origin',(33.,-61.,273.));
#3472=CARTESIAN_POINT('Origin',(33.,-69.,273.));
#3473=CARTESIAN_POINT('',(29.8,-77.,273.));
#3474=CARTESIAN_POINT('Origin',(33.,-77.,273.));
#3475=CARTESIAN_POINT('',(29.8,-62.,273.));
#3476=CARTESIAN_POINT('',(29.8,-69.,273.));
#3477=CARTESIAN_POINT('',(31.4225368136779,-62.,270.215828687778));
#3478=CARTESIAN_POINT('Origin',(33.,-62.,273.));
#3479=CARTESIAN_POINT('',(31.4225368136779,-69.,270.215828687778));
#3480=CARTESIAN_POINT('',(30.2158286877783,-62.,271.422536813678));
#3481=CARTESIAN_POINT('',(30.2158286877783,-69.,271.422536813678));
#3482=CARTESIAN_POINT('Origin',(33.,-62.,273.));
#3483=CARTESIAN_POINT('Origin',(33.,-77.,273.));
#3484=CARTESIAN_POINT('',(30.8,-77.,273.));
#3485=CARTESIAN_POINT('Origin',(33.,-77.,273.));
#3486=CARTESIAN_POINT('Origin',(29.698484809835,-68.,269.698484809835));
#3487=CARTESIAN_POINT('',(27.898484809835,-62.,269.698484809835));
#3488=CARTESIAN_POINT('',(27.898484809835,-68.,269.698484809835));
#3489=CARTESIAN_POINT('Origin',(29.698484809835,-62.,269.698484809835));
#3490=CARTESIAN_POINT('Origin',(29.698484809835,-62.,269.698484809835));
#3491=CARTESIAN_POINT('Origin',(33.,-61.,207.));
#3492=CARTESIAN_POINT('',(31.4225368136779,-61.,209.784171312222));
#3493=CARTESIAN_POINT('',(30.2158286877783,-61.,208.577463186322));
#3494=CARTESIAN_POINT('Origin',(29.698484809835,-61.,210.301515190165));
#3495=CARTESIAN_POINT('Origin',(33.,-61.,207.));
#3496=CARTESIAN_POINT('Origin',(33.,-69.,207.));
#3497=CARTESIAN_POINT('',(29.8,-77.,207.));
#3498=CARTESIAN_POINT('Origin',(33.,-77.,207.));
#3499=CARTESIAN_POINT('',(29.8,-62.,207.));
#3500=CARTESIAN_POINT('',(29.8,-69.,207.));
#3501=CARTESIAN_POINT('',(30.2158286877783,-62.,208.577463186322));
#3502=CARTESIAN_POINT('Origin',(33.,-62.,207.));
#3503=CARTESIAN_POINT('',(30.2158286877783,-69.,208.577463186322));
#3504=CARTESIAN_POINT('',(31.4225368136779,-62.,209.784171312222));
#3505=CARTESIAN_POINT('',(31.4225368136779,-69.,209.784171312222));
#3506=CARTESIAN_POINT('Origin',(33.,-62.,207.));
#3507=CARTESIAN_POINT('Origin',(33.,-77.,207.));
#3508=CARTESIAN_POINT('',(30.8,-77.,207.));
#3509=CARTESIAN_POINT('Origin',(33.,-77.,207.));
#3510=CARTESIAN_POINT('Origin',(29.698484809835,-68.,210.301515190165));
#3511=CARTESIAN_POINT('',(27.898484809835,-62.,210.301515190165));
#3512=CARTESIAN_POINT('',(27.898484809835,-68.,210.301515190165));
#3513=CARTESIAN_POINT('Origin',(29.698484809835,-62.,210.301515190165));
#3514=CARTESIAN_POINT('Origin',(29.698484809835,-62.,210.301515190165));
#3515=CARTESIAN_POINT('Origin',(-33.,-61.,273.));
#3516=CARTESIAN_POINT('',(-31.4225368136779,-61.,270.215828687778));
#3517=CARTESIAN_POINT('',(-30.2158286877783,-61.,271.422536813678));
#3518=CARTESIAN_POINT('Origin',(-29.698484809835,-61.,269.698484809835));
#3519=CARTESIAN_POINT('Origin',(-33.,-61.,273.));
#3520=CARTESIAN_POINT('Origin',(-33.,-69.,273.));
#3521=CARTESIAN_POINT('',(-36.2,-77.,273.));
#3522=CARTESIAN_POINT('Origin',(-33.,-77.,273.));
#3523=CARTESIAN_POINT('',(-36.2,-62.,273.));
#3524=CARTESIAN_POINT('',(-36.2,-69.,273.));
#3525=CARTESIAN_POINT('',(-30.2158286877783,-62.,271.422536813678));
#3526=CARTESIAN_POINT('Origin',(-33.,-62.,273.));
#3527=CARTESIAN_POINT('',(-30.2158286877783,-69.,271.422536813678));
#3528=CARTESIAN_POINT('',(-31.4225368136779,-62.,270.215828687778));
#3529=CARTESIAN_POINT('',(-31.4225368136779,-69.,270.215828687778));
#3530=CARTESIAN_POINT('Origin',(-33.,-62.,273.));
#3531=CARTESIAN_POINT('Origin',(-33.,-77.,273.));
#3532=CARTESIAN_POINT('',(-35.2,-77.,273.));
#3533=CARTESIAN_POINT('Origin',(-33.,-77.,273.));
#3534=CARTESIAN_POINT('Origin',(-29.698484809835,-68.,269.698484809835));
#3535=CARTESIAN_POINT('',(-31.498484809835,-62.,269.698484809835));
#3536=CARTESIAN_POINT('',(-31.498484809835,-68.,269.698484809835));
#3537=CARTESIAN_POINT('Origin',(-29.698484809835,-62.,269.698484809835));
#3538=CARTESIAN_POINT('Origin',(-29.698484809835,-62.,269.698484809835));
#3539=CARTESIAN_POINT('Origin',(-33.,-61.,207.));
#3540=CARTESIAN_POINT('',(-30.2158286877783,-61.,208.577463186322));
#3541=CARTESIAN_POINT('',(-31.4225368136779,-61.,209.784171312222));
#3542=CARTESIAN_POINT('Origin',(-29.698484809835,-61.,210.301515190165));
#3543=CARTESIAN_POINT('Origin',(-33.,-61.,207.));
#3544=CARTESIAN_POINT('Origin',(-33.,-69.,207.));
#3545=CARTESIAN_POINT('',(-36.2,-77.,207.));
#3546=CARTESIAN_POINT('Origin',(-33.,-77.,207.));
#3547=CARTESIAN_POINT('',(-36.2,-62.,207.));
#3548=CARTESIAN_POINT('',(-36.2,-69.,207.));
#3549=CARTESIAN_POINT('',(-31.4225368136779,-62.,209.784171312222));
#3550=CARTESIAN_POINT('Origin',(-33.,-62.,207.));
#3551=CARTESIAN_POINT('',(-31.4225368136779,-69.,209.784171312222));
#3552=CARTESIAN_POINT('',(-30.2158286877783,-62.,208.577463186322));
#3553=CARTESIAN_POINT('',(-30.2158286877783,-69.,208.577463186322));
#3554=CARTESIAN_POINT('Origin',(-33.,-62.,207.));
#3555=CARTESIAN_POINT('Origin',(-33.,-77.,207.));
#3556=CARTESIAN_POINT('',(-35.2,-77.,207.));
#3557=CARTESIAN_POINT('Origin',(-33.,-77.,207.));
#3558=CARTESIAN_POINT('Origin',(-29.698484809835,-68.,210.301515190165));
#3559=CARTESIAN_POINT('',(-31.498484809835,-62.,210.301515190165));
#3560=CARTESIAN_POINT('',(-31.498484809835,-68.,210.301515190165));
#3561=CARTESIAN_POINT('Origin',(-29.698484809835,-62.,210.301515190165));
#3562=CARTESIAN_POINT('Origin',(-29.698484809835,-62.,210.301515190165));
#3563=CARTESIAN_POINT('Origin',(29.698484809835,68.,210.301515190165));
#3564=CARTESIAN_POINT('',(27.898484809835,62.,210.301515190165));
#3565=CARTESIAN_POINT('Origin',(29.698484809835,62.,210.301515190165));
#3566=CARTESIAN_POINT('',(27.898484809835,68.,210.301515190165));
#3567=CARTESIAN_POINT('Origin',(-29.698484809835,68.,210.301515190165));
#3568=CARTESIAN_POINT('',(-31.498484809835,62.,210.301515190165));
#3569=CARTESIAN_POINT('Origin',(-29.698484809835,62.,210.301515190165));
#3570=CARTESIAN_POINT('',(-31.498484809835,68.,210.301515190165));
#3571=CARTESIAN_POINT('Origin',(-29.698484809835,68.,269.698484809835));
#3572=CARTESIAN_POINT('',(-31.498484809835,62.,269.698484809835));
#3573=CARTESIAN_POINT('Origin',(-29.698484809835,62.,269.698484809835));
#3574=CARTESIAN_POINT('',(-31.498484809835,68.,269.698484809835));
#3575=CARTESIAN_POINT('Origin',(29.698484809835,68.,269.698484809835));
#3576=CARTESIAN_POINT('',(27.898484809835,62.,269.698484809835));
#3577=CARTESIAN_POINT('Origin',(29.698484809835,62.,269.698484809835));
#3578=CARTESIAN_POINT('',(27.898484809835,68.,269.698484809835));
#3579=CARTESIAN_POINT('Origin',(0.,62.,240.));
#3580=CARTESIAN_POINT('',(-23.7,62.,240.));
#3581=CARTESIAN_POINT('Origin',(0.,62.,240.));
#3582=CARTESIAN_POINT('',(-18.,62.,240.));
#3583=CARTESIAN_POINT('Origin',(0.,62.,240.));
#3584=CARTESIAN_POINT('Origin',(0.,60.5,240.));
#3585=CARTESIAN_POINT('',(-18.,59.,240.));
#3586=CARTESIAN_POINT('Origin',(0.,59.,240.));
#3587=CARTESIAN_POINT('',(-18.,60.5,240.));
#3588=CARTESIAN_POINT('Origin',(0.,60.5,240.));
#3589=CARTESIAN_POINT('',(-27.,62.,240.));
#3590=CARTESIAN_POINT('Origin',(0.,62.,240.));
#3591=CARTESIAN_POINT('',(-27.,60.5,240.));
#3592=CARTESIAN_POINT('Origin',(0.,59.,240.));
#3593=CARTESIAN_POINT('Origin',(0.,-62.,240.));
#3594=CARTESIAN_POINT('',(-23.7,-62.,240.));
#3595=CARTESIAN_POINT('Origin',(0.,-62.,240.));
#3596=CARTESIAN_POINT('',(-18.,-62.,240.));
#3597=CARTESIAN_POINT('Origin',(0.,-62.,240.));
#3598=CARTESIAN_POINT('Origin',(0.,-60.5,240.));
#3599=CARTESIAN_POINT('',(-18.,-59.,240.));
#3600=CARTESIAN_POINT('',(-18.,-60.5,240.));
#3601=CARTESIAN_POINT('Origin',(0.,-59.,240.));
#3602=CARTESIAN_POINT('Origin',(0.,-60.5,240.));
#3603=CARTESIAN_POINT('',(-27.,-62.,240.));
#3604=CARTESIAN_POINT('',(-27.,-60.5,240.));
#3605=CARTESIAN_POINT('Origin',(0.,-62.,240.));
#3606=CARTESIAN_POINT('Origin',(0.,-59.,240.));
#3607=CARTESIAN_POINT('Origin',(11.9,0.,170.));
#3608=CARTESIAN_POINT('',(6.71416413263781,2.6,170.));
#3609=CARTESIAN_POINT('',(7.2,-2.63287492447764E-16,172.6));
#3610=CARTESIAN_POINT('Ctrl Pts',(6.71416413263781,2.6,170.));
#3611=CARTESIAN_POINT('Ctrl Pts',(6.71416413263781,2.6,170.329820243398));
#3612=CARTESIAN_POINT('Ctrl Pts',(6.7410274062097,2.53347212628666,170.679331126792));
#3613=CARTESIAN_POINT('Ctrl Pts',(6.8351598838562,2.26727142706729,171.318883409972));
#3614=CARTESIAN_POINT('Ctrl Pts',(6.90077575053852,2.06773248851914,171.609222773651));
#3615=CARTESIAN_POINT('Ctrl Pts',(7.02182822831794,1.60937214308948,172.067583119081));
#3616=CARTESIAN_POINT('Ctrl Pts',(7.08552346698549,1.31897442273065,172.2672363987));
#3617=CARTESIAN_POINT('Ctrl Pts',(7.17516700954205,0.679201528650173,172.533523214874));
#3618=CARTESIAN_POINT('Ctrl Pts',(7.2,0.329605351268353,172.6));
#3619=CARTESIAN_POINT('Ctrl Pts',(7.2,-2.42861286636753E-16,172.6));
#3620=CARTESIAN_POINT('Ctrl Pts',(7.2,-3.46944695195361E-16,172.6));
#3621=CARTESIAN_POINT('Ctrl Pts',(7.2,-0.329605351268354,172.6));
#3622=CARTESIAN_POINT('Ctrl Pts',(7.17516700954205,-0.679201528650172,172.533523214874));
#3623=CARTESIAN_POINT('Ctrl Pts',(7.08552346698549,-1.31897442273065,172.2672363987));
#3624=CARTESIAN_POINT('Ctrl Pts',(7.02182822831794,-1.60937214308948,172.067583119081));
#3625=CARTESIAN_POINT('Ctrl Pts',(6.90077575053852,-2.06773248851914,171.609222773651));
#3626=CARTESIAN_POINT('Ctrl Pts',(6.8351598838562,-2.2672714270673,171.318883409972));
#3627=CARTESIAN_POINT('Ctrl Pts',(6.74102740620969,-2.53347212628667,170.679331126792));
#3628=CARTESIAN_POINT('Ctrl Pts',(6.71416413263781,-2.6,170.329820243398));
#3629=CARTESIAN_POINT('Ctrl Pts',(6.71416413263781,-2.6,169.670179756602));
#3630=CARTESIAN_POINT('Ctrl Pts',(6.7410274062097,-2.53347212628664,169.320668873208));
#3631=CARTESIAN_POINT('Ctrl Pts',(6.83515988385622,-2.26727142706726,168.681116590028));
#3632=CARTESIAN_POINT('Ctrl Pts',(6.90077575053852,-2.06773248851915,168.390777226349));
#3633=CARTESIAN_POINT('Ctrl Pts',(7.02182822831794,-1.60937214308948,167.932416880919));
#3634=CARTESIAN_POINT('Ctrl Pts',(7.0855234669855,-1.31897442273063,167.7327636013));
#3635=CARTESIAN_POINT('Ctrl Pts',(7.17516700954205,-0.679201528650147,167.466476785126));
#3636=CARTESIAN_POINT('Ctrl Pts',(7.2,-0.329605351268354,167.4));
#3637=CARTESIAN_POINT('Ctrl Pts',(7.2,0.329605351268352,167.4));
#3638=CARTESIAN_POINT('Ctrl Pts',(7.17516700954205,0.679201528650172,167.466476785126));
#3639=CARTESIAN_POINT('Ctrl Pts',(7.08552346698549,1.31897442273065,167.7327636013));
#3640=CARTESIAN_POINT('Ctrl Pts',(7.02182822831794,1.60937214308948,167.932416880919));
#3641=CARTESIAN_POINT('Ctrl Pts',(6.90077575053852,2.06773248851914,168.390777226349));
#3642=CARTESIAN_POINT('Ctrl Pts',(6.8351598838562,2.26727142706729,168.681116590028));
#3643=CARTESIAN_POINT('Ctrl Pts',(6.7410274062097,2.53347212628666,169.320668873208));
#3644=CARTESIAN_POINT('Ctrl Pts',(6.71416413263781,2.6,169.670179756602));
#3645=CARTESIAN_POINT('Ctrl Pts',(6.71416413263781,2.6,170.));
#3646=CARTESIAN_POINT('',(18.,-3.18408167778312E-16,172.6));
#3647=CARTESIAN_POINT('',(11.9,-3.18408167778312E-16,172.6));
#3648=CARTESIAN_POINT('Origin',(18.,0.,170.));
#3649=CARTESIAN_POINT('Origin',(24.,0.,170.));
#3650=CARTESIAN_POINT('',(18.,-5.63337527607783E-16,174.6));
#3651=CARTESIAN_POINT('Origin',(18.,0.,170.));
#3652=CARTESIAN_POINT('',(27.,-5.63337527607783E-16,174.6));
#3653=CARTESIAN_POINT('',(24.,-5.63337527607783E-16,174.6));
#3654=CARTESIAN_POINT('',(26.6052626373054,4.6,170.));
#3655=CARTESIAN_POINT('Ctrl Pts',(26.6052626373054,4.6,170.));
#3656=CARTESIAN_POINT('Ctrl Pts',(26.6052626373054,4.6,169.421190217205));
#3657=CARTESIAN_POINT('Ctrl Pts',(26.6261053716634,4.48409309849841,168.80458894954));
#3658=CARTESIAN_POINT('Ctrl Pts',(26.7009733413764,4.01429945146412,167.671588684514));
#3659=CARTESIAN_POINT('Ctrl Pts',(26.7538721055535,3.6604729433258,167.15509055641));
#3660=CARTESIAN_POINT('Ctrl Pts',(26.8528424467146,2.84492135001168,166.339538963095));
#3661=CARTESIAN_POINT('Ctrl Pts',(26.9054041767478,2.32841811612583,165.985703116669));
#3662=CARTESIAN_POINT('Ctrl Pts',(26.9794981971646,1.19540028922999,165.515902691128));
#3663=CARTESIAN_POINT('Ctrl Pts',(27.,0.578792882692876,165.4));
#3664=CARTESIAN_POINT('Ctrl Pts',(27.,-0.578792882692876,165.4));
#3665=CARTESIAN_POINT('Ctrl Pts',(26.9794981971646,-1.19540028922999,165.515902691128));
#3666=CARTESIAN_POINT('Ctrl Pts',(26.9054041767478,-2.32841811612583,165.985703116669));
#3667=CARTESIAN_POINT('Ctrl Pts',(26.8528424467146,-2.84492135001168,166.339538963095));
#3668=CARTESIAN_POINT('Ctrl Pts',(26.7538721055535,-3.6604729433258,167.15509055641));
#3669=CARTESIAN_POINT('Ctrl Pts',(26.7009733413764,-4.01429945146412,167.671588684514));
#3670=CARTESIAN_POINT('Ctrl Pts',(26.6261053716634,-4.48409309849841,168.80458894954));
#3671=CARTESIAN_POINT('Ctrl Pts',(26.6052626373054,-4.6,169.421190217205));
#3672=CARTESIAN_POINT('Ctrl Pts',(26.6052626373054,-4.6,170.578809782795));
#3673=CARTESIAN_POINT('Ctrl Pts',(26.6261053716634,-4.48409309849841,171.19541105046));
#3674=CARTESIAN_POINT('Ctrl Pts',(26.7009733413764,-4.01429945146412,172.328411315486));
#3675=CARTESIAN_POINT('Ctrl Pts',(26.7538721055535,-3.6604729433258,172.84490944359));
#3676=CARTESIAN_POINT('Ctrl Pts',(26.8528424467146,-2.84492135001168,173.660461036905));
#3677=CARTESIAN_POINT('Ctrl Pts',(26.9054041767478,-2.32841811612583,174.014296883331));
#3678=CARTESIAN_POINT('Ctrl Pts',(26.9794981971646,-1.19540028922999,174.484097308872));
#3679=CARTESIAN_POINT('Ctrl Pts',(27.,-0.578792882692875,174.6));
#3680=CARTESIAN_POINT('Ctrl Pts',(27.,9.0205620750794E-16,174.6));
#3681=CARTESIAN_POINT('Ctrl Pts',(27.,2.77555756156289E-16,174.6));
#3682=CARTESIAN_POINT('Ctrl Pts',(27.,0.578792882692877,174.6));
#3683=CARTESIAN_POINT('Ctrl Pts',(26.9794981971646,1.19540028922999,174.484097308872));
#3684=CARTESIAN_POINT('Ctrl Pts',(26.9054041767478,2.32841811612583,174.014296883331));
#3685=CARTESIAN_POINT('Ctrl Pts',(26.8528424467146,2.84492135001168,173.660461036905));
#3686=CARTESIAN_POINT('Ctrl Pts',(26.7538721055535,3.6604729433258,172.84490944359));
#3687=CARTESIAN_POINT('Ctrl Pts',(26.7009733413764,4.01429945146412,172.328411315486));
#3688=CARTESIAN_POINT('Ctrl Pts',(26.6261053716634,4.4840930984984,171.19541105046));
#3689=CARTESIAN_POINT('Ctrl Pts',(26.6052626373054,4.6,170.578809782795));
#3690=CARTESIAN_POINT('Ctrl Pts',(26.6052626373054,4.6,170.));
#3691=CARTESIAN_POINT('Origin',(18.,0.,170.));
#3692=CARTESIAN_POINT('Origin',(0.,0.,165.));
#3693=CARTESIAN_POINT('',(-27.,-3.30654635769785E-15,165.));
#3694=CARTESIAN_POINT('Origin',(0.,0.,165.));
#3695=CARTESIAN_POINT('',(-17.4,2.13088543051639E-15,165.));
#3696=CARTESIAN_POINT('Origin',(0.,0.,165.));
#3697=CARTESIAN_POINT('Origin',(0.,0.,176.));
#3698=CARTESIAN_POINT('',(-27.,-3.30654635769785E-15,176.));
#3699=CARTESIAN_POINT('Origin',(0.,0.,176.));
#3700=CARTESIAN_POINT('',(-17.4,-2.13088543051639E-15,176.));
#3701=CARTESIAN_POINT('Origin',(0.,0.,176.));
#3702=CARTESIAN_POINT('Origin',(0.,0.,170.5));
#3703=CARTESIAN_POINT('',(-27.,-3.30654635769785E-15,170.5));
#3704=CARTESIAN_POINT('Origin',(0.,0.,176.25));
#3705=CARTESIAN_POINT('',(-17.4,2.13088543051639E-15,188.2));
#3706=CARTESIAN_POINT('Origin',(0.,0.,188.2));
#3707=CARTESIAN_POINT('',(-17.4,-2.13088543051639E-15,176.25));
#3708=CARTESIAN_POINT('Origin',(0.,0.,176.25));
#3709=CARTESIAN_POINT('',(-17.4,-2.13088543051639E-15,164.3));
#3710=CARTESIAN_POINT('',(-17.4,-2.13088543051639E-15,176.25));
#3711=CARTESIAN_POINT('Origin',(0.,0.,164.3));
#3712=CARTESIAN_POINT('Origin',(0.,0.,164.3));
#3713=CARTESIAN_POINT('',(-19.9,2.43704713030323E-15,164.3));
#3714=CARTESIAN_POINT('Origin',(0.,0.,164.3));
#3715=CARTESIAN_POINT('Origin',(0.,0.,190.));
#3716=CARTESIAN_POINT('',(0.,-7.2,190.));
#3717=CARTESIAN_POINT('',(0.,7.2,190.));
#3718=CARTESIAN_POINT('',(0.,0.,190.));
#3719=CARTESIAN_POINT('',(-7.2,-8.81745695386094E-16,190.));
#3720=CARTESIAN_POINT('Origin',(0.,0.,190.));
#3721=CARTESIAN_POINT('Origin',(0.,0.,190.));
#3722=CARTESIAN_POINT('Origin',(0.,0.,172.5));
#3723=CARTESIAN_POINT('',(-7.2,-8.81745695386094E-16,145.2));
#3724=CARTESIAN_POINT('Origin',(0.,0.,145.2));
#3725=CARTESIAN_POINT('',(-7.2,-8.81745695386094E-16,172.5));
#3726=CARTESIAN_POINT('',(0.,-7.2,195.));
#3727=CARTESIAN_POINT('',(0.,-7.2,172.5));
#3728=CARTESIAN_POINT('',(0.,7.2,195.));
#3729=CARTESIAN_POINT('Origin',(0.,0.,195.));
#3730=CARTESIAN_POINT('',(0.,7.2,172.5));
#3731=CARTESIAN_POINT('Origin',(23.57,-74.5,263.57));
#3732=CARTESIAN_POINT('',(19.82,-77.,263.57));
#3733=CARTESIAN_POINT('Origin',(23.57,-77.,263.57));
#3734=CARTESIAN_POINT('',(19.82,-72.,263.57));
#3735=CARTESIAN_POINT('',(19.82,-74.5,263.57));
#3736=CARTESIAN_POINT('Origin',(23.57,-72.,263.57));
#3737=CARTESIAN_POINT('Origin',(23.57,-77.,263.57));
#3738=CARTESIAN_POINT('',(21.32,-77.,263.57));
#3739=CARTESIAN_POINT('Origin',(23.57,-77.,263.57));
#3740=CARTESIAN_POINT('Origin',(23.57,-72.,263.57));
#3741=CARTESIAN_POINT('Origin',(23.57,-84.,263.57));
#3742=CARTESIAN_POINT('',(21.32,-78.,263.57));
#3743=CARTESIAN_POINT('Origin',(23.57,-78.,263.57));
#3744=CARTESIAN_POINT('',(21.32,-84.,263.57));
#3745=CARTESIAN_POINT('Origin',(23.57,-74.5,216.43));
#3746=CARTESIAN_POINT('',(19.82,-77.,216.43));
#3747=CARTESIAN_POINT('Origin',(23.57,-77.,216.43));
#3748=CARTESIAN_POINT('',(19.82,-72.,216.43));
#3749=CARTESIAN_POINT('',(19.82,-74.5,216.43));
#3750=CARTESIAN_POINT('Origin',(23.57,-72.,216.43));
#3751=CARTESIAN_POINT('Origin',(23.57,-77.,216.43));
#3752=CARTESIAN_POINT('',(21.32,-77.,216.43));
#3753=CARTESIAN_POINT('Origin',(23.57,-77.,216.43));
#3754=CARTESIAN_POINT('Origin',(23.57,-72.,216.43));
#3755=CARTESIAN_POINT('Origin',(23.57,-84.,216.43));
#3756=CARTESIAN_POINT('',(21.32,-78.,216.43));
#3757=CARTESIAN_POINT('Origin',(23.57,-78.,216.43));
#3758=CARTESIAN_POINT('',(21.32,-84.,216.43));
#3759=CARTESIAN_POINT('Origin',(-23.57,-74.5,263.57));
#3760=CARTESIAN_POINT('',(-27.32,-77.,263.57));
#3761=CARTESIAN_POINT('Origin',(-23.57,-77.,263.57));
#3762=CARTESIAN_POINT('',(-27.32,-72.,263.57));
#3763=CARTESIAN_POINT('',(-27.32,-74.5,263.57));
#3764=CARTESIAN_POINT('Origin',(-23.57,-72.,263.57));
#3765=CARTESIAN_POINT('Origin',(-23.57,-77.,263.57));
#3766=CARTESIAN_POINT('',(-25.82,-77.,263.57));
#3767=CARTESIAN_POINT('Origin',(-23.57,-77.,263.57));
#3768=CARTESIAN_POINT('Origin',(-23.57,-72.,263.57));
#3769=CARTESIAN_POINT('Origin',(-23.57,-84.,263.57));
#3770=CARTESIAN_POINT('',(-25.82,-78.,263.57));
#3771=CARTESIAN_POINT('Origin',(-23.57,-78.,263.57));
#3772=CARTESIAN_POINT('',(-25.82,-84.,263.57));
#3773=CARTESIAN_POINT('Origin',(-23.57,-74.5,216.43));
#3774=CARTESIAN_POINT('',(-27.32,-77.,216.43));
#3775=CARTESIAN_POINT('Origin',(-23.57,-77.,216.43));
#3776=CARTESIAN_POINT('',(-27.32,-72.,216.43));
#3777=CARTESIAN_POINT('',(-27.32,-74.5,216.43));
#3778=CARTESIAN_POINT('Origin',(-23.57,-72.,216.43));
#3779=CARTESIAN_POINT('Origin',(-23.57,-77.,216.43));
#3780=CARTESIAN_POINT('',(-25.82,-77.,216.43));
#3781=CARTESIAN_POINT('Origin',(-23.57,-77.,216.43));
#3782=CARTESIAN_POINT('Origin',(-23.57,-72.,216.43));
#3783=CARTESIAN_POINT('Origin',(-23.57,-84.,216.43));
#3784=CARTESIAN_POINT('',(-25.82,-78.,216.43));
#3785=CARTESIAN_POINT('Origin',(-23.57,-78.,216.43));
#3786=CARTESIAN_POINT('',(-25.82,-84.,216.43));
#3787=CARTESIAN_POINT('Origin',(-46.,62.,202.));
#3788=CARTESIAN_POINT('',(-50.1098792654702,62.,207.));
#3789=CARTESIAN_POINT('',(-44.7213595499958,62.,200.));
#3790=CARTESIAN_POINT('Origin',(0.,62.,240.));
#3791=CARTESIAN_POINT('',(-51.,62.,207.));
#3792=CARTESIAN_POINT('',(-46.,62.,207.));
#3793=CARTESIAN_POINT('',(-51.,62.,200.));
#3794=CARTESIAN_POINT('',(-51.,62.,202.));
#3795=CARTESIAN_POINT('',(-23.,62.,200.));
#3796=CARTESIAN_POINT('Origin',(-51.,52.,202.));
#3797=CARTESIAN_POINT('',(-51.,42.,200.));
#3798=CARTESIAN_POINT('',(-51.,26.,200.));
#3799=CARTESIAN_POINT('',(-51.,42.,207.));
#3800=CARTESIAN_POINT('',(-51.,52.,207.));
#3801=CARTESIAN_POINT('',(-51.,42.,202.));
#3802=CARTESIAN_POINT('Origin',(-46.,52.,207.));
#3803=CARTESIAN_POINT('',(-50.1098792654702,42.,207.));
#3804=CARTESIAN_POINT('',(-50.1098792654702,0.,207.));
#3805=CARTESIAN_POINT('',(-46.,42.,207.));
#3806=CARTESIAN_POINT('Origin',(-46.,42.,202.));
#3807=CARTESIAN_POINT('',(-44.7213595499958,42.,200.));
#3808=CARTESIAN_POINT('Origin',(0.,42.,240.));
#3809=CARTESIAN_POINT('',(-23.,42.,200.));
#3810=CARTESIAN_POINT('Origin',(0.,0.,200.));
#3811=CARTESIAN_POINT('',(-44.7213595499958,-42.,200.));
#3812=CARTESIAN_POINT('',(-44.7213595499958,0.,200.));
#3813=CARTESIAN_POINT('',(-51.,-42.,200.));
#3814=CARTESIAN_POINT('',(-23.,-42.,200.));
#3815=CARTESIAN_POINT('',(-51.,-62.,200.));
#3816=CARTESIAN_POINT('',(-51.,-26.,200.));
#3817=CARTESIAN_POINT('',(-44.7213595499958,-62.,200.));
#3818=CARTESIAN_POINT('',(-23.,-62.,200.));
#3819=CARTESIAN_POINT('',(-44.7213595499958,-77.,200.));
#3820=CARTESIAN_POINT('',(-44.7213595499958,0.,200.));
#3821=CARTESIAN_POINT('',(-67.,-77.,200.));
#3822=CARTESIAN_POINT('',(0.,-77.,200.));
#3823=CARTESIAN_POINT('',(-87.,-57.,200.));
#3824=CARTESIAN_POINT('Origin',(-67.,-57.,200.));
#3825=CARTESIAN_POINT('',(-87.,57.,200.));
#3826=CARTESIAN_POINT('',(-87.,0.,200.));
#3827=CARTESIAN_POINT('',(-67.,77.,200.));
#3828=CARTESIAN_POINT('Origin',(-67.,57.,200.));
#3829=CARTESIAN_POINT('',(-44.7213595499958,77.,200.));
#3830=CARTESIAN_POINT('',(0.,77.,200.));
#3831=CARTESIAN_POINT('',(-44.7213595499958,0.,200.));
#3832=CARTESIAN_POINT('',(-57.,70.,200.));
#3833=CARTESIAN_POINT('',(-57.,-70.,200.));
#3834=CARTESIAN_POINT('',(-57.,0.,200.));
#3835=CARTESIAN_POINT('',(-75.,70.,200.));
#3836=CARTESIAN_POINT('',(-33.,70.,200.));
#3837=CARTESIAN_POINT('',(-75.,-70.,200.));
#3838=CARTESIAN_POINT('',(-75.,0.,200.));
#3839=CARTESIAN_POINT('',(-33.,-70.,200.));
#3840=CARTESIAN_POINT('Origin',(-46.,-42.,202.));
#3841=CARTESIAN_POINT('',(-50.1098792654702,-42.,207.));
#3842=CARTESIAN_POINT('Origin',(0.,-42.,240.));
#3843=CARTESIAN_POINT('',(-51.,-42.,207.));
#3844=CARTESIAN_POINT('',(-46.,-42.,207.));
#3845=CARTESIAN_POINT('',(-51.,-42.,202.));
#3846=CARTESIAN_POINT('Origin',(-46.,-62.,202.));
#3847=CARTESIAN_POINT('',(-50.1098792654702,-62.,207.));
#3848=CARTESIAN_POINT('Origin',(0.,-62.,240.));
#3849=CARTESIAN_POINT('',(-51.,-62.,207.));
#3850=CARTESIAN_POINT('',(-51.,-62.,202.));
#3851=CARTESIAN_POINT('',(-46.,-62.,207.));
#3852=CARTESIAN_POINT('Origin',(-51.,-52.,202.));
#3853=CARTESIAN_POINT('',(-51.,-52.,207.));
#3854=CARTESIAN_POINT('Origin',(-46.,-52.,207.));
#3855=CARTESIAN_POINT('',(-50.1098792654702,0.,207.));
#3856=CARTESIAN_POINT('Origin',(0.,-62.,240.));
#3857=CARTESIAN_POINT('',(-57.,-62.,250.723805294764));
#3858=CARTESIAN_POINT('',(-57.,-62.,229.276194705236));
#3859=CARTESIAN_POINT('Origin',(0.,-62.,240.));
#3860=CARTESIAN_POINT('',(-57.,-62.,240.));
#3861=CARTESIAN_POINT('Origin',(-66.,52.,270.));
#3862=CARTESIAN_POINT('',(-69.25,52.,265.));
#3863=CARTESIAN_POINT('Origin',(-66.,52.,265.));
#3864=CARTESIAN_POINT('',(-69.25,52.,275.));
#3865=CARTESIAN_POINT('',(-69.25,52.,270.));
#3866=CARTESIAN_POINT('Origin',(-66.,52.,275.));
#3867=CARTESIAN_POINT('Origin',(-66.,52.,265.));
#3868=CARTESIAN_POINT('Origin',(-66.,-52.,270.));
#3869=CARTESIAN_POINT('',(-69.25,-52.,265.));
#3870=CARTESIAN_POINT('Origin',(-66.,-52.,265.));
#3871=CARTESIAN_POINT('',(-69.25,-52.,275.));
#3872=CARTESIAN_POINT('',(-69.25,-52.,270.));
#3873=CARTESIAN_POINT('Origin',(-66.,-52.,275.));
#3874=CARTESIAN_POINT('Origin',(-66.,-52.,265.));
#3875=CARTESIAN_POINT('Origin',(0.,0.,214.));
#3876=CARTESIAN_POINT('',(-57.,77.,214.));
#3877=CARTESIAN_POINT('',(-57.,-77.,214.));
#3878=CARTESIAN_POINT('',(-57.,-35.,214.));
#3879=CARTESIAN_POINT('',(-54.0740233383831,-77.,214.));
#3880=CARTESIAN_POINT('',(0.,-77.,214.));
#3881=CARTESIAN_POINT('',(-54.0740233383831,77.,214.));
#3882=CARTESIAN_POINT('',(-54.0740233383831,0.,214.));
#3883=CARTESIAN_POINT('',(0.,77.,214.));
#3884=CARTESIAN_POINT('Origin',(0.,0.,214.));
#3885=CARTESIAN_POINT('',(-75.,-75.3303027798234,214.));
#3886=CARTESIAN_POINT('',(-75.,75.3303027798234,214.));
#3887=CARTESIAN_POINT('',(-75.,35.,214.));
#3888=CARTESIAN_POINT('',(-87.,57.,214.));
#3889=CARTESIAN_POINT('Origin',(-67.,57.,214.));
#3890=CARTESIAN_POINT('',(-87.,-57.,214.));
#3891=CARTESIAN_POINT('',(-87.,0.,214.));
#3892=CARTESIAN_POINT('Origin',(-67.,-57.,214.));
#3893=CARTESIAN_POINT('Origin',(0.,62.,240.));
#3894=CARTESIAN_POINT('',(-57.,62.,229.276194705236));
#3895=CARTESIAN_POINT('',(-57.,62.,250.723805294764));
#3896=CARTESIAN_POINT('Origin',(0.,62.,240.));
#3897=CARTESIAN_POINT('',(-57.,62.,240.));
#3898=CARTESIAN_POINT('',(-35.2,62.,207.));
#3899=CARTESIAN_POINT('Origin',(-33.,62.,207.));
#3900=CARTESIAN_POINT('',(-35.2,62.,273.));
#3901=CARTESIAN_POINT('Origin',(-33.,62.,273.));
#3902=CARTESIAN_POINT('',(30.8,62.,207.));
#3903=CARTESIAN_POINT('Origin',(33.,62.,207.));
#3904=CARTESIAN_POINT('',(30.8,62.,273.));
#3905=CARTESIAN_POINT('Origin',(33.,62.,273.));
#3906=CARTESIAN_POINT('Origin',(-66.,70.,205.));
#3907=CARTESIAN_POINT('',(-67.,77.,205.));
#3908=CARTESIAN_POINT('',(-57.,77.,205.));
#3909=CARTESIAN_POINT('',(-33.,77.,205.));
#3910=CARTESIAN_POINT('',(-75.,75.3303027798234,205.));
#3911=CARTESIAN_POINT('Origin',(-67.,57.,205.));
#3912=CARTESIAN_POINT('',(-75.,78.,205.));
#3913=CARTESIAN_POINT('',(-75.,70.,205.));
#3914=CARTESIAN_POINT('',(-57.,78.,205.));
#3915=CARTESIAN_POINT('',(-66.,78.,205.));
#3916=CARTESIAN_POINT('',(-57.,70.,205.));
#3917=CARTESIAN_POINT('Origin',(33.,70.,273.));
#3918=CARTESIAN_POINT('',(30.8,78.,273.));
#3919=CARTESIAN_POINT('',(30.8,70.,273.));
#3920=CARTESIAN_POINT('Origin',(33.,78.,273.));
#3921=CARTESIAN_POINT('Origin',(33.,70.,207.));
#3922=CARTESIAN_POINT('',(30.8,78.,207.));
#3923=CARTESIAN_POINT('',(30.8,70.,207.));
#3924=CARTESIAN_POINT('Origin',(33.,78.,207.));
#3925=CARTESIAN_POINT('Origin',(-33.,70.,273.));
#3926=CARTESIAN_POINT('',(-35.2,78.,273.));
#3927=CARTESIAN_POINT('',(-35.2,70.,273.));
#3928=CARTESIAN_POINT('Origin',(-33.,78.,273.));
#3929=CARTESIAN_POINT('Origin',(-33.,70.,207.));
#3930=CARTESIAN_POINT('',(-35.2,78.,207.));
#3931=CARTESIAN_POINT('',(-35.2,70.,207.));
#3932=CARTESIAN_POINT('Origin',(-33.,78.,207.));
#3933=CARTESIAN_POINT('Origin',(0.,70.,240.));
#3934=CARTESIAN_POINT('',(-23.7,78.,240.));
#3935=CARTESIAN_POINT('',(-23.7,70.,240.));
#3936=CARTESIAN_POINT('Origin',(0.,78.,240.));
#3937=CARTESIAN_POINT('Origin',(0.,70.,240.));
#3938=CARTESIAN_POINT('',(-57.,78.,250.723805294764));
#3939=CARTESIAN_POINT('',(-57.,70.,250.723805294764));
#3940=CARTESIAN_POINT('',(-57.,78.,229.276194705236));
#3941=CARTESIAN_POINT('',(-57.,70.,229.276194705236));
#3942=CARTESIAN_POINT('Origin',(0.,78.,240.));
#3943=CARTESIAN_POINT('Origin',(0.,78.,240.));
#3944=CARTESIAN_POINT('',(-57.,78.,240.));
#3945=CARTESIAN_POINT('',(-75.,78.,275.));
#3946=CARTESIAN_POINT('',(-75.,78.,240.));
#3947=CARTESIAN_POINT('',(-57.,78.,275.));
#3948=CARTESIAN_POINT('',(-66.,78.,275.));
#3949=CARTESIAN_POINT('',(-57.,78.,240.));
#3950=CARTESIAN_POINT('Origin',(0.,77.,207.));
#3951=CARTESIAN_POINT('',(-57.,77.,223.5));
#3952=CARTESIAN_POINT('Origin',(0.,77.,240.));
#3953=CARTESIAN_POINT('',(-67.,77.,207.));
#3954=CARTESIAN_POINT('Origin',(-66.,-70.,205.));
#3955=CARTESIAN_POINT('',(-67.,-77.,205.));
#3956=CARTESIAN_POINT('',(-75.,-75.3303027798234,205.));
#3957=CARTESIAN_POINT('Origin',(-67.,-57.,205.));
#3958=CARTESIAN_POINT('',(-57.,-77.,205.));
#3959=CARTESIAN_POINT('',(-33.,-77.,205.));
#3960=CARTESIAN_POINT('',(-57.,-78.,205.));
#3961=CARTESIAN_POINT('',(-57.,-70.,205.));
#3962=CARTESIAN_POINT('',(-75.,-78.,205.));
#3963=CARTESIAN_POINT('',(-66.,-78.,205.));
#3964=CARTESIAN_POINT('',(-75.,-70.,205.));
#3965=CARTESIAN_POINT('Origin',(33.,-70.,273.));
#3966=CARTESIAN_POINT('',(30.8,-78.,273.));
#3967=CARTESIAN_POINT('Origin',(33.,-78.,273.));
#3968=CARTESIAN_POINT('',(30.8,-70.,273.));
#3969=CARTESIAN_POINT('Origin',(33.,-70.,207.));
#3970=CARTESIAN_POINT('',(30.8,-78.,207.));
#3971=CARTESIAN_POINT('Origin',(33.,-78.,207.));
#3972=CARTESIAN_POINT('',(30.8,-70.,207.));
#3973=CARTESIAN_POINT('Origin',(-33.,-70.,273.));
#3974=CARTESIAN_POINT('',(-35.2,-78.,273.));
#3975=CARTESIAN_POINT('Origin',(-33.,-78.,273.));
#3976=CARTESIAN_POINT('',(-35.2,-70.,273.));
#3977=CARTESIAN_POINT('Origin',(-33.,-70.,207.));
#3978=CARTESIAN_POINT('',(-35.2,-78.,207.));
#3979=CARTESIAN_POINT('Origin',(-33.,-78.,207.));
#3980=CARTESIAN_POINT('',(-35.2,-70.,207.));
#3981=CARTESIAN_POINT('Origin',(-57.,-70.,240.));
#3982=CARTESIAN_POINT('',(-57.,-78.,250.723805294764));
#3983=CARTESIAN_POINT('',(-57.,-70.,250.723805294764));
#3984=CARTESIAN_POINT('',(-57.,-78.,229.276194705236));
#3985=CARTESIAN_POINT('',(-57.,-70.,229.276194705236));
#3986=CARTESIAN_POINT('',(-57.,-78.,240.));
#3987=CARTESIAN_POINT('',(-57.,-77.,223.5));
#3988=CARTESIAN_POINT('',(-57.,-78.,275.));
#3989=CARTESIAN_POINT('',(-57.,-70.,275.));
#3990=CARTESIAN_POINT('',(-57.,-78.,240.));
#3991=CARTESIAN_POINT('Origin',(-66.,-70.,275.));
#3992=CARTESIAN_POINT('',(-75.,-78.,275.));
#3993=CARTESIAN_POINT('',(-75.,70.,275.));
#3994=CARTESIAN_POINT('',(-66.,-78.,275.));
#3995=CARTESIAN_POINT('Origin',(-75.,-70.,240.));
#3996=CARTESIAN_POINT('',(-75.,-75.3303027798234,207.));
#3997=CARTESIAN_POINT('',(-75.,-78.,240.));
#3998=CARTESIAN_POINT('',(-75.,75.3303027798234,207.));
#3999=CARTESIAN_POINT('Origin',(0.,-78.,240.));
#4000=CARTESIAN_POINT('Origin',(0.,-78.,240.));
#4001=CARTESIAN_POINT('',(-23.7,-78.,240.));
#4002=CARTESIAN_POINT('Origin',(0.,-78.,240.));
#4003=CARTESIAN_POINT('Origin',(0.,-70.,240.));
#4004=CARTESIAN_POINT('',(-23.7,-70.,240.));
#4005=CARTESIAN_POINT('Origin',(0.,-70.,240.));
#4006=CARTESIAN_POINT('Origin',(0.,-77.,207.));
#4007=CARTESIAN_POINT('',(-67.,-77.,207.));
#4008=CARTESIAN_POINT('Origin',(0.,-77.,240.));
#4009=CARTESIAN_POINT('Origin',(-87.,0.,207.));
#4010=CARTESIAN_POINT('',(-87.,57.,207.));
#4011=CARTESIAN_POINT('',(-87.,-57.,207.));
#4012=CARTESIAN_POINT('Origin',(-67.,-57.,207.));
#4013=CARTESIAN_POINT('Origin',(-67.,57.,207.));
#4014=CARTESIAN_POINT('Origin',(0.,0.,240.));
#4015=CARTESIAN_POINT('Origin',(-75.,0.,191.6));
#4016=CARTESIAN_POINT('',(-75.,70.,188.2));
#4017=CARTESIAN_POINT('',(-75.,70.,199.5));
#4018=CARTESIAN_POINT('',(-75.,-70.,188.2));
#4019=CARTESIAN_POINT('',(-75.,0.,188.2));
#4020=CARTESIAN_POINT('',(-75.,-70.,199.5));
#4021=CARTESIAN_POINT('Origin',(-66.,70.,191.6));
#4022=CARTESIAN_POINT('',(-57.,70.,188.2));
#4023=CARTESIAN_POINT('',(-57.,70.,199.5));
#4024=CARTESIAN_POINT('',(-66.,70.,188.2));
#4025=CARTESIAN_POINT('Origin',(-57.,0.,191.6));
#4026=CARTESIAN_POINT('',(-57.,-70.,188.2));
#4027=CARTESIAN_POINT('',(-57.,-70.,191.6));
#4028=CARTESIAN_POINT('',(-57.,-16.,188.2));
#4029=CARTESIAN_POINT('',(-57.,0.,188.2));
#4030=CARTESIAN_POINT('',(-57.,-16.,195.));
#4031=CARTESIAN_POINT('',(-57.,-16.,191.6));
#4032=CARTESIAN_POINT('',(-57.,16.,195.));
#4033=CARTESIAN_POINT('',(-57.,0.,195.));
#4034=CARTESIAN_POINT('',(-57.,16.,188.2));
#4035=CARTESIAN_POINT('',(-57.,16.,191.6));
#4036=CARTESIAN_POINT('',(-57.,0.,188.2));
#4037=CARTESIAN_POINT('Origin',(-66.,-70.,191.6));
#4038=CARTESIAN_POINT('',(-66.,-70.,188.2));
#4039=CARTESIAN_POINT('Origin',(0.,0.,195.));
#4040=CARTESIAN_POINT('',(-25.377155080899,-16.,195.));
#4041=CARTESIAN_POINT('',(-35.,-16.,195.));
#4042=CARTESIAN_POINT('',(-25.377155080899,16.,195.));
#4043=CARTESIAN_POINT('Origin',(0.,0.,195.));
#4044=CARTESIAN_POINT('',(-35.,16.,195.));
#4045=CARTESIAN_POINT('',(0.,0.,195.));
#4046=CARTESIAN_POINT('Origin',(-35.,-16.,191.6));
#4047=CARTESIAN_POINT('',(-25.377155080899,-16.,188.2));
#4048=CARTESIAN_POINT('',(-35.,-16.,188.2));
#4049=CARTESIAN_POINT('',(-25.377155080899,-16.,191.6));
#4050=CARTESIAN_POINT('Origin',(0.,0.,191.6));
#4051=CARTESIAN_POINT('Origin',(-35.,16.,191.6));
#4052=CARTESIAN_POINT('',(-25.377155080899,16.,188.2));
#4053=CARTESIAN_POINT('',(-25.377155080899,16.,191.6));
#4054=CARTESIAN_POINT('',(-35.,16.,188.2));
#4055=CARTESIAN_POINT('Origin',(0.,0.,188.2));
#4056=CARTESIAN_POINT('Origin',(0.,0.,188.2));
#4057=CARTESIAN_POINT('Origin',(0.,0.,191.6));
#4058=CARTESIAN_POINT('Origin',(0.,0.,166.7));
#4059=CARTESIAN_POINT('',(-19.9,-2.43704713030323E-15,145.2));
#4060=CARTESIAN_POINT('',(-19.9,-2.43704713030323E-15,166.7));
#4061=CARTESIAN_POINT('Origin',(0.,0.,145.2));
#4062=CARTESIAN_POINT('Origin',(0.,0.,145.2));
#4063=CARTESIAN_POINT('Origin',(29.698484809835,72.5,210.301515190165));
#4064=CARTESIAN_POINT('',(28.448484809835,68.,210.301515190165));
#4065=CARTESIAN_POINT('Origin',(29.698484809835,68.,210.301515190165));
#4066=CARTESIAN_POINT('',(28.448484809835,77.,210.301515190165));
#4067=CARTESIAN_POINT('',(28.448484809835,72.5,210.301515190165));
#4068=CARTESIAN_POINT('Origin',(29.698484809835,77.,210.301515190165));
#4069=CARTESIAN_POINT('Origin',(29.698484809835,68.,210.301515190165));
#4070=CARTESIAN_POINT('Origin',(29.698484809835,77.,210.301515190165));
#4071=CARTESIAN_POINT('Origin',(-29.698484809835,72.5,210.301515190165));
#4072=CARTESIAN_POINT('',(-30.948484809835,68.,210.301515190165));
#4073=CARTESIAN_POINT('Origin',(-29.698484809835,68.,210.301515190165));
#4074=CARTESIAN_POINT('',(-30.948484809835,77.,210.301515190165));
#4075=CARTESIAN_POINT('',(-30.948484809835,72.5,210.301515190165));
#4076=CARTESIAN_POINT('Origin',(-29.698484809835,77.,210.301515190165));
#4077=CARTESIAN_POINT('Origin',(-29.698484809835,68.,210.301515190165));
#4078=CARTESIAN_POINT('Origin',(-29.698484809835,77.,210.301515190165));
#4079=CARTESIAN_POINT('Origin',(-29.698484809835,72.5,269.698484809835));
#4080=CARTESIAN_POINT('',(-30.948484809835,68.,269.698484809835));
#4081=CARTESIAN_POINT('Origin',(-29.698484809835,68.,269.698484809835));
#4082=CARTESIAN_POINT('',(-30.948484809835,77.,269.698484809835));
#4083=CARTESIAN_POINT('',(-30.948484809835,72.5,269.698484809835));
#4084=CARTESIAN_POINT('Origin',(-29.698484809835,77.,269.698484809835));
#4085=CARTESIAN_POINT('Origin',(-29.698484809835,68.,269.698484809835));
#4086=CARTESIAN_POINT('Origin',(-29.698484809835,77.,269.698484809835));
#4087=CARTESIAN_POINT('Origin',(29.698484809835,72.5,269.698484809835));
#4088=CARTESIAN_POINT('',(28.448484809835,68.,269.698484809835));
#4089=CARTESIAN_POINT('Origin',(29.698484809835,68.,269.698484809835));
#4090=CARTESIAN_POINT('',(28.448484809835,77.,269.698484809835));
#4091=CARTESIAN_POINT('',(28.448484809835,72.5,269.698484809835));
#4092=CARTESIAN_POINT('Origin',(29.698484809835,77.,269.698484809835));
#4093=CARTESIAN_POINT('Origin',(29.698484809835,68.,269.698484809835));
#4094=CARTESIAN_POINT('Origin',(29.698484809835,77.,269.698484809835));
#4095=CARTESIAN_POINT('Origin',(-66.,52.,220.));
#4096=CARTESIAN_POINT('',(-69.25,52.,215.));
#4097=CARTESIAN_POINT('Origin',(-66.,52.,215.));
#4098=CARTESIAN_POINT('',(-69.25,52.,225.));
#4099=CARTESIAN_POINT('',(-69.25,52.,220.));
#4100=CARTESIAN_POINT('Origin',(-66.,52.,225.));
#4101=CARTESIAN_POINT('Origin',(-66.,52.,215.));
#4102=CARTESIAN_POINT('Origin',(-66.,52.,225.));
#4103=CARTESIAN_POINT('Origin',(-66.,-52.,220.));
#4104=CARTESIAN_POINT('',(-69.25,-52.,215.));
#4105=CARTESIAN_POINT('Origin',(-66.,-52.,215.));
#4106=CARTESIAN_POINT('',(-69.25,-52.,225.));
#4107=CARTESIAN_POINT('',(-69.25,-52.,220.));
#4108=CARTESIAN_POINT('Origin',(-66.,-52.,225.));
#4109=CARTESIAN_POINT('Origin',(-66.,-52.,215.));
#4110=CARTESIAN_POINT('Origin',(-66.,-52.,225.));
#4111=CARTESIAN_POINT('Origin',(0.,77.,207.));
#4112=CARTESIAN_POINT('',(44.7213595499958,77.,200.));
#4113=CARTESIAN_POINT('',(54.0740233383831,77.,214.));
#4114=CARTESIAN_POINT('Origin',(0.,77.,240.));
#4115=CARTESIAN_POINT('',(67.,77.,214.));
#4116=CARTESIAN_POINT('',(0.,77.,214.));
#4117=CARTESIAN_POINT('',(67.,77.,200.));
#4118=CARTESIAN_POINT('',(67.,77.,207.));
#4119=CARTESIAN_POINT('',(0.,77.,200.));
#4120=CARTESIAN_POINT('Origin',(0.,0.,240.));
#4121=CARTESIAN_POINT('',(44.7213595499958,62.,200.));
#4122=CARTESIAN_POINT('',(54.0740233383831,62.,214.));
#4123=CARTESIAN_POINT('Origin',(0.,62.,240.));
#4124=CARTESIAN_POINT('',(54.0740233383831,0.,214.));
#4125=CARTESIAN_POINT('',(44.7213595499958,0.,200.));
#4126=CARTESIAN_POINT('Origin',(0.,0.,200.));
#4127=CARTESIAN_POINT('',(86.3649167310371,62.,200.));
#4128=CARTESIAN_POINT('',(22.5,62.,200.));
#4129=CARTESIAN_POINT('Origin',(67.,57.,200.));
#4130=CARTESIAN_POINT('Origin',(0.,0.,214.));
#4131=CARTESIAN_POINT('',(86.3649167310371,62.,214.));
#4132=CARTESIAN_POINT('',(22.5,62.,214.));
#4133=CARTESIAN_POINT('Origin',(67.,57.,214.));
#4134=CARTESIAN_POINT('Origin',(67.,57.,207.));
#4135=CARTESIAN_POINT('',(86.3649167310371,62.,207.));
#4136=CARTESIAN_POINT('Origin',(45.,62.,207.));
#4137=CARTESIAN_POINT('Origin',(45.,-62.,207.));
#4138=CARTESIAN_POINT('',(54.0740233383831,-62.,214.));
#4139=CARTESIAN_POINT('',(44.7213595499958,-62.,200.));
#4140=CARTESIAN_POINT('Origin',(0.,-62.,240.));
#4141=CARTESIAN_POINT('',(86.3649167310371,-62.,214.));
#4142=CARTESIAN_POINT('',(22.5,-62.,214.));
#4143=CARTESIAN_POINT('',(86.3649167310371,-62.,200.));
#4144=CARTESIAN_POINT('',(86.3649167310371,-62.,207.));
#4145=CARTESIAN_POINT('',(22.5,-62.,200.));
#4146=CARTESIAN_POINT('Origin',(67.,-57.,207.));
#4147=CARTESIAN_POINT('',(67.,-77.,214.));
#4148=CARTESIAN_POINT('Origin',(67.,-57.,214.));
#4149=CARTESIAN_POINT('',(67.,-77.,200.));
#4150=CARTESIAN_POINT('',(67.,-77.,207.));
#4151=CARTESIAN_POINT('Origin',(67.,-57.,200.));
#4152=CARTESIAN_POINT('Origin',(0.,0.,214.));
#4153=CARTESIAN_POINT('',(54.0740233383831,-77.,214.));
#4154=CARTESIAN_POINT('',(54.0740233383831,0.,214.));
#4155=CARTESIAN_POINT('',(0.,-77.,214.));
#4156=CARTESIAN_POINT('Origin',(0.,0.,240.));
#4157=CARTESIAN_POINT('',(44.7213595499958,-77.,200.));
#4158=CARTESIAN_POINT('',(44.7213595499958,0.,200.));
#4159=CARTESIAN_POINT('Origin',(0.,-77.,240.));
#4160=CARTESIAN_POINT('Origin',(0.,-77.,207.));
#4161=CARTESIAN_POINT('',(0.,-77.,200.));
#4162=CARTESIAN_POINT('Origin',(0.,0.,200.));
#4163=UNCERTAINTY_MEASURE_WITH_UNIT(LENGTH_MEASURE(0.01),#4167,
'DISTANCE_ACCURACY_VALUE',
'Maximum model space distance between geometric entities at asserted c
onnectivities');
#4164=UNCERTAINTY_MEASURE_WITH_UNIT(LENGTH_MEASURE(0.01),#4167,
'DISTANCE_ACCURACY_VALUE',
'Maximum model space distance between geometric entities at asserted c
onnectivities');
#4165=(
GEOMETRIC_REPRESENTATION_CONTEXT(3)
GLOBAL_UNCERTAINTY_ASSIGNED_CONTEXT((#4163))
GLOBAL_UNIT_ASSIGNED_CONTEXT((#4167,#4169,#4170))
REPRESENTATION_CONTEXT('','3D')
);
#4166=(
GEOMETRIC_REPRESENTATION_CONTEXT(3)
GLOBAL_UNCERTAINTY_ASSIGNED_CONTEXT((#4164))
GLOBAL_UNIT_ASSIGNED_CONTEXT((#4167,#4169,#4170))
REPRESENTATION_CONTEXT('','3D')
);
#4167=(
LENGTH_UNIT()
NAMED_UNIT(*)
SI_UNIT(.MILLI.,.METRE.)
);
#4168=(
LENGTH_UNIT()
NAMED_UNIT(*)
SI_UNIT($,.METRE.)
);
#4169=(
NAMED_UNIT(*)
PLANE_ANGLE_UNIT()
SI_UNIT($,.RADIAN.)
);
#4170=(
NAMED_UNIT(*)
SI_UNIT($,.STERADIAN.)
SOLID_ANGLE_UNIT()
);
#4171=SHAPE_DEFINITION_REPRESENTATION(#4172,#4173);
#4172=PRODUCT_DEFINITION_SHAPE('',$,#4175);
#4173=SHAPE_REPRESENTATION('',(#2373),#4165);
#4174=PRODUCT_DEFINITION_CONTEXT('part definition',#4179,'design');
#4175=PRODUCT_DEFINITION('2026-08-13-09-29-30-054',
'EXPORT_TMP_PRINT_V011_P101_Turret_J2CheekRelief',#4176,#4174);
#4176=PRODUCT_DEFINITION_FORMATION('',$,#4181);
#4177=PRODUCT_RELATED_PRODUCT_CATEGORY(
'EXPORT_TMP_PRINT_V011_P101_Turret_J2CheekRelief',
'EXPORT_TMP_PRINT_V011_P101_Turret_J2CheekRelief',(#4181));
#4178=APPLICATION_PROTOCOL_DEFINITION('international standard',
'automotive_design',2009,#4179);
#4179=APPLICATION_CONTEXT(
'Core Data for Automotive Mechanical Design Process');
#4180=PRODUCT_CONTEXT('part definition',#4179,'mechanical');
#4181=PRODUCT('2026-08-13-09-29-30-054',
'EXPORT_TMP_PRINT_V011_P101_Turret_J2CheekRelief',$,(#4180));
#4182=PRESENTATION_STYLE_ASSIGNMENT((#4183));
#4183=SURFACE_STYLE_USAGE(.BOTH.,#4184);
#4184=SURFACE_SIDE_STYLE('',(#4185));
#4185=SURFACE_STYLE_FILL_AREA(#4186);
#4186=FILL_AREA_STYLE('Steel - Satin',(#4187));
#4187=FILL_AREA_STYLE_COLOUR('Steel - Satin',#4188);
#4188=COLOUR_RGB('Steel - Satin',0.627450980392157,0.627450980392157,0.627450980392157);
ENDSEC;
END-ISO-10303-21;
