ISO-10303-21;
HEADER;
/* Generated by software containing ST-Developer
 * from STEP Tools, Inc. (www.steptools.com) 
 */

FILE_DESCRIPTION(
/* description */ (''),
/* implementation_level */ '2;1');

FILE_NAME(
/* name */ 'PRINT_V005_P502_60T_HTD3M_InputPulley_B.step',
/* time_stamp */ '2026-08-12T23:05:29+02:00',
/* author */ (''),
/* organization */ (''),
/* preprocessor_version */ 'ST-DEVELOPER v20.1',
/* originating_system */ 'Autodesk Translation Framework v15.8.0.0',
/* authorisation */ '');

FILE_SCHEMA (('AUTOMOTIVE_DESIGN { 1 0 10303 214 3 1 1 }'));
ENDSEC;

DATA;
#10=MECHANICAL_DESIGN_GEOMETRIC_PRESENTATION_REPRESENTATION('',(#13),#4677);
#11=SHAPE_REPRESENTATION_RELATIONSHIP('SRR','None',#4684,#12);
#12=ADVANCED_BREP_SHAPE_REPRESENTATION('',(#14),#4676);
#13=STYLED_ITEM('',(#4693),#14);
#14=MANIFOLD_SOLID_BREP('PRINT_V005_P502_60T_HTD3M_InputPulley_B',#2565);
#15=CYLINDRICAL_SURFACE('',#2713,30.7668897565412);
#16=CYLINDRICAL_SURFACE('',#2836,30.7668897565412);
#17=CYLINDRICAL_SURFACE('',#2840,0.927);
#18=CYLINDRICAL_SURFACE('',#2841,28.2668897565412);
#19=CYLINDRICAL_SURFACE('',#2842,0.927);
#20=CYLINDRICAL_SURFACE('',#2843,28.2668897565412);
#21=CYLINDRICAL_SURFACE('',#2844,0.927);
#22=CYLINDRICAL_SURFACE('',#2845,28.2668897565412);
#23=CYLINDRICAL_SURFACE('',#2846,0.927);
#24=CYLINDRICAL_SURFACE('',#2847,28.2668897565412);
#25=CYLINDRICAL_SURFACE('',#2848,0.927);
#26=CYLINDRICAL_SURFACE('',#2849,28.2668897565412);
#27=CYLINDRICAL_SURFACE('',#2850,0.927);
#28=CYLINDRICAL_SURFACE('',#2851,28.2668897565412);
#29=CYLINDRICAL_SURFACE('',#2852,0.927);
#30=CYLINDRICAL_SURFACE('',#2853,28.2668897565412);
#31=CYLINDRICAL_SURFACE('',#2854,0.927);
#32=CYLINDRICAL_SURFACE('',#2855,28.2668897565412);
#33=CYLINDRICAL_SURFACE('',#2856,0.927);
#34=CYLINDRICAL_SURFACE('',#2857,28.2668897565412);
#35=CYLINDRICAL_SURFACE('',#2858,0.927);
#36=CYLINDRICAL_SURFACE('',#2859,28.2668897565412);
#37=CYLINDRICAL_SURFACE('',#2860,0.927);
#38=CYLINDRICAL_SURFACE('',#2861,28.2668897565412);
#39=CYLINDRICAL_SURFACE('',#2862,0.927);
#40=CYLINDRICAL_SURFACE('',#2863,28.2668897565412);
#41=CYLINDRICAL_SURFACE('',#2864,0.927);
#42=CYLINDRICAL_SURFACE('',#2865,28.2668897565412);
#43=CYLINDRICAL_SURFACE('',#2866,0.927);
#44=CYLINDRICAL_SURFACE('',#2867,28.2668897565412);
#45=CYLINDRICAL_SURFACE('',#2868,0.927);
#46=CYLINDRICAL_SURFACE('',#2869,28.2668897565412);
#47=CYLINDRICAL_SURFACE('',#2870,0.927);
#48=CYLINDRICAL_SURFACE('',#2871,28.2668897565412);
#49=CYLINDRICAL_SURFACE('',#2872,0.927);
#50=CYLINDRICAL_SURFACE('',#2873,28.2668897565412);
#51=CYLINDRICAL_SURFACE('',#2874,0.927);
#52=CYLINDRICAL_SURFACE('',#2875,28.2668897565412);
#53=CYLINDRICAL_SURFACE('',#2876,0.927);
#54=CYLINDRICAL_SURFACE('',#2877,28.2668897565412);
#55=CYLINDRICAL_SURFACE('',#2878,0.927);
#56=CYLINDRICAL_SURFACE('',#2879,28.2668897565412);
#57=CYLINDRICAL_SURFACE('',#2880,0.927);
#58=CYLINDRICAL_SURFACE('',#2881,28.2668897565412);
#59=CYLINDRICAL_SURFACE('',#2882,0.927);
#60=CYLINDRICAL_SURFACE('',#2883,28.2668897565412);
#61=CYLINDRICAL_SURFACE('',#2884,0.927);
#62=CYLINDRICAL_SURFACE('',#2885,28.2668897565412);
#63=CYLINDRICAL_SURFACE('',#2886,0.927);
#64=CYLINDRICAL_SURFACE('',#2887,28.2668897565412);
#65=CYLINDRICAL_SURFACE('',#2888,0.927);
#66=CYLINDRICAL_SURFACE('',#2889,28.2668897565412);
#67=CYLINDRICAL_SURFACE('',#2890,0.927);
#68=CYLINDRICAL_SURFACE('',#2891,28.2668897565412);
#69=CYLINDRICAL_SURFACE('',#2892,0.927);
#70=CYLINDRICAL_SURFACE('',#2893,28.2668897565412);
#71=CYLINDRICAL_SURFACE('',#2894,0.927);
#72=CYLINDRICAL_SURFACE('',#2895,28.2668897565412);
#73=CYLINDRICAL_SURFACE('',#2896,0.927);
#74=CYLINDRICAL_SURFACE('',#2897,28.2668897565412);
#75=CYLINDRICAL_SURFACE('',#2898,0.927);
#76=CYLINDRICAL_SURFACE('',#2899,28.2668897565412);
#77=CYLINDRICAL_SURFACE('',#2900,0.927);
#78=CYLINDRICAL_SURFACE('',#2901,28.2668897565412);
#79=CYLINDRICAL_SURFACE('',#2902,0.927);
#80=CYLINDRICAL_SURFACE('',#2903,28.2668897565412);
#81=CYLINDRICAL_SURFACE('',#2904,0.927);
#82=CYLINDRICAL_SURFACE('',#2905,28.2668897565412);
#83=CYLINDRICAL_SURFACE('',#2906,0.927);
#84=CYLINDRICAL_SURFACE('',#2907,28.2668897565412);
#85=CYLINDRICAL_SURFACE('',#2908,0.927);
#86=CYLINDRICAL_SURFACE('',#2909,28.2668897565412);
#87=CYLINDRICAL_SURFACE('',#2910,0.927);
#88=CYLINDRICAL_SURFACE('',#2911,28.2668897565412);
#89=CYLINDRICAL_SURFACE('',#2912,0.927);
#90=CYLINDRICAL_SURFACE('',#2913,28.2668897565412);
#91=CYLINDRICAL_SURFACE('',#2914,0.927);
#92=CYLINDRICAL_SURFACE('',#2915,28.2668897565412);
#93=CYLINDRICAL_SURFACE('',#2916,0.927);
#94=CYLINDRICAL_SURFACE('',#2917,28.2668897565412);
#95=CYLINDRICAL_SURFACE('',#2918,0.927);
#96=CYLINDRICAL_SURFACE('',#2919,28.2668897565412);
#97=CYLINDRICAL_SURFACE('',#2920,0.927);
#98=CYLINDRICAL_SURFACE('',#2921,28.2668897565412);
#99=CYLINDRICAL_SURFACE('',#2922,0.927);
#100=CYLINDRICAL_SURFACE('',#2923,28.2668897565412);
#101=CYLINDRICAL_SURFACE('',#2924,0.927);
#102=CYLINDRICAL_SURFACE('',#2925,28.2668897565412);
#103=CYLINDRICAL_SURFACE('',#2926,0.927);
#104=CYLINDRICAL_SURFACE('',#2927,28.2668897565412);
#105=CYLINDRICAL_SURFACE('',#2928,0.927);
#106=CYLINDRICAL_SURFACE('',#2929,28.2668897565412);
#107=CYLINDRICAL_SURFACE('',#2930,0.927);
#108=CYLINDRICAL_SURFACE('',#2931,28.2668897565412);
#109=CYLINDRICAL_SURFACE('',#2932,0.927);
#110=CYLINDRICAL_SURFACE('',#2933,28.2668897565412);
#111=CYLINDRICAL_SURFACE('',#2934,0.927);
#112=CYLINDRICAL_SURFACE('',#2935,28.2668897565412);
#113=CYLINDRICAL_SURFACE('',#2936,0.927);
#114=CYLINDRICAL_SURFACE('',#2937,28.2668897565412);
#115=CYLINDRICAL_SURFACE('',#2938,0.927);
#116=CYLINDRICAL_SURFACE('',#2939,28.2668897565412);
#117=CYLINDRICAL_SURFACE('',#2940,0.927);
#118=CYLINDRICAL_SURFACE('',#2941,28.2668897565412);
#119=CYLINDRICAL_SURFACE('',#2942,0.927);
#120=CYLINDRICAL_SURFACE('',#2943,28.2668897565412);
#121=CYLINDRICAL_SURFACE('',#2944,0.927);
#122=CYLINDRICAL_SURFACE('',#2945,28.2668897565412);
#123=CYLINDRICAL_SURFACE('',#2946,0.927);
#124=CYLINDRICAL_SURFACE('',#2947,28.2668897565412);
#125=CYLINDRICAL_SURFACE('',#2948,0.927);
#126=CYLINDRICAL_SURFACE('',#2949,28.2668897565412);
#127=CYLINDRICAL_SURFACE('',#2950,0.927);
#128=CYLINDRICAL_SURFACE('',#2951,28.2668897565412);
#129=CYLINDRICAL_SURFACE('',#2952,0.927);
#130=CYLINDRICAL_SURFACE('',#2953,28.2668897565412);
#131=CYLINDRICAL_SURFACE('',#2954,0.927);
#132=CYLINDRICAL_SURFACE('',#2955,28.2668897565412);
#133=CYLINDRICAL_SURFACE('',#2956,0.927);
#134=CYLINDRICAL_SURFACE('',#2957,28.2668897565412);
#135=CYLINDRICAL_SURFACE('',#2958,0.927);
#136=CYLINDRICAL_SURFACE('',#2959,28.2668897565412);
#137=CYLINDRICAL_SURFACE('',#2960,10.15);
#138=FACE_BOUND('',#534,.T.);
#139=FACE_BOUND('',#536,.T.);
#140=FACE_BOUND('',#539,.T.);
#141=FACE_BOUND('',#542,.T.);
#142=CIRCLE('',#2589,30.7668897565412);
#143=CIRCLE('',#2590,10.15);
#144=CIRCLE('',#2592,30.7668897565412);
#145=CIRCLE('',#2593,0.927);
#146=CIRCLE('',#2594,28.2668897565412);
#147=CIRCLE('',#2595,0.927);
#148=CIRCLE('',#2596,28.2668897565412);
#149=CIRCLE('',#2597,0.927);
#150=CIRCLE('',#2598,28.2668897565412);
#151=CIRCLE('',#2599,0.927);
#152=CIRCLE('',#2600,28.2668897565412);
#153=CIRCLE('',#2601,0.927);
#154=CIRCLE('',#2602,28.2668897565412);
#155=CIRCLE('',#2603,0.927);
#156=CIRCLE('',#2604,28.2668897565412);
#157=CIRCLE('',#2605,0.927);
#158=CIRCLE('',#2606,28.2668897565412);
#159=CIRCLE('',#2607,0.927);
#160=CIRCLE('',#2608,28.2668897565412);
#161=CIRCLE('',#2609,0.927);
#162=CIRCLE('',#2610,28.2668897565412);
#163=CIRCLE('',#2611,0.927);
#164=CIRCLE('',#2612,28.2668897565412);
#165=CIRCLE('',#2613,0.927);
#166=CIRCLE('',#2614,28.2668897565412);
#167=CIRCLE('',#2615,0.927);
#168=CIRCLE('',#2616,28.2668897565412);
#169=CIRCLE('',#2617,0.927);
#170=CIRCLE('',#2618,28.2668897565412);
#171=CIRCLE('',#2619,0.927);
#172=CIRCLE('',#2620,28.2668897565412);
#173=CIRCLE('',#2621,0.927);
#174=CIRCLE('',#2622,28.2668897565412);
#175=CIRCLE('',#2623,0.927);
#176=CIRCLE('',#2624,28.2668897565412);
#177=CIRCLE('',#2625,0.927);
#178=CIRCLE('',#2626,28.2668897565412);
#179=CIRCLE('',#2627,0.927);
#180=CIRCLE('',#2628,28.2668897565412);
#181=CIRCLE('',#2629,0.927);
#182=CIRCLE('',#2630,28.2668897565412);
#183=CIRCLE('',#2631,0.927);
#184=CIRCLE('',#2632,28.2668897565412);
#185=CIRCLE('',#2633,0.927);
#186=CIRCLE('',#2634,28.2668897565412);
#187=CIRCLE('',#2635,0.927);
#188=CIRCLE('',#2636,28.2668897565412);
#189=CIRCLE('',#2637,0.927);
#190=CIRCLE('',#2638,28.2668897565412);
#191=CIRCLE('',#2639,0.927);
#192=CIRCLE('',#2640,28.2668897565412);
#193=CIRCLE('',#2641,0.927);
#194=CIRCLE('',#2642,28.2668897565412);
#195=CIRCLE('',#2643,0.927);
#196=CIRCLE('',#2644,28.2668897565412);
#197=CIRCLE('',#2645,0.927);
#198=CIRCLE('',#2646,28.2668897565412);
#199=CIRCLE('',#2647,0.927);
#200=CIRCLE('',#2648,28.2668897565412);
#201=CIRCLE('',#2649,0.927);
#202=CIRCLE('',#2650,28.2668897565412);
#203=CIRCLE('',#2651,0.927);
#204=CIRCLE('',#2652,28.2668897565412);
#205=CIRCLE('',#2653,0.927);
#206=CIRCLE('',#2654,28.2668897565412);
#207=CIRCLE('',#2655,0.927);
#208=CIRCLE('',#2656,28.2668897565412);
#209=CIRCLE('',#2657,0.927);
#210=CIRCLE('',#2658,28.2668897565412);
#211=CIRCLE('',#2659,0.927);
#212=CIRCLE('',#2660,28.2668897565412);
#213=CIRCLE('',#2661,0.927);
#214=CIRCLE('',#2662,28.2668897565412);
#215=CIRCLE('',#2663,0.927);
#216=CIRCLE('',#2664,28.2668897565412);
#217=CIRCLE('',#2665,0.927);
#218=CIRCLE('',#2666,28.2668897565412);
#219=CIRCLE('',#2667,0.927);
#220=CIRCLE('',#2668,28.2668897565412);
#221=CIRCLE('',#2669,0.927);
#222=CIRCLE('',#2670,28.2668897565412);
#223=CIRCLE('',#2671,0.927);
#224=CIRCLE('',#2672,28.2668897565412);
#225=CIRCLE('',#2673,0.927);
#226=CIRCLE('',#2674,28.2668897565412);
#227=CIRCLE('',#2675,0.927);
#228=CIRCLE('',#2676,28.2668897565412);
#229=CIRCLE('',#2677,0.927);
#230=CIRCLE('',#2678,28.2668897565412);
#231=CIRCLE('',#2679,0.927);
#232=CIRCLE('',#2680,28.2668897565412);
#233=CIRCLE('',#2681,0.927);
#234=CIRCLE('',#2682,28.2668897565412);
#235=CIRCLE('',#2683,0.927);
#236=CIRCLE('',#2684,28.2668897565412);
#237=CIRCLE('',#2685,0.927);
#238=CIRCLE('',#2686,28.2668897565412);
#239=CIRCLE('',#2687,0.927);
#240=CIRCLE('',#2688,28.2668897565412);
#241=CIRCLE('',#2689,0.927);
#242=CIRCLE('',#2690,28.2668897565412);
#243=CIRCLE('',#2691,0.927);
#244=CIRCLE('',#2692,28.2668897565412);
#245=CIRCLE('',#2693,0.927);
#246=CIRCLE('',#2694,28.2668897565412);
#247=CIRCLE('',#2695,0.927);
#248=CIRCLE('',#2696,28.2668897565412);
#249=CIRCLE('',#2697,0.927);
#250=CIRCLE('',#2698,28.2668897565412);
#251=CIRCLE('',#2699,0.927);
#252=CIRCLE('',#2700,28.2668897565412);
#253=CIRCLE('',#2701,0.927);
#254=CIRCLE('',#2702,28.2668897565412);
#255=CIRCLE('',#2703,0.927);
#256=CIRCLE('',#2704,28.2668897565412);
#257=CIRCLE('',#2705,0.927);
#258=CIRCLE('',#2706,28.2668897565412);
#259=CIRCLE('',#2707,0.927);
#260=CIRCLE('',#2708,28.2668897565412);
#261=CIRCLE('',#2709,0.927);
#262=CIRCLE('',#2710,28.2668897565412);
#263=CIRCLE('',#2711,0.927);
#264=CIRCLE('',#2712,28.2668897565412);
#265=CIRCLE('',#2715,30.7668897565412);
#266=CIRCLE('',#2716,0.927);
#267=CIRCLE('',#2717,28.2668897565412);
#268=CIRCLE('',#2718,0.927);
#269=CIRCLE('',#2719,28.2668897565412);
#270=CIRCLE('',#2720,0.927);
#271=CIRCLE('',#2721,28.2668897565412);
#272=CIRCLE('',#2722,0.927);
#273=CIRCLE('',#2723,28.2668897565412);
#274=CIRCLE('',#2724,0.927);
#275=CIRCLE('',#2725,28.2668897565412);
#276=CIRCLE('',#2726,0.927);
#277=CIRCLE('',#2727,28.2668897565412);
#278=CIRCLE('',#2728,0.927);
#279=CIRCLE('',#2729,28.2668897565412);
#280=CIRCLE('',#2730,0.927);
#281=CIRCLE('',#2731,28.2668897565412);
#282=CIRCLE('',#2732,0.927);
#283=CIRCLE('',#2733,28.2668897565412);
#284=CIRCLE('',#2734,0.927);
#285=CIRCLE('',#2735,28.2668897565412);
#286=CIRCLE('',#2736,0.927);
#287=CIRCLE('',#2737,28.2668897565412);
#288=CIRCLE('',#2738,0.927);
#289=CIRCLE('',#2739,28.2668897565412);
#290=CIRCLE('',#2740,0.927);
#291=CIRCLE('',#2741,28.2668897565412);
#292=CIRCLE('',#2742,0.927);
#293=CIRCLE('',#2743,28.2668897565412);
#294=CIRCLE('',#2744,0.927);
#295=CIRCLE('',#2745,28.2668897565412);
#296=CIRCLE('',#2746,0.927);
#297=CIRCLE('',#2747,28.2668897565412);
#298=CIRCLE('',#2748,0.927);
#299=CIRCLE('',#2749,28.2668897565412);
#300=CIRCLE('',#2750,0.927);
#301=CIRCLE('',#2751,28.2668897565412);
#302=CIRCLE('',#2752,0.927);
#303=CIRCLE('',#2753,28.2668897565412);
#304=CIRCLE('',#2754,0.927);
#305=CIRCLE('',#2755,28.2668897565412);
#306=CIRCLE('',#2756,0.927);
#307=CIRCLE('',#2757,28.2668897565412);
#308=CIRCLE('',#2758,0.927);
#309=CIRCLE('',#2759,28.2668897565412);
#310=CIRCLE('',#2760,0.927);
#311=CIRCLE('',#2761,28.2668897565412);
#312=CIRCLE('',#2762,0.927);
#313=CIRCLE('',#2763,28.2668897565412);
#314=CIRCLE('',#2764,0.927);
#315=CIRCLE('',#2765,28.2668897565412);
#316=CIRCLE('',#2766,0.927);
#317=CIRCLE('',#2767,28.2668897565412);
#318=CIRCLE('',#2768,0.927);
#319=CIRCLE('',#2769,28.2668897565412);
#320=CIRCLE('',#2770,0.927);
#321=CIRCLE('',#2771,28.2668897565412);
#322=CIRCLE('',#2772,0.927);
#323=CIRCLE('',#2773,28.2668897565412);
#324=CIRCLE('',#2774,0.927);
#325=CIRCLE('',#2775,28.2668897565412);
#326=CIRCLE('',#2776,0.927);
#327=CIRCLE('',#2777,28.2668897565412);
#328=CIRCLE('',#2778,0.927);
#329=CIRCLE('',#2779,28.2668897565412);
#330=CIRCLE('',#2780,0.927);
#331=CIRCLE('',#2781,28.2668897565412);
#332=CIRCLE('',#2782,0.927);
#333=CIRCLE('',#2783,28.2668897565412);
#334=CIRCLE('',#2784,0.927);
#335=CIRCLE('',#2785,28.2668897565412);
#336=CIRCLE('',#2786,0.927);
#337=CIRCLE('',#2787,28.2668897565412);
#338=CIRCLE('',#2788,0.927);
#339=CIRCLE('',#2789,28.2668897565412);
#340=CIRCLE('',#2790,0.927);
#341=CIRCLE('',#2791,28.2668897565412);
#342=CIRCLE('',#2792,0.927);
#343=CIRCLE('',#2793,28.2668897565412);
#344=CIRCLE('',#2794,0.927);
#345=CIRCLE('',#2795,28.2668897565412);
#346=CIRCLE('',#2796,0.927);
#347=CIRCLE('',#2797,28.2668897565412);
#348=CIRCLE('',#2798,0.927);
#349=CIRCLE('',#2799,28.2668897565412);
#350=CIRCLE('',#2800,0.927);
#351=CIRCLE('',#2801,28.2668897565412);
#352=CIRCLE('',#2802,0.927);
#353=CIRCLE('',#2803,28.2668897565412);
#354=CIRCLE('',#2804,0.927);
#355=CIRCLE('',#2805,28.2668897565412);
#356=CIRCLE('',#2806,0.927);
#357=CIRCLE('',#2807,28.2668897565412);
#358=CIRCLE('',#2808,0.927);
#359=CIRCLE('',#2809,28.2668897565412);
#360=CIRCLE('',#2810,0.927);
#361=CIRCLE('',#2811,28.2668897565412);
#362=CIRCLE('',#2812,0.927);
#363=CIRCLE('',#2813,28.2668897565412);
#364=CIRCLE('',#2814,0.927);
#365=CIRCLE('',#2815,28.2668897565412);
#366=CIRCLE('',#2816,0.927);
#367=CIRCLE('',#2817,28.2668897565412);
#368=CIRCLE('',#2818,0.927);
#369=CIRCLE('',#2819,28.2668897565412);
#370=CIRCLE('',#2820,0.927);
#371=CIRCLE('',#2821,28.2668897565412);
#372=CIRCLE('',#2822,0.927);
#373=CIRCLE('',#2823,28.2668897565412);
#374=CIRCLE('',#2824,0.927);
#375=CIRCLE('',#2825,28.2668897565412);
#376=CIRCLE('',#2826,0.927);
#377=CIRCLE('',#2827,28.2668897565412);
#378=CIRCLE('',#2828,0.927);
#379=CIRCLE('',#2829,28.2668897565412);
#380=CIRCLE('',#2830,0.927);
#381=CIRCLE('',#2831,28.2668897565412);
#382=CIRCLE('',#2832,0.927);
#383=CIRCLE('',#2833,28.2668897565412);
#384=CIRCLE('',#2834,0.927);
#385=CIRCLE('',#2835,28.2668897565412);
#386=CIRCLE('',#2837,30.7668897565412);
#387=CIRCLE('',#2839,10.15);
#388=FACE_OUTER_BOUND('',#524,.T.);
#389=FACE_OUTER_BOUND('',#525,.T.);
#390=FACE_OUTER_BOUND('',#526,.T.);
#391=FACE_OUTER_BOUND('',#527,.T.);
#392=FACE_OUTER_BOUND('',#528,.T.);
#393=FACE_OUTER_BOUND('',#529,.T.);
#394=FACE_OUTER_BOUND('',#530,.T.);
#395=FACE_OUTER_BOUND('',#531,.T.);
#396=FACE_OUTER_BOUND('',#532,.T.);
#397=FACE_OUTER_BOUND('',#533,.T.);
#398=FACE_OUTER_BOUND('',#535,.T.);
#399=FACE_OUTER_BOUND('',#537,.T.);
#400=FACE_OUTER_BOUND('',#538,.T.);
#401=FACE_OUTER_BOUND('',#540,.T.);
#402=FACE_OUTER_BOUND('',#541,.T.);
#403=FACE_OUTER_BOUND('',#543,.T.);
#404=FACE_OUTER_BOUND('',#544,.T.);
#405=FACE_OUTER_BOUND('',#545,.T.);
#406=FACE_OUTER_BOUND('',#546,.T.);
#407=FACE_OUTER_BOUND('',#547,.T.);
#408=FACE_OUTER_BOUND('',#548,.T.);
#409=FACE_OUTER_BOUND('',#549,.T.);
#410=FACE_OUTER_BOUND('',#550,.T.);
#411=FACE_OUTER_BOUND('',#551,.T.);
#412=FACE_OUTER_BOUND('',#552,.T.);
#413=FACE_OUTER_BOUND('',#553,.T.);
#414=FACE_OUTER_BOUND('',#554,.T.);
#415=FACE_OUTER_BOUND('',#555,.T.);
#416=FACE_OUTER_BOUND('',#556,.T.);
#417=FACE_OUTER_BOUND('',#557,.T.);
#418=FACE_OUTER_BOUND('',#558,.T.);
#419=FACE_OUTER_BOUND('',#559,.T.);
#420=FACE_OUTER_BOUND('',#560,.T.);
#421=FACE_OUTER_BOUND('',#561,.T.);
#422=FACE_OUTER_BOUND('',#562,.T.);
#423=FACE_OUTER_BOUND('',#563,.T.);
#424=FACE_OUTER_BOUND('',#564,.T.);
#425=FACE_OUTER_BOUND('',#565,.T.);
#426=FACE_OUTER_BOUND('',#566,.T.);
#427=FACE_OUTER_BOUND('',#567,.T.);
#428=FACE_OUTER_BOUND('',#568,.T.);
#429=FACE_OUTER_BOUND('',#569,.T.);
#430=FACE_OUTER_BOUND('',#570,.T.);
#431=FACE_OUTER_BOUND('',#571,.T.);
#432=FACE_OUTER_BOUND('',#572,.T.);
#433=FACE_OUTER_BOUND('',#573,.T.);
#434=FACE_OUTER_BOUND('',#574,.T.);
#435=FACE_OUTER_BOUND('',#575,.T.);
#436=FACE_OUTER_BOUND('',#576,.T.);
#437=FACE_OUTER_BOUND('',#577,.T.);
#438=FACE_OUTER_BOUND('',#578,.T.);
#439=FACE_OUTER_BOUND('',#579,.T.);
#440=FACE_OUTER_BOUND('',#580,.T.);
#441=FACE_OUTER_BOUND('',#581,.T.);
#442=FACE_OUTER_BOUND('',#582,.T.);
#443=FACE_OUTER_BOUND('',#583,.T.);
#444=FACE_OUTER_BOUND('',#584,.T.);
#445=FACE_OUTER_BOUND('',#585,.T.);
#446=FACE_OUTER_BOUND('',#586,.T.);
#447=FACE_OUTER_BOUND('',#587,.T.);
#448=FACE_OUTER_BOUND('',#588,.T.);
#449=FACE_OUTER_BOUND('',#589,.T.);
#450=FACE_OUTER_BOUND('',#590,.T.);
#451=FACE_OUTER_BOUND('',#591,.T.);
#452=FACE_OUTER_BOUND('',#592,.T.);
#453=FACE_OUTER_BOUND('',#593,.T.);
#454=FACE_OUTER_BOUND('',#594,.T.);
#455=FACE_OUTER_BOUND('',#595,.T.);
#456=FACE_OUTER_BOUND('',#596,.T.);
#457=FACE_OUTER_BOUND('',#597,.T.);
#458=FACE_OUTER_BOUND('',#598,.T.);
#459=FACE_OUTER_BOUND('',#599,.T.);
#460=FACE_OUTER_BOUND('',#600,.T.);
#461=FACE_OUTER_BOUND('',#601,.T.);
#462=FACE_OUTER_BOUND('',#602,.T.);
#463=FACE_OUTER_BOUND('',#603,.T.);
#464=FACE_OUTER_BOUND('',#604,.T.);
#465=FACE_OUTER_BOUND('',#605,.T.);
#466=FACE_OUTER_BOUND('',#606,.T.);
#467=FACE_OUTER_BOUND('',#607,.T.);
#468=FACE_OUTER_BOUND('',#608,.T.);
#469=FACE_OUTER_BOUND('',#609,.T.);
#470=FACE_OUTER_BOUND('',#610,.T.);
#471=FACE_OUTER_BOUND('',#611,.T.);
#472=FACE_OUTER_BOUND('',#612,.T.);
#473=FACE_OUTER_BOUND('',#613,.T.);
#474=FACE_OUTER_BOUND('',#614,.T.);
#475=FACE_OUTER_BOUND('',#615,.T.);
#476=FACE_OUTER_BOUND('',#616,.T.);
#477=FACE_OUTER_BOUND('',#617,.T.);
#478=FACE_OUTER_BOUND('',#618,.T.);
#479=FACE_OUTER_BOUND('',#619,.T.);
#480=FACE_OUTER_BOUND('',#620,.T.);
#481=FACE_OUTER_BOUND('',#621,.T.);
#482=FACE_OUTER_BOUND('',#622,.T.);
#483=FACE_OUTER_BOUND('',#623,.T.);
#484=FACE_OUTER_BOUND('',#624,.T.);
#485=FACE_OUTER_BOUND('',#625,.T.);
#486=FACE_OUTER_BOUND('',#626,.T.);
#487=FACE_OUTER_BOUND('',#627,.T.);
#488=FACE_OUTER_BOUND('',#628,.T.);
#489=FACE_OUTER_BOUND('',#629,.T.);
#490=FACE_OUTER_BOUND('',#630,.T.);
#491=FACE_OUTER_BOUND('',#631,.T.);
#492=FACE_OUTER_BOUND('',#632,.T.);
#493=FACE_OUTER_BOUND('',#633,.T.);
#494=FACE_OUTER_BOUND('',#634,.T.);
#495=FACE_OUTER_BOUND('',#635,.T.);
#496=FACE_OUTER_BOUND('',#636,.T.);
#497=FACE_OUTER_BOUND('',#637,.T.);
#498=FACE_OUTER_BOUND('',#638,.T.);
#499=FACE_OUTER_BOUND('',#639,.T.);
#500=FACE_OUTER_BOUND('',#640,.T.);
#501=FACE_OUTER_BOUND('',#641,.T.);
#502=FACE_OUTER_BOUND('',#642,.T.);
#503=FACE_OUTER_BOUND('',#643,.T.);
#504=FACE_OUTER_BOUND('',#644,.T.);
#505=FACE_OUTER_BOUND('',#645,.T.);
#506=FACE_OUTER_BOUND('',#646,.T.);
#507=FACE_OUTER_BOUND('',#647,.T.);
#508=FACE_OUTER_BOUND('',#648,.T.);
#509=FACE_OUTER_BOUND('',#649,.T.);
#510=FACE_OUTER_BOUND('',#650,.T.);
#511=FACE_OUTER_BOUND('',#651,.T.);
#512=FACE_OUTER_BOUND('',#652,.T.);
#513=FACE_OUTER_BOUND('',#653,.T.);
#514=FACE_OUTER_BOUND('',#654,.T.);
#515=FACE_OUTER_BOUND('',#655,.T.);
#516=FACE_OUTER_BOUND('',#656,.T.);
#517=FACE_OUTER_BOUND('',#657,.T.);
#518=FACE_OUTER_BOUND('',#658,.T.);
#519=FACE_OUTER_BOUND('',#659,.T.);
#520=FACE_OUTER_BOUND('',#660,.T.);
#521=FACE_OUTER_BOUND('',#661,.T.);
#522=FACE_OUTER_BOUND('',#662,.T.);
#523=FACE_OUTER_BOUND('',#663,.T.);
#524=EDGE_LOOP('',(#1624,#1625,#1626,#1627));
#525=EDGE_LOOP('',(#1628,#1629,#1630,#1631));
#526=EDGE_LOOP('',(#1632,#1633,#1634,#1635,#1636,#1637,#1638,#1639,#1640,
#1641,#1642,#1643));
#527=EDGE_LOOP('',(#1644,#1645,#1646,#1647));
#528=EDGE_LOOP('',(#1648,#1649,#1650,#1651));
#529=EDGE_LOOP('',(#1652,#1653,#1654,#1655));
#530=EDGE_LOOP('',(#1656,#1657,#1658,#1659));
#531=EDGE_LOOP('',(#1660,#1661,#1662,#1663));
#532=EDGE_LOOP('',(#1664,#1665,#1666,#1667));
#533=EDGE_LOOP('',(#1668));
#534=EDGE_LOOP('',(#1669,#1670,#1671,#1672,#1673,#1674));
#535=EDGE_LOOP('',(#1675));
#536=EDGE_LOOP('',(#1676,#1677,#1678,#1679,#1680,#1681,#1682,#1683,#1684,
#1685,#1686,#1687,#1688,#1689,#1690,#1691,#1692,#1693,#1694,#1695,#1696,
#1697,#1698,#1699,#1700,#1701,#1702,#1703,#1704,#1705,#1706,#1707,#1708,
#1709,#1710,#1711,#1712,#1713,#1714,#1715,#1716,#1717,#1718,#1719,#1720,
#1721,#1722,#1723,#1724,#1725,#1726,#1727,#1728,#1729,#1730,#1731,#1732,
#1733,#1734,#1735,#1736,#1737,#1738,#1739,#1740,#1741,#1742,#1743,#1744,
#1745,#1746,#1747,#1748,#1749,#1750,#1751,#1752,#1753,#1754,#1755,#1756,
#1757,#1758,#1759,#1760,#1761,#1762,#1763,#1764,#1765,#1766,#1767,#1768,
#1769,#1770,#1771,#1772,#1773,#1774,#1775,#1776,#1777,#1778,#1779,#1780,
#1781,#1782,#1783,#1784,#1785,#1786,#1787,#1788,#1789,#1790,#1791,#1792,
#1793,#1794,#1795));
#537=EDGE_LOOP('',(#1796,#1797,#1798,#1799));
#538=EDGE_LOOP('',(#1800));
#539=EDGE_LOOP('',(#1801,#1802,#1803,#1804,#1805,#1806,#1807,#1808,#1809,
#1810,#1811,#1812,#1813,#1814,#1815,#1816,#1817,#1818,#1819,#1820,#1821,
#1822,#1823,#1824,#1825,#1826,#1827,#1828,#1829,#1830,#1831,#1832,#1833,
#1834,#1835,#1836,#1837,#1838,#1839,#1840,#1841,#1842,#1843,#1844,#1845,
#1846,#1847,#1848,#1849,#1850,#1851,#1852,#1853,#1854,#1855,#1856,#1857,
#1858,#1859,#1860,#1861,#1862,#1863,#1864,#1865,#1866,#1867,#1868,#1869,
#1870,#1871,#1872,#1873,#1874,#1875,#1876,#1877,#1878,#1879,#1880,#1881,
#1882,#1883,#1884,#1885,#1886,#1887,#1888,#1889,#1890,#1891,#1892,#1893,
#1894,#1895,#1896,#1897,#1898,#1899,#1900,#1901,#1902,#1903,#1904,#1905,
#1906,#1907,#1908,#1909,#1910,#1911,#1912,#1913,#1914,#1915,#1916,#1917,
#1918,#1919,#1920));
#540=EDGE_LOOP('',(#1921,#1922,#1923,#1924));
#541=EDGE_LOOP('',(#1925));
#542=EDGE_LOOP('',(#1926,#1927,#1928,#1929,#1930,#1931));
#543=EDGE_LOOP('',(#1932,#1933,#1934,#1935));
#544=EDGE_LOOP('',(#1936,#1937,#1938,#1939));
#545=EDGE_LOOP('',(#1940,#1941,#1942,#1943));
#546=EDGE_LOOP('',(#1944,#1945,#1946,#1947));
#547=EDGE_LOOP('',(#1948,#1949,#1950,#1951));
#548=EDGE_LOOP('',(#1952,#1953,#1954,#1955));
#549=EDGE_LOOP('',(#1956,#1957,#1958,#1959));
#550=EDGE_LOOP('',(#1960,#1961,#1962,#1963));
#551=EDGE_LOOP('',(#1964,#1965,#1966,#1967));
#552=EDGE_LOOP('',(#1968,#1969,#1970,#1971));
#553=EDGE_LOOP('',(#1972,#1973,#1974,#1975));
#554=EDGE_LOOP('',(#1976,#1977,#1978,#1979));
#555=EDGE_LOOP('',(#1980,#1981,#1982,#1983));
#556=EDGE_LOOP('',(#1984,#1985,#1986,#1987));
#557=EDGE_LOOP('',(#1988,#1989,#1990,#1991));
#558=EDGE_LOOP('',(#1992,#1993,#1994,#1995));
#559=EDGE_LOOP('',(#1996,#1997,#1998,#1999));
#560=EDGE_LOOP('',(#2000,#2001,#2002,#2003));
#561=EDGE_LOOP('',(#2004,#2005,#2006,#2007));
#562=EDGE_LOOP('',(#2008,#2009,#2010,#2011));
#563=EDGE_LOOP('',(#2012,#2013,#2014,#2015));
#564=EDGE_LOOP('',(#2016,#2017,#2018,#2019));
#565=EDGE_LOOP('',(#2020,#2021,#2022,#2023));
#566=EDGE_LOOP('',(#2024,#2025,#2026,#2027));
#567=EDGE_LOOP('',(#2028,#2029,#2030,#2031));
#568=EDGE_LOOP('',(#2032,#2033,#2034,#2035));
#569=EDGE_LOOP('',(#2036,#2037,#2038,#2039));
#570=EDGE_LOOP('',(#2040,#2041,#2042,#2043));
#571=EDGE_LOOP('',(#2044,#2045,#2046,#2047));
#572=EDGE_LOOP('',(#2048,#2049,#2050,#2051));
#573=EDGE_LOOP('',(#2052,#2053,#2054,#2055));
#574=EDGE_LOOP('',(#2056,#2057,#2058,#2059));
#575=EDGE_LOOP('',(#2060,#2061,#2062,#2063));
#576=EDGE_LOOP('',(#2064,#2065,#2066,#2067));
#577=EDGE_LOOP('',(#2068,#2069,#2070,#2071));
#578=EDGE_LOOP('',(#2072,#2073,#2074,#2075));
#579=EDGE_LOOP('',(#2076,#2077,#2078,#2079));
#580=EDGE_LOOP('',(#2080,#2081,#2082,#2083));
#581=EDGE_LOOP('',(#2084,#2085,#2086,#2087));
#582=EDGE_LOOP('',(#2088,#2089,#2090,#2091));
#583=EDGE_LOOP('',(#2092,#2093,#2094,#2095));
#584=EDGE_LOOP('',(#2096,#2097,#2098,#2099));
#585=EDGE_LOOP('',(#2100,#2101,#2102,#2103));
#586=EDGE_LOOP('',(#2104,#2105,#2106,#2107));
#587=EDGE_LOOP('',(#2108,#2109,#2110,#2111));
#588=EDGE_LOOP('',(#2112,#2113,#2114,#2115));
#589=EDGE_LOOP('',(#2116,#2117,#2118,#2119));
#590=EDGE_LOOP('',(#2120,#2121,#2122,#2123));
#591=EDGE_LOOP('',(#2124,#2125,#2126,#2127));
#592=EDGE_LOOP('',(#2128,#2129,#2130,#2131));
#593=EDGE_LOOP('',(#2132,#2133,#2134,#2135));
#594=EDGE_LOOP('',(#2136,#2137,#2138,#2139));
#595=EDGE_LOOP('',(#2140,#2141,#2142,#2143));
#596=EDGE_LOOP('',(#2144,#2145,#2146,#2147));
#597=EDGE_LOOP('',(#2148,#2149,#2150,#2151));
#598=EDGE_LOOP('',(#2152,#2153,#2154,#2155));
#599=EDGE_LOOP('',(#2156,#2157,#2158,#2159));
#600=EDGE_LOOP('',(#2160,#2161,#2162,#2163));
#601=EDGE_LOOP('',(#2164,#2165,#2166,#2167));
#602=EDGE_LOOP('',(#2168,#2169,#2170,#2171));
#603=EDGE_LOOP('',(#2172,#2173,#2174,#2175));
#604=EDGE_LOOP('',(#2176,#2177,#2178,#2179));
#605=EDGE_LOOP('',(#2180,#2181,#2182,#2183));
#606=EDGE_LOOP('',(#2184,#2185,#2186,#2187));
#607=EDGE_LOOP('',(#2188,#2189,#2190,#2191));
#608=EDGE_LOOP('',(#2192,#2193,#2194,#2195));
#609=EDGE_LOOP('',(#2196,#2197,#2198,#2199));
#610=EDGE_LOOP('',(#2200,#2201,#2202,#2203));
#611=EDGE_LOOP('',(#2204,#2205,#2206,#2207));
#612=EDGE_LOOP('',(#2208,#2209,#2210,#2211));
#613=EDGE_LOOP('',(#2212,#2213,#2214,#2215));
#614=EDGE_LOOP('',(#2216,#2217,#2218,#2219));
#615=EDGE_LOOP('',(#2220,#2221,#2222,#2223));
#616=EDGE_LOOP('',(#2224,#2225,#2226,#2227));
#617=EDGE_LOOP('',(#2228,#2229,#2230,#2231));
#618=EDGE_LOOP('',(#2232,#2233,#2234,#2235));
#619=EDGE_LOOP('',(#2236,#2237,#2238,#2239));
#620=EDGE_LOOP('',(#2240,#2241,#2242,#2243));
#621=EDGE_LOOP('',(#2244,#2245,#2246,#2247));
#622=EDGE_LOOP('',(#2248,#2249,#2250,#2251));
#623=EDGE_LOOP('',(#2252,#2253,#2254,#2255));
#624=EDGE_LOOP('',(#2256,#2257,#2258,#2259));
#625=EDGE_LOOP('',(#2260,#2261,#2262,#2263));
#626=EDGE_LOOP('',(#2264,#2265,#2266,#2267));
#627=EDGE_LOOP('',(#2268,#2269,#2270,#2271));
#628=EDGE_LOOP('',(#2272,#2273,#2274,#2275));
#629=EDGE_LOOP('',(#2276,#2277,#2278,#2279));
#630=EDGE_LOOP('',(#2280,#2281,#2282,#2283));
#631=EDGE_LOOP('',(#2284,#2285,#2286,#2287));
#632=EDGE_LOOP('',(#2288,#2289,#2290,#2291));
#633=EDGE_LOOP('',(#2292,#2293,#2294,#2295));
#634=EDGE_LOOP('',(#2296,#2297,#2298,#2299));
#635=EDGE_LOOP('',(#2300,#2301,#2302,#2303));
#636=EDGE_LOOP('',(#2304,#2305,#2306,#2307));
#637=EDGE_LOOP('',(#2308,#2309,#2310,#2311));
#638=EDGE_LOOP('',(#2312,#2313,#2314,#2315));
#639=EDGE_LOOP('',(#2316,#2317,#2318,#2319));
#640=EDGE_LOOP('',(#2320,#2321,#2322,#2323));
#641=EDGE_LOOP('',(#2324,#2325,#2326,#2327));
#642=EDGE_LOOP('',(#2328,#2329,#2330,#2331));
#643=EDGE_LOOP('',(#2332,#2333,#2334,#2335));
#644=EDGE_LOOP('',(#2336,#2337,#2338,#2339));
#645=EDGE_LOOP('',(#2340,#2341,#2342,#2343));
#646=EDGE_LOOP('',(#2344,#2345,#2346,#2347));
#647=EDGE_LOOP('',(#2348,#2349,#2350,#2351));
#648=EDGE_LOOP('',(#2352,#2353,#2354,#2355));
#649=EDGE_LOOP('',(#2356,#2357,#2358,#2359));
#650=EDGE_LOOP('',(#2360,#2361,#2362,#2363));
#651=EDGE_LOOP('',(#2364,#2365,#2366,#2367));
#652=EDGE_LOOP('',(#2368,#2369,#2370,#2371));
#653=EDGE_LOOP('',(#2372,#2373,#2374,#2375));
#654=EDGE_LOOP('',(#2376,#2377,#2378,#2379));
#655=EDGE_LOOP('',(#2380,#2381,#2382,#2383));
#656=EDGE_LOOP('',(#2384,#2385,#2386,#2387));
#657=EDGE_LOOP('',(#2388,#2389,#2390,#2391));
#658=EDGE_LOOP('',(#2392,#2393,#2394,#2395));
#659=EDGE_LOOP('',(#2396,#2397,#2398,#2399));
#660=EDGE_LOOP('',(#2400,#2401,#2402,#2403));
#661=EDGE_LOOP('',(#2404,#2405,#2406,#2407));
#662=EDGE_LOOP('',(#2408,#2409,#2410,#2411));
#663=EDGE_LOOP('',(#2412,#2413,#2414,#2415));
#664=LINE('',#3881,#814);
#665=LINE('',#3883,#815);
#666=LINE('',#3885,#816);
#667=LINE('',#3886,#817);
#668=LINE('',#3889,#818);
#669=LINE('',#3891,#819);
#670=LINE('',#3892,#820);
#671=LINE('',#3896,#821);
#672=LINE('',#3898,#822);
#673=LINE('',#3899,#823);
#674=LINE('',#3901,#824);
#675=LINE('',#3903,#825);
#676=LINE('',#3905,#826);
#677=LINE('',#3907,#827);
#678=LINE('',#3909,#828);
#679=LINE('',#3911,#829);
#680=LINE('',#3913,#830);
#681=LINE('',#3914,#831);
#682=LINE('',#3916,#832);
#683=LINE('',#3917,#833);
#684=LINE('',#3921,#834);
#685=LINE('',#3923,#835);
#686=LINE('',#3925,#836);
#687=LINE('',#3926,#837);
#688=LINE('',#3929,#838);
#689=LINE('',#3930,#839);
#690=LINE('',#3932,#840);
#691=LINE('',#3934,#841);
#692=LINE('',#4183,#842);
#693=LINE('',#4429,#843);
#694=LINE('',#4434,#844);
#695=LINE('',#4435,#845);
#696=LINE('',#4437,#846);
#697=LINE('',#4439,#847);
#698=LINE('',#4441,#848);
#699=LINE('',#4443,#849);
#700=LINE('',#4445,#850);
#701=LINE('',#4447,#851);
#702=LINE('',#4449,#852);
#703=LINE('',#4451,#853);
#704=LINE('',#4453,#854);
#705=LINE('',#4455,#855);
#706=LINE('',#4457,#856);
#707=LINE('',#4459,#857);
#708=LINE('',#4461,#858);
#709=LINE('',#4463,#859);
#710=LINE('',#4465,#860);
#711=LINE('',#4467,#861);
#712=LINE('',#4469,#862);
#713=LINE('',#4471,#863);
#714=LINE('',#4473,#864);
#715=LINE('',#4475,#865);
#716=LINE('',#4477,#866);
#717=LINE('',#4479,#867);
#718=LINE('',#4481,#868);
#719=LINE('',#4483,#869);
#720=LINE('',#4485,#870);
#721=LINE('',#4487,#871);
#722=LINE('',#4489,#872);
#723=LINE('',#4491,#873);
#724=LINE('',#4493,#874);
#725=LINE('',#4495,#875);
#726=LINE('',#4497,#876);
#727=LINE('',#4499,#877);
#728=LINE('',#4501,#878);
#729=LINE('',#4503,#879);
#730=LINE('',#4505,#880);
#731=LINE('',#4507,#881);
#732=LINE('',#4509,#882);
#733=LINE('',#4511,#883);
#734=LINE('',#4513,#884);
#735=LINE('',#4515,#885);
#736=LINE('',#4517,#886);
#737=LINE('',#4519,#887);
#738=LINE('',#4521,#888);
#739=LINE('',#4523,#889);
#740=LINE('',#4525,#890);
#741=LINE('',#4527,#891);
#742=LINE('',#4529,#892);
#743=LINE('',#4531,#893);
#744=LINE('',#4533,#894);
#745=LINE('',#4535,#895);
#746=LINE('',#4537,#896);
#747=LINE('',#4539,#897);
#748=LINE('',#4541,#898);
#749=LINE('',#4543,#899);
#750=LINE('',#4545,#900);
#751=LINE('',#4547,#901);
#752=LINE('',#4549,#902);
#753=LINE('',#4551,#903);
#754=LINE('',#4553,#904);
#755=LINE('',#4555,#905);
#756=LINE('',#4557,#906);
#757=LINE('',#4559,#907);
#758=LINE('',#4561,#908);
#759=LINE('',#4563,#909);
#760=LINE('',#4565,#910);
#761=LINE('',#4567,#911);
#762=LINE('',#4569,#912);
#763=LINE('',#4571,#913);
#764=LINE('',#4573,#914);
#765=LINE('',#4575,#915);
#766=LINE('',#4577,#916);
#767=LINE('',#4579,#917);
#768=LINE('',#4581,#918);
#769=LINE('',#4583,#919);
#770=LINE('',#4585,#920);
#771=LINE('',#4587,#921);
#772=LINE('',#4589,#922);
#773=LINE('',#4591,#923);
#774=LINE('',#4593,#924);
#775=LINE('',#4595,#925);
#776=LINE('',#4597,#926);
#777=LINE('',#4599,#927);
#778=LINE('',#4601,#928);
#779=LINE('',#4603,#929);
#780=LINE('',#4605,#930);
#781=LINE('',#4607,#931);
#782=LINE('',#4609,#932);
#783=LINE('',#4611,#933);
#784=LINE('',#4613,#934);
#785=LINE('',#4615,#935);
#786=LINE('',#4617,#936);
#787=LINE('',#4619,#937);
#788=LINE('',#4621,#938);
#789=LINE('',#4623,#939);
#790=LINE('',#4625,#940);
#791=LINE('',#4627,#941);
#792=LINE('',#4629,#942);
#793=LINE('',#4631,#943);
#794=LINE('',#4633,#944);
#795=LINE('',#4635,#945);
#796=LINE('',#4637,#946);
#797=LINE('',#4639,#947);
#798=LINE('',#4641,#948);
#799=LINE('',#4643,#949);
#800=LINE('',#4645,#950);
#801=LINE('',#4647,#951);
#802=LINE('',#4649,#952);
#803=LINE('',#4651,#953);
#804=LINE('',#4653,#954);
#805=LINE('',#4655,#955);
#806=LINE('',#4657,#956);
#807=LINE('',#4659,#957);
#808=LINE('',#4661,#958);
#809=LINE('',#4663,#959);
#810=LINE('',#4665,#960);
#811=LINE('',#4667,#961);
#812=LINE('',#4669,#962);
#813=LINE('',#4671,#963);
#814=VECTOR('',#2965,10.);
#815=VECTOR('',#2966,10.);
#816=VECTOR('',#2967,10.);
#817=VECTOR('',#2968,10.);
#818=VECTOR('',#2971,10.);
#819=VECTOR('',#2972,10.);
#820=VECTOR('',#2973,10.);
#821=VECTOR('',#2976,10.);
#822=VECTOR('',#2977,10.);
#823=VECTOR('',#2978,10.);
#824=VECTOR('',#2979,10.);
#825=VECTOR('',#2980,10.);
#826=VECTOR('',#2981,10.);
#827=VECTOR('',#2982,10.);
#828=VECTOR('',#2983,10.);
#829=VECTOR('',#2984,10.);
#830=VECTOR('',#2985,10.);
#831=VECTOR('',#2986,10.);
#832=VECTOR('',#2989,10.);
#833=VECTOR('',#2990,10.);
#834=VECTOR('',#2993,10.);
#835=VECTOR('',#2994,10.);
#836=VECTOR('',#2995,10.);
#837=VECTOR('',#2996,10.);
#838=VECTOR('',#3001,10.);
#839=VECTOR('',#3002,10.);
#840=VECTOR('',#3005,10.);
#841=VECTOR('',#3008,10.);
#842=VECTOR('',#3261,30.7668897565412);
#843=VECTOR('',#3508,30.7668897565412);
#844=VECTOR('',#3517,10.);
#845=VECTOR('',#3518,10.);
#846=VECTOR('',#3521,10.);
#847=VECTOR('',#3524,10.);
#848=VECTOR('',#3527,10.);
#849=VECTOR('',#3530,10.);
#850=VECTOR('',#3533,10.);
#851=VECTOR('',#3536,10.);
#852=VECTOR('',#3539,10.);
#853=VECTOR('',#3542,10.);
#854=VECTOR('',#3545,10.);
#855=VECTOR('',#3548,10.);
#856=VECTOR('',#3551,10.);
#857=VECTOR('',#3554,10.);
#858=VECTOR('',#3557,10.);
#859=VECTOR('',#3560,10.);
#860=VECTOR('',#3563,10.);
#861=VECTOR('',#3566,10.);
#862=VECTOR('',#3569,10.);
#863=VECTOR('',#3572,10.);
#864=VECTOR('',#3575,10.);
#865=VECTOR('',#3578,10.);
#866=VECTOR('',#3581,10.);
#867=VECTOR('',#3584,10.);
#868=VECTOR('',#3587,10.);
#869=VECTOR('',#3590,10.);
#870=VECTOR('',#3593,10.);
#871=VECTOR('',#3596,10.);
#872=VECTOR('',#3599,10.);
#873=VECTOR('',#3602,10.);
#874=VECTOR('',#3605,10.);
#875=VECTOR('',#3608,10.);
#876=VECTOR('',#3611,10.);
#877=VECTOR('',#3614,10.);
#878=VECTOR('',#3617,10.);
#879=VECTOR('',#3620,10.);
#880=VECTOR('',#3623,10.);
#881=VECTOR('',#3626,10.);
#882=VECTOR('',#3629,10.);
#883=VECTOR('',#3632,10.);
#884=VECTOR('',#3635,10.);
#885=VECTOR('',#3638,10.);
#886=VECTOR('',#3641,10.);
#887=VECTOR('',#3644,10.);
#888=VECTOR('',#3647,10.);
#889=VECTOR('',#3650,10.);
#890=VECTOR('',#3653,10.);
#891=VECTOR('',#3656,10.);
#892=VECTOR('',#3659,10.);
#893=VECTOR('',#3662,10.);
#894=VECTOR('',#3665,10.);
#895=VECTOR('',#3668,10.);
#896=VECTOR('',#3671,10.);
#897=VECTOR('',#3674,10.);
#898=VECTOR('',#3677,10.);
#899=VECTOR('',#3680,10.);
#900=VECTOR('',#3683,10.);
#901=VECTOR('',#3686,10.);
#902=VECTOR('',#3689,10.);
#903=VECTOR('',#3692,10.);
#904=VECTOR('',#3695,10.);
#905=VECTOR('',#3698,10.);
#906=VECTOR('',#3701,10.);
#907=VECTOR('',#3704,10.);
#908=VECTOR('',#3707,10.);
#909=VECTOR('',#3710,10.);
#910=VECTOR('',#3713,10.);
#911=VECTOR('',#3716,10.);
#912=VECTOR('',#3719,10.);
#913=VECTOR('',#3722,10.);
#914=VECTOR('',#3725,10.);
#915=VECTOR('',#3728,10.);
#916=VECTOR('',#3731,10.);
#917=VECTOR('',#3734,10.);
#918=VECTOR('',#3737,10.);
#919=VECTOR('',#3740,10.);
#920=VECTOR('',#3743,10.);
#921=VECTOR('',#3746,10.);
#922=VECTOR('',#3749,10.);
#923=VECTOR('',#3752,10.);
#924=VECTOR('',#3755,10.);
#925=VECTOR('',#3758,10.);
#926=VECTOR('',#3761,10.);
#927=VECTOR('',#3764,10.);
#928=VECTOR('',#3767,10.);
#929=VECTOR('',#3770,10.);
#930=VECTOR('',#3773,10.);
#931=VECTOR('',#3776,10.);
#932=VECTOR('',#3779,10.);
#933=VECTOR('',#3782,10.);
#934=VECTOR('',#3785,10.);
#935=VECTOR('',#3788,10.);
#936=VECTOR('',#3791,10.);
#937=VECTOR('',#3794,10.);
#938=VECTOR('',#3797,10.);
#939=VECTOR('',#3800,10.);
#940=VECTOR('',#3803,10.);
#941=VECTOR('',#3806,10.);
#942=VECTOR('',#3809,10.);
#943=VECTOR('',#3812,10.);
#944=VECTOR('',#3815,10.);
#945=VECTOR('',#3818,10.);
#946=VECTOR('',#3821,10.);
#947=VECTOR('',#3824,10.);
#948=VECTOR('',#3827,10.);
#949=VECTOR('',#3830,10.);
#950=VECTOR('',#3833,10.);
#951=VECTOR('',#3836,10.);
#952=VECTOR('',#3839,10.);
#953=VECTOR('',#3842,10.);
#954=VECTOR('',#3845,10.);
#955=VECTOR('',#3848,10.);
#956=VECTOR('',#3851,10.);
#957=VECTOR('',#3854,10.);
#958=VECTOR('',#3857,10.);
#959=VECTOR('',#3860,10.);
#960=VECTOR('',#3863,10.);
#961=VECTOR('',#3866,10.);
#962=VECTOR('',#3869,10.);
#963=VECTOR('',#3872,10.);
#964=VERTEX_POINT('',#3879);
#965=VERTEX_POINT('',#3880);
#966=VERTEX_POINT('',#3882);
#967=VERTEX_POINT('',#3884);
#968=VERTEX_POINT('',#3888);
#969=VERTEX_POINT('',#3890);
#970=VERTEX_POINT('',#3894);
#971=VERTEX_POINT('',#3895);
#972=VERTEX_POINT('',#3897);
#973=VERTEX_POINT('',#3900);
#974=VERTEX_POINT('',#3902);
#975=VERTEX_POINT('',#3904);
#976=VERTEX_POINT('',#3906);
#977=VERTEX_POINT('',#3908);
#978=VERTEX_POINT('',#3910);
#979=VERTEX_POINT('',#3912);
#980=VERTEX_POINT('',#3919);
#981=VERTEX_POINT('',#3920);
#982=VERTEX_POINT('',#3922);
#983=VERTEX_POINT('',#3924);
#984=VERTEX_POINT('',#3936);
#985=VERTEX_POINT('',#3940);
#986=VERTEX_POINT('',#3942);
#987=VERTEX_POINT('',#3943);
#988=VERTEX_POINT('',#3945);
#989=VERTEX_POINT('',#3947);
#990=VERTEX_POINT('',#3949);
#991=VERTEX_POINT('',#3951);
#992=VERTEX_POINT('',#3953);
#993=VERTEX_POINT('',#3955);
#994=VERTEX_POINT('',#3957);
#995=VERTEX_POINT('',#3959);
#996=VERTEX_POINT('',#3961);
#997=VERTEX_POINT('',#3963);
#998=VERTEX_POINT('',#3965);
#999=VERTEX_POINT('',#3967);
#1000=VERTEX_POINT('',#3969);
#1001=VERTEX_POINT('',#3971);
#1002=VERTEX_POINT('',#3973);
#1003=VERTEX_POINT('',#3975);
#1004=VERTEX_POINT('',#3977);
#1005=VERTEX_POINT('',#3979);
#1006=VERTEX_POINT('',#3981);
#1007=VERTEX_POINT('',#3983);
#1008=VERTEX_POINT('',#3985);
#1009=VERTEX_POINT('',#3987);
#1010=VERTEX_POINT('',#3989);
#1011=VERTEX_POINT('',#3991);
#1012=VERTEX_POINT('',#3993);
#1013=VERTEX_POINT('',#3995);
#1014=VERTEX_POINT('',#3997);
#1015=VERTEX_POINT('',#3999);
#1016=VERTEX_POINT('',#4001);
#1017=VERTEX_POINT('',#4003);
#1018=VERTEX_POINT('',#4005);
#1019=VERTEX_POINT('',#4007);
#1020=VERTEX_POINT('',#4009);
#1021=VERTEX_POINT('',#4011);
#1022=VERTEX_POINT('',#4013);
#1023=VERTEX_POINT('',#4015);
#1024=VERTEX_POINT('',#4017);
#1025=VERTEX_POINT('',#4019);
#1026=VERTEX_POINT('',#4021);
#1027=VERTEX_POINT('',#4023);
#1028=VERTEX_POINT('',#4025);
#1029=VERTEX_POINT('',#4027);
#1030=VERTEX_POINT('',#4029);
#1031=VERTEX_POINT('',#4031);
#1032=VERTEX_POINT('',#4033);
#1033=VERTEX_POINT('',#4035);
#1034=VERTEX_POINT('',#4037);
#1035=VERTEX_POINT('',#4039);
#1036=VERTEX_POINT('',#4041);
#1037=VERTEX_POINT('',#4043);
#1038=VERTEX_POINT('',#4045);
#1039=VERTEX_POINT('',#4047);
#1040=VERTEX_POINT('',#4049);
#1041=VERTEX_POINT('',#4051);
#1042=VERTEX_POINT('',#4053);
#1043=VERTEX_POINT('',#4055);
#1044=VERTEX_POINT('',#4057);
#1045=VERTEX_POINT('',#4059);
#1046=VERTEX_POINT('',#4061);
#1047=VERTEX_POINT('',#4063);
#1048=VERTEX_POINT('',#4065);
#1049=VERTEX_POINT('',#4067);
#1050=VERTEX_POINT('',#4069);
#1051=VERTEX_POINT('',#4071);
#1052=VERTEX_POINT('',#4073);
#1053=VERTEX_POINT('',#4075);
#1054=VERTEX_POINT('',#4077);
#1055=VERTEX_POINT('',#4079);
#1056=VERTEX_POINT('',#4081);
#1057=VERTEX_POINT('',#4083);
#1058=VERTEX_POINT('',#4085);
#1059=VERTEX_POINT('',#4087);
#1060=VERTEX_POINT('',#4089);
#1061=VERTEX_POINT('',#4091);
#1062=VERTEX_POINT('',#4093);
#1063=VERTEX_POINT('',#4095);
#1064=VERTEX_POINT('',#4097);
#1065=VERTEX_POINT('',#4099);
#1066=VERTEX_POINT('',#4101);
#1067=VERTEX_POINT('',#4103);
#1068=VERTEX_POINT('',#4105);
#1069=VERTEX_POINT('',#4107);
#1070=VERTEX_POINT('',#4109);
#1071=VERTEX_POINT('',#4111);
#1072=VERTEX_POINT('',#4113);
#1073=VERTEX_POINT('',#4115);
#1074=VERTEX_POINT('',#4117);
#1075=VERTEX_POINT('',#4119);
#1076=VERTEX_POINT('',#4121);
#1077=VERTEX_POINT('',#4123);
#1078=VERTEX_POINT('',#4125);
#1079=VERTEX_POINT('',#4127);
#1080=VERTEX_POINT('',#4129);
#1081=VERTEX_POINT('',#4131);
#1082=VERTEX_POINT('',#4133);
#1083=VERTEX_POINT('',#4135);
#1084=VERTEX_POINT('',#4137);
#1085=VERTEX_POINT('',#4139);
#1086=VERTEX_POINT('',#4141);
#1087=VERTEX_POINT('',#4143);
#1088=VERTEX_POINT('',#4145);
#1089=VERTEX_POINT('',#4147);
#1090=VERTEX_POINT('',#4149);
#1091=VERTEX_POINT('',#4151);
#1092=VERTEX_POINT('',#4153);
#1093=VERTEX_POINT('',#4155);
#1094=VERTEX_POINT('',#4157);
#1095=VERTEX_POINT('',#4159);
#1096=VERTEX_POINT('',#4161);
#1097=VERTEX_POINT('',#4163);
#1098=VERTEX_POINT('',#4165);
#1099=VERTEX_POINT('',#4167);
#1100=VERTEX_POINT('',#4169);
#1101=VERTEX_POINT('',#4171);
#1102=VERTEX_POINT('',#4173);
#1103=VERTEX_POINT('',#4175);
#1104=VERTEX_POINT('',#4177);
#1105=VERTEX_POINT('',#4179);
#1106=VERTEX_POINT('',#4185);
#1107=VERTEX_POINT('',#4187);
#1108=VERTEX_POINT('',#4188);
#1109=VERTEX_POINT('',#4190);
#1110=VERTEX_POINT('',#4192);
#1111=VERTEX_POINT('',#4194);
#1112=VERTEX_POINT('',#4196);
#1113=VERTEX_POINT('',#4198);
#1114=VERTEX_POINT('',#4200);
#1115=VERTEX_POINT('',#4202);
#1116=VERTEX_POINT('',#4204);
#1117=VERTEX_POINT('',#4206);
#1118=VERTEX_POINT('',#4208);
#1119=VERTEX_POINT('',#4210);
#1120=VERTEX_POINT('',#4212);
#1121=VERTEX_POINT('',#4214);
#1122=VERTEX_POINT('',#4216);
#1123=VERTEX_POINT('',#4218);
#1124=VERTEX_POINT('',#4220);
#1125=VERTEX_POINT('',#4222);
#1126=VERTEX_POINT('',#4224);
#1127=VERTEX_POINT('',#4226);
#1128=VERTEX_POINT('',#4228);
#1129=VERTEX_POINT('',#4230);
#1130=VERTEX_POINT('',#4232);
#1131=VERTEX_POINT('',#4234);
#1132=VERTEX_POINT('',#4236);
#1133=VERTEX_POINT('',#4238);
#1134=VERTEX_POINT('',#4240);
#1135=VERTEX_POINT('',#4242);
#1136=VERTEX_POINT('',#4244);
#1137=VERTEX_POINT('',#4246);
#1138=VERTEX_POINT('',#4248);
#1139=VERTEX_POINT('',#4250);
#1140=VERTEX_POINT('',#4252);
#1141=VERTEX_POINT('',#4254);
#1142=VERTEX_POINT('',#4256);
#1143=VERTEX_POINT('',#4258);
#1144=VERTEX_POINT('',#4260);
#1145=VERTEX_POINT('',#4262);
#1146=VERTEX_POINT('',#4264);
#1147=VERTEX_POINT('',#4266);
#1148=VERTEX_POINT('',#4268);
#1149=VERTEX_POINT('',#4270);
#1150=VERTEX_POINT('',#4272);
#1151=VERTEX_POINT('',#4274);
#1152=VERTEX_POINT('',#4276);
#1153=VERTEX_POINT('',#4278);
#1154=VERTEX_POINT('',#4280);
#1155=VERTEX_POINT('',#4282);
#1156=VERTEX_POINT('',#4284);
#1157=VERTEX_POINT('',#4286);
#1158=VERTEX_POINT('',#4288);
#1159=VERTEX_POINT('',#4290);
#1160=VERTEX_POINT('',#4292);
#1161=VERTEX_POINT('',#4294);
#1162=VERTEX_POINT('',#4296);
#1163=VERTEX_POINT('',#4298);
#1164=VERTEX_POINT('',#4300);
#1165=VERTEX_POINT('',#4302);
#1166=VERTEX_POINT('',#4304);
#1167=VERTEX_POINT('',#4306);
#1168=VERTEX_POINT('',#4308);
#1169=VERTEX_POINT('',#4310);
#1170=VERTEX_POINT('',#4312);
#1171=VERTEX_POINT('',#4314);
#1172=VERTEX_POINT('',#4316);
#1173=VERTEX_POINT('',#4318);
#1174=VERTEX_POINT('',#4320);
#1175=VERTEX_POINT('',#4322);
#1176=VERTEX_POINT('',#4324);
#1177=VERTEX_POINT('',#4326);
#1178=VERTEX_POINT('',#4328);
#1179=VERTEX_POINT('',#4330);
#1180=VERTEX_POINT('',#4332);
#1181=VERTEX_POINT('',#4334);
#1182=VERTEX_POINT('',#4336);
#1183=VERTEX_POINT('',#4338);
#1184=VERTEX_POINT('',#4340);
#1185=VERTEX_POINT('',#4342);
#1186=VERTEX_POINT('',#4344);
#1187=VERTEX_POINT('',#4346);
#1188=VERTEX_POINT('',#4348);
#1189=VERTEX_POINT('',#4350);
#1190=VERTEX_POINT('',#4352);
#1191=VERTEX_POINT('',#4354);
#1192=VERTEX_POINT('',#4356);
#1193=VERTEX_POINT('',#4358);
#1194=VERTEX_POINT('',#4360);
#1195=VERTEX_POINT('',#4362);
#1196=VERTEX_POINT('',#4364);
#1197=VERTEX_POINT('',#4366);
#1198=VERTEX_POINT('',#4368);
#1199=VERTEX_POINT('',#4370);
#1200=VERTEX_POINT('',#4372);
#1201=VERTEX_POINT('',#4374);
#1202=VERTEX_POINT('',#4376);
#1203=VERTEX_POINT('',#4378);
#1204=VERTEX_POINT('',#4380);
#1205=VERTEX_POINT('',#4382);
#1206=VERTEX_POINT('',#4384);
#1207=VERTEX_POINT('',#4386);
#1208=VERTEX_POINT('',#4388);
#1209=VERTEX_POINT('',#4390);
#1210=VERTEX_POINT('',#4392);
#1211=VERTEX_POINT('',#4394);
#1212=VERTEX_POINT('',#4396);
#1213=VERTEX_POINT('',#4398);
#1214=VERTEX_POINT('',#4400);
#1215=VERTEX_POINT('',#4402);
#1216=VERTEX_POINT('',#4404);
#1217=VERTEX_POINT('',#4406);
#1218=VERTEX_POINT('',#4408);
#1219=VERTEX_POINT('',#4410);
#1220=VERTEX_POINT('',#4412);
#1221=VERTEX_POINT('',#4414);
#1222=VERTEX_POINT('',#4416);
#1223=VERTEX_POINT('',#4418);
#1224=VERTEX_POINT('',#4420);
#1225=VERTEX_POINT('',#4422);
#1226=VERTEX_POINT('',#4424);
#1227=VERTEX_POINT('',#4428);
#1228=EDGE_CURVE('',#964,#965,#664,.T.);
#1229=EDGE_CURVE('',#966,#964,#665,.T.);
#1230=EDGE_CURVE('',#966,#967,#666,.T.);
#1231=EDGE_CURVE('',#965,#967,#667,.T.);
#1232=EDGE_CURVE('',#968,#964,#668,.T.);
#1233=EDGE_CURVE('',#968,#969,#669,.T.);
#1234=EDGE_CURVE('',#969,#966,#670,.T.);
#1235=EDGE_CURVE('',#970,#971,#671,.T.);
#1236=EDGE_CURVE('',#972,#970,#672,.T.);
#1237=EDGE_CURVE('',#965,#972,#673,.T.);
#1238=EDGE_CURVE('',#967,#973,#674,.T.);
#1239=EDGE_CURVE('',#973,#974,#675,.T.);
#1240=EDGE_CURVE('',#975,#974,#676,.T.);
#1241=EDGE_CURVE('',#976,#975,#677,.T.);
#1242=EDGE_CURVE('',#977,#976,#678,.T.);
#1243=EDGE_CURVE('',#977,#978,#679,.T.);
#1244=EDGE_CURVE('',#978,#979,#680,.T.);
#1245=EDGE_CURVE('',#979,#971,#681,.T.);
#1246=EDGE_CURVE('',#974,#968,#682,.T.);
#1247=EDGE_CURVE('',#969,#973,#683,.T.);
#1248=EDGE_CURVE('',#980,#981,#684,.T.);
#1249=EDGE_CURVE('',#980,#982,#685,.T.);
#1250=EDGE_CURVE('',#982,#983,#686,.T.);
#1251=EDGE_CURVE('',#983,#981,#687,.T.);
#1252=EDGE_CURVE('',#981,#977,#688,.T.);
#1253=EDGE_CURVE('',#983,#978,#689,.T.);
#1254=EDGE_CURVE('',#982,#979,#690,.T.);
#1255=EDGE_CURVE('',#971,#980,#691,.T.);
#1256=EDGE_CURVE('',#984,#984,#142,.T.);
#1257=EDGE_CURVE('',#976,#970,#143,.T.);
#1258=EDGE_CURVE('',#985,#985,#144,.T.);
#1259=EDGE_CURVE('',#986,#987,#145,.T.);
#1260=EDGE_CURVE('',#987,#988,#146,.T.);
#1261=EDGE_CURVE('',#988,#989,#147,.T.);
#1262=EDGE_CURVE('',#989,#990,#148,.T.);
#1263=EDGE_CURVE('',#990,#991,#149,.T.);
#1264=EDGE_CURVE('',#991,#992,#150,.T.);
#1265=EDGE_CURVE('',#992,#993,#151,.T.);
#1266=EDGE_CURVE('',#993,#994,#152,.T.);
#1267=EDGE_CURVE('',#994,#995,#153,.T.);
#1268=EDGE_CURVE('',#995,#996,#154,.T.);
#1269=EDGE_CURVE('',#996,#997,#155,.T.);
#1270=EDGE_CURVE('',#997,#998,#156,.T.);
#1271=EDGE_CURVE('',#998,#999,#157,.T.);
#1272=EDGE_CURVE('',#999,#1000,#158,.T.);
#1273=EDGE_CURVE('',#1000,#1001,#159,.T.);
#1274=EDGE_CURVE('',#1001,#1002,#160,.T.);
#1275=EDGE_CURVE('',#1002,#1003,#161,.T.);
#1276=EDGE_CURVE('',#1003,#1004,#162,.T.);
#1277=EDGE_CURVE('',#1004,#1005,#163,.T.);
#1278=EDGE_CURVE('',#1005,#1006,#164,.T.);
#1279=EDGE_CURVE('',#1006,#1007,#165,.T.);
#1280=EDGE_CURVE('',#1007,#1008,#166,.T.);
#1281=EDGE_CURVE('',#1008,#1009,#167,.T.);
#1282=EDGE_CURVE('',#1009,#1010,#168,.T.);
#1283=EDGE_CURVE('',#1010,#1011,#169,.T.);
#1284=EDGE_CURVE('',#1011,#1012,#170,.T.);
#1285=EDGE_CURVE('',#1012,#1013,#171,.T.);
#1286=EDGE_CURVE('',#1013,#1014,#172,.T.);
#1287=EDGE_CURVE('',#1014,#1015,#173,.T.);
#1288=EDGE_CURVE('',#1015,#1016,#174,.T.);
#1289=EDGE_CURVE('',#1016,#1017,#175,.T.);
#1290=EDGE_CURVE('',#1017,#1018,#176,.T.);
#1291=EDGE_CURVE('',#1018,#1019,#177,.T.);
#1292=EDGE_CURVE('',#1019,#1020,#178,.T.);
#1293=EDGE_CURVE('',#1020,#1021,#179,.T.);
#1294=EDGE_CURVE('',#1021,#1022,#180,.T.);
#1295=EDGE_CURVE('',#1022,#1023,#181,.T.);
#1296=EDGE_CURVE('',#1023,#1024,#182,.T.);
#1297=EDGE_CURVE('',#1024,#1025,#183,.T.);
#1298=EDGE_CURVE('',#1025,#1026,#184,.T.);
#1299=EDGE_CURVE('',#1026,#1027,#185,.T.);
#1300=EDGE_CURVE('',#1027,#1028,#186,.T.);
#1301=EDGE_CURVE('',#1028,#1029,#187,.T.);
#1302=EDGE_CURVE('',#1029,#1030,#188,.T.);
#1303=EDGE_CURVE('',#1030,#1031,#189,.T.);
#1304=EDGE_CURVE('',#1031,#1032,#190,.T.);
#1305=EDGE_CURVE('',#1032,#1033,#191,.T.);
#1306=EDGE_CURVE('',#1033,#1034,#192,.T.);
#1307=EDGE_CURVE('',#1034,#1035,#193,.T.);
#1308=EDGE_CURVE('',#1035,#1036,#194,.T.);
#1309=EDGE_CURVE('',#1036,#1037,#195,.T.);
#1310=EDGE_CURVE('',#1037,#1038,#196,.T.);
#1311=EDGE_CURVE('',#1038,#1039,#197,.T.);
#1312=EDGE_CURVE('',#1039,#1040,#198,.T.);
#1313=EDGE_CURVE('',#1040,#1041,#199,.T.);
#1314=EDGE_CURVE('',#1041,#1042,#200,.T.);
#1315=EDGE_CURVE('',#1042,#1043,#201,.T.);
#1316=EDGE_CURVE('',#1043,#1044,#202,.T.);
#1317=EDGE_CURVE('',#1044,#1045,#203,.T.);
#1318=EDGE_CURVE('',#1045,#1046,#204,.T.);
#1319=EDGE_CURVE('',#1046,#1047,#205,.T.);
#1320=EDGE_CURVE('',#1047,#1048,#206,.T.);
#1321=EDGE_CURVE('',#1048,#1049,#207,.T.);
#1322=EDGE_CURVE('',#1049,#1050,#208,.T.);
#1323=EDGE_CURVE('',#1050,#1051,#209,.T.);
#1324=EDGE_CURVE('',#1051,#1052,#210,.T.);
#1325=EDGE_CURVE('',#1052,#1053,#211,.T.);
#1326=EDGE_CURVE('',#1053,#1054,#212,.T.);
#1327=EDGE_CURVE('',#1054,#1055,#213,.T.);
#1328=EDGE_CURVE('',#1055,#1056,#214,.T.);
#1329=EDGE_CURVE('',#1056,#1057,#215,.T.);
#1330=EDGE_CURVE('',#1057,#1058,#216,.T.);
#1331=EDGE_CURVE('',#1058,#1059,#217,.T.);
#1332=EDGE_CURVE('',#1059,#1060,#218,.T.);
#1333=EDGE_CURVE('',#1060,#1061,#219,.T.);
#1334=EDGE_CURVE('',#1061,#1062,#220,.T.);
#1335=EDGE_CURVE('',#1062,#1063,#221,.T.);
#1336=EDGE_CURVE('',#1063,#1064,#222,.T.);
#1337=EDGE_CURVE('',#1064,#1065,#223,.T.);
#1338=EDGE_CURVE('',#1065,#1066,#224,.T.);
#1339=EDGE_CURVE('',#1066,#1067,#225,.T.);
#1340=EDGE_CURVE('',#1067,#1068,#226,.T.);
#1341=EDGE_CURVE('',#1068,#1069,#227,.T.);
#1342=EDGE_CURVE('',#1069,#1070,#228,.T.);
#1343=EDGE_CURVE('',#1070,#1071,#229,.T.);
#1344=EDGE_CURVE('',#1071,#1072,#230,.T.);
#1345=EDGE_CURVE('',#1072,#1073,#231,.T.);
#1346=EDGE_CURVE('',#1073,#1074,#232,.T.);
#1347=EDGE_CURVE('',#1074,#1075,#233,.T.);
#1348=EDGE_CURVE('',#1075,#1076,#234,.T.);
#1349=EDGE_CURVE('',#1076,#1077,#235,.T.);
#1350=EDGE_CURVE('',#1077,#1078,#236,.T.);
#1351=EDGE_CURVE('',#1078,#1079,#237,.T.);
#1352=EDGE_CURVE('',#1079,#1080,#238,.T.);
#1353=EDGE_CURVE('',#1080,#1081,#239,.T.);
#1354=EDGE_CURVE('',#1081,#1082,#240,.T.);
#1355=EDGE_CURVE('',#1082,#1083,#241,.T.);
#1356=EDGE_CURVE('',#1083,#1084,#242,.T.);
#1357=EDGE_CURVE('',#1084,#1085,#243,.T.);
#1358=EDGE_CURVE('',#1085,#1086,#244,.T.);
#1359=EDGE_CURVE('',#1086,#1087,#245,.T.);
#1360=EDGE_CURVE('',#1087,#1088,#246,.T.);
#1361=EDGE_CURVE('',#1088,#1089,#247,.T.);
#1362=EDGE_CURVE('',#1089,#1090,#248,.T.);
#1363=EDGE_CURVE('',#1090,#1091,#249,.T.);
#1364=EDGE_CURVE('',#1091,#1092,#250,.T.);
#1365=EDGE_CURVE('',#1092,#1093,#251,.T.);
#1366=EDGE_CURVE('',#1093,#1094,#252,.T.);
#1367=EDGE_CURVE('',#1094,#1095,#253,.T.);
#1368=EDGE_CURVE('',#1095,#1096,#254,.T.);
#1369=EDGE_CURVE('',#1096,#1097,#255,.T.);
#1370=EDGE_CURVE('',#1097,#1098,#256,.T.);
#1371=EDGE_CURVE('',#1098,#1099,#257,.T.);
#1372=EDGE_CURVE('',#1099,#1100,#258,.T.);
#1373=EDGE_CURVE('',#1100,#1101,#259,.T.);
#1374=EDGE_CURVE('',#1101,#1102,#260,.T.);
#1375=EDGE_CURVE('',#1102,#1103,#261,.T.);
#1376=EDGE_CURVE('',#1103,#1104,#262,.T.);
#1377=EDGE_CURVE('',#1104,#1105,#263,.T.);
#1378=EDGE_CURVE('',#1105,#986,#264,.T.);
#1379=EDGE_CURVE('',#984,#985,#692,.T.);
#1380=EDGE_CURVE('',#1106,#1106,#265,.T.);
#1381=EDGE_CURVE('',#1107,#1108,#266,.T.);
#1382=EDGE_CURVE('',#1108,#1109,#267,.T.);
#1383=EDGE_CURVE('',#1109,#1110,#268,.T.);
#1384=EDGE_CURVE('',#1110,#1111,#269,.T.);
#1385=EDGE_CURVE('',#1111,#1112,#270,.T.);
#1386=EDGE_CURVE('',#1112,#1113,#271,.T.);
#1387=EDGE_CURVE('',#1113,#1114,#272,.T.);
#1388=EDGE_CURVE('',#1114,#1115,#273,.T.);
#1389=EDGE_CURVE('',#1115,#1116,#274,.T.);
#1390=EDGE_CURVE('',#1116,#1117,#275,.T.);
#1391=EDGE_CURVE('',#1117,#1118,#276,.T.);
#1392=EDGE_CURVE('',#1118,#1119,#277,.T.);
#1393=EDGE_CURVE('',#1119,#1120,#278,.T.);
#1394=EDGE_CURVE('',#1120,#1121,#279,.T.);
#1395=EDGE_CURVE('',#1121,#1122,#280,.T.);
#1396=EDGE_CURVE('',#1122,#1123,#281,.T.);
#1397=EDGE_CURVE('',#1123,#1124,#282,.T.);
#1398=EDGE_CURVE('',#1124,#1125,#283,.T.);
#1399=EDGE_CURVE('',#1125,#1126,#284,.T.);
#1400=EDGE_CURVE('',#1126,#1127,#285,.T.);
#1401=EDGE_CURVE('',#1127,#1128,#286,.T.);
#1402=EDGE_CURVE('',#1128,#1129,#287,.T.);
#1403=EDGE_CURVE('',#1129,#1130,#288,.T.);
#1404=EDGE_CURVE('',#1130,#1131,#289,.T.);
#1405=EDGE_CURVE('',#1131,#1132,#290,.T.);
#1406=EDGE_CURVE('',#1132,#1133,#291,.T.);
#1407=EDGE_CURVE('',#1133,#1134,#292,.T.);
#1408=EDGE_CURVE('',#1134,#1135,#293,.T.);
#1409=EDGE_CURVE('',#1135,#1136,#294,.T.);
#1410=EDGE_CURVE('',#1136,#1137,#295,.T.);
#1411=EDGE_CURVE('',#1137,#1138,#296,.T.);
#1412=EDGE_CURVE('',#1138,#1139,#297,.T.);
#1413=EDGE_CURVE('',#1139,#1140,#298,.T.);
#1414=EDGE_CURVE('',#1140,#1141,#299,.T.);
#1415=EDGE_CURVE('',#1141,#1142,#300,.T.);
#1416=EDGE_CURVE('',#1142,#1143,#301,.T.);
#1417=EDGE_CURVE('',#1143,#1144,#302,.T.);
#1418=EDGE_CURVE('',#1144,#1145,#303,.T.);
#1419=EDGE_CURVE('',#1145,#1146,#304,.T.);
#1420=EDGE_CURVE('',#1146,#1147,#305,.T.);
#1421=EDGE_CURVE('',#1147,#1148,#306,.T.);
#1422=EDGE_CURVE('',#1148,#1149,#307,.T.);
#1423=EDGE_CURVE('',#1149,#1150,#308,.T.);
#1424=EDGE_CURVE('',#1150,#1151,#309,.T.);
#1425=EDGE_CURVE('',#1151,#1152,#310,.T.);
#1426=EDGE_CURVE('',#1152,#1153,#311,.T.);
#1427=EDGE_CURVE('',#1153,#1154,#312,.T.);
#1428=EDGE_CURVE('',#1154,#1155,#313,.T.);
#1429=EDGE_CURVE('',#1155,#1156,#314,.T.);
#1430=EDGE_CURVE('',#1156,#1157,#315,.T.);
#1431=EDGE_CURVE('',#1157,#1158,#316,.T.);
#1432=EDGE_CURVE('',#1158,#1159,#317,.T.);
#1433=EDGE_CURVE('',#1159,#1160,#318,.T.);
#1434=EDGE_CURVE('',#1160,#1161,#319,.T.);
#1435=EDGE_CURVE('',#1161,#1162,#320,.T.);
#1436=EDGE_CURVE('',#1162,#1163,#321,.T.);
#1437=EDGE_CURVE('',#1163,#1164,#322,.T.);
#1438=EDGE_CURVE('',#1164,#1165,#323,.T.);
#1439=EDGE_CURVE('',#1165,#1166,#324,.T.);
#1440=EDGE_CURVE('',#1166,#1167,#325,.T.);
#1441=EDGE_CURVE('',#1167,#1168,#326,.T.);
#1442=EDGE_CURVE('',#1168,#1169,#327,.T.);
#1443=EDGE_CURVE('',#1169,#1170,#328,.T.);
#1444=EDGE_CURVE('',#1170,#1171,#329,.T.);
#1445=EDGE_CURVE('',#1171,#1172,#330,.T.);
#1446=EDGE_CURVE('',#1172,#1173,#331,.T.);
#1447=EDGE_CURVE('',#1173,#1174,#332,.T.);
#1448=EDGE_CURVE('',#1174,#1175,#333,.T.);
#1449=EDGE_CURVE('',#1175,#1176,#334,.T.);
#1450=EDGE_CURVE('',#1176,#1177,#335,.T.);
#1451=EDGE_CURVE('',#1177,#1178,#336,.T.);
#1452=EDGE_CURVE('',#1178,#1179,#337,.T.);
#1453=EDGE_CURVE('',#1179,#1180,#338,.T.);
#1454=EDGE_CURVE('',#1180,#1181,#339,.T.);
#1455=EDGE_CURVE('',#1181,#1182,#340,.T.);
#1456=EDGE_CURVE('',#1182,#1183,#341,.T.);
#1457=EDGE_CURVE('',#1183,#1184,#342,.T.);
#1458=EDGE_CURVE('',#1184,#1185,#343,.T.);
#1459=EDGE_CURVE('',#1185,#1186,#344,.T.);
#1460=EDGE_CURVE('',#1186,#1187,#345,.T.);
#1461=EDGE_CURVE('',#1187,#1188,#346,.T.);
#1462=EDGE_CURVE('',#1188,#1189,#347,.T.);
#1463=EDGE_CURVE('',#1189,#1190,#348,.T.);
#1464=EDGE_CURVE('',#1190,#1191,#349,.T.);
#1465=EDGE_CURVE('',#1191,#1192,#350,.T.);
#1466=EDGE_CURVE('',#1192,#1193,#351,.T.);
#1467=EDGE_CURVE('',#1193,#1194,#352,.T.);
#1468=EDGE_CURVE('',#1194,#1195,#353,.T.);
#1469=EDGE_CURVE('',#1195,#1196,#354,.T.);
#1470=EDGE_CURVE('',#1196,#1197,#355,.T.);
#1471=EDGE_CURVE('',#1197,#1198,#356,.T.);
#1472=EDGE_CURVE('',#1198,#1199,#357,.T.);
#1473=EDGE_CURVE('',#1199,#1200,#358,.T.);
#1474=EDGE_CURVE('',#1200,#1201,#359,.T.);
#1475=EDGE_CURVE('',#1201,#1202,#360,.T.);
#1476=EDGE_CURVE('',#1202,#1203,#361,.T.);
#1477=EDGE_CURVE('',#1203,#1204,#362,.T.);
#1478=EDGE_CURVE('',#1204,#1205,#363,.T.);
#1479=EDGE_CURVE('',#1205,#1206,#364,.T.);
#1480=EDGE_CURVE('',#1206,#1207,#365,.T.);
#1481=EDGE_CURVE('',#1207,#1208,#366,.T.);
#1482=EDGE_CURVE('',#1208,#1209,#367,.T.);
#1483=EDGE_CURVE('',#1209,#1210,#368,.T.);
#1484=EDGE_CURVE('',#1210,#1211,#369,.T.);
#1485=EDGE_CURVE('',#1211,#1212,#370,.T.);
#1486=EDGE_CURVE('',#1212,#1213,#371,.T.);
#1487=EDGE_CURVE('',#1213,#1214,#372,.T.);
#1488=EDGE_CURVE('',#1214,#1215,#373,.T.);
#1489=EDGE_CURVE('',#1215,#1216,#374,.T.);
#1490=EDGE_CURVE('',#1216,#1217,#375,.T.);
#1491=EDGE_CURVE('',#1217,#1218,#376,.T.);
#1492=EDGE_CURVE('',#1218,#1219,#377,.T.);
#1493=EDGE_CURVE('',#1219,#1220,#378,.T.);
#1494=EDGE_CURVE('',#1220,#1221,#379,.T.);
#1495=EDGE_CURVE('',#1221,#1222,#380,.T.);
#1496=EDGE_CURVE('',#1222,#1223,#381,.T.);
#1497=EDGE_CURVE('',#1223,#1224,#382,.T.);
#1498=EDGE_CURVE('',#1224,#1225,#383,.T.);
#1499=EDGE_CURVE('',#1225,#1226,#384,.T.);
#1500=EDGE_CURVE('',#1226,#1107,#385,.T.);
#1501=EDGE_CURVE('',#1106,#1227,#693,.T.);
#1502=EDGE_CURVE('',#1227,#1227,#386,.T.);
#1503=EDGE_CURVE('',#972,#975,#387,.T.);
#1504=EDGE_CURVE('',#987,#1107,#694,.T.);
#1505=EDGE_CURVE('',#1108,#986,#695,.T.);
#1506=EDGE_CURVE('',#1226,#988,#696,.T.);
#1507=EDGE_CURVE('',#989,#1225,#697,.T.);
#1508=EDGE_CURVE('',#1224,#990,#698,.T.);
#1509=EDGE_CURVE('',#991,#1223,#699,.T.);
#1510=EDGE_CURVE('',#1222,#992,#700,.T.);
#1511=EDGE_CURVE('',#993,#1221,#701,.T.);
#1512=EDGE_CURVE('',#1220,#994,#702,.T.);
#1513=EDGE_CURVE('',#995,#1219,#703,.T.);
#1514=EDGE_CURVE('',#1218,#996,#704,.T.);
#1515=EDGE_CURVE('',#997,#1217,#705,.T.);
#1516=EDGE_CURVE('',#1216,#998,#706,.T.);
#1517=EDGE_CURVE('',#999,#1215,#707,.T.);
#1518=EDGE_CURVE('',#1214,#1000,#708,.T.);
#1519=EDGE_CURVE('',#1001,#1213,#709,.T.);
#1520=EDGE_CURVE('',#1212,#1002,#710,.T.);
#1521=EDGE_CURVE('',#1003,#1211,#711,.T.);
#1522=EDGE_CURVE('',#1210,#1004,#712,.T.);
#1523=EDGE_CURVE('',#1005,#1209,#713,.T.);
#1524=EDGE_CURVE('',#1208,#1006,#714,.T.);
#1525=EDGE_CURVE('',#1007,#1207,#715,.T.);
#1526=EDGE_CURVE('',#1206,#1008,#716,.T.);
#1527=EDGE_CURVE('',#1009,#1205,#717,.T.);
#1528=EDGE_CURVE('',#1204,#1010,#718,.T.);
#1529=EDGE_CURVE('',#1011,#1203,#719,.T.);
#1530=EDGE_CURVE('',#1202,#1012,#720,.T.);
#1531=EDGE_CURVE('',#1013,#1201,#721,.T.);
#1532=EDGE_CURVE('',#1200,#1014,#722,.T.);
#1533=EDGE_CURVE('',#1015,#1199,#723,.T.);
#1534=EDGE_CURVE('',#1198,#1016,#724,.T.);
#1535=EDGE_CURVE('',#1017,#1197,#725,.T.);
#1536=EDGE_CURVE('',#1196,#1018,#726,.T.);
#1537=EDGE_CURVE('',#1019,#1195,#727,.T.);
#1538=EDGE_CURVE('',#1194,#1020,#728,.T.);
#1539=EDGE_CURVE('',#1021,#1193,#729,.T.);
#1540=EDGE_CURVE('',#1192,#1022,#730,.T.);
#1541=EDGE_CURVE('',#1023,#1191,#731,.T.);
#1542=EDGE_CURVE('',#1190,#1024,#732,.T.);
#1543=EDGE_CURVE('',#1025,#1189,#733,.T.);
#1544=EDGE_CURVE('',#1188,#1026,#734,.T.);
#1545=EDGE_CURVE('',#1027,#1187,#735,.T.);
#1546=EDGE_CURVE('',#1186,#1028,#736,.T.);
#1547=EDGE_CURVE('',#1029,#1185,#737,.T.);
#1548=EDGE_CURVE('',#1184,#1030,#738,.T.);
#1549=EDGE_CURVE('',#1031,#1183,#739,.T.);
#1550=EDGE_CURVE('',#1182,#1032,#740,.T.);
#1551=EDGE_CURVE('',#1033,#1181,#741,.T.);
#1552=EDGE_CURVE('',#1180,#1034,#742,.T.);
#1553=EDGE_CURVE('',#1035,#1179,#743,.T.);
#1554=EDGE_CURVE('',#1178,#1036,#744,.T.);
#1555=EDGE_CURVE('',#1037,#1177,#745,.T.);
#1556=EDGE_CURVE('',#1176,#1038,#746,.T.);
#1557=EDGE_CURVE('',#1039,#1175,#747,.T.);
#1558=EDGE_CURVE('',#1174,#1040,#748,.T.);
#1559=EDGE_CURVE('',#1041,#1173,#749,.T.);
#1560=EDGE_CURVE('',#1172,#1042,#750,.T.);
#1561=EDGE_CURVE('',#1043,#1171,#751,.T.);
#1562=EDGE_CURVE('',#1170,#1044,#752,.T.);
#1563=EDGE_CURVE('',#1045,#1169,#753,.T.);
#1564=EDGE_CURVE('',#1168,#1046,#754,.T.);
#1565=EDGE_CURVE('',#1047,#1167,#755,.T.);
#1566=EDGE_CURVE('',#1166,#1048,#756,.T.);
#1567=EDGE_CURVE('',#1049,#1165,#757,.T.);
#1568=EDGE_CURVE('',#1164,#1050,#758,.T.);
#1569=EDGE_CURVE('',#1051,#1163,#759,.T.);
#1570=EDGE_CURVE('',#1162,#1052,#760,.T.);
#1571=EDGE_CURVE('',#1053,#1161,#761,.T.);
#1572=EDGE_CURVE('',#1160,#1054,#762,.T.);
#1573=EDGE_CURVE('',#1055,#1159,#763,.T.);
#1574=EDGE_CURVE('',#1158,#1056,#764,.T.);
#1575=EDGE_CURVE('',#1057,#1157,#765,.T.);
#1576=EDGE_CURVE('',#1156,#1058,#766,.T.);
#1577=EDGE_CURVE('',#1059,#1155,#767,.T.);
#1578=EDGE_CURVE('',#1154,#1060,#768,.T.);
#1579=EDGE_CURVE('',#1061,#1153,#769,.T.);
#1580=EDGE_CURVE('',#1152,#1062,#770,.T.);
#1581=EDGE_CURVE('',#1063,#1151,#771,.T.);
#1582=EDGE_CURVE('',#1150,#1064,#772,.T.);
#1583=EDGE_CURVE('',#1065,#1149,#773,.T.);
#1584=EDGE_CURVE('',#1148,#1066,#774,.T.);
#1585=EDGE_CURVE('',#1067,#1147,#775,.T.);
#1586=EDGE_CURVE('',#1146,#1068,#776,.T.);
#1587=EDGE_CURVE('',#1069,#1145,#777,.T.);
#1588=EDGE_CURVE('',#1144,#1070,#778,.T.);
#1589=EDGE_CURVE('',#1071,#1143,#779,.T.);
#1590=EDGE_CURVE('',#1142,#1072,#780,.T.);
#1591=EDGE_CURVE('',#1073,#1141,#781,.T.);
#1592=EDGE_CURVE('',#1140,#1074,#782,.T.);
#1593=EDGE_CURVE('',#1075,#1139,#783,.T.);
#1594=EDGE_CURVE('',#1138,#1076,#784,.T.);
#1595=EDGE_CURVE('',#1077,#1137,#785,.T.);
#1596=EDGE_CURVE('',#1136,#1078,#786,.T.);
#1597=EDGE_CURVE('',#1079,#1135,#787,.T.);
#1598=EDGE_CURVE('',#1134,#1080,#788,.T.);
#1599=EDGE_CURVE('',#1081,#1133,#789,.T.);
#1600=EDGE_CURVE('',#1132,#1082,#790,.T.);
#1601=EDGE_CURVE('',#1083,#1131,#791,.T.);
#1602=EDGE_CURVE('',#1130,#1084,#792,.T.);
#1603=EDGE_CURVE('',#1085,#1129,#793,.T.);
#1604=EDGE_CURVE('',#1128,#1086,#794,.T.);
#1605=EDGE_CURVE('',#1087,#1127,#795,.T.);
#1606=EDGE_CURVE('',#1126,#1088,#796,.T.);
#1607=EDGE_CURVE('',#1089,#1125,#797,.T.);
#1608=EDGE_CURVE('',#1124,#1090,#798,.T.);
#1609=EDGE_CURVE('',#1091,#1123,#799,.T.);
#1610=EDGE_CURVE('',#1122,#1092,#800,.T.);
#1611=EDGE_CURVE('',#1093,#1121,#801,.T.);
#1612=EDGE_CURVE('',#1120,#1094,#802,.T.);
#1613=EDGE_CURVE('',#1095,#1119,#803,.T.);
#1614=EDGE_CURVE('',#1118,#1096,#804,.T.);
#1615=EDGE_CURVE('',#1097,#1117,#805,.T.);
#1616=EDGE_CURVE('',#1116,#1098,#806,.T.);
#1617=EDGE_CURVE('',#1099,#1115,#807,.T.);
#1618=EDGE_CURVE('',#1114,#1100,#808,.T.);
#1619=EDGE_CURVE('',#1101,#1113,#809,.T.);
#1620=EDGE_CURVE('',#1112,#1102,#810,.T.);
#1621=EDGE_CURVE('',#1103,#1111,#811,.T.);
#1622=EDGE_CURVE('',#1110,#1104,#812,.T.);
#1623=EDGE_CURVE('',#1105,#1109,#813,.T.);
#1624=ORIENTED_EDGE('',*,*,#1228,.F.);
#1625=ORIENTED_EDGE('',*,*,#1229,.F.);
#1626=ORIENTED_EDGE('',*,*,#1230,.T.);
#1627=ORIENTED_EDGE('',*,*,#1231,.F.);
#1628=ORIENTED_EDGE('',*,*,#1232,.F.);
#1629=ORIENTED_EDGE('',*,*,#1233,.T.);
#1630=ORIENTED_EDGE('',*,*,#1234,.T.);
#1631=ORIENTED_EDGE('',*,*,#1229,.T.);
#1632=ORIENTED_EDGE('',*,*,#1235,.F.);
#1633=ORIENTED_EDGE('',*,*,#1236,.F.);
#1634=ORIENTED_EDGE('',*,*,#1237,.F.);
#1635=ORIENTED_EDGE('',*,*,#1231,.T.);
#1636=ORIENTED_EDGE('',*,*,#1238,.T.);
#1637=ORIENTED_EDGE('',*,*,#1239,.T.);
#1638=ORIENTED_EDGE('',*,*,#1240,.F.);
#1639=ORIENTED_EDGE('',*,*,#1241,.F.);
#1640=ORIENTED_EDGE('',*,*,#1242,.F.);
#1641=ORIENTED_EDGE('',*,*,#1243,.T.);
#1642=ORIENTED_EDGE('',*,*,#1244,.T.);
#1643=ORIENTED_EDGE('',*,*,#1245,.T.);
#1644=ORIENTED_EDGE('',*,*,#1246,.F.);
#1645=ORIENTED_EDGE('',*,*,#1239,.F.);
#1646=ORIENTED_EDGE('',*,*,#1247,.F.);
#1647=ORIENTED_EDGE('',*,*,#1233,.F.);
#1648=ORIENTED_EDGE('',*,*,#1248,.F.);
#1649=ORIENTED_EDGE('',*,*,#1249,.T.);
#1650=ORIENTED_EDGE('',*,*,#1250,.T.);
#1651=ORIENTED_EDGE('',*,*,#1251,.T.);
#1652=ORIENTED_EDGE('',*,*,#1247,.T.);
#1653=ORIENTED_EDGE('',*,*,#1238,.F.);
#1654=ORIENTED_EDGE('',*,*,#1230,.F.);
#1655=ORIENTED_EDGE('',*,*,#1234,.F.);
#1656=ORIENTED_EDGE('',*,*,#1252,.F.);
#1657=ORIENTED_EDGE('',*,*,#1251,.F.);
#1658=ORIENTED_EDGE('',*,*,#1253,.T.);
#1659=ORIENTED_EDGE('',*,*,#1243,.F.);
#1660=ORIENTED_EDGE('',*,*,#1254,.T.);
#1661=ORIENTED_EDGE('',*,*,#1244,.F.);
#1662=ORIENTED_EDGE('',*,*,#1253,.F.);
#1663=ORIENTED_EDGE('',*,*,#1250,.F.);
#1664=ORIENTED_EDGE('',*,*,#1255,.F.);
#1665=ORIENTED_EDGE('',*,*,#1245,.F.);
#1666=ORIENTED_EDGE('',*,*,#1254,.F.);
#1667=ORIENTED_EDGE('',*,*,#1249,.F.);
#1668=ORIENTED_EDGE('',*,*,#1256,.T.);
#1669=ORIENTED_EDGE('',*,*,#1235,.T.);
#1670=ORIENTED_EDGE('',*,*,#1255,.T.);
#1671=ORIENTED_EDGE('',*,*,#1248,.T.);
#1672=ORIENTED_EDGE('',*,*,#1252,.T.);
#1673=ORIENTED_EDGE('',*,*,#1242,.T.);
#1674=ORIENTED_EDGE('',*,*,#1257,.T.);
#1675=ORIENTED_EDGE('',*,*,#1258,.T.);
#1676=ORIENTED_EDGE('',*,*,#1259,.T.);
#1677=ORIENTED_EDGE('',*,*,#1260,.T.);
#1678=ORIENTED_EDGE('',*,*,#1261,.T.);
#1679=ORIENTED_EDGE('',*,*,#1262,.T.);
#1680=ORIENTED_EDGE('',*,*,#1263,.T.);
#1681=ORIENTED_EDGE('',*,*,#1264,.T.);
#1682=ORIENTED_EDGE('',*,*,#1265,.T.);
#1683=ORIENTED_EDGE('',*,*,#1266,.T.);
#1684=ORIENTED_EDGE('',*,*,#1267,.T.);
#1685=ORIENTED_EDGE('',*,*,#1268,.T.);
#1686=ORIENTED_EDGE('',*,*,#1269,.T.);
#1687=ORIENTED_EDGE('',*,*,#1270,.T.);
#1688=ORIENTED_EDGE('',*,*,#1271,.T.);
#1689=ORIENTED_EDGE('',*,*,#1272,.T.);
#1690=ORIENTED_EDGE('',*,*,#1273,.T.);
#1691=ORIENTED_EDGE('',*,*,#1274,.T.);
#1692=ORIENTED_EDGE('',*,*,#1275,.T.);
#1693=ORIENTED_EDGE('',*,*,#1276,.T.);
#1694=ORIENTED_EDGE('',*,*,#1277,.T.);
#1695=ORIENTED_EDGE('',*,*,#1278,.T.);
#1696=ORIENTED_EDGE('',*,*,#1279,.T.);
#1697=ORIENTED_EDGE('',*,*,#1280,.T.);
#1698=ORIENTED_EDGE('',*,*,#1281,.T.);
#1699=ORIENTED_EDGE('',*,*,#1282,.T.);
#1700=ORIENTED_EDGE('',*,*,#1283,.T.);
#1701=ORIENTED_EDGE('',*,*,#1284,.T.);
#1702=ORIENTED_EDGE('',*,*,#1285,.T.);
#1703=ORIENTED_EDGE('',*,*,#1286,.T.);
#1704=ORIENTED_EDGE('',*,*,#1287,.T.);
#1705=ORIENTED_EDGE('',*,*,#1288,.T.);
#1706=ORIENTED_EDGE('',*,*,#1289,.T.);
#1707=ORIENTED_EDGE('',*,*,#1290,.T.);
#1708=ORIENTED_EDGE('',*,*,#1291,.T.);
#1709=ORIENTED_EDGE('',*,*,#1292,.T.);
#1710=ORIENTED_EDGE('',*,*,#1293,.T.);
#1711=ORIENTED_EDGE('',*,*,#1294,.T.);
#1712=ORIENTED_EDGE('',*,*,#1295,.T.);
#1713=ORIENTED_EDGE('',*,*,#1296,.T.);
#1714=ORIENTED_EDGE('',*,*,#1297,.T.);
#1715=ORIENTED_EDGE('',*,*,#1298,.T.);
#1716=ORIENTED_EDGE('',*,*,#1299,.T.);
#1717=ORIENTED_EDGE('',*,*,#1300,.T.);
#1718=ORIENTED_EDGE('',*,*,#1301,.T.);
#1719=ORIENTED_EDGE('',*,*,#1302,.T.);
#1720=ORIENTED_EDGE('',*,*,#1303,.T.);
#1721=ORIENTED_EDGE('',*,*,#1304,.T.);
#1722=ORIENTED_EDGE('',*,*,#1305,.T.);
#1723=ORIENTED_EDGE('',*,*,#1306,.T.);
#1724=ORIENTED_EDGE('',*,*,#1307,.T.);
#1725=ORIENTED_EDGE('',*,*,#1308,.T.);
#1726=ORIENTED_EDGE('',*,*,#1309,.T.);
#1727=ORIENTED_EDGE('',*,*,#1310,.T.);
#1728=ORIENTED_EDGE('',*,*,#1311,.T.);
#1729=ORIENTED_EDGE('',*,*,#1312,.T.);
#1730=ORIENTED_EDGE('',*,*,#1313,.T.);
#1731=ORIENTED_EDGE('',*,*,#1314,.T.);
#1732=ORIENTED_EDGE('',*,*,#1315,.T.);
#1733=ORIENTED_EDGE('',*,*,#1316,.T.);
#1734=ORIENTED_EDGE('',*,*,#1317,.T.);
#1735=ORIENTED_EDGE('',*,*,#1318,.T.);
#1736=ORIENTED_EDGE('',*,*,#1319,.T.);
#1737=ORIENTED_EDGE('',*,*,#1320,.T.);
#1738=ORIENTED_EDGE('',*,*,#1321,.T.);
#1739=ORIENTED_EDGE('',*,*,#1322,.T.);
#1740=ORIENTED_EDGE('',*,*,#1323,.T.);
#1741=ORIENTED_EDGE('',*,*,#1324,.T.);
#1742=ORIENTED_EDGE('',*,*,#1325,.T.);
#1743=ORIENTED_EDGE('',*,*,#1326,.T.);
#1744=ORIENTED_EDGE('',*,*,#1327,.T.);
#1745=ORIENTED_EDGE('',*,*,#1328,.T.);
#1746=ORIENTED_EDGE('',*,*,#1329,.T.);
#1747=ORIENTED_EDGE('',*,*,#1330,.T.);
#1748=ORIENTED_EDGE('',*,*,#1331,.T.);
#1749=ORIENTED_EDGE('',*,*,#1332,.T.);
#1750=ORIENTED_EDGE('',*,*,#1333,.T.);
#1751=ORIENTED_EDGE('',*,*,#1334,.T.);
#1752=ORIENTED_EDGE('',*,*,#1335,.T.);
#1753=ORIENTED_EDGE('',*,*,#1336,.T.);
#1754=ORIENTED_EDGE('',*,*,#1337,.T.);
#1755=ORIENTED_EDGE('',*,*,#1338,.T.);
#1756=ORIENTED_EDGE('',*,*,#1339,.T.);
#1757=ORIENTED_EDGE('',*,*,#1340,.T.);
#1758=ORIENTED_EDGE('',*,*,#1341,.T.);
#1759=ORIENTED_EDGE('',*,*,#1342,.T.);
#1760=ORIENTED_EDGE('',*,*,#1343,.T.);
#1761=ORIENTED_EDGE('',*,*,#1344,.T.);
#1762=ORIENTED_EDGE('',*,*,#1345,.T.);
#1763=ORIENTED_EDGE('',*,*,#1346,.T.);
#1764=ORIENTED_EDGE('',*,*,#1347,.T.);
#1765=ORIENTED_EDGE('',*,*,#1348,.T.);
#1766=ORIENTED_EDGE('',*,*,#1349,.T.);
#1767=ORIENTED_EDGE('',*,*,#1350,.T.);
#1768=ORIENTED_EDGE('',*,*,#1351,.T.);
#1769=ORIENTED_EDGE('',*,*,#1352,.T.);
#1770=ORIENTED_EDGE('',*,*,#1353,.T.);
#1771=ORIENTED_EDGE('',*,*,#1354,.T.);
#1772=ORIENTED_EDGE('',*,*,#1355,.T.);
#1773=ORIENTED_EDGE('',*,*,#1356,.T.);
#1774=ORIENTED_EDGE('',*,*,#1357,.T.);
#1775=ORIENTED_EDGE('',*,*,#1358,.T.);
#1776=ORIENTED_EDGE('',*,*,#1359,.T.);
#1777=ORIENTED_EDGE('',*,*,#1360,.T.);
#1778=ORIENTED_EDGE('',*,*,#1361,.T.);
#1779=ORIENTED_EDGE('',*,*,#1362,.T.);
#1780=ORIENTED_EDGE('',*,*,#1363,.T.);
#1781=ORIENTED_EDGE('',*,*,#1364,.T.);
#1782=ORIENTED_EDGE('',*,*,#1365,.T.);
#1783=ORIENTED_EDGE('',*,*,#1366,.T.);
#1784=ORIENTED_EDGE('',*,*,#1367,.T.);
#1785=ORIENTED_EDGE('',*,*,#1368,.T.);
#1786=ORIENTED_EDGE('',*,*,#1369,.T.);
#1787=ORIENTED_EDGE('',*,*,#1370,.T.);
#1788=ORIENTED_EDGE('',*,*,#1371,.T.);
#1789=ORIENTED_EDGE('',*,*,#1372,.T.);
#1790=ORIENTED_EDGE('',*,*,#1373,.T.);
#1791=ORIENTED_EDGE('',*,*,#1374,.T.);
#1792=ORIENTED_EDGE('',*,*,#1375,.T.);
#1793=ORIENTED_EDGE('',*,*,#1376,.T.);
#1794=ORIENTED_EDGE('',*,*,#1377,.T.);
#1795=ORIENTED_EDGE('',*,*,#1378,.T.);
#1796=ORIENTED_EDGE('',*,*,#1256,.F.);
#1797=ORIENTED_EDGE('',*,*,#1379,.T.);
#1798=ORIENTED_EDGE('',*,*,#1258,.F.);
#1799=ORIENTED_EDGE('',*,*,#1379,.F.);
#1800=ORIENTED_EDGE('',*,*,#1380,.T.);
#1801=ORIENTED_EDGE('',*,*,#1381,.T.);
#1802=ORIENTED_EDGE('',*,*,#1382,.T.);
#1803=ORIENTED_EDGE('',*,*,#1383,.T.);
#1804=ORIENTED_EDGE('',*,*,#1384,.T.);
#1805=ORIENTED_EDGE('',*,*,#1385,.T.);
#1806=ORIENTED_EDGE('',*,*,#1386,.T.);
#1807=ORIENTED_EDGE('',*,*,#1387,.T.);
#1808=ORIENTED_EDGE('',*,*,#1388,.T.);
#1809=ORIENTED_EDGE('',*,*,#1389,.T.);
#1810=ORIENTED_EDGE('',*,*,#1390,.T.);
#1811=ORIENTED_EDGE('',*,*,#1391,.T.);
#1812=ORIENTED_EDGE('',*,*,#1392,.T.);
#1813=ORIENTED_EDGE('',*,*,#1393,.T.);
#1814=ORIENTED_EDGE('',*,*,#1394,.T.);
#1815=ORIENTED_EDGE('',*,*,#1395,.T.);
#1816=ORIENTED_EDGE('',*,*,#1396,.T.);
#1817=ORIENTED_EDGE('',*,*,#1397,.T.);
#1818=ORIENTED_EDGE('',*,*,#1398,.T.);
#1819=ORIENTED_EDGE('',*,*,#1399,.T.);
#1820=ORIENTED_EDGE('',*,*,#1400,.T.);
#1821=ORIENTED_EDGE('',*,*,#1401,.T.);
#1822=ORIENTED_EDGE('',*,*,#1402,.T.);
#1823=ORIENTED_EDGE('',*,*,#1403,.T.);
#1824=ORIENTED_EDGE('',*,*,#1404,.T.);
#1825=ORIENTED_EDGE('',*,*,#1405,.T.);
#1826=ORIENTED_EDGE('',*,*,#1406,.T.);
#1827=ORIENTED_EDGE('',*,*,#1407,.T.);
#1828=ORIENTED_EDGE('',*,*,#1408,.T.);
#1829=ORIENTED_EDGE('',*,*,#1409,.T.);
#1830=ORIENTED_EDGE('',*,*,#1410,.T.);
#1831=ORIENTED_EDGE('',*,*,#1411,.T.);
#1832=ORIENTED_EDGE('',*,*,#1412,.T.);
#1833=ORIENTED_EDGE('',*,*,#1413,.T.);
#1834=ORIENTED_EDGE('',*,*,#1414,.T.);
#1835=ORIENTED_EDGE('',*,*,#1415,.T.);
#1836=ORIENTED_EDGE('',*,*,#1416,.T.);
#1837=ORIENTED_EDGE('',*,*,#1417,.T.);
#1838=ORIENTED_EDGE('',*,*,#1418,.T.);
#1839=ORIENTED_EDGE('',*,*,#1419,.T.);
#1840=ORIENTED_EDGE('',*,*,#1420,.T.);
#1841=ORIENTED_EDGE('',*,*,#1421,.T.);
#1842=ORIENTED_EDGE('',*,*,#1422,.T.);
#1843=ORIENTED_EDGE('',*,*,#1423,.T.);
#1844=ORIENTED_EDGE('',*,*,#1424,.T.);
#1845=ORIENTED_EDGE('',*,*,#1425,.T.);
#1846=ORIENTED_EDGE('',*,*,#1426,.T.);
#1847=ORIENTED_EDGE('',*,*,#1427,.T.);
#1848=ORIENTED_EDGE('',*,*,#1428,.T.);
#1849=ORIENTED_EDGE('',*,*,#1429,.T.);
#1850=ORIENTED_EDGE('',*,*,#1430,.T.);
#1851=ORIENTED_EDGE('',*,*,#1431,.T.);
#1852=ORIENTED_EDGE('',*,*,#1432,.T.);
#1853=ORIENTED_EDGE('',*,*,#1433,.T.);
#1854=ORIENTED_EDGE('',*,*,#1434,.T.);
#1855=ORIENTED_EDGE('',*,*,#1435,.T.);
#1856=ORIENTED_EDGE('',*,*,#1436,.T.);
#1857=ORIENTED_EDGE('',*,*,#1437,.T.);
#1858=ORIENTED_EDGE('',*,*,#1438,.T.);
#1859=ORIENTED_EDGE('',*,*,#1439,.T.);
#1860=ORIENTED_EDGE('',*,*,#1440,.T.);
#1861=ORIENTED_EDGE('',*,*,#1441,.T.);
#1862=ORIENTED_EDGE('',*,*,#1442,.T.);
#1863=ORIENTED_EDGE('',*,*,#1443,.T.);
#1864=ORIENTED_EDGE('',*,*,#1444,.T.);
#1865=ORIENTED_EDGE('',*,*,#1445,.T.);
#1866=ORIENTED_EDGE('',*,*,#1446,.T.);
#1867=ORIENTED_EDGE('',*,*,#1447,.T.);
#1868=ORIENTED_EDGE('',*,*,#1448,.T.);
#1869=ORIENTED_EDGE('',*,*,#1449,.T.);
#1870=ORIENTED_EDGE('',*,*,#1450,.T.);
#1871=ORIENTED_EDGE('',*,*,#1451,.T.);
#1872=ORIENTED_EDGE('',*,*,#1452,.T.);
#1873=ORIENTED_EDGE('',*,*,#1453,.T.);
#1874=ORIENTED_EDGE('',*,*,#1454,.T.);
#1875=ORIENTED_EDGE('',*,*,#1455,.T.);
#1876=ORIENTED_EDGE('',*,*,#1456,.T.);
#1877=ORIENTED_EDGE('',*,*,#1457,.T.);
#1878=ORIENTED_EDGE('',*,*,#1458,.T.);
#1879=ORIENTED_EDGE('',*,*,#1459,.T.);
#1880=ORIENTED_EDGE('',*,*,#1460,.T.);
#1881=ORIENTED_EDGE('',*,*,#1461,.T.);
#1882=ORIENTED_EDGE('',*,*,#1462,.T.);
#1883=ORIENTED_EDGE('',*,*,#1463,.T.);
#1884=ORIENTED_EDGE('',*,*,#1464,.T.);
#1885=ORIENTED_EDGE('',*,*,#1465,.T.);
#1886=ORIENTED_EDGE('',*,*,#1466,.T.);
#1887=ORIENTED_EDGE('',*,*,#1467,.T.);
#1888=ORIENTED_EDGE('',*,*,#1468,.T.);
#1889=ORIENTED_EDGE('',*,*,#1469,.T.);
#1890=ORIENTED_EDGE('',*,*,#1470,.T.);
#1891=ORIENTED_EDGE('',*,*,#1471,.T.);
#1892=ORIENTED_EDGE('',*,*,#1472,.T.);
#1893=ORIENTED_EDGE('',*,*,#1473,.T.);
#1894=ORIENTED_EDGE('',*,*,#1474,.T.);
#1895=ORIENTED_EDGE('',*,*,#1475,.T.);
#1896=ORIENTED_EDGE('',*,*,#1476,.T.);
#1897=ORIENTED_EDGE('',*,*,#1477,.T.);
#1898=ORIENTED_EDGE('',*,*,#1478,.T.);
#1899=ORIENTED_EDGE('',*,*,#1479,.T.);
#1900=ORIENTED_EDGE('',*,*,#1480,.T.);
#1901=ORIENTED_EDGE('',*,*,#1481,.T.);
#1902=ORIENTED_EDGE('',*,*,#1482,.T.);
#1903=ORIENTED_EDGE('',*,*,#1483,.T.);
#1904=ORIENTED_EDGE('',*,*,#1484,.T.);
#1905=ORIENTED_EDGE('',*,*,#1485,.T.);
#1906=ORIENTED_EDGE('',*,*,#1486,.T.);
#1907=ORIENTED_EDGE('',*,*,#1487,.T.);
#1908=ORIENTED_EDGE('',*,*,#1488,.T.);
#1909=ORIENTED_EDGE('',*,*,#1489,.T.);
#1910=ORIENTED_EDGE('',*,*,#1490,.T.);
#1911=ORIENTED_EDGE('',*,*,#1491,.T.);
#1912=ORIENTED_EDGE('',*,*,#1492,.T.);
#1913=ORIENTED_EDGE('',*,*,#1493,.T.);
#1914=ORIENTED_EDGE('',*,*,#1494,.T.);
#1915=ORIENTED_EDGE('',*,*,#1495,.T.);
#1916=ORIENTED_EDGE('',*,*,#1496,.T.);
#1917=ORIENTED_EDGE('',*,*,#1497,.T.);
#1918=ORIENTED_EDGE('',*,*,#1498,.T.);
#1919=ORIENTED_EDGE('',*,*,#1499,.T.);
#1920=ORIENTED_EDGE('',*,*,#1500,.T.);
#1921=ORIENTED_EDGE('',*,*,#1380,.F.);
#1922=ORIENTED_EDGE('',*,*,#1501,.T.);
#1923=ORIENTED_EDGE('',*,*,#1502,.F.);
#1924=ORIENTED_EDGE('',*,*,#1501,.F.);
#1925=ORIENTED_EDGE('',*,*,#1502,.T.);
#1926=ORIENTED_EDGE('',*,*,#1237,.T.);
#1927=ORIENTED_EDGE('',*,*,#1503,.T.);
#1928=ORIENTED_EDGE('',*,*,#1240,.T.);
#1929=ORIENTED_EDGE('',*,*,#1246,.T.);
#1930=ORIENTED_EDGE('',*,*,#1232,.T.);
#1931=ORIENTED_EDGE('',*,*,#1228,.T.);
#1932=ORIENTED_EDGE('',*,*,#1381,.F.);
#1933=ORIENTED_EDGE('',*,*,#1504,.F.);
#1934=ORIENTED_EDGE('',*,*,#1259,.F.);
#1935=ORIENTED_EDGE('',*,*,#1505,.F.);
#1936=ORIENTED_EDGE('',*,*,#1504,.T.);
#1937=ORIENTED_EDGE('',*,*,#1500,.F.);
#1938=ORIENTED_EDGE('',*,*,#1506,.T.);
#1939=ORIENTED_EDGE('',*,*,#1260,.F.);
#1940=ORIENTED_EDGE('',*,*,#1499,.F.);
#1941=ORIENTED_EDGE('',*,*,#1507,.F.);
#1942=ORIENTED_EDGE('',*,*,#1261,.F.);
#1943=ORIENTED_EDGE('',*,*,#1506,.F.);
#1944=ORIENTED_EDGE('',*,*,#1507,.T.);
#1945=ORIENTED_EDGE('',*,*,#1498,.F.);
#1946=ORIENTED_EDGE('',*,*,#1508,.T.);
#1947=ORIENTED_EDGE('',*,*,#1262,.F.);
#1948=ORIENTED_EDGE('',*,*,#1497,.F.);
#1949=ORIENTED_EDGE('',*,*,#1509,.F.);
#1950=ORIENTED_EDGE('',*,*,#1263,.F.);
#1951=ORIENTED_EDGE('',*,*,#1508,.F.);
#1952=ORIENTED_EDGE('',*,*,#1509,.T.);
#1953=ORIENTED_EDGE('',*,*,#1496,.F.);
#1954=ORIENTED_EDGE('',*,*,#1510,.T.);
#1955=ORIENTED_EDGE('',*,*,#1264,.F.);
#1956=ORIENTED_EDGE('',*,*,#1495,.F.);
#1957=ORIENTED_EDGE('',*,*,#1511,.F.);
#1958=ORIENTED_EDGE('',*,*,#1265,.F.);
#1959=ORIENTED_EDGE('',*,*,#1510,.F.);
#1960=ORIENTED_EDGE('',*,*,#1511,.T.);
#1961=ORIENTED_EDGE('',*,*,#1494,.F.);
#1962=ORIENTED_EDGE('',*,*,#1512,.T.);
#1963=ORIENTED_EDGE('',*,*,#1266,.F.);
#1964=ORIENTED_EDGE('',*,*,#1493,.F.);
#1965=ORIENTED_EDGE('',*,*,#1513,.F.);
#1966=ORIENTED_EDGE('',*,*,#1267,.F.);
#1967=ORIENTED_EDGE('',*,*,#1512,.F.);
#1968=ORIENTED_EDGE('',*,*,#1513,.T.);
#1969=ORIENTED_EDGE('',*,*,#1492,.F.);
#1970=ORIENTED_EDGE('',*,*,#1514,.T.);
#1971=ORIENTED_EDGE('',*,*,#1268,.F.);
#1972=ORIENTED_EDGE('',*,*,#1491,.F.);
#1973=ORIENTED_EDGE('',*,*,#1515,.F.);
#1974=ORIENTED_EDGE('',*,*,#1269,.F.);
#1975=ORIENTED_EDGE('',*,*,#1514,.F.);
#1976=ORIENTED_EDGE('',*,*,#1515,.T.);
#1977=ORIENTED_EDGE('',*,*,#1490,.F.);
#1978=ORIENTED_EDGE('',*,*,#1516,.T.);
#1979=ORIENTED_EDGE('',*,*,#1270,.F.);
#1980=ORIENTED_EDGE('',*,*,#1489,.F.);
#1981=ORIENTED_EDGE('',*,*,#1517,.F.);
#1982=ORIENTED_EDGE('',*,*,#1271,.F.);
#1983=ORIENTED_EDGE('',*,*,#1516,.F.);
#1984=ORIENTED_EDGE('',*,*,#1517,.T.);
#1985=ORIENTED_EDGE('',*,*,#1488,.F.);
#1986=ORIENTED_EDGE('',*,*,#1518,.T.);
#1987=ORIENTED_EDGE('',*,*,#1272,.F.);
#1988=ORIENTED_EDGE('',*,*,#1487,.F.);
#1989=ORIENTED_EDGE('',*,*,#1519,.F.);
#1990=ORIENTED_EDGE('',*,*,#1273,.F.);
#1991=ORIENTED_EDGE('',*,*,#1518,.F.);
#1992=ORIENTED_EDGE('',*,*,#1519,.T.);
#1993=ORIENTED_EDGE('',*,*,#1486,.F.);
#1994=ORIENTED_EDGE('',*,*,#1520,.T.);
#1995=ORIENTED_EDGE('',*,*,#1274,.F.);
#1996=ORIENTED_EDGE('',*,*,#1485,.F.);
#1997=ORIENTED_EDGE('',*,*,#1521,.F.);
#1998=ORIENTED_EDGE('',*,*,#1275,.F.);
#1999=ORIENTED_EDGE('',*,*,#1520,.F.);
#2000=ORIENTED_EDGE('',*,*,#1521,.T.);
#2001=ORIENTED_EDGE('',*,*,#1484,.F.);
#2002=ORIENTED_EDGE('',*,*,#1522,.T.);
#2003=ORIENTED_EDGE('',*,*,#1276,.F.);
#2004=ORIENTED_EDGE('',*,*,#1483,.F.);
#2005=ORIENTED_EDGE('',*,*,#1523,.F.);
#2006=ORIENTED_EDGE('',*,*,#1277,.F.);
#2007=ORIENTED_EDGE('',*,*,#1522,.F.);
#2008=ORIENTED_EDGE('',*,*,#1523,.T.);
#2009=ORIENTED_EDGE('',*,*,#1482,.F.);
#2010=ORIENTED_EDGE('',*,*,#1524,.T.);
#2011=ORIENTED_EDGE('',*,*,#1278,.F.);
#2012=ORIENTED_EDGE('',*,*,#1481,.F.);
#2013=ORIENTED_EDGE('',*,*,#1525,.F.);
#2014=ORIENTED_EDGE('',*,*,#1279,.F.);
#2015=ORIENTED_EDGE('',*,*,#1524,.F.);
#2016=ORIENTED_EDGE('',*,*,#1525,.T.);
#2017=ORIENTED_EDGE('',*,*,#1480,.F.);
#2018=ORIENTED_EDGE('',*,*,#1526,.T.);
#2019=ORIENTED_EDGE('',*,*,#1280,.F.);
#2020=ORIENTED_EDGE('',*,*,#1479,.F.);
#2021=ORIENTED_EDGE('',*,*,#1527,.F.);
#2022=ORIENTED_EDGE('',*,*,#1281,.F.);
#2023=ORIENTED_EDGE('',*,*,#1526,.F.);
#2024=ORIENTED_EDGE('',*,*,#1527,.T.);
#2025=ORIENTED_EDGE('',*,*,#1478,.F.);
#2026=ORIENTED_EDGE('',*,*,#1528,.T.);
#2027=ORIENTED_EDGE('',*,*,#1282,.F.);
#2028=ORIENTED_EDGE('',*,*,#1477,.F.);
#2029=ORIENTED_EDGE('',*,*,#1529,.F.);
#2030=ORIENTED_EDGE('',*,*,#1283,.F.);
#2031=ORIENTED_EDGE('',*,*,#1528,.F.);
#2032=ORIENTED_EDGE('',*,*,#1529,.T.);
#2033=ORIENTED_EDGE('',*,*,#1476,.F.);
#2034=ORIENTED_EDGE('',*,*,#1530,.T.);
#2035=ORIENTED_EDGE('',*,*,#1284,.F.);
#2036=ORIENTED_EDGE('',*,*,#1475,.F.);
#2037=ORIENTED_EDGE('',*,*,#1531,.F.);
#2038=ORIENTED_EDGE('',*,*,#1285,.F.);
#2039=ORIENTED_EDGE('',*,*,#1530,.F.);
#2040=ORIENTED_EDGE('',*,*,#1531,.T.);
#2041=ORIENTED_EDGE('',*,*,#1474,.F.);
#2042=ORIENTED_EDGE('',*,*,#1532,.T.);
#2043=ORIENTED_EDGE('',*,*,#1286,.F.);
#2044=ORIENTED_EDGE('',*,*,#1473,.F.);
#2045=ORIENTED_EDGE('',*,*,#1533,.F.);
#2046=ORIENTED_EDGE('',*,*,#1287,.F.);
#2047=ORIENTED_EDGE('',*,*,#1532,.F.);
#2048=ORIENTED_EDGE('',*,*,#1533,.T.);
#2049=ORIENTED_EDGE('',*,*,#1472,.F.);
#2050=ORIENTED_EDGE('',*,*,#1534,.T.);
#2051=ORIENTED_EDGE('',*,*,#1288,.F.);
#2052=ORIENTED_EDGE('',*,*,#1471,.F.);
#2053=ORIENTED_EDGE('',*,*,#1535,.F.);
#2054=ORIENTED_EDGE('',*,*,#1289,.F.);
#2055=ORIENTED_EDGE('',*,*,#1534,.F.);
#2056=ORIENTED_EDGE('',*,*,#1535,.T.);
#2057=ORIENTED_EDGE('',*,*,#1470,.F.);
#2058=ORIENTED_EDGE('',*,*,#1536,.T.);
#2059=ORIENTED_EDGE('',*,*,#1290,.F.);
#2060=ORIENTED_EDGE('',*,*,#1469,.F.);
#2061=ORIENTED_EDGE('',*,*,#1537,.F.);
#2062=ORIENTED_EDGE('',*,*,#1291,.F.);
#2063=ORIENTED_EDGE('',*,*,#1536,.F.);
#2064=ORIENTED_EDGE('',*,*,#1537,.T.);
#2065=ORIENTED_EDGE('',*,*,#1468,.F.);
#2066=ORIENTED_EDGE('',*,*,#1538,.T.);
#2067=ORIENTED_EDGE('',*,*,#1292,.F.);
#2068=ORIENTED_EDGE('',*,*,#1467,.F.);
#2069=ORIENTED_EDGE('',*,*,#1539,.F.);
#2070=ORIENTED_EDGE('',*,*,#1293,.F.);
#2071=ORIENTED_EDGE('',*,*,#1538,.F.);
#2072=ORIENTED_EDGE('',*,*,#1539,.T.);
#2073=ORIENTED_EDGE('',*,*,#1466,.F.);
#2074=ORIENTED_EDGE('',*,*,#1540,.T.);
#2075=ORIENTED_EDGE('',*,*,#1294,.F.);
#2076=ORIENTED_EDGE('',*,*,#1465,.F.);
#2077=ORIENTED_EDGE('',*,*,#1541,.F.);
#2078=ORIENTED_EDGE('',*,*,#1295,.F.);
#2079=ORIENTED_EDGE('',*,*,#1540,.F.);
#2080=ORIENTED_EDGE('',*,*,#1541,.T.);
#2081=ORIENTED_EDGE('',*,*,#1464,.F.);
#2082=ORIENTED_EDGE('',*,*,#1542,.T.);
#2083=ORIENTED_EDGE('',*,*,#1296,.F.);
#2084=ORIENTED_EDGE('',*,*,#1463,.F.);
#2085=ORIENTED_EDGE('',*,*,#1543,.F.);
#2086=ORIENTED_EDGE('',*,*,#1297,.F.);
#2087=ORIENTED_EDGE('',*,*,#1542,.F.);
#2088=ORIENTED_EDGE('',*,*,#1543,.T.);
#2089=ORIENTED_EDGE('',*,*,#1462,.F.);
#2090=ORIENTED_EDGE('',*,*,#1544,.T.);
#2091=ORIENTED_EDGE('',*,*,#1298,.F.);
#2092=ORIENTED_EDGE('',*,*,#1461,.F.);
#2093=ORIENTED_EDGE('',*,*,#1545,.F.);
#2094=ORIENTED_EDGE('',*,*,#1299,.F.);
#2095=ORIENTED_EDGE('',*,*,#1544,.F.);
#2096=ORIENTED_EDGE('',*,*,#1545,.T.);
#2097=ORIENTED_EDGE('',*,*,#1460,.F.);
#2098=ORIENTED_EDGE('',*,*,#1546,.T.);
#2099=ORIENTED_EDGE('',*,*,#1300,.F.);
#2100=ORIENTED_EDGE('',*,*,#1459,.F.);
#2101=ORIENTED_EDGE('',*,*,#1547,.F.);
#2102=ORIENTED_EDGE('',*,*,#1301,.F.);
#2103=ORIENTED_EDGE('',*,*,#1546,.F.);
#2104=ORIENTED_EDGE('',*,*,#1547,.T.);
#2105=ORIENTED_EDGE('',*,*,#1458,.F.);
#2106=ORIENTED_EDGE('',*,*,#1548,.T.);
#2107=ORIENTED_EDGE('',*,*,#1302,.F.);
#2108=ORIENTED_EDGE('',*,*,#1457,.F.);
#2109=ORIENTED_EDGE('',*,*,#1549,.F.);
#2110=ORIENTED_EDGE('',*,*,#1303,.F.);
#2111=ORIENTED_EDGE('',*,*,#1548,.F.);
#2112=ORIENTED_EDGE('',*,*,#1549,.T.);
#2113=ORIENTED_EDGE('',*,*,#1456,.F.);
#2114=ORIENTED_EDGE('',*,*,#1550,.T.);
#2115=ORIENTED_EDGE('',*,*,#1304,.F.);
#2116=ORIENTED_EDGE('',*,*,#1455,.F.);
#2117=ORIENTED_EDGE('',*,*,#1551,.F.);
#2118=ORIENTED_EDGE('',*,*,#1305,.F.);
#2119=ORIENTED_EDGE('',*,*,#1550,.F.);
#2120=ORIENTED_EDGE('',*,*,#1551,.T.);
#2121=ORIENTED_EDGE('',*,*,#1454,.F.);
#2122=ORIENTED_EDGE('',*,*,#1552,.T.);
#2123=ORIENTED_EDGE('',*,*,#1306,.F.);
#2124=ORIENTED_EDGE('',*,*,#1453,.F.);
#2125=ORIENTED_EDGE('',*,*,#1553,.F.);
#2126=ORIENTED_EDGE('',*,*,#1307,.F.);
#2127=ORIENTED_EDGE('',*,*,#1552,.F.);
#2128=ORIENTED_EDGE('',*,*,#1553,.T.);
#2129=ORIENTED_EDGE('',*,*,#1452,.F.);
#2130=ORIENTED_EDGE('',*,*,#1554,.T.);
#2131=ORIENTED_EDGE('',*,*,#1308,.F.);
#2132=ORIENTED_EDGE('',*,*,#1451,.F.);
#2133=ORIENTED_EDGE('',*,*,#1555,.F.);
#2134=ORIENTED_EDGE('',*,*,#1309,.F.);
#2135=ORIENTED_EDGE('',*,*,#1554,.F.);
#2136=ORIENTED_EDGE('',*,*,#1555,.T.);
#2137=ORIENTED_EDGE('',*,*,#1450,.F.);
#2138=ORIENTED_EDGE('',*,*,#1556,.T.);
#2139=ORIENTED_EDGE('',*,*,#1310,.F.);
#2140=ORIENTED_EDGE('',*,*,#1449,.F.);
#2141=ORIENTED_EDGE('',*,*,#1557,.F.);
#2142=ORIENTED_EDGE('',*,*,#1311,.F.);
#2143=ORIENTED_EDGE('',*,*,#1556,.F.);
#2144=ORIENTED_EDGE('',*,*,#1557,.T.);
#2145=ORIENTED_EDGE('',*,*,#1448,.F.);
#2146=ORIENTED_EDGE('',*,*,#1558,.T.);
#2147=ORIENTED_EDGE('',*,*,#1312,.F.);
#2148=ORIENTED_EDGE('',*,*,#1447,.F.);
#2149=ORIENTED_EDGE('',*,*,#1559,.F.);
#2150=ORIENTED_EDGE('',*,*,#1313,.F.);
#2151=ORIENTED_EDGE('',*,*,#1558,.F.);
#2152=ORIENTED_EDGE('',*,*,#1559,.T.);
#2153=ORIENTED_EDGE('',*,*,#1446,.F.);
#2154=ORIENTED_EDGE('',*,*,#1560,.T.);
#2155=ORIENTED_EDGE('',*,*,#1314,.F.);
#2156=ORIENTED_EDGE('',*,*,#1445,.F.);
#2157=ORIENTED_EDGE('',*,*,#1561,.F.);
#2158=ORIENTED_EDGE('',*,*,#1315,.F.);
#2159=ORIENTED_EDGE('',*,*,#1560,.F.);
#2160=ORIENTED_EDGE('',*,*,#1561,.T.);
#2161=ORIENTED_EDGE('',*,*,#1444,.F.);
#2162=ORIENTED_EDGE('',*,*,#1562,.T.);
#2163=ORIENTED_EDGE('',*,*,#1316,.F.);
#2164=ORIENTED_EDGE('',*,*,#1443,.F.);
#2165=ORIENTED_EDGE('',*,*,#1563,.F.);
#2166=ORIENTED_EDGE('',*,*,#1317,.F.);
#2167=ORIENTED_EDGE('',*,*,#1562,.F.);
#2168=ORIENTED_EDGE('',*,*,#1563,.T.);
#2169=ORIENTED_EDGE('',*,*,#1442,.F.);
#2170=ORIENTED_EDGE('',*,*,#1564,.T.);
#2171=ORIENTED_EDGE('',*,*,#1318,.F.);
#2172=ORIENTED_EDGE('',*,*,#1441,.F.);
#2173=ORIENTED_EDGE('',*,*,#1565,.F.);
#2174=ORIENTED_EDGE('',*,*,#1319,.F.);
#2175=ORIENTED_EDGE('',*,*,#1564,.F.);
#2176=ORIENTED_EDGE('',*,*,#1565,.T.);
#2177=ORIENTED_EDGE('',*,*,#1440,.F.);
#2178=ORIENTED_EDGE('',*,*,#1566,.T.);
#2179=ORIENTED_EDGE('',*,*,#1320,.F.);
#2180=ORIENTED_EDGE('',*,*,#1439,.F.);
#2181=ORIENTED_EDGE('',*,*,#1567,.F.);
#2182=ORIENTED_EDGE('',*,*,#1321,.F.);
#2183=ORIENTED_EDGE('',*,*,#1566,.F.);
#2184=ORIENTED_EDGE('',*,*,#1567,.T.);
#2185=ORIENTED_EDGE('',*,*,#1438,.F.);
#2186=ORIENTED_EDGE('',*,*,#1568,.T.);
#2187=ORIENTED_EDGE('',*,*,#1322,.F.);
#2188=ORIENTED_EDGE('',*,*,#1437,.F.);
#2189=ORIENTED_EDGE('',*,*,#1569,.F.);
#2190=ORIENTED_EDGE('',*,*,#1323,.F.);
#2191=ORIENTED_EDGE('',*,*,#1568,.F.);
#2192=ORIENTED_EDGE('',*,*,#1569,.T.);
#2193=ORIENTED_EDGE('',*,*,#1436,.F.);
#2194=ORIENTED_EDGE('',*,*,#1570,.T.);
#2195=ORIENTED_EDGE('',*,*,#1324,.F.);
#2196=ORIENTED_EDGE('',*,*,#1435,.F.);
#2197=ORIENTED_EDGE('',*,*,#1571,.F.);
#2198=ORIENTED_EDGE('',*,*,#1325,.F.);
#2199=ORIENTED_EDGE('',*,*,#1570,.F.);
#2200=ORIENTED_EDGE('',*,*,#1571,.T.);
#2201=ORIENTED_EDGE('',*,*,#1434,.F.);
#2202=ORIENTED_EDGE('',*,*,#1572,.T.);
#2203=ORIENTED_EDGE('',*,*,#1326,.F.);
#2204=ORIENTED_EDGE('',*,*,#1433,.F.);
#2205=ORIENTED_EDGE('',*,*,#1573,.F.);
#2206=ORIENTED_EDGE('',*,*,#1327,.F.);
#2207=ORIENTED_EDGE('',*,*,#1572,.F.);
#2208=ORIENTED_EDGE('',*,*,#1573,.T.);
#2209=ORIENTED_EDGE('',*,*,#1432,.F.);
#2210=ORIENTED_EDGE('',*,*,#1574,.T.);
#2211=ORIENTED_EDGE('',*,*,#1328,.F.);
#2212=ORIENTED_EDGE('',*,*,#1431,.F.);
#2213=ORIENTED_EDGE('',*,*,#1575,.F.);
#2214=ORIENTED_EDGE('',*,*,#1329,.F.);
#2215=ORIENTED_EDGE('',*,*,#1574,.F.);
#2216=ORIENTED_EDGE('',*,*,#1575,.T.);
#2217=ORIENTED_EDGE('',*,*,#1430,.F.);
#2218=ORIENTED_EDGE('',*,*,#1576,.T.);
#2219=ORIENTED_EDGE('',*,*,#1330,.F.);
#2220=ORIENTED_EDGE('',*,*,#1429,.F.);
#2221=ORIENTED_EDGE('',*,*,#1577,.F.);
#2222=ORIENTED_EDGE('',*,*,#1331,.F.);
#2223=ORIENTED_EDGE('',*,*,#1576,.F.);
#2224=ORIENTED_EDGE('',*,*,#1577,.T.);
#2225=ORIENTED_EDGE('',*,*,#1428,.F.);
#2226=ORIENTED_EDGE('',*,*,#1578,.T.);
#2227=ORIENTED_EDGE('',*,*,#1332,.F.);
#2228=ORIENTED_EDGE('',*,*,#1427,.F.);
#2229=ORIENTED_EDGE('',*,*,#1579,.F.);
#2230=ORIENTED_EDGE('',*,*,#1333,.F.);
#2231=ORIENTED_EDGE('',*,*,#1578,.F.);
#2232=ORIENTED_EDGE('',*,*,#1579,.T.);
#2233=ORIENTED_EDGE('',*,*,#1426,.F.);
#2234=ORIENTED_EDGE('',*,*,#1580,.T.);
#2235=ORIENTED_EDGE('',*,*,#1334,.F.);
#2236=ORIENTED_EDGE('',*,*,#1425,.F.);
#2237=ORIENTED_EDGE('',*,*,#1581,.F.);
#2238=ORIENTED_EDGE('',*,*,#1335,.F.);
#2239=ORIENTED_EDGE('',*,*,#1580,.F.);
#2240=ORIENTED_EDGE('',*,*,#1581,.T.);
#2241=ORIENTED_EDGE('',*,*,#1424,.F.);
#2242=ORIENTED_EDGE('',*,*,#1582,.T.);
#2243=ORIENTED_EDGE('',*,*,#1336,.F.);
#2244=ORIENTED_EDGE('',*,*,#1423,.F.);
#2245=ORIENTED_EDGE('',*,*,#1583,.F.);
#2246=ORIENTED_EDGE('',*,*,#1337,.F.);
#2247=ORIENTED_EDGE('',*,*,#1582,.F.);
#2248=ORIENTED_EDGE('',*,*,#1583,.T.);
#2249=ORIENTED_EDGE('',*,*,#1422,.F.);
#2250=ORIENTED_EDGE('',*,*,#1584,.T.);
#2251=ORIENTED_EDGE('',*,*,#1338,.F.);
#2252=ORIENTED_EDGE('',*,*,#1421,.F.);
#2253=ORIENTED_EDGE('',*,*,#1585,.F.);
#2254=ORIENTED_EDGE('',*,*,#1339,.F.);
#2255=ORIENTED_EDGE('',*,*,#1584,.F.);
#2256=ORIENTED_EDGE('',*,*,#1585,.T.);
#2257=ORIENTED_EDGE('',*,*,#1420,.F.);
#2258=ORIENTED_EDGE('',*,*,#1586,.T.);
#2259=ORIENTED_EDGE('',*,*,#1340,.F.);
#2260=ORIENTED_EDGE('',*,*,#1419,.F.);
#2261=ORIENTED_EDGE('',*,*,#1587,.F.);
#2262=ORIENTED_EDGE('',*,*,#1341,.F.);
#2263=ORIENTED_EDGE('',*,*,#1586,.F.);
#2264=ORIENTED_EDGE('',*,*,#1587,.T.);
#2265=ORIENTED_EDGE('',*,*,#1418,.F.);
#2266=ORIENTED_EDGE('',*,*,#1588,.T.);
#2267=ORIENTED_EDGE('',*,*,#1342,.F.);
#2268=ORIENTED_EDGE('',*,*,#1417,.F.);
#2269=ORIENTED_EDGE('',*,*,#1589,.F.);
#2270=ORIENTED_EDGE('',*,*,#1343,.F.);
#2271=ORIENTED_EDGE('',*,*,#1588,.F.);
#2272=ORIENTED_EDGE('',*,*,#1589,.T.);
#2273=ORIENTED_EDGE('',*,*,#1416,.F.);
#2274=ORIENTED_EDGE('',*,*,#1590,.T.);
#2275=ORIENTED_EDGE('',*,*,#1344,.F.);
#2276=ORIENTED_EDGE('',*,*,#1415,.F.);
#2277=ORIENTED_EDGE('',*,*,#1591,.F.);
#2278=ORIENTED_EDGE('',*,*,#1345,.F.);
#2279=ORIENTED_EDGE('',*,*,#1590,.F.);
#2280=ORIENTED_EDGE('',*,*,#1591,.T.);
#2281=ORIENTED_EDGE('',*,*,#1414,.F.);
#2282=ORIENTED_EDGE('',*,*,#1592,.T.);
#2283=ORIENTED_EDGE('',*,*,#1346,.F.);
#2284=ORIENTED_EDGE('',*,*,#1413,.F.);
#2285=ORIENTED_EDGE('',*,*,#1593,.F.);
#2286=ORIENTED_EDGE('',*,*,#1347,.F.);
#2287=ORIENTED_EDGE('',*,*,#1592,.F.);
#2288=ORIENTED_EDGE('',*,*,#1593,.T.);
#2289=ORIENTED_EDGE('',*,*,#1412,.F.);
#2290=ORIENTED_EDGE('',*,*,#1594,.T.);
#2291=ORIENTED_EDGE('',*,*,#1348,.F.);
#2292=ORIENTED_EDGE('',*,*,#1411,.F.);
#2293=ORIENTED_EDGE('',*,*,#1595,.F.);
#2294=ORIENTED_EDGE('',*,*,#1349,.F.);
#2295=ORIENTED_EDGE('',*,*,#1594,.F.);
#2296=ORIENTED_EDGE('',*,*,#1595,.T.);
#2297=ORIENTED_EDGE('',*,*,#1410,.F.);
#2298=ORIENTED_EDGE('',*,*,#1596,.T.);
#2299=ORIENTED_EDGE('',*,*,#1350,.F.);
#2300=ORIENTED_EDGE('',*,*,#1409,.F.);
#2301=ORIENTED_EDGE('',*,*,#1597,.F.);
#2302=ORIENTED_EDGE('',*,*,#1351,.F.);
#2303=ORIENTED_EDGE('',*,*,#1596,.F.);
#2304=ORIENTED_EDGE('',*,*,#1597,.T.);
#2305=ORIENTED_EDGE('',*,*,#1408,.F.);
#2306=ORIENTED_EDGE('',*,*,#1598,.T.);
#2307=ORIENTED_EDGE('',*,*,#1352,.F.);
#2308=ORIENTED_EDGE('',*,*,#1407,.F.);
#2309=ORIENTED_EDGE('',*,*,#1599,.F.);
#2310=ORIENTED_EDGE('',*,*,#1353,.F.);
#2311=ORIENTED_EDGE('',*,*,#1598,.F.);
#2312=ORIENTED_EDGE('',*,*,#1599,.T.);
#2313=ORIENTED_EDGE('',*,*,#1406,.F.);
#2314=ORIENTED_EDGE('',*,*,#1600,.T.);
#2315=ORIENTED_EDGE('',*,*,#1354,.F.);
#2316=ORIENTED_EDGE('',*,*,#1405,.F.);
#2317=ORIENTED_EDGE('',*,*,#1601,.F.);
#2318=ORIENTED_EDGE('',*,*,#1355,.F.);
#2319=ORIENTED_EDGE('',*,*,#1600,.F.);
#2320=ORIENTED_EDGE('',*,*,#1601,.T.);
#2321=ORIENTED_EDGE('',*,*,#1404,.F.);
#2322=ORIENTED_EDGE('',*,*,#1602,.T.);
#2323=ORIENTED_EDGE('',*,*,#1356,.F.);
#2324=ORIENTED_EDGE('',*,*,#1403,.F.);
#2325=ORIENTED_EDGE('',*,*,#1603,.F.);
#2326=ORIENTED_EDGE('',*,*,#1357,.F.);
#2327=ORIENTED_EDGE('',*,*,#1602,.F.);
#2328=ORIENTED_EDGE('',*,*,#1603,.T.);
#2329=ORIENTED_EDGE('',*,*,#1402,.F.);
#2330=ORIENTED_EDGE('',*,*,#1604,.T.);
#2331=ORIENTED_EDGE('',*,*,#1358,.F.);
#2332=ORIENTED_EDGE('',*,*,#1401,.F.);
#2333=ORIENTED_EDGE('',*,*,#1605,.F.);
#2334=ORIENTED_EDGE('',*,*,#1359,.F.);
#2335=ORIENTED_EDGE('',*,*,#1604,.F.);
#2336=ORIENTED_EDGE('',*,*,#1605,.T.);
#2337=ORIENTED_EDGE('',*,*,#1400,.F.);
#2338=ORIENTED_EDGE('',*,*,#1606,.T.);
#2339=ORIENTED_EDGE('',*,*,#1360,.F.);
#2340=ORIENTED_EDGE('',*,*,#1399,.F.);
#2341=ORIENTED_EDGE('',*,*,#1607,.F.);
#2342=ORIENTED_EDGE('',*,*,#1361,.F.);
#2343=ORIENTED_EDGE('',*,*,#1606,.F.);
#2344=ORIENTED_EDGE('',*,*,#1607,.T.);
#2345=ORIENTED_EDGE('',*,*,#1398,.F.);
#2346=ORIENTED_EDGE('',*,*,#1608,.T.);
#2347=ORIENTED_EDGE('',*,*,#1362,.F.);
#2348=ORIENTED_EDGE('',*,*,#1397,.F.);
#2349=ORIENTED_EDGE('',*,*,#1609,.F.);
#2350=ORIENTED_EDGE('',*,*,#1363,.F.);
#2351=ORIENTED_EDGE('',*,*,#1608,.F.);
#2352=ORIENTED_EDGE('',*,*,#1609,.T.);
#2353=ORIENTED_EDGE('',*,*,#1396,.F.);
#2354=ORIENTED_EDGE('',*,*,#1610,.T.);
#2355=ORIENTED_EDGE('',*,*,#1364,.F.);
#2356=ORIENTED_EDGE('',*,*,#1395,.F.);
#2357=ORIENTED_EDGE('',*,*,#1611,.F.);
#2358=ORIENTED_EDGE('',*,*,#1365,.F.);
#2359=ORIENTED_EDGE('',*,*,#1610,.F.);
#2360=ORIENTED_EDGE('',*,*,#1611,.T.);
#2361=ORIENTED_EDGE('',*,*,#1394,.F.);
#2362=ORIENTED_EDGE('',*,*,#1612,.T.);
#2363=ORIENTED_EDGE('',*,*,#1366,.F.);
#2364=ORIENTED_EDGE('',*,*,#1393,.F.);
#2365=ORIENTED_EDGE('',*,*,#1613,.F.);
#2366=ORIENTED_EDGE('',*,*,#1367,.F.);
#2367=ORIENTED_EDGE('',*,*,#1612,.F.);
#2368=ORIENTED_EDGE('',*,*,#1613,.T.);
#2369=ORIENTED_EDGE('',*,*,#1392,.F.);
#2370=ORIENTED_EDGE('',*,*,#1614,.T.);
#2371=ORIENTED_EDGE('',*,*,#1368,.F.);
#2372=ORIENTED_EDGE('',*,*,#1391,.F.);
#2373=ORIENTED_EDGE('',*,*,#1615,.F.);
#2374=ORIENTED_EDGE('',*,*,#1369,.F.);
#2375=ORIENTED_EDGE('',*,*,#1614,.F.);
#2376=ORIENTED_EDGE('',*,*,#1615,.T.);
#2377=ORIENTED_EDGE('',*,*,#1390,.F.);
#2378=ORIENTED_EDGE('',*,*,#1616,.T.);
#2379=ORIENTED_EDGE('',*,*,#1370,.F.);
#2380=ORIENTED_EDGE('',*,*,#1389,.F.);
#2381=ORIENTED_EDGE('',*,*,#1617,.F.);
#2382=ORIENTED_EDGE('',*,*,#1371,.F.);
#2383=ORIENTED_EDGE('',*,*,#1616,.F.);
#2384=ORIENTED_EDGE('',*,*,#1617,.T.);
#2385=ORIENTED_EDGE('',*,*,#1388,.F.);
#2386=ORIENTED_EDGE('',*,*,#1618,.T.);
#2387=ORIENTED_EDGE('',*,*,#1372,.F.);
#2388=ORIENTED_EDGE('',*,*,#1387,.F.);
#2389=ORIENTED_EDGE('',*,*,#1619,.F.);
#2390=ORIENTED_EDGE('',*,*,#1373,.F.);
#2391=ORIENTED_EDGE('',*,*,#1618,.F.);
#2392=ORIENTED_EDGE('',*,*,#1619,.T.);
#2393=ORIENTED_EDGE('',*,*,#1386,.F.);
#2394=ORIENTED_EDGE('',*,*,#1620,.T.);
#2395=ORIENTED_EDGE('',*,*,#1374,.F.);
#2396=ORIENTED_EDGE('',*,*,#1385,.F.);
#2397=ORIENTED_EDGE('',*,*,#1621,.F.);
#2398=ORIENTED_EDGE('',*,*,#1375,.F.);
#2399=ORIENTED_EDGE('',*,*,#1620,.F.);
#2400=ORIENTED_EDGE('',*,*,#1621,.T.);
#2401=ORIENTED_EDGE('',*,*,#1384,.F.);
#2402=ORIENTED_EDGE('',*,*,#1622,.T.);
#2403=ORIENTED_EDGE('',*,*,#1376,.F.);
#2404=ORIENTED_EDGE('',*,*,#1622,.F.);
#2405=ORIENTED_EDGE('',*,*,#1383,.F.);
#2406=ORIENTED_EDGE('',*,*,#1623,.F.);
#2407=ORIENTED_EDGE('',*,*,#1377,.F.);
#2408=ORIENTED_EDGE('',*,*,#1505,.T.);
#2409=ORIENTED_EDGE('',*,*,#1378,.F.);
#2410=ORIENTED_EDGE('',*,*,#1623,.T.);
#2411=ORIENTED_EDGE('',*,*,#1382,.F.);
#2412=ORIENTED_EDGE('',*,*,#1236,.T.);
#2413=ORIENTED_EDGE('',*,*,#1257,.F.);
#2414=ORIENTED_EDGE('',*,*,#1241,.T.);
#2415=ORIENTED_EDGE('',*,*,#1503,.F.);
#2416=PLANE('',#2579);
#2417=PLANE('',#2580);
#2418=PLANE('',#2581);
#2419=PLANE('',#2582);
#2420=PLANE('',#2583);
#2421=PLANE('',#2584);
#2422=PLANE('',#2585);
#2423=PLANE('',#2586);
#2424=PLANE('',#2587);
#2425=PLANE('',#2588);
#2426=PLANE('',#2591);
#2427=PLANE('',#2714);
#2428=PLANE('',#2838);
#2429=ADVANCED_FACE('',(#388),#2416,.F.);
#2430=ADVANCED_FACE('',(#389),#2417,.T.);
#2431=ADVANCED_FACE('',(#390),#2418,.F.);
#2432=ADVANCED_FACE('',(#391),#2419,.F.);
#2433=ADVANCED_FACE('',(#392),#2420,.T.);
#2434=ADVANCED_FACE('',(#393),#2421,.F.);
#2435=ADVANCED_FACE('',(#394),#2422,.F.);
#2436=ADVANCED_FACE('',(#395),#2423,.F.);
#2437=ADVANCED_FACE('',(#396),#2424,.F.);
#2438=ADVANCED_FACE('',(#397,#138),#2425,.T.);
#2439=ADVANCED_FACE('',(#398,#139),#2426,.T.);
#2440=ADVANCED_FACE('',(#399),#15,.T.);
#2441=ADVANCED_FACE('',(#400,#140),#2427,.T.);
#2442=ADVANCED_FACE('',(#401),#16,.T.);
#2443=ADVANCED_FACE('',(#402,#141),#2428,.T.);
#2444=ADVANCED_FACE('',(#403),#17,.F.);
#2445=ADVANCED_FACE('',(#404),#18,.T.);
#2446=ADVANCED_FACE('',(#405),#19,.F.);
#2447=ADVANCED_FACE('',(#406),#20,.T.);
#2448=ADVANCED_FACE('',(#407),#21,.F.);
#2449=ADVANCED_FACE('',(#408),#22,.T.);
#2450=ADVANCED_FACE('',(#409),#23,.F.);
#2451=ADVANCED_FACE('',(#410),#24,.T.);
#2452=ADVANCED_FACE('',(#411),#25,.F.);
#2453=ADVANCED_FACE('',(#412),#26,.T.);
#2454=ADVANCED_FACE('',(#413),#27,.F.);
#2455=ADVANCED_FACE('',(#414),#28,.T.);
#2456=ADVANCED_FACE('',(#415),#29,.F.);
#2457=ADVANCED_FACE('',(#416),#30,.T.);
#2458=ADVANCED_FACE('',(#417),#31,.F.);
#2459=ADVANCED_FACE('',(#418),#32,.T.);
#2460=ADVANCED_FACE('',(#419),#33,.F.);
#2461=ADVANCED_FACE('',(#420),#34,.T.);
#2462=ADVANCED_FACE('',(#421),#35,.F.);
#2463=ADVANCED_FACE('',(#422),#36,.T.);
#2464=ADVANCED_FACE('',(#423),#37,.F.);
#2465=ADVANCED_FACE('',(#424),#38,.T.);
#2466=ADVANCED_FACE('',(#425),#39,.F.);
#2467=ADVANCED_FACE('',(#426),#40,.T.);
#2468=ADVANCED_FACE('',(#427),#41,.F.);
#2469=ADVANCED_FACE('',(#428),#42,.T.);
#2470=ADVANCED_FACE('',(#429),#43,.F.);
#2471=ADVANCED_FACE('',(#430),#44,.T.);
#2472=ADVANCED_FACE('',(#431),#45,.F.);
#2473=ADVANCED_FACE('',(#432),#46,.T.);
#2474=ADVANCED_FACE('',(#433),#47,.F.);
#2475=ADVANCED_FACE('',(#434),#48,.T.);
#2476=ADVANCED_FACE('',(#435),#49,.F.);
#2477=ADVANCED_FACE('',(#436),#50,.T.);
#2478=ADVANCED_FACE('',(#437),#51,.F.);
#2479=ADVANCED_FACE('',(#438),#52,.T.);
#2480=ADVANCED_FACE('',(#439),#53,.F.);
#2481=ADVANCED_FACE('',(#440),#54,.T.);
#2482=ADVANCED_FACE('',(#441),#55,.F.);
#2483=ADVANCED_FACE('',(#442),#56,.T.);
#2484=ADVANCED_FACE('',(#443),#57,.F.);
#2485=ADVANCED_FACE('',(#444),#58,.T.);
#2486=ADVANCED_FACE('',(#445),#59,.F.);
#2487=ADVANCED_FACE('',(#446),#60,.T.);
#2488=ADVANCED_FACE('',(#447),#61,.F.);
#2489=ADVANCED_FACE('',(#448),#62,.T.);
#2490=ADVANCED_FACE('',(#449),#63,.F.);
#2491=ADVANCED_FACE('',(#450),#64,.T.);
#2492=ADVANCED_FACE('',(#451),#65,.F.);
#2493=ADVANCED_FACE('',(#452),#66,.T.);
#2494=ADVANCED_FACE('',(#453),#67,.F.);
#2495=ADVANCED_FACE('',(#454),#68,.T.);
#2496=ADVANCED_FACE('',(#455),#69,.F.);
#2497=ADVANCED_FACE('',(#456),#70,.T.);
#2498=ADVANCED_FACE('',(#457),#71,.F.);
#2499=ADVANCED_FACE('',(#458),#72,.T.);
#2500=ADVANCED_FACE('',(#459),#73,.F.);
#2501=ADVANCED_FACE('',(#460),#74,.T.);
#2502=ADVANCED_FACE('',(#461),#75,.F.);
#2503=ADVANCED_FACE('',(#462),#76,.T.);
#2504=ADVANCED_FACE('',(#463),#77,.F.);
#2505=ADVANCED_FACE('',(#464),#78,.T.);
#2506=ADVANCED_FACE('',(#465),#79,.F.);
#2507=ADVANCED_FACE('',(#466),#80,.T.);
#2508=ADVANCED_FACE('',(#467),#81,.F.);
#2509=ADVANCED_FACE('',(#468),#82,.T.);
#2510=ADVANCED_FACE('',(#469),#83,.F.);
#2511=ADVANCED_FACE('',(#470),#84,.T.);
#2512=ADVANCED_FACE('',(#471),#85,.F.);
#2513=ADVANCED_FACE('',(#472),#86,.T.);
#2514=ADVANCED_FACE('',(#473),#87,.F.);
#2515=ADVANCED_FACE('',(#474),#88,.T.);
#2516=ADVANCED_FACE('',(#475),#89,.F.);
#2517=ADVANCED_FACE('',(#476),#90,.T.);
#2518=ADVANCED_FACE('',(#477),#91,.F.);
#2519=ADVANCED_FACE('',(#478),#92,.T.);
#2520=ADVANCED_FACE('',(#479),#93,.F.);
#2521=ADVANCED_FACE('',(#480),#94,.T.);
#2522=ADVANCED_FACE('',(#481),#95,.F.);
#2523=ADVANCED_FACE('',(#482),#96,.T.);
#2524=ADVANCED_FACE('',(#483),#97,.F.);
#2525=ADVANCED_FACE('',(#484),#98,.T.);
#2526=ADVANCED_FACE('',(#485),#99,.F.);
#2527=ADVANCED_FACE('',(#486),#100,.T.);
#2528=ADVANCED_FACE('',(#487),#101,.F.);
#2529=ADVANCED_FACE('',(#488),#102,.T.);
#2530=ADVANCED_FACE('',(#489),#103,.F.);
#2531=ADVANCED_FACE('',(#490),#104,.T.);
#2532=ADVANCED_FACE('',(#491),#105,.F.);
#2533=ADVANCED_FACE('',(#492),#106,.T.);
#2534=ADVANCED_FACE('',(#493),#107,.F.);
#2535=ADVANCED_FACE('',(#494),#108,.T.);
#2536=ADVANCED_FACE('',(#495),#109,.F.);
#2537=ADVANCED_FACE('',(#496),#110,.T.);
#2538=ADVANCED_FACE('',(#497),#111,.F.);
#2539=ADVANCED_FACE('',(#498),#112,.T.);
#2540=ADVANCED_FACE('',(#499),#113,.F.);
#2541=ADVANCED_FACE('',(#500),#114,.T.);
#2542=ADVANCED_FACE('',(#501),#115,.F.);
#2543=ADVANCED_FACE('',(#502),#116,.T.);
#2544=ADVANCED_FACE('',(#503),#117,.F.);
#2545=ADVANCED_FACE('',(#504),#118,.T.);
#2546=ADVANCED_FACE('',(#505),#119,.F.);
#2547=ADVANCED_FACE('',(#506),#120,.T.);
#2548=ADVANCED_FACE('',(#507),#121,.F.);
#2549=ADVANCED_FACE('',(#508),#122,.T.);
#2550=ADVANCED_FACE('',(#509),#123,.F.);
#2551=ADVANCED_FACE('',(#510),#124,.T.);
#2552=ADVANCED_FACE('',(#511),#125,.F.);
#2553=ADVANCED_FACE('',(#512),#126,.T.);
#2554=ADVANCED_FACE('',(#513),#127,.F.);
#2555=ADVANCED_FACE('',(#514),#128,.T.);
#2556=ADVANCED_FACE('',(#515),#129,.F.);
#2557=ADVANCED_FACE('',(#516),#130,.T.);
#2558=ADVANCED_FACE('',(#517),#131,.F.);
#2559=ADVANCED_FACE('',(#518),#132,.T.);
#2560=ADVANCED_FACE('',(#519),#133,.F.);
#2561=ADVANCED_FACE('',(#520),#134,.T.);
#2562=ADVANCED_FACE('',(#521),#135,.F.);
#2563=ADVANCED_FACE('',(#522),#136,.T.);
#2564=ADVANCED_FACE('',(#523),#137,.F.);
#2565=CLOSED_SHELL('',(#2429,#2430,#2431,#2432,#2433,#2434,#2435,#2436,
#2437,#2438,#2439,#2440,#2441,#2442,#2443,#2444,#2445,#2446,#2447,#2448,
#2449,#2450,#2451,#2452,#2453,#2454,#2455,#2456,#2457,#2458,#2459,#2460,
#2461,#2462,#2463,#2464,#2465,#2466,#2467,#2468,#2469,#2470,#2471,#2472,
#2473,#2474,#2475,#2476,#2477,#2478,#2479,#2480,#2481,#2482,#2483,#2484,
#2485,#2486,#2487,#2488,#2489,#2490,#2491,#2492,#2493,#2494,#2495,#2496,
#2497,#2498,#2499,#2500,#2501,#2502,#2503,#2504,#2505,#2506,#2507,#2508,
#2509,#2510,#2511,#2512,#2513,#2514,#2515,#2516,#2517,#2518,#2519,#2520,
#2521,#2522,#2523,#2524,#2525,#2526,#2527,#2528,#2529,#2530,#2531,#2532,
#2533,#2534,#2535,#2536,#2537,#2538,#2539,#2540,#2541,#2542,#2543,#2544,
#2545,#2546,#2547,#2548,#2549,#2550,#2551,#2552,#2553,#2554,#2555,#2556,
#2557,#2558,#2559,#2560,#2561,#2562,#2563,#2564));
#2566=DERIVED_UNIT_ELEMENT(#2568,1.);
#2567=DERIVED_UNIT_ELEMENT(#4679,-3.);
#2568=(
MASS_UNIT()
NAMED_UNIT(*)
SI_UNIT(.KILO.,.GRAM.)
);
#2569=DERIVED_UNIT((#2566,#2567));
#2570=MEASURE_REPRESENTATION_ITEM('density measure',
POSITIVE_RATIO_MEASURE(7850.),#2569);
#2571=PROPERTY_DEFINITION_REPRESENTATION(#2576,#2573);
#2572=PROPERTY_DEFINITION_REPRESENTATION(#2577,#2574);
#2573=REPRESENTATION('material name',(#2575),#4676);
#2574=REPRESENTATION('density',(#2570),#4676);
#2575=DESCRIPTIVE_REPRESENTATION_ITEM('Steel','Steel');
#2576=PROPERTY_DEFINITION('material property','material name',#4686);
#2577=PROPERTY_DEFINITION('material property','density of part',#4686);
#2578=AXIS2_PLACEMENT_3D('',#3877,#2961,#2962);
#2579=AXIS2_PLACEMENT_3D('',#3878,#2963,#2964);
#2580=AXIS2_PLACEMENT_3D('',#3887,#2969,#2970);
#2581=AXIS2_PLACEMENT_3D('',#3893,#2974,#2975);
#2582=AXIS2_PLACEMENT_3D('',#3915,#2987,#2988);
#2583=AXIS2_PLACEMENT_3D('',#3918,#2991,#2992);
#2584=AXIS2_PLACEMENT_3D('',#3927,#2997,#2998);
#2585=AXIS2_PLACEMENT_3D('',#3928,#2999,#3000);
#2586=AXIS2_PLACEMENT_3D('',#3931,#3003,#3004);
#2587=AXIS2_PLACEMENT_3D('',#3933,#3006,#3007);
#2588=AXIS2_PLACEMENT_3D('',#3935,#3009,#3010);
#2589=AXIS2_PLACEMENT_3D('',#3937,#3011,#3012);
#2590=AXIS2_PLACEMENT_3D('',#3938,#3013,#3014);
#2591=AXIS2_PLACEMENT_3D('',#3939,#3015,#3016);
#2592=AXIS2_PLACEMENT_3D('',#3941,#3017,#3018);
#2593=AXIS2_PLACEMENT_3D('',#3944,#3019,#3020);
#2594=AXIS2_PLACEMENT_3D('',#3946,#3021,#3022);
#2595=AXIS2_PLACEMENT_3D('',#3948,#3023,#3024);
#2596=AXIS2_PLACEMENT_3D('',#3950,#3025,#3026);
#2597=AXIS2_PLACEMENT_3D('',#3952,#3027,#3028);
#2598=AXIS2_PLACEMENT_3D('',#3954,#3029,#3030);
#2599=AXIS2_PLACEMENT_3D('',#3956,#3031,#3032);
#2600=AXIS2_PLACEMENT_3D('',#3958,#3033,#3034);
#2601=AXIS2_PLACEMENT_3D('',#3960,#3035,#3036);
#2602=AXIS2_PLACEMENT_3D('',#3962,#3037,#3038);
#2603=AXIS2_PLACEMENT_3D('',#3964,#3039,#3040);
#2604=AXIS2_PLACEMENT_3D('',#3966,#3041,#3042);
#2605=AXIS2_PLACEMENT_3D('',#3968,#3043,#3044);
#2606=AXIS2_PLACEMENT_3D('',#3970,#3045,#3046);
#2607=AXIS2_PLACEMENT_3D('',#3972,#3047,#3048);
#2608=AXIS2_PLACEMENT_3D('',#3974,#3049,#3050);
#2609=AXIS2_PLACEMENT_3D('',#3976,#3051,#3052);
#2610=AXIS2_PLACEMENT_3D('',#3978,#3053,#3054);
#2611=AXIS2_PLACEMENT_3D('',#3980,#3055,#3056);
#2612=AXIS2_PLACEMENT_3D('',#3982,#3057,#3058);
#2613=AXIS2_PLACEMENT_3D('',#3984,#3059,#3060);
#2614=AXIS2_PLACEMENT_3D('',#3986,#3061,#3062);
#2615=AXIS2_PLACEMENT_3D('',#3988,#3063,#3064);
#2616=AXIS2_PLACEMENT_3D('',#3990,#3065,#3066);
#2617=AXIS2_PLACEMENT_3D('',#3992,#3067,#3068);
#2618=AXIS2_PLACEMENT_3D('',#3994,#3069,#3070);
#2619=AXIS2_PLACEMENT_3D('',#3996,#3071,#3072);
#2620=AXIS2_PLACEMENT_3D('',#3998,#3073,#3074);
#2621=AXIS2_PLACEMENT_3D('',#4000,#3075,#3076);
#2622=AXIS2_PLACEMENT_3D('',#4002,#3077,#3078);
#2623=AXIS2_PLACEMENT_3D('',#4004,#3079,#3080);
#2624=AXIS2_PLACEMENT_3D('',#4006,#3081,#3082);
#2625=AXIS2_PLACEMENT_3D('',#4008,#3083,#3084);
#2626=AXIS2_PLACEMENT_3D('',#4010,#3085,#3086);
#2627=AXIS2_PLACEMENT_3D('',#4012,#3087,#3088);
#2628=AXIS2_PLACEMENT_3D('',#4014,#3089,#3090);
#2629=AXIS2_PLACEMENT_3D('',#4016,#3091,#3092);
#2630=AXIS2_PLACEMENT_3D('',#4018,#3093,#3094);
#2631=AXIS2_PLACEMENT_3D('',#4020,#3095,#3096);
#2632=AXIS2_PLACEMENT_3D('',#4022,#3097,#3098);
#2633=AXIS2_PLACEMENT_3D('',#4024,#3099,#3100);
#2634=AXIS2_PLACEMENT_3D('',#4026,#3101,#3102);
#2635=AXIS2_PLACEMENT_3D('',#4028,#3103,#3104);
#2636=AXIS2_PLACEMENT_3D('',#4030,#3105,#3106);
#2637=AXIS2_PLACEMENT_3D('',#4032,#3107,#3108);
#2638=AXIS2_PLACEMENT_3D('',#4034,#3109,#3110);
#2639=AXIS2_PLACEMENT_3D('',#4036,#3111,#3112);
#2640=AXIS2_PLACEMENT_3D('',#4038,#3113,#3114);
#2641=AXIS2_PLACEMENT_3D('',#4040,#3115,#3116);
#2642=AXIS2_PLACEMENT_3D('',#4042,#3117,#3118);
#2643=AXIS2_PLACEMENT_3D('',#4044,#3119,#3120);
#2644=AXIS2_PLACEMENT_3D('',#4046,#3121,#3122);
#2645=AXIS2_PLACEMENT_3D('',#4048,#3123,#3124);
#2646=AXIS2_PLACEMENT_3D('',#4050,#3125,#3126);
#2647=AXIS2_PLACEMENT_3D('',#4052,#3127,#3128);
#2648=AXIS2_PLACEMENT_3D('',#4054,#3129,#3130);
#2649=AXIS2_PLACEMENT_3D('',#4056,#3131,#3132);
#2650=AXIS2_PLACEMENT_3D('',#4058,#3133,#3134);
#2651=AXIS2_PLACEMENT_3D('',#4060,#3135,#3136);
#2652=AXIS2_PLACEMENT_3D('',#4062,#3137,#3138);
#2653=AXIS2_PLACEMENT_3D('',#4064,#3139,#3140);
#2654=AXIS2_PLACEMENT_3D('',#4066,#3141,#3142);
#2655=AXIS2_PLACEMENT_3D('',#4068,#3143,#3144);
#2656=AXIS2_PLACEMENT_3D('',#4070,#3145,#3146);
#2657=AXIS2_PLACEMENT_3D('',#4072,#3147,#3148);
#2658=AXIS2_PLACEMENT_3D('',#4074,#3149,#3150);
#2659=AXIS2_PLACEMENT_3D('',#4076,#3151,#3152);
#2660=AXIS2_PLACEMENT_3D('',#4078,#3153,#3154);
#2661=AXIS2_PLACEMENT_3D('',#4080,#3155,#3156);
#2662=AXIS2_PLACEMENT_3D('',#4082,#3157,#3158);
#2663=AXIS2_PLACEMENT_3D('',#4084,#3159,#3160);
#2664=AXIS2_PLACEMENT_3D('',#4086,#3161,#3162);
#2665=AXIS2_PLACEMENT_3D('',#4088,#3163,#3164);
#2666=AXIS2_PLACEMENT_3D('',#4090,#3165,#3166);
#2667=AXIS2_PLACEMENT_3D('',#4092,#3167,#3168);
#2668=AXIS2_PLACEMENT_3D('',#4094,#3169,#3170);
#2669=AXIS2_PLACEMENT_3D('',#4096,#3171,#3172);
#2670=AXIS2_PLACEMENT_3D('',#4098,#3173,#3174);
#2671=AXIS2_PLACEMENT_3D('',#4100,#3175,#3176);
#2672=AXIS2_PLACEMENT_3D('',#4102,#3177,#3178);
#2673=AXIS2_PLACEMENT_3D('',#4104,#3179,#3180);
#2674=AXIS2_PLACEMENT_3D('',#4106,#3181,#3182);
#2675=AXIS2_PLACEMENT_3D('',#4108,#3183,#3184);
#2676=AXIS2_PLACEMENT_3D('',#4110,#3185,#3186);
#2677=AXIS2_PLACEMENT_3D('',#4112,#3187,#3188);
#2678=AXIS2_PLACEMENT_3D('',#4114,#3189,#3190);
#2679=AXIS2_PLACEMENT_3D('',#4116,#3191,#3192);
#2680=AXIS2_PLACEMENT_3D('',#4118,#3193,#3194);
#2681=AXIS2_PLACEMENT_3D('',#4120,#3195,#3196);
#2682=AXIS2_PLACEMENT_3D('',#4122,#3197,#3198);
#2683=AXIS2_PLACEMENT_3D('',#4124,#3199,#3200);
#2684=AXIS2_PLACEMENT_3D('',#4126,#3201,#3202);
#2685=AXIS2_PLACEMENT_3D('',#4128,#3203,#3204);
#2686=AXIS2_PLACEMENT_3D('',#4130,#3205,#3206);
#2687=AXIS2_PLACEMENT_3D('',#4132,#3207,#3208);
#2688=AXIS2_PLACEMENT_3D('',#4134,#3209,#3210);
#2689=AXIS2_PLACEMENT_3D('',#4136,#3211,#3212);
#2690=AXIS2_PLACEMENT_3D('',#4138,#3213,#3214);
#2691=AXIS2_PLACEMENT_3D('',#4140,#3215,#3216);
#2692=AXIS2_PLACEMENT_3D('',#4142,#3217,#3218);
#2693=AXIS2_PLACEMENT_3D('',#4144,#3219,#3220);
#2694=AXIS2_PLACEMENT_3D('',#4146,#3221,#3222);
#2695=AXIS2_PLACEMENT_3D('',#4148,#3223,#3224);
#2696=AXIS2_PLACEMENT_3D('',#4150,#3225,#3226);
#2697=AXIS2_PLACEMENT_3D('',#4152,#3227,#3228);
#2698=AXIS2_PLACEMENT_3D('',#4154,#3229,#3230);
#2699=AXIS2_PLACEMENT_3D('',#4156,#3231,#3232);
#2700=AXIS2_PLACEMENT_3D('',#4158,#3233,#3234);
#2701=AXIS2_PLACEMENT_3D('',#4160,#3235,#3236);
#2702=AXIS2_PLACEMENT_3D('',#4162,#3237,#3238);
#2703=AXIS2_PLACEMENT_3D('',#4164,#3239,#3240);
#2704=AXIS2_PLACEMENT_3D('',#4166,#3241,#3242);
#2705=AXIS2_PLACEMENT_3D('',#4168,#3243,#3244);
#2706=AXIS2_PLACEMENT_3D('',#4170,#3245,#3246);
#2707=AXIS2_PLACEMENT_3D('',#4172,#3247,#3248);
#2708=AXIS2_PLACEMENT_3D('',#4174,#3249,#3250);
#2709=AXIS2_PLACEMENT_3D('',#4176,#3251,#3252);
#2710=AXIS2_PLACEMENT_3D('',#4178,#3253,#3254);
#2711=AXIS2_PLACEMENT_3D('',#4180,#3255,#3256);
#2712=AXIS2_PLACEMENT_3D('',#4181,#3257,#3258);
#2713=AXIS2_PLACEMENT_3D('',#4182,#3259,#3260);
#2714=AXIS2_PLACEMENT_3D('',#4184,#3262,#3263);
#2715=AXIS2_PLACEMENT_3D('',#4186,#3264,#3265);
#2716=AXIS2_PLACEMENT_3D('',#4189,#3266,#3267);
#2717=AXIS2_PLACEMENT_3D('',#4191,#3268,#3269);
#2718=AXIS2_PLACEMENT_3D('',#4193,#3270,#3271);
#2719=AXIS2_PLACEMENT_3D('',#4195,#3272,#3273);
#2720=AXIS2_PLACEMENT_3D('',#4197,#3274,#3275);
#2721=AXIS2_PLACEMENT_3D('',#4199,#3276,#3277);
#2722=AXIS2_PLACEMENT_3D('',#4201,#3278,#3279);
#2723=AXIS2_PLACEMENT_3D('',#4203,#3280,#3281);
#2724=AXIS2_PLACEMENT_3D('',#4205,#3282,#3283);
#2725=AXIS2_PLACEMENT_3D('',#4207,#3284,#3285);
#2726=AXIS2_PLACEMENT_3D('',#4209,#3286,#3287);
#2727=AXIS2_PLACEMENT_3D('',#4211,#3288,#3289);
#2728=AXIS2_PLACEMENT_3D('',#4213,#3290,#3291);
#2729=AXIS2_PLACEMENT_3D('',#4215,#3292,#3293);
#2730=AXIS2_PLACEMENT_3D('',#4217,#3294,#3295);
#2731=AXIS2_PLACEMENT_3D('',#4219,#3296,#3297);
#2732=AXIS2_PLACEMENT_3D('',#4221,#3298,#3299);
#2733=AXIS2_PLACEMENT_3D('',#4223,#3300,#3301);
#2734=AXIS2_PLACEMENT_3D('',#4225,#3302,#3303);
#2735=AXIS2_PLACEMENT_3D('',#4227,#3304,#3305);
#2736=AXIS2_PLACEMENT_3D('',#4229,#3306,#3307);
#2737=AXIS2_PLACEMENT_3D('',#4231,#3308,#3309);
#2738=AXIS2_PLACEMENT_3D('',#4233,#3310,#3311);
#2739=AXIS2_PLACEMENT_3D('',#4235,#3312,#3313);
#2740=AXIS2_PLACEMENT_3D('',#4237,#3314,#3315);
#2741=AXIS2_PLACEMENT_3D('',#4239,#3316,#3317);
#2742=AXIS2_PLACEMENT_3D('',#4241,#3318,#3319);
#2743=AXIS2_PLACEMENT_3D('',#4243,#3320,#3321);
#2744=AXIS2_PLACEMENT_3D('',#4245,#3322,#3323);
#2745=AXIS2_PLACEMENT_3D('',#4247,#3324,#3325);
#2746=AXIS2_PLACEMENT_3D('',#4249,#3326,#3327);
#2747=AXIS2_PLACEMENT_3D('',#4251,#3328,#3329);
#2748=AXIS2_PLACEMENT_3D('',#4253,#3330,#3331);
#2749=AXIS2_PLACEMENT_3D('',#4255,#3332,#3333);
#2750=AXIS2_PLACEMENT_3D('',#4257,#3334,#3335);
#2751=AXIS2_PLACEMENT_3D('',#4259,#3336,#3337);
#2752=AXIS2_PLACEMENT_3D('',#4261,#3338,#3339);
#2753=AXIS2_PLACEMENT_3D('',#4263,#3340,#3341);
#2754=AXIS2_PLACEMENT_3D('',#4265,#3342,#3343);
#2755=AXIS2_PLACEMENT_3D('',#4267,#3344,#3345);
#2756=AXIS2_PLACEMENT_3D('',#4269,#3346,#3347);
#2757=AXIS2_PLACEMENT_3D('',#4271,#3348,#3349);
#2758=AXIS2_PLACEMENT_3D('',#4273,#3350,#3351);
#2759=AXIS2_PLACEMENT_3D('',#4275,#3352,#3353);
#2760=AXIS2_PLACEMENT_3D('',#4277,#3354,#3355);
#2761=AXIS2_PLACEMENT_3D('',#4279,#3356,#3357);
#2762=AXIS2_PLACEMENT_3D('',#4281,#3358,#3359);
#2763=AXIS2_PLACEMENT_3D('',#4283,#3360,#3361);
#2764=AXIS2_PLACEMENT_3D('',#4285,#3362,#3363);
#2765=AXIS2_PLACEMENT_3D('',#4287,#3364,#3365);
#2766=AXIS2_PLACEMENT_3D('',#4289,#3366,#3367);
#2767=AXIS2_PLACEMENT_3D('',#4291,#3368,#3369);
#2768=AXIS2_PLACEMENT_3D('',#4293,#3370,#3371);
#2769=AXIS2_PLACEMENT_3D('',#4295,#3372,#3373);
#2770=AXIS2_PLACEMENT_3D('',#4297,#3374,#3375);
#2771=AXIS2_PLACEMENT_3D('',#4299,#3376,#3377);
#2772=AXIS2_PLACEMENT_3D('',#4301,#3378,#3379);
#2773=AXIS2_PLACEMENT_3D('',#4303,#3380,#3381);
#2774=AXIS2_PLACEMENT_3D('',#4305,#3382,#3383);
#2775=AXIS2_PLACEMENT_3D('',#4307,#3384,#3385);
#2776=AXIS2_PLACEMENT_3D('',#4309,#3386,#3387);
#2777=AXIS2_PLACEMENT_3D('',#4311,#3388,#3389);
#2778=AXIS2_PLACEMENT_3D('',#4313,#3390,#3391);
#2779=AXIS2_PLACEMENT_3D('',#4315,#3392,#3393);
#2780=AXIS2_PLACEMENT_3D('',#4317,#3394,#3395);
#2781=AXIS2_PLACEMENT_3D('',#4319,#3396,#3397);
#2782=AXIS2_PLACEMENT_3D('',#4321,#3398,#3399);
#2783=AXIS2_PLACEMENT_3D('',#4323,#3400,#3401);
#2784=AXIS2_PLACEMENT_3D('',#4325,#3402,#3403);
#2785=AXIS2_PLACEMENT_3D('',#4327,#3404,#3405);
#2786=AXIS2_PLACEMENT_3D('',#4329,#3406,#3407);
#2787=AXIS2_PLACEMENT_3D('',#4331,#3408,#3409);
#2788=AXIS2_PLACEMENT_3D('',#4333,#3410,#3411);
#2789=AXIS2_PLACEMENT_3D('',#4335,#3412,#3413);
#2790=AXIS2_PLACEMENT_3D('',#4337,#3414,#3415);
#2791=AXIS2_PLACEMENT_3D('',#4339,#3416,#3417);
#2792=AXIS2_PLACEMENT_3D('',#4341,#3418,#3419);
#2793=AXIS2_PLACEMENT_3D('',#4343,#3420,#3421);
#2794=AXIS2_PLACEMENT_3D('',#4345,#3422,#3423);
#2795=AXIS2_PLACEMENT_3D('',#4347,#3424,#3425);
#2796=AXIS2_PLACEMENT_3D('',#4349,#3426,#3427);
#2797=AXIS2_PLACEMENT_3D('',#4351,#3428,#3429);
#2798=AXIS2_PLACEMENT_3D('',#4353,#3430,#3431);
#2799=AXIS2_PLACEMENT_3D('',#4355,#3432,#3433);
#2800=AXIS2_PLACEMENT_3D('',#4357,#3434,#3435);
#2801=AXIS2_PLACEMENT_3D('',#4359,#3436,#3437);
#2802=AXIS2_PLACEMENT_3D('',#4361,#3438,#3439);
#2803=AXIS2_PLACEMENT_3D('',#4363,#3440,#3441);
#2804=AXIS2_PLACEMENT_3D('',#4365,#3442,#3443);
#2805=AXIS2_PLACEMENT_3D('',#4367,#3444,#3445);
#2806=AXIS2_PLACEMENT_3D('',#4369,#3446,#3447);
#2807=AXIS2_PLACEMENT_3D('',#4371,#3448,#3449);
#2808=AXIS2_PLACEMENT_3D('',#4373,#3450,#3451);
#2809=AXIS2_PLACEMENT_3D('',#4375,#3452,#3453);
#2810=AXIS2_PLACEMENT_3D('',#4377,#3454,#3455);
#2811=AXIS2_PLACEMENT_3D('',#4379,#3456,#3457);
#2812=AXIS2_PLACEMENT_3D('',#4381,#3458,#3459);
#2813=AXIS2_PLACEMENT_3D('',#4383,#3460,#3461);
#2814=AXIS2_PLACEMENT_3D('',#4385,#3462,#3463);
#2815=AXIS2_PLACEMENT_3D('',#4387,#3464,#3465);
#2816=AXIS2_PLACEMENT_3D('',#4389,#3466,#3467);
#2817=AXIS2_PLACEMENT_3D('',#4391,#3468,#3469);
#2818=AXIS2_PLACEMENT_3D('',#4393,#3470,#3471);
#2819=AXIS2_PLACEMENT_3D('',#4395,#3472,#3473);
#2820=AXIS2_PLACEMENT_3D('',#4397,#3474,#3475);
#2821=AXIS2_PLACEMENT_3D('',#4399,#3476,#3477);
#2822=AXIS2_PLACEMENT_3D('',#4401,#3478,#3479);
#2823=AXIS2_PLACEMENT_3D('',#4403,#3480,#3481);
#2824=AXIS2_PLACEMENT_3D('',#4405,#3482,#3483);
#2825=AXIS2_PLACEMENT_3D('',#4407,#3484,#3485);
#2826=AXIS2_PLACEMENT_3D('',#4409,#3486,#3487);
#2827=AXIS2_PLACEMENT_3D('',#4411,#3488,#3489);
#2828=AXIS2_PLACEMENT_3D('',#4413,#3490,#3491);
#2829=AXIS2_PLACEMENT_3D('',#4415,#3492,#3493);
#2830=AXIS2_PLACEMENT_3D('',#4417,#3494,#3495);
#2831=AXIS2_PLACEMENT_3D('',#4419,#3496,#3497);
#2832=AXIS2_PLACEMENT_3D('',#4421,#3498,#3499);
#2833=AXIS2_PLACEMENT_3D('',#4423,#3500,#3501);
#2834=AXIS2_PLACEMENT_3D('',#4425,#3502,#3503);
#2835=AXIS2_PLACEMENT_3D('',#4426,#3504,#3505);
#2836=AXIS2_PLACEMENT_3D('',#4427,#3506,#3507);
#2837=AXIS2_PLACEMENT_3D('',#4430,#3509,#3510);
#2838=AXIS2_PLACEMENT_3D('',#4431,#3511,#3512);
#2839=AXIS2_PLACEMENT_3D('',#4432,#3513,#3514);
#2840=AXIS2_PLACEMENT_3D('',#4433,#3515,#3516);
#2841=AXIS2_PLACEMENT_3D('',#4436,#3519,#3520);
#2842=AXIS2_PLACEMENT_3D('',#4438,#3522,#3523);
#2843=AXIS2_PLACEMENT_3D('',#4440,#3525,#3526);
#2844=AXIS2_PLACEMENT_3D('',#4442,#3528,#3529);
#2845=AXIS2_PLACEMENT_3D('',#4444,#3531,#3532);
#2846=AXIS2_PLACEMENT_3D('',#4446,#3534,#3535);
#2847=AXIS2_PLACEMENT_3D('',#4448,#3537,#3538);
#2848=AXIS2_PLACEMENT_3D('',#4450,#3540,#3541);
#2849=AXIS2_PLACEMENT_3D('',#4452,#3543,#3544);
#2850=AXIS2_PLACEMENT_3D('',#4454,#3546,#3547);
#2851=AXIS2_PLACEMENT_3D('',#4456,#3549,#3550);
#2852=AXIS2_PLACEMENT_3D('',#4458,#3552,#3553);
#2853=AXIS2_PLACEMENT_3D('',#4460,#3555,#3556);
#2854=AXIS2_PLACEMENT_3D('',#4462,#3558,#3559);
#2855=AXIS2_PLACEMENT_3D('',#4464,#3561,#3562);
#2856=AXIS2_PLACEMENT_3D('',#4466,#3564,#3565);
#2857=AXIS2_PLACEMENT_3D('',#4468,#3567,#3568);
#2858=AXIS2_PLACEMENT_3D('',#4470,#3570,#3571);
#2859=AXIS2_PLACEMENT_3D('',#4472,#3573,#3574);
#2860=AXIS2_PLACEMENT_3D('',#4474,#3576,#3577);
#2861=AXIS2_PLACEMENT_3D('',#4476,#3579,#3580);
#2862=AXIS2_PLACEMENT_3D('',#4478,#3582,#3583);
#2863=AXIS2_PLACEMENT_3D('',#4480,#3585,#3586);
#2864=AXIS2_PLACEMENT_3D('',#4482,#3588,#3589);
#2865=AXIS2_PLACEMENT_3D('',#4484,#3591,#3592);
#2866=AXIS2_PLACEMENT_3D('',#4486,#3594,#3595);
#2867=AXIS2_PLACEMENT_3D('',#4488,#3597,#3598);
#2868=AXIS2_PLACEMENT_3D('',#4490,#3600,#3601);
#2869=AXIS2_PLACEMENT_3D('',#4492,#3603,#3604);
#2870=AXIS2_PLACEMENT_3D('',#4494,#3606,#3607);
#2871=AXIS2_PLACEMENT_3D('',#4496,#3609,#3610);
#2872=AXIS2_PLACEMENT_3D('',#4498,#3612,#3613);
#2873=AXIS2_PLACEMENT_3D('',#4500,#3615,#3616);
#2874=AXIS2_PLACEMENT_3D('',#4502,#3618,#3619);
#2875=AXIS2_PLACEMENT_3D('',#4504,#3621,#3622);
#2876=AXIS2_PLACEMENT_3D('',#4506,#3624,#3625);
#2877=AXIS2_PLACEMENT_3D('',#4508,#3627,#3628);
#2878=AXIS2_PLACEMENT_3D('',#4510,#3630,#3631);
#2879=AXIS2_PLACEMENT_3D('',#4512,#3633,#3634);
#2880=AXIS2_PLACEMENT_3D('',#4514,#3636,#3637);
#2881=AXIS2_PLACEMENT_3D('',#4516,#3639,#3640);
#2882=AXIS2_PLACEMENT_3D('',#4518,#3642,#3643);
#2883=AXIS2_PLACEMENT_3D('',#4520,#3645,#3646);
#2884=AXIS2_PLACEMENT_3D('',#4522,#3648,#3649);
#2885=AXIS2_PLACEMENT_3D('',#4524,#3651,#3652);
#2886=AXIS2_PLACEMENT_3D('',#4526,#3654,#3655);
#2887=AXIS2_PLACEMENT_3D('',#4528,#3657,#3658);
#2888=AXIS2_PLACEMENT_3D('',#4530,#3660,#3661);
#2889=AXIS2_PLACEMENT_3D('',#4532,#3663,#3664);
#2890=AXIS2_PLACEMENT_3D('',#4534,#3666,#3667);
#2891=AXIS2_PLACEMENT_3D('',#4536,#3669,#3670);
#2892=AXIS2_PLACEMENT_3D('',#4538,#3672,#3673);
#2893=AXIS2_PLACEMENT_3D('',#4540,#3675,#3676);
#2894=AXIS2_PLACEMENT_3D('',#4542,#3678,#3679);
#2895=AXIS2_PLACEMENT_3D('',#4544,#3681,#3682);
#2896=AXIS2_PLACEMENT_3D('',#4546,#3684,#3685);
#2897=AXIS2_PLACEMENT_3D('',#4548,#3687,#3688);
#2898=AXIS2_PLACEMENT_3D('',#4550,#3690,#3691);
#2899=AXIS2_PLACEMENT_3D('',#4552,#3693,#3694);
#2900=AXIS2_PLACEMENT_3D('',#4554,#3696,#3697);
#2901=AXIS2_PLACEMENT_3D('',#4556,#3699,#3700);
#2902=AXIS2_PLACEMENT_3D('',#4558,#3702,#3703);
#2903=AXIS2_PLACEMENT_3D('',#4560,#3705,#3706);
#2904=AXIS2_PLACEMENT_3D('',#4562,#3708,#3709);
#2905=AXIS2_PLACEMENT_3D('',#4564,#3711,#3712);
#2906=AXIS2_PLACEMENT_3D('',#4566,#3714,#3715);
#2907=AXIS2_PLACEMENT_3D('',#4568,#3717,#3718);
#2908=AXIS2_PLACEMENT_3D('',#4570,#3720,#3721);
#2909=AXIS2_PLACEMENT_3D('',#4572,#3723,#3724);
#2910=AXIS2_PLACEMENT_3D('',#4574,#3726,#3727);
#2911=AXIS2_PLACEMENT_3D('',#4576,#3729,#3730);
#2912=AXIS2_PLACEMENT_3D('',#4578,#3732,#3733);
#2913=AXIS2_PLACEMENT_3D('',#4580,#3735,#3736);
#2914=AXIS2_PLACEMENT_3D('',#4582,#3738,#3739);
#2915=AXIS2_PLACEMENT_3D('',#4584,#3741,#3742);
#2916=AXIS2_PLACEMENT_3D('',#4586,#3744,#3745);
#2917=AXIS2_PLACEMENT_3D('',#4588,#3747,#3748);
#2918=AXIS2_PLACEMENT_3D('',#4590,#3750,#3751);
#2919=AXIS2_PLACEMENT_3D('',#4592,#3753,#3754);
#2920=AXIS2_PLACEMENT_3D('',#4594,#3756,#3757);
#2921=AXIS2_PLACEMENT_3D('',#4596,#3759,#3760);
#2922=AXIS2_PLACEMENT_3D('',#4598,#3762,#3763);
#2923=AXIS2_PLACEMENT_3D('',#4600,#3765,#3766);
#2924=AXIS2_PLACEMENT_3D('',#4602,#3768,#3769);
#2925=AXIS2_PLACEMENT_3D('',#4604,#3771,#3772);
#2926=AXIS2_PLACEMENT_3D('',#4606,#3774,#3775);
#2927=AXIS2_PLACEMENT_3D('',#4608,#3777,#3778);
#2928=AXIS2_PLACEMENT_3D('',#4610,#3780,#3781);
#2929=AXIS2_PLACEMENT_3D('',#4612,#3783,#3784);
#2930=AXIS2_PLACEMENT_3D('',#4614,#3786,#3787);
#2931=AXIS2_PLACEMENT_3D('',#4616,#3789,#3790);
#2932=AXIS2_PLACEMENT_3D('',#4618,#3792,#3793);
#2933=AXIS2_PLACEMENT_3D('',#4620,#3795,#3796);
#2934=AXIS2_PLACEMENT_3D('',#4622,#3798,#3799);
#2935=AXIS2_PLACEMENT_3D('',#4624,#3801,#3802);
#2936=AXIS2_PLACEMENT_3D('',#4626,#3804,#3805);
#2937=AXIS2_PLACEMENT_3D('',#4628,#3807,#3808);
#2938=AXIS2_PLACEMENT_3D('',#4630,#3810,#3811);
#2939=AXIS2_PLACEMENT_3D('',#4632,#3813,#3814);
#2940=AXIS2_PLACEMENT_3D('',#4634,#3816,#3817);
#2941=AXIS2_PLACEMENT_3D('',#4636,#3819,#3820);
#2942=AXIS2_PLACEMENT_3D('',#4638,#3822,#3823);
#2943=AXIS2_PLACEMENT_3D('',#4640,#3825,#3826);
#2944=AXIS2_PLACEMENT_3D('',#4642,#3828,#3829);
#2945=AXIS2_PLACEMENT_3D('',#4644,#3831,#3832);
#2946=AXIS2_PLACEMENT_3D('',#4646,#3834,#3835);
#2947=AXIS2_PLACEMENT_3D('',#4648,#3837,#3838);
#2948=AXIS2_PLACEMENT_3D('',#4650,#3840,#3841);
#2949=AXIS2_PLACEMENT_3D('',#4652,#3843,#3844);
#2950=AXIS2_PLACEMENT_3D('',#4654,#3846,#3847);
#2951=AXIS2_PLACEMENT_3D('',#4656,#3849,#3850);
#2952=AXIS2_PLACEMENT_3D('',#4658,#3852,#3853);
#2953=AXIS2_PLACEMENT_3D('',#4660,#3855,#3856);
#2954=AXIS2_PLACEMENT_3D('',#4662,#3858,#3859);
#2955=AXIS2_PLACEMENT_3D('',#4664,#3861,#3862);
#2956=AXIS2_PLACEMENT_3D('',#4666,#3864,#3865);
#2957=AXIS2_PLACEMENT_3D('',#4668,#3867,#3868);
#2958=AXIS2_PLACEMENT_3D('',#4670,#3870,#3871);
#2959=AXIS2_PLACEMENT_3D('',#4672,#3873,#3874);
#2960=AXIS2_PLACEMENT_3D('',#4673,#3875,#3876);
#2961=DIRECTION('axis',(0.,0.,1.));
#2962=DIRECTION('refdir',(1.,0.,0.));
#2963=DIRECTION('center_axis',(-1.,0.,0.));
#2964=DIRECTION('ref_axis',(0.,0.,1.));
#2965=DIRECTION('',(0.,0.,-1.));
#2966=DIRECTION('',(0.,1.,0.));
#2967=DIRECTION('',(0.,0.,-1.));
#2968=DIRECTION('',(0.,-1.,0.));
#2969=DIRECTION('center_axis',(0.,0.,1.));
#2970=DIRECTION('ref_axis',(1.,0.,0.));
#2971=DIRECTION('',(1.,0.,0.));
#2972=DIRECTION('',(0.,-1.,0.));
#2973=DIRECTION('',(1.,0.,0.));
#2974=DIRECTION('center_axis',(0.,0.,1.));
#2975=DIRECTION('ref_axis',(1.,0.,0.));
#2976=DIRECTION('',(1.,0.,0.));
#2977=DIRECTION('',(0.,1.,0.));
#2978=DIRECTION('',(-1.,0.,0.));
#2979=DIRECTION('',(-1.,0.,0.));
#2980=DIRECTION('',(0.,1.,0.));
#2981=DIRECTION('',(-1.,0.,0.));
#2982=DIRECTION('',(0.,-1.,0.));
#2983=DIRECTION('',(1.,0.,0.));
#2984=DIRECTION('',(0.,1.,0.));
#2985=DIRECTION('',(1.,0.,0.));
#2986=DIRECTION('',(0.,-1.,0.));
#2987=DIRECTION('center_axis',(1.,0.,0.));
#2988=DIRECTION('ref_axis',(0.,0.,-1.));
#2989=DIRECTION('',(0.,0.,1.));
#2990=DIRECTION('',(0.,0.,-1.));
#2991=DIRECTION('center_axis',(0.,0.,1.));
#2992=DIRECTION('ref_axis',(1.,0.,0.));
#2993=DIRECTION('',(-1.,0.,0.));
#2994=DIRECTION('',(0.,1.,0.));
#2995=DIRECTION('',(-1.,0.,0.));
#2996=DIRECTION('',(0.,-1.,0.));
#2997=DIRECTION('center_axis',(0.,1.,0.));
#2998=DIRECTION('ref_axis',(0.,0.,1.));
#2999=DIRECTION('center_axis',(1.,0.,0.));
#3000=DIRECTION('ref_axis',(0.,0.,-1.));
#3001=DIRECTION('',(0.,0.,-1.));
#3002=DIRECTION('',(0.,0.,-1.));
#3003=DIRECTION('center_axis',(0.,-1.,0.));
#3004=DIRECTION('ref_axis',(0.,0.,-1.));
#3005=DIRECTION('',(0.,0.,-1.));
#3006=DIRECTION('center_axis',(-1.,0.,0.));
#3007=DIRECTION('ref_axis',(0.,0.,1.));
#3008=DIRECTION('',(0.,0.,1.));
#3009=DIRECTION('center_axis',(0.,1.,0.));
#3010=DIRECTION('ref_axis',(1.,0.,0.));
#3011=DIRECTION('center_axis',(0.,1.,0.));
#3012=DIRECTION('ref_axis',(1.,0.,0.));
#3013=DIRECTION('center_axis',(0.,-1.,0.));
#3014=DIRECTION('ref_axis',(1.,0.,0.));
#3015=DIRECTION('center_axis',(0.,-1.,0.));
#3016=DIRECTION('ref_axis',(-1.,0.,0.));
#3017=DIRECTION('center_axis',(0.,-1.,0.));
#3018=DIRECTION('ref_axis',(1.,0.,0.));
#3019=DIRECTION('center_axis',(0.,-1.,0.));
#3020=DIRECTION('ref_axis',(1.,0.,0.));
#3021=DIRECTION('center_axis',(0.,1.,0.));
#3022=DIRECTION('ref_axis',(1.,0.,0.));
#3023=DIRECTION('center_axis',(0.,-1.,0.));
#3024=DIRECTION('ref_axis',(1.,0.,0.));
#3025=DIRECTION('center_axis',(0.,1.,0.));
#3026=DIRECTION('ref_axis',(1.,0.,0.));
#3027=DIRECTION('center_axis',(0.,-1.,0.));
#3028=DIRECTION('ref_axis',(1.,0.,0.));
#3029=DIRECTION('center_axis',(0.,1.,0.));
#3030=DIRECTION('ref_axis',(1.,0.,0.));
#3031=DIRECTION('center_axis',(0.,-1.,0.));
#3032=DIRECTION('ref_axis',(1.,0.,0.));
#3033=DIRECTION('center_axis',(0.,1.,0.));
#3034=DIRECTION('ref_axis',(1.,0.,0.));
#3035=DIRECTION('center_axis',(0.,-1.,0.));
#3036=DIRECTION('ref_axis',(1.,0.,0.));
#3037=DIRECTION('center_axis',(0.,1.,0.));
#3038=DIRECTION('ref_axis',(1.,0.,0.));
#3039=DIRECTION('center_axis',(0.,-1.,0.));
#3040=DIRECTION('ref_axis',(1.,0.,0.));
#3041=DIRECTION('center_axis',(0.,1.,0.));
#3042=DIRECTION('ref_axis',(1.,0.,0.));
#3043=DIRECTION('center_axis',(0.,-1.,0.));
#3044=DIRECTION('ref_axis',(1.,0.,0.));
#3045=DIRECTION('center_axis',(0.,1.,0.));
#3046=DIRECTION('ref_axis',(1.,0.,0.));
#3047=DIRECTION('center_axis',(0.,-1.,0.));
#3048=DIRECTION('ref_axis',(1.,0.,0.));
#3049=DIRECTION('center_axis',(0.,1.,0.));
#3050=DIRECTION('ref_axis',(1.,0.,0.));
#3051=DIRECTION('center_axis',(0.,-1.,0.));
#3052=DIRECTION('ref_axis',(1.,0.,0.));
#3053=DIRECTION('center_axis',(0.,1.,0.));
#3054=DIRECTION('ref_axis',(1.,0.,0.));
#3055=DIRECTION('center_axis',(0.,-1.,0.));
#3056=DIRECTION('ref_axis',(1.,0.,0.));
#3057=DIRECTION('center_axis',(0.,1.,0.));
#3058=DIRECTION('ref_axis',(1.,0.,0.));
#3059=DIRECTION('center_axis',(0.,-1.,0.));
#3060=DIRECTION('ref_axis',(1.,0.,0.));
#3061=DIRECTION('center_axis',(0.,1.,0.));
#3062=DIRECTION('ref_axis',(1.,0.,0.));
#3063=DIRECTION('center_axis',(0.,-1.,0.));
#3064=DIRECTION('ref_axis',(1.,0.,0.));
#3065=DIRECTION('center_axis',(0.,1.,0.));
#3066=DIRECTION('ref_axis',(1.,0.,0.));
#3067=DIRECTION('center_axis',(0.,-1.,0.));
#3068=DIRECTION('ref_axis',(1.,0.,0.));
#3069=DIRECTION('center_axis',(0.,1.,0.));
#3070=DIRECTION('ref_axis',(1.,0.,0.));
#3071=DIRECTION('center_axis',(0.,-1.,0.));
#3072=DIRECTION('ref_axis',(1.,0.,0.));
#3073=DIRECTION('center_axis',(0.,1.,0.));
#3074=DIRECTION('ref_axis',(1.,0.,0.));
#3075=DIRECTION('center_axis',(0.,-1.,0.));
#3076=DIRECTION('ref_axis',(1.,0.,0.));
#3077=DIRECTION('center_axis',(0.,1.,0.));
#3078=DIRECTION('ref_axis',(1.,0.,0.));
#3079=DIRECTION('center_axis',(0.,-1.,0.));
#3080=DIRECTION('ref_axis',(1.,0.,0.));
#3081=DIRECTION('center_axis',(0.,1.,0.));
#3082=DIRECTION('ref_axis',(1.,0.,0.));
#3083=DIRECTION('center_axis',(0.,-1.,0.));
#3084=DIRECTION('ref_axis',(1.,0.,0.));
#3085=DIRECTION('center_axis',(0.,1.,0.));
#3086=DIRECTION('ref_axis',(1.,0.,0.));
#3087=DIRECTION('center_axis',(0.,-1.,0.));
#3088=DIRECTION('ref_axis',(1.,0.,0.));
#3089=DIRECTION('center_axis',(0.,1.,0.));
#3090=DIRECTION('ref_axis',(1.,0.,0.));
#3091=DIRECTION('center_axis',(0.,-1.,0.));
#3092=DIRECTION('ref_axis',(1.,0.,0.));
#3093=DIRECTION('center_axis',(0.,1.,0.));
#3094=DIRECTION('ref_axis',(1.,0.,0.));
#3095=DIRECTION('center_axis',(0.,-1.,0.));
#3096=DIRECTION('ref_axis',(1.,0.,0.));
#3097=DIRECTION('center_axis',(0.,1.,0.));
#3098=DIRECTION('ref_axis',(1.,0.,0.));
#3099=DIRECTION('center_axis',(0.,-1.,0.));
#3100=DIRECTION('ref_axis',(1.,0.,0.));
#3101=DIRECTION('center_axis',(0.,1.,0.));
#3102=DIRECTION('ref_axis',(1.,0.,0.));
#3103=DIRECTION('center_axis',(0.,-1.,0.));
#3104=DIRECTION('ref_axis',(1.,0.,0.));
#3105=DIRECTION('center_axis',(0.,1.,0.));
#3106=DIRECTION('ref_axis',(1.,0.,0.));
#3107=DIRECTION('center_axis',(0.,-1.,0.));
#3108=DIRECTION('ref_axis',(1.,0.,0.));
#3109=DIRECTION('center_axis',(0.,1.,0.));
#3110=DIRECTION('ref_axis',(1.,0.,0.));
#3111=DIRECTION('center_axis',(0.,-1.,0.));
#3112=DIRECTION('ref_axis',(1.,0.,0.));
#3113=DIRECTION('center_axis',(0.,1.,0.));
#3114=DIRECTION('ref_axis',(1.,0.,0.));
#3115=DIRECTION('center_axis',(0.,-1.,0.));
#3116=DIRECTION('ref_axis',(1.,0.,0.));
#3117=DIRECTION('center_axis',(0.,1.,0.));
#3118=DIRECTION('ref_axis',(1.,0.,0.));
#3119=DIRECTION('center_axis',(0.,-1.,0.));
#3120=DIRECTION('ref_axis',(1.,0.,0.));
#3121=DIRECTION('center_axis',(0.,1.,0.));
#3122=DIRECTION('ref_axis',(1.,0.,0.));
#3123=DIRECTION('center_axis',(0.,-1.,0.));
#3124=DIRECTION('ref_axis',(1.,0.,0.));
#3125=DIRECTION('center_axis',(0.,1.,0.));
#3126=DIRECTION('ref_axis',(1.,0.,0.));
#3127=DIRECTION('center_axis',(0.,-1.,0.));
#3128=DIRECTION('ref_axis',(1.,0.,0.));
#3129=DIRECTION('center_axis',(0.,1.,0.));
#3130=DIRECTION('ref_axis',(1.,0.,0.));
#3131=DIRECTION('center_axis',(0.,-1.,0.));
#3132=DIRECTION('ref_axis',(1.,0.,0.));
#3133=DIRECTION('center_axis',(0.,1.,0.));
#3134=DIRECTION('ref_axis',(1.,0.,0.));
#3135=DIRECTION('center_axis',(0.,-1.,0.));
#3136=DIRECTION('ref_axis',(1.,0.,0.));
#3137=DIRECTION('center_axis',(0.,1.,0.));
#3138=DIRECTION('ref_axis',(1.,0.,0.));
#3139=DIRECTION('center_axis',(0.,-1.,0.));
#3140=DIRECTION('ref_axis',(1.,0.,0.));
#3141=DIRECTION('center_axis',(0.,1.,0.));
#3142=DIRECTION('ref_axis',(1.,0.,0.));
#3143=DIRECTION('center_axis',(0.,-1.,0.));
#3144=DIRECTION('ref_axis',(1.,0.,0.));
#3145=DIRECTION('center_axis',(0.,1.,0.));
#3146=DIRECTION('ref_axis',(1.,0.,0.));
#3147=DIRECTION('center_axis',(0.,-1.,0.));
#3148=DIRECTION('ref_axis',(1.,0.,0.));
#3149=DIRECTION('center_axis',(0.,1.,0.));
#3150=DIRECTION('ref_axis',(1.,0.,0.));
#3151=DIRECTION('center_axis',(0.,-1.,0.));
#3152=DIRECTION('ref_axis',(1.,0.,0.));
#3153=DIRECTION('center_axis',(0.,1.,0.));
#3154=DIRECTION('ref_axis',(1.,0.,0.));
#3155=DIRECTION('center_axis',(0.,-1.,0.));
#3156=DIRECTION('ref_axis',(1.,0.,0.));
#3157=DIRECTION('center_axis',(0.,1.,0.));
#3158=DIRECTION('ref_axis',(1.,0.,0.));
#3159=DIRECTION('center_axis',(0.,-1.,0.));
#3160=DIRECTION('ref_axis',(1.,0.,0.));
#3161=DIRECTION('center_axis',(0.,1.,0.));
#3162=DIRECTION('ref_axis',(1.,0.,0.));
#3163=DIRECTION('center_axis',(0.,-1.,0.));
#3164=DIRECTION('ref_axis',(1.,0.,0.));
#3165=DIRECTION('center_axis',(0.,1.,0.));
#3166=DIRECTION('ref_axis',(1.,0.,0.));
#3167=DIRECTION('center_axis',(0.,-1.,0.));
#3168=DIRECTION('ref_axis',(1.,0.,0.));
#3169=DIRECTION('center_axis',(0.,1.,0.));
#3170=DIRECTION('ref_axis',(1.,0.,0.));
#3171=DIRECTION('center_axis',(0.,-1.,0.));
#3172=DIRECTION('ref_axis',(1.,0.,0.));
#3173=DIRECTION('center_axis',(0.,1.,0.));
#3174=DIRECTION('ref_axis',(1.,0.,0.));
#3175=DIRECTION('center_axis',(0.,-1.,0.));
#3176=DIRECTION('ref_axis',(1.,0.,0.));
#3177=DIRECTION('center_axis',(0.,1.,0.));
#3178=DIRECTION('ref_axis',(1.,0.,0.));
#3179=DIRECTION('center_axis',(0.,-1.,0.));
#3180=DIRECTION('ref_axis',(1.,0.,0.));
#3181=DIRECTION('center_axis',(0.,1.,0.));
#3182=DIRECTION('ref_axis',(1.,0.,0.));
#3183=DIRECTION('center_axis',(0.,-1.,0.));
#3184=DIRECTION('ref_axis',(1.,0.,0.));
#3185=DIRECTION('center_axis',(0.,1.,0.));
#3186=DIRECTION('ref_axis',(1.,0.,0.));
#3187=DIRECTION('center_axis',(0.,-1.,0.));
#3188=DIRECTION('ref_axis',(1.,0.,0.));
#3189=DIRECTION('center_axis',(0.,1.,0.));
#3190=DIRECTION('ref_axis',(1.,0.,0.));
#3191=DIRECTION('center_axis',(0.,-1.,0.));
#3192=DIRECTION('ref_axis',(1.,0.,0.));
#3193=DIRECTION('center_axis',(0.,1.,0.));
#3194=DIRECTION('ref_axis',(1.,0.,0.));
#3195=DIRECTION('center_axis',(0.,-1.,0.));
#3196=DIRECTION('ref_axis',(1.,0.,0.));
#3197=DIRECTION('center_axis',(0.,1.,0.));
#3198=DIRECTION('ref_axis',(1.,0.,0.));
#3199=DIRECTION('center_axis',(0.,-1.,0.));
#3200=DIRECTION('ref_axis',(1.,0.,0.));
#3201=DIRECTION('center_axis',(0.,1.,0.));
#3202=DIRECTION('ref_axis',(1.,0.,0.));
#3203=DIRECTION('center_axis',(0.,-1.,0.));
#3204=DIRECTION('ref_axis',(1.,0.,0.));
#3205=DIRECTION('center_axis',(0.,1.,0.));
#3206=DIRECTION('ref_axis',(1.,0.,0.));
#3207=DIRECTION('center_axis',(0.,-1.,0.));
#3208=DIRECTION('ref_axis',(1.,0.,0.));
#3209=DIRECTION('center_axis',(0.,1.,0.));
#3210=DIRECTION('ref_axis',(1.,0.,0.));
#3211=DIRECTION('center_axis',(0.,-1.,0.));
#3212=DIRECTION('ref_axis',(1.,0.,0.));
#3213=DIRECTION('center_axis',(0.,1.,0.));
#3214=DIRECTION('ref_axis',(1.,0.,0.));
#3215=DIRECTION('center_axis',(0.,-1.,0.));
#3216=DIRECTION('ref_axis',(1.,0.,0.));
#3217=DIRECTION('center_axis',(0.,1.,0.));
#3218=DIRECTION('ref_axis',(1.,0.,0.));
#3219=DIRECTION('center_axis',(0.,-1.,0.));
#3220=DIRECTION('ref_axis',(1.,0.,0.));
#3221=DIRECTION('center_axis',(0.,1.,0.));
#3222=DIRECTION('ref_axis',(1.,0.,0.));
#3223=DIRECTION('center_axis',(0.,-1.,0.));
#3224=DIRECTION('ref_axis',(1.,0.,0.));
#3225=DIRECTION('center_axis',(0.,1.,0.));
#3226=DIRECTION('ref_axis',(1.,0.,0.));
#3227=DIRECTION('center_axis',(0.,-1.,0.));
#3228=DIRECTION('ref_axis',(1.,0.,0.));
#3229=DIRECTION('center_axis',(0.,1.,0.));
#3230=DIRECTION('ref_axis',(1.,0.,0.));
#3231=DIRECTION('center_axis',(0.,-1.,0.));
#3232=DIRECTION('ref_axis',(1.,0.,0.));
#3233=DIRECTION('center_axis',(0.,1.,0.));
#3234=DIRECTION('ref_axis',(1.,0.,0.));
#3235=DIRECTION('center_axis',(0.,-1.,0.));
#3236=DIRECTION('ref_axis',(1.,0.,0.));
#3237=DIRECTION('center_axis',(0.,1.,0.));
#3238=DIRECTION('ref_axis',(1.,0.,0.));
#3239=DIRECTION('center_axis',(0.,-1.,0.));
#3240=DIRECTION('ref_axis',(1.,0.,0.));
#3241=DIRECTION('center_axis',(0.,1.,0.));
#3242=DIRECTION('ref_axis',(1.,0.,0.));
#3243=DIRECTION('center_axis',(0.,-1.,0.));
#3244=DIRECTION('ref_axis',(1.,0.,0.));
#3245=DIRECTION('center_axis',(0.,1.,0.));
#3246=DIRECTION('ref_axis',(1.,0.,0.));
#3247=DIRECTION('center_axis',(0.,-1.,0.));
#3248=DIRECTION('ref_axis',(1.,0.,0.));
#3249=DIRECTION('center_axis',(0.,1.,0.));
#3250=DIRECTION('ref_axis',(1.,0.,0.));
#3251=DIRECTION('center_axis',(0.,-1.,0.));
#3252=DIRECTION('ref_axis',(1.,0.,0.));
#3253=DIRECTION('center_axis',(0.,1.,0.));
#3254=DIRECTION('ref_axis',(1.,0.,0.));
#3255=DIRECTION('center_axis',(0.,-1.,0.));
#3256=DIRECTION('ref_axis',(1.,0.,0.));
#3257=DIRECTION('center_axis',(0.,1.,0.));
#3258=DIRECTION('ref_axis',(1.,0.,0.));
#3259=DIRECTION('center_axis',(0.,1.,0.));
#3260=DIRECTION('ref_axis',(1.,0.,0.));
#3261=DIRECTION('',(0.,-1.,0.));
#3262=DIRECTION('center_axis',(0.,1.,0.));
#3263=DIRECTION('ref_axis',(1.,0.,0.));
#3264=DIRECTION('center_axis',(0.,1.,0.));
#3265=DIRECTION('ref_axis',(1.,0.,0.));
#3266=DIRECTION('center_axis',(0.,1.,0.));
#3267=DIRECTION('ref_axis',(1.,0.,0.));
#3268=DIRECTION('center_axis',(0.,-1.,0.));
#3269=DIRECTION('ref_axis',(1.,0.,0.));
#3270=DIRECTION('center_axis',(0.,1.,0.));
#3271=DIRECTION('ref_axis',(1.,0.,0.));
#3272=DIRECTION('center_axis',(0.,-1.,0.));
#3273=DIRECTION('ref_axis',(1.,0.,0.));
#3274=DIRECTION('center_axis',(0.,1.,0.));
#3275=DIRECTION('ref_axis',(1.,0.,0.));
#3276=DIRECTION('center_axis',(0.,-1.,0.));
#3277=DIRECTION('ref_axis',(1.,0.,0.));
#3278=DIRECTION('center_axis',(0.,1.,0.));
#3279=DIRECTION('ref_axis',(1.,0.,0.));
#3280=DIRECTION('center_axis',(0.,-1.,0.));
#3281=DIRECTION('ref_axis',(1.,0.,0.));
#3282=DIRECTION('center_axis',(0.,1.,0.));
#3283=DIRECTION('ref_axis',(1.,0.,0.));
#3284=DIRECTION('center_axis',(0.,-1.,0.));
#3285=DIRECTION('ref_axis',(1.,0.,0.));
#3286=DIRECTION('center_axis',(0.,1.,0.));
#3287=DIRECTION('ref_axis',(1.,0.,0.));
#3288=DIRECTION('center_axis',(0.,-1.,0.));
#3289=DIRECTION('ref_axis',(1.,0.,0.));
#3290=DIRECTION('center_axis',(0.,1.,0.));
#3291=DIRECTION('ref_axis',(1.,0.,0.));
#3292=DIRECTION('center_axis',(0.,-1.,0.));
#3293=DIRECTION('ref_axis',(1.,0.,0.));
#3294=DIRECTION('center_axis',(0.,1.,0.));
#3295=DIRECTION('ref_axis',(1.,0.,0.));
#3296=DIRECTION('center_axis',(0.,-1.,0.));
#3297=DIRECTION('ref_axis',(1.,0.,0.));
#3298=DIRECTION('center_axis',(0.,1.,0.));
#3299=DIRECTION('ref_axis',(1.,0.,0.));
#3300=DIRECTION('center_axis',(0.,-1.,0.));
#3301=DIRECTION('ref_axis',(1.,0.,0.));
#3302=DIRECTION('center_axis',(0.,1.,0.));
#3303=DIRECTION('ref_axis',(1.,0.,0.));
#3304=DIRECTION('center_axis',(0.,-1.,0.));
#3305=DIRECTION('ref_axis',(1.,0.,0.));
#3306=DIRECTION('center_axis',(0.,1.,0.));
#3307=DIRECTION('ref_axis',(1.,0.,0.));
#3308=DIRECTION('center_axis',(0.,-1.,0.));
#3309=DIRECTION('ref_axis',(1.,0.,0.));
#3310=DIRECTION('center_axis',(0.,1.,0.));
#3311=DIRECTION('ref_axis',(1.,0.,0.));
#3312=DIRECTION('center_axis',(0.,-1.,0.));
#3313=DIRECTION('ref_axis',(1.,0.,0.));
#3314=DIRECTION('center_axis',(0.,1.,0.));
#3315=DIRECTION('ref_axis',(1.,0.,0.));
#3316=DIRECTION('center_axis',(0.,-1.,0.));
#3317=DIRECTION('ref_axis',(1.,0.,0.));
#3318=DIRECTION('center_axis',(0.,1.,0.));
#3319=DIRECTION('ref_axis',(1.,0.,0.));
#3320=DIRECTION('center_axis',(0.,-1.,0.));
#3321=DIRECTION('ref_axis',(1.,0.,0.));
#3322=DIRECTION('center_axis',(0.,1.,0.));
#3323=DIRECTION('ref_axis',(1.,0.,0.));
#3324=DIRECTION('center_axis',(0.,-1.,0.));
#3325=DIRECTION('ref_axis',(1.,0.,0.));
#3326=DIRECTION('center_axis',(0.,1.,0.));
#3327=DIRECTION('ref_axis',(1.,0.,0.));
#3328=DIRECTION('center_axis',(0.,-1.,0.));
#3329=DIRECTION('ref_axis',(1.,0.,0.));
#3330=DIRECTION('center_axis',(0.,1.,0.));
#3331=DIRECTION('ref_axis',(1.,0.,0.));
#3332=DIRECTION('center_axis',(0.,-1.,0.));
#3333=DIRECTION('ref_axis',(1.,0.,0.));
#3334=DIRECTION('center_axis',(0.,1.,0.));
#3335=DIRECTION('ref_axis',(1.,0.,0.));
#3336=DIRECTION('center_axis',(0.,-1.,0.));
#3337=DIRECTION('ref_axis',(1.,0.,0.));
#3338=DIRECTION('center_axis',(0.,1.,0.));
#3339=DIRECTION('ref_axis',(1.,0.,0.));
#3340=DIRECTION('center_axis',(0.,-1.,0.));
#3341=DIRECTION('ref_axis',(1.,0.,0.));
#3342=DIRECTION('center_axis',(0.,1.,0.));
#3343=DIRECTION('ref_axis',(1.,0.,0.));
#3344=DIRECTION('center_axis',(0.,-1.,0.));
#3345=DIRECTION('ref_axis',(1.,0.,0.));
#3346=DIRECTION('center_axis',(0.,1.,0.));
#3347=DIRECTION('ref_axis',(1.,0.,0.));
#3348=DIRECTION('center_axis',(0.,-1.,0.));
#3349=DIRECTION('ref_axis',(1.,0.,0.));
#3350=DIRECTION('center_axis',(0.,1.,0.));
#3351=DIRECTION('ref_axis',(1.,0.,0.));
#3352=DIRECTION('center_axis',(0.,-1.,0.));
#3353=DIRECTION('ref_axis',(1.,0.,0.));
#3354=DIRECTION('center_axis',(0.,1.,0.));
#3355=DIRECTION('ref_axis',(1.,0.,0.));
#3356=DIRECTION('center_axis',(0.,-1.,0.));
#3357=DIRECTION('ref_axis',(1.,0.,0.));
#3358=DIRECTION('center_axis',(0.,1.,0.));
#3359=DIRECTION('ref_axis',(1.,0.,0.));
#3360=DIRECTION('center_axis',(0.,-1.,0.));
#3361=DIRECTION('ref_axis',(1.,0.,0.));
#3362=DIRECTION('center_axis',(0.,1.,0.));
#3363=DIRECTION('ref_axis',(1.,0.,0.));
#3364=DIRECTION('center_axis',(0.,-1.,0.));
#3365=DIRECTION('ref_axis',(1.,0.,0.));
#3366=DIRECTION('center_axis',(0.,1.,0.));
#3367=DIRECTION('ref_axis',(1.,0.,0.));
#3368=DIRECTION('center_axis',(0.,-1.,0.));
#3369=DIRECTION('ref_axis',(1.,0.,0.));
#3370=DIRECTION('center_axis',(0.,1.,0.));
#3371=DIRECTION('ref_axis',(1.,0.,0.));
#3372=DIRECTION('center_axis',(0.,-1.,0.));
#3373=DIRECTION('ref_axis',(1.,0.,0.));
#3374=DIRECTION('center_axis',(0.,1.,0.));
#3375=DIRECTION('ref_axis',(1.,0.,0.));
#3376=DIRECTION('center_axis',(0.,-1.,0.));
#3377=DIRECTION('ref_axis',(1.,0.,0.));
#3378=DIRECTION('center_axis',(0.,1.,0.));
#3379=DIRECTION('ref_axis',(1.,0.,0.));
#3380=DIRECTION('center_axis',(0.,-1.,0.));
#3381=DIRECTION('ref_axis',(1.,0.,0.));
#3382=DIRECTION('center_axis',(0.,1.,0.));
#3383=DIRECTION('ref_axis',(1.,0.,0.));
#3384=DIRECTION('center_axis',(0.,-1.,0.));
#3385=DIRECTION('ref_axis',(1.,0.,0.));
#3386=DIRECTION('center_axis',(0.,1.,0.));
#3387=DIRECTION('ref_axis',(1.,0.,0.));
#3388=DIRECTION('center_axis',(0.,-1.,0.));
#3389=DIRECTION('ref_axis',(1.,0.,0.));
#3390=DIRECTION('center_axis',(0.,1.,0.));
#3391=DIRECTION('ref_axis',(1.,0.,0.));
#3392=DIRECTION('center_axis',(0.,-1.,0.));
#3393=DIRECTION('ref_axis',(1.,0.,0.));
#3394=DIRECTION('center_axis',(0.,1.,0.));
#3395=DIRECTION('ref_axis',(1.,0.,0.));
#3396=DIRECTION('center_axis',(0.,-1.,0.));
#3397=DIRECTION('ref_axis',(1.,0.,0.));
#3398=DIRECTION('center_axis',(0.,1.,0.));
#3399=DIRECTION('ref_axis',(1.,0.,0.));
#3400=DIRECTION('center_axis',(0.,-1.,0.));
#3401=DIRECTION('ref_axis',(1.,0.,0.));
#3402=DIRECTION('center_axis',(0.,1.,0.));
#3403=DIRECTION('ref_axis',(1.,0.,0.));
#3404=DIRECTION('center_axis',(0.,-1.,0.));
#3405=DIRECTION('ref_axis',(1.,0.,0.));
#3406=DIRECTION('center_axis',(0.,1.,0.));
#3407=DIRECTION('ref_axis',(1.,0.,0.));
#3408=DIRECTION('center_axis',(0.,-1.,0.));
#3409=DIRECTION('ref_axis',(1.,0.,0.));
#3410=DIRECTION('center_axis',(0.,1.,0.));
#3411=DIRECTION('ref_axis',(1.,0.,0.));
#3412=DIRECTION('center_axis',(0.,-1.,0.));
#3413=DIRECTION('ref_axis',(1.,0.,0.));
#3414=DIRECTION('center_axis',(0.,1.,0.));
#3415=DIRECTION('ref_axis',(1.,0.,0.));
#3416=DIRECTION('center_axis',(0.,-1.,0.));
#3417=DIRECTION('ref_axis',(1.,0.,0.));
#3418=DIRECTION('center_axis',(0.,1.,0.));
#3419=DIRECTION('ref_axis',(1.,0.,0.));
#3420=DIRECTION('center_axis',(0.,-1.,0.));
#3421=DIRECTION('ref_axis',(1.,0.,0.));
#3422=DIRECTION('center_axis',(0.,1.,0.));
#3423=DIRECTION('ref_axis',(1.,0.,0.));
#3424=DIRECTION('center_axis',(0.,-1.,0.));
#3425=DIRECTION('ref_axis',(1.,0.,0.));
#3426=DIRECTION('center_axis',(0.,1.,0.));
#3427=DIRECTION('ref_axis',(1.,0.,0.));
#3428=DIRECTION('center_axis',(0.,-1.,0.));
#3429=DIRECTION('ref_axis',(1.,0.,0.));
#3430=DIRECTION('center_axis',(0.,1.,0.));
#3431=DIRECTION('ref_axis',(1.,0.,0.));
#3432=DIRECTION('center_axis',(0.,-1.,0.));
#3433=DIRECTION('ref_axis',(1.,0.,0.));
#3434=DIRECTION('center_axis',(0.,1.,0.));
#3435=DIRECTION('ref_axis',(1.,0.,0.));
#3436=DIRECTION('center_axis',(0.,-1.,0.));
#3437=DIRECTION('ref_axis',(1.,0.,0.));
#3438=DIRECTION('center_axis',(0.,1.,0.));
#3439=DIRECTION('ref_axis',(1.,0.,0.));
#3440=DIRECTION('center_axis',(0.,-1.,0.));
#3441=DIRECTION('ref_axis',(1.,0.,0.));
#3442=DIRECTION('center_axis',(0.,1.,0.));
#3443=DIRECTION('ref_axis',(1.,0.,0.));
#3444=DIRECTION('center_axis',(0.,-1.,0.));
#3445=DIRECTION('ref_axis',(1.,0.,0.));
#3446=DIRECTION('center_axis',(0.,1.,0.));
#3447=DIRECTION('ref_axis',(1.,0.,0.));
#3448=DIRECTION('center_axis',(0.,-1.,0.));
#3449=DIRECTION('ref_axis',(1.,0.,0.));
#3450=DIRECTION('center_axis',(0.,1.,0.));
#3451=DIRECTION('ref_axis',(1.,0.,0.));
#3452=DIRECTION('center_axis',(0.,-1.,0.));
#3453=DIRECTION('ref_axis',(1.,0.,0.));
#3454=DIRECTION('center_axis',(0.,1.,0.));
#3455=DIRECTION('ref_axis',(1.,0.,0.));
#3456=DIRECTION('center_axis',(0.,-1.,0.));
#3457=DIRECTION('ref_axis',(1.,0.,0.));
#3458=DIRECTION('center_axis',(0.,1.,0.));
#3459=DIRECTION('ref_axis',(1.,0.,0.));
#3460=DIRECTION('center_axis',(0.,-1.,0.));
#3461=DIRECTION('ref_axis',(1.,0.,0.));
#3462=DIRECTION('center_axis',(0.,1.,0.));
#3463=DIRECTION('ref_axis',(1.,0.,0.));
#3464=DIRECTION('center_axis',(0.,-1.,0.));
#3465=DIRECTION('ref_axis',(1.,0.,0.));
#3466=DIRECTION('center_axis',(0.,1.,0.));
#3467=DIRECTION('ref_axis',(1.,0.,0.));
#3468=DIRECTION('center_axis',(0.,-1.,0.));
#3469=DIRECTION('ref_axis',(1.,0.,0.));
#3470=DIRECTION('center_axis',(0.,1.,0.));
#3471=DIRECTION('ref_axis',(1.,0.,0.));
#3472=DIRECTION('center_axis',(0.,-1.,0.));
#3473=DIRECTION('ref_axis',(1.,0.,0.));
#3474=DIRECTION('center_axis',(0.,1.,0.));
#3475=DIRECTION('ref_axis',(1.,0.,0.));
#3476=DIRECTION('center_axis',(0.,-1.,0.));
#3477=DIRECTION('ref_axis',(1.,0.,0.));
#3478=DIRECTION('center_axis',(0.,1.,0.));
#3479=DIRECTION('ref_axis',(1.,0.,0.));
#3480=DIRECTION('center_axis',(0.,-1.,0.));
#3481=DIRECTION('ref_axis',(1.,0.,0.));
#3482=DIRECTION('center_axis',(0.,1.,0.));
#3483=DIRECTION('ref_axis',(1.,0.,0.));
#3484=DIRECTION('center_axis',(0.,-1.,0.));
#3485=DIRECTION('ref_axis',(1.,0.,0.));
#3486=DIRECTION('center_axis',(0.,1.,0.));
#3487=DIRECTION('ref_axis',(1.,0.,0.));
#3488=DIRECTION('center_axis',(0.,-1.,0.));
#3489=DIRECTION('ref_axis',(1.,0.,0.));
#3490=DIRECTION('center_axis',(0.,1.,0.));
#3491=DIRECTION('ref_axis',(1.,0.,0.));
#3492=DIRECTION('center_axis',(0.,-1.,0.));
#3493=DIRECTION('ref_axis',(1.,0.,0.));
#3494=DIRECTION('center_axis',(0.,1.,0.));
#3495=DIRECTION('ref_axis',(1.,0.,0.));
#3496=DIRECTION('center_axis',(0.,-1.,0.));
#3497=DIRECTION('ref_axis',(1.,0.,0.));
#3498=DIRECTION('center_axis',(0.,1.,0.));
#3499=DIRECTION('ref_axis',(1.,0.,0.));
#3500=DIRECTION('center_axis',(0.,-1.,0.));
#3501=DIRECTION('ref_axis',(1.,0.,0.));
#3502=DIRECTION('center_axis',(0.,1.,0.));
#3503=DIRECTION('ref_axis',(1.,0.,0.));
#3504=DIRECTION('center_axis',(0.,-1.,0.));
#3505=DIRECTION('ref_axis',(1.,0.,0.));
#3506=DIRECTION('center_axis',(0.,1.,0.));
#3507=DIRECTION('ref_axis',(1.,0.,0.));
#3508=DIRECTION('',(0.,-1.,0.));
#3509=DIRECTION('center_axis',(0.,-1.,0.));
#3510=DIRECTION('ref_axis',(1.,0.,0.));
#3511=DIRECTION('center_axis',(0.,-1.,0.));
#3512=DIRECTION('ref_axis',(-1.,0.,0.));
#3513=DIRECTION('center_axis',(0.,1.,0.));
#3514=DIRECTION('ref_axis',(1.,0.,0.));
#3515=DIRECTION('center_axis',(0.,1.,0.));
#3516=DIRECTION('ref_axis',(-0.994521895368271,0.,0.104528463267679));
#3517=DIRECTION('',(0.,-1.,0.));
#3518=DIRECTION('',(0.,1.,0.));
#3519=DIRECTION('center_axis',(0.,1.,0.));
#3520=DIRECTION('ref_axis',(1.,0.,0.));
#3521=DIRECTION('',(0.,1.,0.));
#3522=DIRECTION('center_axis',(0.,1.,0.));
#3523=DIRECTION('ref_axis',(-0.97814760073381,0.,0.20791169081774));
#3524=DIRECTION('',(0.,-1.,0.));
#3525=DIRECTION('center_axis',(0.,1.,0.));
#3526=DIRECTION('ref_axis',(1.,0.,0.));
#3527=DIRECTION('',(0.,1.,0.));
#3528=DIRECTION('center_axis',(0.,1.,0.));
#3529=DIRECTION('ref_axis',(-0.951056516295144,0.,0.309016994374978));
#3530=DIRECTION('',(0.,-1.,0.));
#3531=DIRECTION('center_axis',(0.,1.,0.));
#3532=DIRECTION('ref_axis',(1.,0.,0.));
#3533=DIRECTION('',(0.,1.,0.));
#3534=DIRECTION('center_axis',(0.,1.,0.));
#3535=DIRECTION('ref_axis',(-0.913545457642592,0.,0.406736643075821));
#3536=DIRECTION('',(0.,-1.,0.));
#3537=DIRECTION('center_axis',(0.,1.,0.));
#3538=DIRECTION('ref_axis',(1.,0.,0.));
#3539=DIRECTION('',(0.,1.,0.));
#3540=DIRECTION('center_axis',(0.,1.,0.));
#3541=DIRECTION('ref_axis',(-0.866025403784419,0.,0.500000000000034));
#3542=DIRECTION('',(0.,-1.,0.));
#3543=DIRECTION('center_axis',(0.,1.,0.));
#3544=DIRECTION('ref_axis',(1.,0.,0.));
#3545=DIRECTION('',(0.,1.,0.));
#3546=DIRECTION('center_axis',(0.,1.,0.));
#3547=DIRECTION('ref_axis',(-0.809016994374956,0.,0.587785252292462));
#3548=DIRECTION('',(0.,-1.,0.));
#3549=DIRECTION('center_axis',(0.,1.,0.));
#3550=DIRECTION('ref_axis',(1.,0.,0.));
#3551=DIRECTION('',(0.,1.,0.));
#3552=DIRECTION('center_axis',(0.,1.,0.));
#3553=DIRECTION('ref_axis',(-0.743144825477406,0.,0.669130606358845));
#3554=DIRECTION('',(0.,-1.,0.));
#3555=DIRECTION('center_axis',(0.,1.,0.));
#3556=DIRECTION('ref_axis',(1.,0.,0.));
#3557=DIRECTION('',(0.,1.,0.));
#3558=DIRECTION('center_axis',(0.,1.,0.));
#3559=DIRECTION('ref_axis',(-0.669130606358903,0.,0.743144825477354));
#3560=DIRECTION('',(0.,-1.,0.));
#3561=DIRECTION('center_axis',(0.,1.,0.));
#3562=DIRECTION('ref_axis',(1.,0.,0.));
#3563=DIRECTION('',(0.,1.,0.));
#3564=DIRECTION('center_axis',(0.,1.,0.));
#3565=DIRECTION('ref_axis',(-0.587785252292504,0.,0.809016994374925));
#3566=DIRECTION('',(0.,-1.,0.));
#3567=DIRECTION('center_axis',(0.,1.,0.));
#3568=DIRECTION('ref_axis',(1.,0.,0.));
#3569=DIRECTION('',(0.,1.,0.));
#3570=DIRECTION('center_axis',(0.,1.,0.));
#3571=DIRECTION('ref_axis',(-0.499999999999991,0.,0.866025403784444));
#3572=DIRECTION('',(0.,-1.,0.));
#3573=DIRECTION('center_axis',(0.,1.,0.));
#3574=DIRECTION('ref_axis',(1.,0.,0.));
#3575=DIRECTION('',(0.,1.,0.));
#3576=DIRECTION('center_axis',(0.,1.,0.));
#3577=DIRECTION('ref_axis',(-0.406736643075821,0.,0.913545457642592));
#3578=DIRECTION('',(0.,-1.,0.));
#3579=DIRECTION('center_axis',(0.,1.,0.));
#3580=DIRECTION('ref_axis',(1.,0.,0.));
#3581=DIRECTION('',(0.,1.,0.));
#3582=DIRECTION('center_axis',(0.,1.,0.));
#3583=DIRECTION('ref_axis',(-0.309016994374948,0.,0.951056516295153));
#3584=DIRECTION('',(0.,-1.,0.));
#3585=DIRECTION('center_axis',(0.,1.,0.));
#3586=DIRECTION('ref_axis',(1.,0.,0.));
#3587=DIRECTION('',(0.,1.,0.));
#3588=DIRECTION('center_axis',(0.,1.,0.));
#3589=DIRECTION('ref_axis',(-0.207911690817775,0.,0.978147600733802));
#3590=DIRECTION('',(0.,-1.,0.));
#3591=DIRECTION('center_axis',(0.,1.,0.));
#3592=DIRECTION('ref_axis',(1.,0.,0.));
#3593=DIRECTION('',(0.,1.,0.));
#3594=DIRECTION('center_axis',(0.,1.,0.));
#3595=DIRECTION('ref_axis',(-0.10452846326764,0.,0.994521895368275));
#3596=DIRECTION('',(0.,-1.,0.));
#3597=DIRECTION('center_axis',(0.,1.,0.));
#3598=DIRECTION('ref_axis',(1.,0.,0.));
#3599=DIRECTION('',(0.,1.,0.));
#3600=DIRECTION('center_axis',(0.,1.,0.));
#3601=DIRECTION('ref_axis',(1.84680497938305E-14,0.,1.));
#3602=DIRECTION('',(0.,-1.,0.));
#3603=DIRECTION('center_axis',(0.,1.,0.));
#3604=DIRECTION('ref_axis',(1.,0.,0.));
#3605=DIRECTION('',(0.,1.,0.));
#3606=DIRECTION('center_axis',(0.,1.,0.));
#3607=DIRECTION('ref_axis',(0.104528463267666,0.,0.994521895368272));
#3608=DIRECTION('',(0.,-1.,0.));
#3609=DIRECTION('center_axis',(0.,1.,0.));
#3610=DIRECTION('ref_axis',(1.,0.,0.));
#3611=DIRECTION('',(0.,1.,0.));
#3612=DIRECTION('center_axis',(0.,1.,0.));
#3613=DIRECTION('ref_axis',(0.207911690817797,0.,0.978147600733798));
#3614=DIRECTION('',(0.,-1.,0.));
#3615=DIRECTION('center_axis',(0.,1.,0.));
#3616=DIRECTION('ref_axis',(1.,0.,0.));
#3617=DIRECTION('',(0.,1.,0.));
#3618=DIRECTION('center_axis',(0.,1.,0.));
#3619=DIRECTION('ref_axis',(1.,0.,0.));
#3620=DIRECTION('',(0.,-1.,0.));
#3621=DIRECTION('center_axis',(0.,1.,0.));
#3622=DIRECTION('ref_axis',(1.,0.,0.));
#3623=DIRECTION('',(0.,1.,0.));
#3624=DIRECTION('center_axis',(0.,1.,0.));
#3625=DIRECTION('ref_axis',(1.,0.,0.));
#3626=DIRECTION('',(0.,-1.,0.));
#3627=DIRECTION('center_axis',(0.,1.,0.));
#3628=DIRECTION('ref_axis',(1.,0.,0.));
#3629=DIRECTION('',(0.,1.,0.));
#3630=DIRECTION('center_axis',(0.,1.,0.));
#3631=DIRECTION('ref_axis',(1.,0.,0.));
#3632=DIRECTION('',(0.,-1.,0.));
#3633=DIRECTION('center_axis',(0.,1.,0.));
#3634=DIRECTION('ref_axis',(1.,0.,0.));
#3635=DIRECTION('',(0.,1.,0.));
#3636=DIRECTION('center_axis',(0.,1.,0.));
#3637=DIRECTION('ref_axis',(1.,0.,0.));
#3638=DIRECTION('',(0.,-1.,0.));
#3639=DIRECTION('center_axis',(0.,1.,0.));
#3640=DIRECTION('ref_axis',(1.,0.,0.));
#3641=DIRECTION('',(0.,1.,0.));
#3642=DIRECTION('center_axis',(0.,1.,0.));
#3643=DIRECTION('ref_axis',(1.,0.,0.));
#3644=DIRECTION('',(0.,-1.,0.));
#3645=DIRECTION('center_axis',(0.,1.,0.));
#3646=DIRECTION('ref_axis',(1.,0.,0.));
#3647=DIRECTION('',(0.,1.,0.));
#3648=DIRECTION('center_axis',(0.,1.,0.));
#3649=DIRECTION('ref_axis',(1.,0.,0.));
#3650=DIRECTION('',(0.,-1.,0.));
#3651=DIRECTION('center_axis',(0.,1.,0.));
#3652=DIRECTION('ref_axis',(1.,0.,0.));
#3653=DIRECTION('',(0.,1.,0.));
#3654=DIRECTION('center_axis',(0.,1.,0.));
#3655=DIRECTION('ref_axis',(1.,0.,0.));
#3656=DIRECTION('',(0.,-1.,0.));
#3657=DIRECTION('center_axis',(0.,1.,0.));
#3658=DIRECTION('ref_axis',(1.,0.,0.));
#3659=DIRECTION('',(0.,1.,0.));
#3660=DIRECTION('center_axis',(0.,1.,0.));
#3661=DIRECTION('ref_axis',(1.,0.,0.));
#3662=DIRECTION('',(0.,-1.,0.));
#3663=DIRECTION('center_axis',(0.,1.,0.));
#3664=DIRECTION('ref_axis',(1.,0.,0.));
#3665=DIRECTION('',(0.,1.,0.));
#3666=DIRECTION('center_axis',(0.,1.,0.));
#3667=DIRECTION('ref_axis',(1.,0.,0.));
#3668=DIRECTION('',(0.,-1.,0.));
#3669=DIRECTION('center_axis',(0.,1.,0.));
#3670=DIRECTION('ref_axis',(1.,0.,0.));
#3671=DIRECTION('',(0.,1.,0.));
#3672=DIRECTION('center_axis',(0.,1.,0.));
#3673=DIRECTION('ref_axis',(1.,0.,0.));
#3674=DIRECTION('',(0.,-1.,0.));
#3675=DIRECTION('center_axis',(0.,1.,0.));
#3676=DIRECTION('ref_axis',(1.,0.,0.));
#3677=DIRECTION('',(0.,1.,0.));
#3678=DIRECTION('center_axis',(0.,1.,0.));
#3679=DIRECTION('ref_axis',(1.,0.,0.));
#3680=DIRECTION('',(0.,-1.,0.));
#3681=DIRECTION('center_axis',(0.,1.,0.));
#3682=DIRECTION('ref_axis',(1.,0.,0.));
#3683=DIRECTION('',(0.,1.,0.));
#3684=DIRECTION('center_axis',(0.,1.,0.));
#3685=DIRECTION('ref_axis',(1.,0.,0.));
#3686=DIRECTION('',(0.,-1.,0.));
#3687=DIRECTION('center_axis',(0.,1.,0.));
#3688=DIRECTION('ref_axis',(1.,0.,0.));
#3689=DIRECTION('',(0.,1.,0.));
#3690=DIRECTION('center_axis',(0.,1.,0.));
#3691=DIRECTION('ref_axis',(1.,0.,0.));
#3692=DIRECTION('',(0.,-1.,0.));
#3693=DIRECTION('center_axis',(0.,1.,0.));
#3694=DIRECTION('ref_axis',(1.,0.,0.));
#3695=DIRECTION('',(0.,1.,0.));
#3696=DIRECTION('center_axis',(0.,1.,0.));
#3697=DIRECTION('ref_axis',(1.,0.,0.));
#3698=DIRECTION('',(0.,-1.,0.));
#3699=DIRECTION('center_axis',(0.,1.,0.));
#3700=DIRECTION('ref_axis',(1.,0.,0.));
#3701=DIRECTION('',(0.,1.,0.));
#3702=DIRECTION('center_axis',(0.,1.,0.));
#3703=DIRECTION('ref_axis',(1.,0.,0.));
#3704=DIRECTION('',(0.,-1.,0.));
#3705=DIRECTION('center_axis',(0.,1.,0.));
#3706=DIRECTION('ref_axis',(1.,0.,0.));
#3707=DIRECTION('',(0.,1.,0.));
#3708=DIRECTION('center_axis',(0.,1.,0.));
#3709=DIRECTION('ref_axis',(1.,0.,0.));
#3710=DIRECTION('',(0.,-1.,0.));
#3711=DIRECTION('center_axis',(0.,1.,0.));
#3712=DIRECTION('ref_axis',(1.,0.,0.));
#3713=DIRECTION('',(0.,1.,0.));
#3714=DIRECTION('center_axis',(0.,1.,0.));
#3715=DIRECTION('ref_axis',(1.,0.,0.));
#3716=DIRECTION('',(0.,-1.,0.));
#3717=DIRECTION('center_axis',(0.,1.,0.));
#3718=DIRECTION('ref_axis',(1.,0.,0.));
#3719=DIRECTION('',(0.,1.,0.));
#3720=DIRECTION('center_axis',(0.,1.,0.));
#3721=DIRECTION('ref_axis',(1.,0.,0.));
#3722=DIRECTION('',(0.,-1.,0.));
#3723=DIRECTION('center_axis',(0.,1.,0.));
#3724=DIRECTION('ref_axis',(1.,0.,0.));
#3725=DIRECTION('',(0.,1.,0.));
#3726=DIRECTION('center_axis',(0.,1.,0.));
#3727=DIRECTION('ref_axis',(1.,0.,0.));
#3728=DIRECTION('',(0.,-1.,0.));
#3729=DIRECTION('center_axis',(0.,1.,0.));
#3730=DIRECTION('ref_axis',(1.,0.,0.));
#3731=DIRECTION('',(0.,1.,0.));
#3732=DIRECTION('center_axis',(0.,1.,0.));
#3733=DIRECTION('ref_axis',(1.,0.,0.));
#3734=DIRECTION('',(0.,-1.,0.));
#3735=DIRECTION('center_axis',(0.,1.,0.));
#3736=DIRECTION('ref_axis',(1.,0.,0.));
#3737=DIRECTION('',(0.,1.,0.));
#3738=DIRECTION('center_axis',(0.,1.,0.));
#3739=DIRECTION('ref_axis',(1.,0.,0.));
#3740=DIRECTION('',(0.,-1.,0.));
#3741=DIRECTION('center_axis',(0.,1.,0.));
#3742=DIRECTION('ref_axis',(1.,0.,0.));
#3743=DIRECTION('',(0.,1.,0.));
#3744=DIRECTION('center_axis',(0.,1.,0.));
#3745=DIRECTION('ref_axis',(1.,0.,0.));
#3746=DIRECTION('',(0.,-1.,0.));
#3747=DIRECTION('center_axis',(0.,1.,0.));
#3748=DIRECTION('ref_axis',(1.,0.,0.));
#3749=DIRECTION('',(0.,1.,0.));
#3750=DIRECTION('center_axis',(0.,1.,0.));
#3751=DIRECTION('ref_axis',(1.,0.,0.));
#3752=DIRECTION('',(0.,-1.,0.));
#3753=DIRECTION('center_axis',(0.,1.,0.));
#3754=DIRECTION('ref_axis',(1.,0.,0.));
#3755=DIRECTION('',(0.,1.,0.));
#3756=DIRECTION('center_axis',(0.,1.,0.));
#3757=DIRECTION('ref_axis',(1.,0.,0.));
#3758=DIRECTION('',(0.,-1.,0.));
#3759=DIRECTION('center_axis',(0.,1.,0.));
#3760=DIRECTION('ref_axis',(1.,0.,0.));
#3761=DIRECTION('',(0.,1.,0.));
#3762=DIRECTION('center_axis',(0.,1.,0.));
#3763=DIRECTION('ref_axis',(1.,0.,0.));
#3764=DIRECTION('',(0.,-1.,0.));
#3765=DIRECTION('center_axis',(0.,1.,0.));
#3766=DIRECTION('ref_axis',(1.,0.,0.));
#3767=DIRECTION('',(0.,1.,0.));
#3768=DIRECTION('center_axis',(0.,1.,0.));
#3769=DIRECTION('ref_axis',(0.207911690817781,0.,-0.978147600733801));
#3770=DIRECTION('',(0.,-1.,0.));
#3771=DIRECTION('center_axis',(0.,1.,0.));
#3772=DIRECTION('ref_axis',(1.,0.,0.));
#3773=DIRECTION('',(0.,1.,0.));
#3774=DIRECTION('center_axis',(0.,1.,0.));
#3775=DIRECTION('ref_axis',(0.104528463267667,0.,-0.994521895368272));
#3776=DIRECTION('',(0.,-1.,0.));
#3777=DIRECTION('center_axis',(0.,1.,0.));
#3778=DIRECTION('ref_axis',(1.,0.,0.));
#3779=DIRECTION('',(0.,1.,0.));
#3780=DIRECTION('center_axis',(0.,1.,0.));
#3781=DIRECTION('ref_axis',(6.12323399573677E-17,0.,-1.));
#3782=DIRECTION('',(0.,-1.,0.));
#3783=DIRECTION('center_axis',(0.,1.,0.));
#3784=DIRECTION('ref_axis',(1.,0.,0.));
#3785=DIRECTION('',(0.,1.,0.));
#3786=DIRECTION('center_axis',(0.,1.,0.));
#3787=DIRECTION('ref_axis',(-0.104528463267659,0.,-0.994521895368273));
#3788=DIRECTION('',(0.,-1.,0.));
#3789=DIRECTION('center_axis',(0.,1.,0.));
#3790=DIRECTION('ref_axis',(1.,0.,0.));
#3791=DIRECTION('',(0.,1.,0.));
#3792=DIRECTION('center_axis',(0.,1.,0.));
#3793=DIRECTION('ref_axis',(-0.207911690817762,0.,-0.978147600733805));
#3794=DIRECTION('',(0.,-1.,0.));
#3795=DIRECTION('center_axis',(0.,1.,0.));
#3796=DIRECTION('ref_axis',(1.,0.,0.));
#3797=DIRECTION('',(0.,1.,0.));
#3798=DIRECTION('center_axis',(0.,1.,0.));
#3799=DIRECTION('ref_axis',(-0.309016994374941,0.,-0.951056516295156));
#3800=DIRECTION('',(0.,-1.,0.));
#3801=DIRECTION('center_axis',(0.,1.,0.));
#3802=DIRECTION('ref_axis',(1.,0.,0.));
#3803=DIRECTION('',(0.,1.,0.));
#3804=DIRECTION('center_axis',(0.,1.,0.));
#3805=DIRECTION('ref_axis',(-0.406736643075817,0.,-0.913545457642594));
#3806=DIRECTION('',(0.,-1.,0.));
#3807=DIRECTION('center_axis',(0.,1.,0.));
#3808=DIRECTION('ref_axis',(1.,0.,0.));
#3809=DIRECTION('',(0.,1.,0.));
#3810=DIRECTION('center_axis',(0.,1.,0.));
#3811=DIRECTION('ref_axis',(-0.499999999999983,0.,-0.866025403784449));
#3812=DIRECTION('',(0.,-1.,0.));
#3813=DIRECTION('center_axis',(0.,1.,0.));
#3814=DIRECTION('ref_axis',(1.,0.,0.));
#3815=DIRECTION('',(0.,1.,0.));
#3816=DIRECTION('center_axis',(0.,1.,0.));
#3817=DIRECTION('ref_axis',(-0.587785252292496,0.,-0.80901699437493));
#3818=DIRECTION('',(0.,-1.,0.));
#3819=DIRECTION('center_axis',(0.,1.,0.));
#3820=DIRECTION('ref_axis',(1.,0.,0.));
#3821=DIRECTION('',(0.,1.,0.));
#3822=DIRECTION('center_axis',(0.,1.,0.));
#3823=DIRECTION('ref_axis',(-0.669130606358893,0.,-0.743144825477363));
#3824=DIRECTION('',(0.,-1.,0.));
#3825=DIRECTION('center_axis',(0.,1.,0.));
#3826=DIRECTION('ref_axis',(1.,0.,0.));
#3827=DIRECTION('',(0.,1.,0.));
#3828=DIRECTION('center_axis',(0.,1.,0.));
#3829=DIRECTION('ref_axis',(-0.743144825477395,0.,-0.669130606358857));
#3830=DIRECTION('',(0.,-1.,0.));
#3831=DIRECTION('center_axis',(0.,1.,0.));
#3832=DIRECTION('ref_axis',(1.,0.,0.));
#3833=DIRECTION('',(0.,1.,0.));
#3834=DIRECTION('center_axis',(0.,1.,0.));
#3835=DIRECTION('ref_axis',(-0.809016994374971,0.,-0.58778525229244));
#3836=DIRECTION('',(0.,-1.,0.));
#3837=DIRECTION('center_axis',(0.,1.,0.));
#3838=DIRECTION('ref_axis',(1.,0.,0.));
#3839=DIRECTION('',(0.,1.,0.));
#3840=DIRECTION('center_axis',(0.,1.,0.));
#3841=DIRECTION('ref_axis',(-0.866025403784419,0.,-0.500000000000034));
#3842=DIRECTION('',(0.,-1.,0.));
#3843=DIRECTION('center_axis',(0.,1.,0.));
#3844=DIRECTION('ref_axis',(1.,0.,0.));
#3845=DIRECTION('',(0.,1.,0.));
#3846=DIRECTION('center_axis',(0.,1.,0.));
#3847=DIRECTION('ref_axis',(-0.913545457642596,0.,-0.406736643075812));
#3848=DIRECTION('',(0.,-1.,0.));
#3849=DIRECTION('center_axis',(0.,1.,0.));
#3850=DIRECTION('ref_axis',(1.,0.,0.));
#3851=DIRECTION('',(0.,1.,0.));
#3852=DIRECTION('center_axis',(0.,1.,0.));
#3853=DIRECTION('ref_axis',(-0.951056516295144,0.,-0.309016994374978));
#3854=DIRECTION('',(0.,-1.,0.));
#3855=DIRECTION('center_axis',(0.,1.,0.));
#3856=DIRECTION('ref_axis',(1.,0.,0.));
#3857=DIRECTION('',(0.,1.,0.));
#3858=DIRECTION('center_axis',(0.,1.,0.));
#3859=DIRECTION('ref_axis',(-0.97814760073381,0.,-0.20791169081774));
#3860=DIRECTION('',(0.,-1.,0.));
#3861=DIRECTION('center_axis',(0.,1.,0.));
#3862=DIRECTION('ref_axis',(1.,0.,0.));
#3863=DIRECTION('',(0.,1.,0.));
#3864=DIRECTION('center_axis',(0.,1.,0.));
#3865=DIRECTION('ref_axis',(-0.994521895368271,0.,-0.104528463267679));
#3866=DIRECTION('',(0.,-1.,0.));
#3867=DIRECTION('center_axis',(0.,1.,0.));
#3868=DIRECTION('ref_axis',(1.,0.,0.));
#3869=DIRECTION('',(0.,1.,0.));
#3870=DIRECTION('center_axis',(0.,1.,0.));
#3871=DIRECTION('ref_axis',(-1.,0.,1.22464679914735E-16));
#3872=DIRECTION('',(0.,-1.,0.));
#3873=DIRECTION('center_axis',(0.,1.,0.));
#3874=DIRECTION('ref_axis',(1.,0.,0.));
#3875=DIRECTION('center_axis',(0.,1.,0.));
#3876=DIRECTION('ref_axis',(-1.60812264967664E-16,0.,-1.));
#3877=CARTESIAN_POINT('',(0.,0.,0.));
#3878=CARTESIAN_POINT('Origin',(565.4,66.,249.475));
#3879=CARTESIAN_POINT('',(565.4,59.8,250.4));
#3880=CARTESIAN_POINT('',(565.4,59.8,248.55));
#3881=CARTESIAN_POINT('',(565.4,59.8,244.7375));
#3882=CARTESIAN_POINT('',(565.4,59.75,250.4));
#3883=CARTESIAN_POINT('',(565.4,66.,250.4));
#3884=CARTESIAN_POINT('',(565.4,59.75,248.55));
#3885=CARTESIAN_POINT('',(565.4,59.75,249.475));
#3886=CARTESIAN_POINT('',(565.4,66.,248.55));
#3887=CARTESIAN_POINT('Origin',(555.,66.,250.4));
#3888=CARTESIAN_POINT('',(544.6,59.8,250.4));
#3889=CARTESIAN_POINT('',(555.,59.8,250.4));
#3890=CARTESIAN_POINT('',(544.6,59.75,250.4));
#3891=CARTESIAN_POINT('',(544.6,66.,250.4));
#3892=CARTESIAN_POINT('',(555.,59.75,250.4));
#3893=CARTESIAN_POINT('Origin',(555.,66.,248.55));
#3894=CARTESIAN_POINT('',(560.469917732471,72.2,248.55));
#3895=CARTESIAN_POINT('',(565.4,72.2,248.55));
#3896=CARTESIAN_POINT('',(555.,72.2,248.55));
#3897=CARTESIAN_POINT('',(560.469917732471,59.8,248.55));
#3898=CARTESIAN_POINT('',(560.469917732471,66.,248.55));
#3899=CARTESIAN_POINT('',(555.,59.8,248.55));
#3900=CARTESIAN_POINT('',(544.6,59.75,248.55));
#3901=CARTESIAN_POINT('',(555.,59.75,248.55));
#3902=CARTESIAN_POINT('',(544.6,59.8,248.55));
#3903=CARTESIAN_POINT('',(544.6,66.,248.55));
#3904=CARTESIAN_POINT('',(549.530082267529,59.8,248.55));
#3905=CARTESIAN_POINT('',(555.,59.8,248.55));
#3906=CARTESIAN_POINT('',(549.530082267529,72.2,248.55));
#3907=CARTESIAN_POINT('',(549.530082267529,66.,248.55));
#3908=CARTESIAN_POINT('',(544.6,72.2,248.55));
#3909=CARTESIAN_POINT('',(555.,72.2,248.55));
#3910=CARTESIAN_POINT('',(544.6,72.25,248.55));
#3911=CARTESIAN_POINT('',(544.6,66.,248.55));
#3912=CARTESIAN_POINT('',(565.4,72.25,248.55));
#3913=CARTESIAN_POINT('',(555.,72.25,248.55));
#3914=CARTESIAN_POINT('',(565.4,66.,248.55));
#3915=CARTESIAN_POINT('Origin',(544.6,66.,249.475));
#3916=CARTESIAN_POINT('',(544.6,59.8,244.7375));
#3917=CARTESIAN_POINT('',(544.6,59.75,249.475));
#3918=CARTESIAN_POINT('Origin',(555.,66.,250.4));
#3919=CARTESIAN_POINT('',(565.4,72.2,250.4));
#3920=CARTESIAN_POINT('',(544.6,72.2,250.4));
#3921=CARTESIAN_POINT('',(555.,72.2,250.4));
#3922=CARTESIAN_POINT('',(565.4,72.25,250.4));
#3923=CARTESIAN_POINT('',(565.4,66.,250.4));
#3924=CARTESIAN_POINT('',(544.6,72.25,250.4));
#3925=CARTESIAN_POINT('',(555.,72.25,250.4));
#3926=CARTESIAN_POINT('',(544.6,66.,250.4));
#3927=CARTESIAN_POINT('Origin',(555.,59.75,249.475));
#3928=CARTESIAN_POINT('Origin',(544.6,66.,249.475));
#3929=CARTESIAN_POINT('',(544.6,72.2,244.7375));
#3930=CARTESIAN_POINT('',(544.6,72.25,249.475));
#3931=CARTESIAN_POINT('Origin',(555.,72.25,249.475));
#3932=CARTESIAN_POINT('',(565.4,72.25,249.475));
#3933=CARTESIAN_POINT('Origin',(565.4,66.,249.475));
#3934=CARTESIAN_POINT('',(565.4,72.2,244.7375));
#3935=CARTESIAN_POINT('Origin',(555.,72.2,240.));
#3936=CARTESIAN_POINT('',(524.233110243459,72.2,240.));
#3937=CARTESIAN_POINT('Origin',(555.,72.2,240.));
#3938=CARTESIAN_POINT('Origin',(555.,72.2,240.));
#3939=CARTESIAN_POINT('Origin',(555.,71.,240.));
#3940=CARTESIAN_POINT('',(524.233110243459,71.,240.));
#3941=CARTESIAN_POINT('Origin',(555.,71.,240.));
#3942=CARTESIAN_POINT('',(583.190714124315,71.,237.926188612814));
#3943=CARTESIAN_POINT('',(583.005849015618,71.,236.167314593804));
#3944=CARTESIAN_POINT('Origin',(582.821640383394,71.,237.075827763667));
#3945=CARTESIAN_POINT('',(582.819510125289,71.,234.990817142747));
#3946=CARTESIAN_POINT('Origin',(555.,71.,240.));
#3947=CARTESIAN_POINT('',(582.451805328712,71.,233.260902085371));
#3948=CARTESIAN_POINT('Origin',(582.363571296153,71.,234.183693370277));
#3949=CARTESIAN_POINT('',(582.143509751724,71.,232.110327328303));
#3950=CARTESIAN_POINT('Origin',(555.,71.,240.));
#3951=CARTESIAN_POINT('',(581.596993917965,71.,230.428324543938));
#3952=CARTESIAN_POINT('Origin',(581.605701195597,71.,231.355283649463));
#3953=CARTESIAN_POINT('',(581.170119405175,71.,229.316278418671));
#3954=CARTESIAN_POINT('Origin',(555.,71.,240.));
#3955=CARTESIAN_POINT('',(580.450780276074,71.,227.700616281803));
#3956=CARTESIAN_POINT('Origin',(580.556333465141,71.,228.621587250009));
#3957=CARTESIAN_POINT('',(579.910003753972,71.,226.639282598396));
#3958=CARTESIAN_POINT('Origin',(555.,71.,240.));
#3959=CARTESIAN_POINT('',(579.02572255956,71.,225.107662641496));
#3960=CARTESIAN_POINT('Origin',(579.226965197234,71.,226.012555121729));
#3961=CARTESIAN_POINT('',(578.376968888888,71.,224.108669593882));
#3962=CARTESIAN_POINT('Origin',(555.,71.,240.));
#3963=CARTESIAN_POINT('',(577.337433998978,71.,222.677872565711));
#3964=CARTESIAN_POINT('Origin',(577.632161228807,71.,223.556772366597));
#3965=CARTESIAN_POINT('',(576.587811060712,71.,221.752165330773));
#3966=CARTESIAN_POINT('Origin',(555.,71.,240.));
#3967=CARTESIAN_POINT('',(575.404411837095,71.,220.437867342985));
#3968=CARTESIAN_POINT('Origin',(575.789394565874,71.,221.281145054383));
#3969=CARTESIAN_POINT('',(574.562132657015,71.,219.595588162905));
#3970=CARTESIAN_POINT('Origin',(555.,71.,240.));
#3971=CARTESIAN_POINT('',(573.247834669227,71.,218.412188939288));
#3972=CARTESIAN_POINT('Origin',(573.718854945617,71.,219.210605434126));
#3973=CARTESIAN_POINT('',(572.322127434289,71.,217.662566001022));
#3974=CARTESIAN_POINT('Origin',(555.,71.,240.));
#3975=CARTESIAN_POINT('',(570.891330406118,71.,216.623031111112));
#3976=CARTESIAN_POINT('Origin',(571.443227633403,71.,217.367838771193));
#3977=CARTESIAN_POINT('',(569.892337358504,71.,215.97427744044));
#3978=CARTESIAN_POINT('Origin',(555.,71.,240.));
#3979=CARTESIAN_POINT('',(568.360717401604,71.,215.089996246028));
#3980=CARTESIAN_POINT('Origin',(568.987444878271,71.,215.773034802766));
#3981=CARTESIAN_POINT('',(567.299383718197,71.,214.549219723926));
#3982=CARTESIAN_POINT('Origin',(555.,71.,240.));
#3983=CARTESIAN_POINT('',(565.683721581329,71.,213.829880594825));
#3984=CARTESIAN_POINT('Origin',(566.378412749991,71.,214.443666534859));
#3985=CARTESIAN_POINT('',(564.571675456062,71.,213.403006082035));
#3986=CARTESIAN_POINT('Origin',(555.,71.,240.));
#3987=CARTESIAN_POINT('',(562.889672671697,71.,212.856490248276));
#3988=CARTESIAN_POINT('Origin',(563.644716350537,71.,213.394298804403));
#3989=CARTESIAN_POINT('',(561.739097914629,71.,212.548194671288));
#3990=CARTESIAN_POINT('Origin',(555.,71.,240.));
#3991=CARTESIAN_POINT('',(560.009182857253,71.,212.180489874711));
#3992=CARTESIAN_POINT('Origin',(560.816306629723,71.,212.636428703847));
#3993=CARTESIAN_POINT('',(558.832685406196,71.,211.994150984382));
#3994=CARTESIAN_POINT('Origin',(555.,71.,240.));
#3995=CARTESIAN_POINT('',(557.073811387186,71.,211.809285875685));
#3996=CARTESIAN_POINT('Origin',(557.924172236333,71.,212.178359616606));
#3997=CARTESIAN_POINT('',(555.884281194412,71.,211.746945239892));
#3998=CARTESIAN_POINT('Origin',(555.,71.,240.));
#3999=CARTESIAN_POINT('',(554.115718805588,71.,211.746945239892));
#4000=CARTESIAN_POINT('Origin',(555.,71.,212.025110243459));
#4001=CARTESIAN_POINT('',(552.926188612814,71.,211.809285875685));
#4002=CARTESIAN_POINT('Origin',(555.,71.,240.));
#4003=CARTESIAN_POINT('',(551.167314593804,71.,211.994150984382));
#4004=CARTESIAN_POINT('Origin',(552.075827763667,71.,212.178359616606));
#4005=CARTESIAN_POINT('',(549.990817142747,71.,212.180489874711));
#4006=CARTESIAN_POINT('Origin',(555.,71.,240.));
#4007=CARTESIAN_POINT('',(548.260902085371,71.,212.548194671288));
#4008=CARTESIAN_POINT('Origin',(549.183693370277,71.,212.636428703847));
#4009=CARTESIAN_POINT('',(547.110327328303,71.,212.856490248276));
#4010=CARTESIAN_POINT('Origin',(555.,71.,240.));
#4011=CARTESIAN_POINT('',(545.428324543938,71.,213.403006082035));
#4012=CARTESIAN_POINT('Origin',(546.355283649463,71.,213.394298804403));
#4013=CARTESIAN_POINT('',(544.316278418671,71.,213.829880594826));
#4014=CARTESIAN_POINT('Origin',(555.,71.,240.));
#4015=CARTESIAN_POINT('',(542.700616281803,71.,214.549219723926));
#4016=CARTESIAN_POINT('Origin',(543.621587250009,71.,214.443666534859));
#4017=CARTESIAN_POINT('',(541.639282598396,71.,215.089996246028));
#4018=CARTESIAN_POINT('Origin',(555.,71.,240.));
#4019=CARTESIAN_POINT('',(540.107662641496,71.,215.97427744044));
#4020=CARTESIAN_POINT('Origin',(541.012555121729,71.,215.773034802766));
#4021=CARTESIAN_POINT('',(539.108669593882,71.,216.623031111112));
#4022=CARTESIAN_POINT('Origin',(555.,71.,240.));
#4023=CARTESIAN_POINT('',(537.677872565711,71.,217.662566001022));
#4024=CARTESIAN_POINT('Origin',(538.556772366597,71.,217.367838771193));
#4025=CARTESIAN_POINT('',(536.752165330773,71.,218.412188939288));
#4026=CARTESIAN_POINT('Origin',(555.,71.,240.));
#4027=CARTESIAN_POINT('',(535.437867342985,71.,219.595588162905));
#4028=CARTESIAN_POINT('Origin',(536.281145054383,71.,219.210605434126));
#4029=CARTESIAN_POINT('',(534.595588162905,71.,220.437867342985));
#4030=CARTESIAN_POINT('Origin',(555.,71.,240.));
#4031=CARTESIAN_POINT('',(533.412188939288,71.,221.752165330773));
#4032=CARTESIAN_POINT('Origin',(534.210605434126,71.,221.281145054383));
#4033=CARTESIAN_POINT('',(532.662566001022,71.,222.677872565711));
#4034=CARTESIAN_POINT('Origin',(555.,71.,240.));
#4035=CARTESIAN_POINT('',(531.623031111112,71.,224.108669593882));
#4036=CARTESIAN_POINT('Origin',(532.367838771193,71.,223.556772366597));
#4037=CARTESIAN_POINT('',(530.97427744044,71.,225.107662641496));
#4038=CARTESIAN_POINT('Origin',(555.,71.,240.));
#4039=CARTESIAN_POINT('',(530.089996246028,71.,226.639282598396));
#4040=CARTESIAN_POINT('Origin',(530.773034802766,71.,226.012555121729));
#4041=CARTESIAN_POINT('',(529.549219723926,71.,227.700616281803));
#4042=CARTESIAN_POINT('Origin',(555.,71.,240.));
#4043=CARTESIAN_POINT('',(528.829880594825,71.,229.316278418671));
#4044=CARTESIAN_POINT('Origin',(529.443666534859,71.,228.621587250009));
#4045=CARTESIAN_POINT('',(528.403006082035,71.,230.428324543938));
#4046=CARTESIAN_POINT('Origin',(555.,71.,240.));
#4047=CARTESIAN_POINT('',(527.856490248276,71.,232.110327328303));
#4048=CARTESIAN_POINT('Origin',(528.394298804403,71.,231.355283649463));
#4049=CARTESIAN_POINT('',(527.548194671288,71.,233.260902085371));
#4050=CARTESIAN_POINT('Origin',(555.,71.,240.));
#4051=CARTESIAN_POINT('',(527.180489874711,71.,234.990817142747));
#4052=CARTESIAN_POINT('Origin',(527.636428703847,71.,234.183693370277));
#4053=CARTESIAN_POINT('',(526.994150984382,71.,236.167314593804));
#4054=CARTESIAN_POINT('Origin',(555.,71.,240.));
#4055=CARTESIAN_POINT('',(526.809285875685,71.,237.926188612814));
#4056=CARTESIAN_POINT('Origin',(527.178359616606,71.,237.075827763667));
#4057=CARTESIAN_POINT('',(526.746945239892,71.,239.115718805588));
#4058=CARTESIAN_POINT('Origin',(555.,71.,240.));
#4059=CARTESIAN_POINT('',(526.746945239892,71.,240.884281194412));
#4060=CARTESIAN_POINT('Origin',(527.025110243459,71.,240.));
#4061=CARTESIAN_POINT('',(526.809285875685,71.,242.073811387186));
#4062=CARTESIAN_POINT('Origin',(555.,71.,240.));
#4063=CARTESIAN_POINT('',(526.994150984382,71.,243.832685406196));
#4064=CARTESIAN_POINT('Origin',(527.178359616606,71.,242.924172236333));
#4065=CARTESIAN_POINT('',(527.180489874711,71.,245.009182857253));
#4066=CARTESIAN_POINT('Origin',(555.,71.,240.));
#4067=CARTESIAN_POINT('',(527.548194671288,71.,246.739097914629));
#4068=CARTESIAN_POINT('Origin',(527.636428703847,71.,245.816306629723));
#4069=CARTESIAN_POINT('',(527.856490248276,71.,247.889672671697));
#4070=CARTESIAN_POINT('Origin',(555.,71.,240.));
#4071=CARTESIAN_POINT('',(528.403006082035,71.,249.571675456062));
#4072=CARTESIAN_POINT('Origin',(528.394298804403,71.,248.644716350537));
#4073=CARTESIAN_POINT('',(528.829880594825,71.,250.683721581329));
#4074=CARTESIAN_POINT('Origin',(555.,71.,240.));
#4075=CARTESIAN_POINT('',(529.549219723926,71.,252.299383718197));
#4076=CARTESIAN_POINT('Origin',(529.443666534859,71.,251.378412749991));
#4077=CARTESIAN_POINT('',(530.089996246028,71.,253.360717401604));
#4078=CARTESIAN_POINT('Origin',(555.,71.,240.));
#4079=CARTESIAN_POINT('',(530.97427744044,71.,254.892337358504));
#4080=CARTESIAN_POINT('Origin',(530.773034802766,71.,253.987444878271));
#4081=CARTESIAN_POINT('',(531.623031111112,71.,255.891330406118));
#4082=CARTESIAN_POINT('Origin',(555.,71.,240.));
#4083=CARTESIAN_POINT('',(532.662566001022,71.,257.322127434289));
#4084=CARTESIAN_POINT('Origin',(532.367838771193,71.,256.443227633403));
#4085=CARTESIAN_POINT('',(533.412188939288,71.,258.247834669227));
#4086=CARTESIAN_POINT('Origin',(555.,71.,240.));
#4087=CARTESIAN_POINT('',(534.595588162905,71.,259.562132657015));
#4088=CARTESIAN_POINT('Origin',(534.210605434126,71.,258.718854945617));
#4089=CARTESIAN_POINT('',(535.437867342985,71.,260.404411837095));
#4090=CARTESIAN_POINT('Origin',(555.,71.,240.));
#4091=CARTESIAN_POINT('',(536.752165330773,71.,261.587811060712));
#4092=CARTESIAN_POINT('Origin',(536.281145054383,71.,260.789394565874));
#4093=CARTESIAN_POINT('',(537.677872565711,71.,262.337433998978));
#4094=CARTESIAN_POINT('Origin',(555.,71.,240.));
#4095=CARTESIAN_POINT('',(539.108669593882,71.,263.376968888888));
#4096=CARTESIAN_POINT('Origin',(538.556772366597,71.,262.632161228807));
#4097=CARTESIAN_POINT('',(540.107662641496,71.,264.02572255956));
#4098=CARTESIAN_POINT('Origin',(555.,71.,240.));
#4099=CARTESIAN_POINT('',(541.639282598396,71.,264.910003753972));
#4100=CARTESIAN_POINT('Origin',(541.012555121729,71.,264.226965197234));
#4101=CARTESIAN_POINT('',(542.700616281803,71.,265.450780276074));
#4102=CARTESIAN_POINT('Origin',(555.,71.,240.));
#4103=CARTESIAN_POINT('',(544.316278418671,71.,266.170119405175));
#4104=CARTESIAN_POINT('Origin',(543.621587250009,71.,265.556333465141));
#4105=CARTESIAN_POINT('',(545.428324543938,71.,266.596993917965));
#4106=CARTESIAN_POINT('Origin',(555.,71.,240.));
#4107=CARTESIAN_POINT('',(547.110327328303,71.,267.143509751724));
#4108=CARTESIAN_POINT('Origin',(546.355283649463,71.,266.605701195597));
#4109=CARTESIAN_POINT('',(548.260902085371,71.,267.451805328712));
#4110=CARTESIAN_POINT('Origin',(555.,71.,240.));
#4111=CARTESIAN_POINT('',(549.990817142747,71.,267.819510125289));
#4112=CARTESIAN_POINT('Origin',(549.183693370277,71.,267.363571296153));
#4113=CARTESIAN_POINT('',(551.167314593804,71.,268.005849015618));
#4114=CARTESIAN_POINT('Origin',(555.,71.,240.));
#4115=CARTESIAN_POINT('',(552.926188612814,71.,268.190714124315));
#4116=CARTESIAN_POINT('Origin',(552.075827763667,71.,267.821640383394));
#4117=CARTESIAN_POINT('',(554.115718805588,71.,268.253054760108));
#4118=CARTESIAN_POINT('Origin',(555.,71.,240.));
#4119=CARTESIAN_POINT('',(555.884281194412,71.,268.253054760108));
#4120=CARTESIAN_POINT('Origin',(555.,71.,267.974889756541));
#4121=CARTESIAN_POINT('',(557.073811387186,71.,268.190714124315));
#4122=CARTESIAN_POINT('Origin',(555.,71.,240.));
#4123=CARTESIAN_POINT('',(558.832685406196,71.,268.005849015618));
#4124=CARTESIAN_POINT('Origin',(557.924172236333,71.,267.821640383394));
#4125=CARTESIAN_POINT('',(560.009182857253,71.,267.819510125289));
#4126=CARTESIAN_POINT('Origin',(555.,71.,240.));
#4127=CARTESIAN_POINT('',(561.739097914629,71.,267.451805328712));
#4128=CARTESIAN_POINT('Origin',(560.816306629723,71.,267.363571296153));
#4129=CARTESIAN_POINT('',(562.889672671697,71.,267.143509751724));
#4130=CARTESIAN_POINT('Origin',(555.,71.,240.));
#4131=CARTESIAN_POINT('',(564.571675456062,71.,266.596993917965));
#4132=CARTESIAN_POINT('Origin',(563.644716350537,71.,266.605701195597));
#4133=CARTESIAN_POINT('',(565.683721581329,71.,266.170119405175));
#4134=CARTESIAN_POINT('Origin',(555.,71.,240.));
#4135=CARTESIAN_POINT('',(567.299383718197,71.,265.450780276074));
#4136=CARTESIAN_POINT('Origin',(566.378412749991,71.,265.556333465141));
#4137=CARTESIAN_POINT('',(568.360717401604,71.,264.910003753972));
#4138=CARTESIAN_POINT('Origin',(555.,71.,240.));
#4139=CARTESIAN_POINT('',(569.892337358504,71.,264.02572255956));
#4140=CARTESIAN_POINT('Origin',(568.987444878271,71.,264.226965197234));
#4141=CARTESIAN_POINT('',(570.891330406118,71.,263.376968888888));
#4142=CARTESIAN_POINT('Origin',(555.,71.,240.));
#4143=CARTESIAN_POINT('',(572.322127434289,71.,262.337433998978));
#4144=CARTESIAN_POINT('Origin',(571.443227633403,71.,262.632161228807));
#4145=CARTESIAN_POINT('',(573.247834669227,71.,261.587811060712));
#4146=CARTESIAN_POINT('Origin',(555.,71.,240.));
#4147=CARTESIAN_POINT('',(574.562132657015,71.,260.404411837095));
#4148=CARTESIAN_POINT('Origin',(573.718854945617,71.,260.789394565874));
#4149=CARTESIAN_POINT('',(575.404411837095,71.,259.562132657015));
#4150=CARTESIAN_POINT('Origin',(555.,71.,240.));
#4151=CARTESIAN_POINT('',(576.587811060712,71.,258.247834669227));
#4152=CARTESIAN_POINT('Origin',(575.789394565874,71.,258.718854945617));
#4153=CARTESIAN_POINT('',(577.337433998978,71.,257.322127434289));
#4154=CARTESIAN_POINT('Origin',(555.,71.,240.));
#4155=CARTESIAN_POINT('',(578.376968888888,71.,255.891330406118));
#4156=CARTESIAN_POINT('Origin',(577.632161228807,71.,256.443227633403));
#4157=CARTESIAN_POINT('',(579.02572255956,71.,254.892337358504));
#4158=CARTESIAN_POINT('Origin',(555.,71.,240.));
#4159=CARTESIAN_POINT('',(579.910003753972,71.,253.360717401604));
#4160=CARTESIAN_POINT('Origin',(579.226965197234,71.,253.987444878271));
#4161=CARTESIAN_POINT('',(580.450780276074,71.,252.299383718197));
#4162=CARTESIAN_POINT('Origin',(555.,71.,240.));
#4163=CARTESIAN_POINT('',(581.170119405175,71.,250.683721581329));
#4164=CARTESIAN_POINT('Origin',(580.556333465141,71.,251.378412749991));
#4165=CARTESIAN_POINT('',(581.596993917965,71.,249.571675456062));
#4166=CARTESIAN_POINT('Origin',(555.,71.,240.));
#4167=CARTESIAN_POINT('',(582.143509751724,71.,247.889672671697));
#4168=CARTESIAN_POINT('Origin',(581.605701195597,71.,248.644716350537));
#4169=CARTESIAN_POINT('',(582.451805328712,71.,246.739097914629));
#4170=CARTESIAN_POINT('Origin',(555.,71.,240.));
#4171=CARTESIAN_POINT('',(582.819510125289,71.,245.009182857253));
#4172=CARTESIAN_POINT('Origin',(582.363571296153,71.,245.816306629723));
#4173=CARTESIAN_POINT('',(583.005849015618,71.,243.832685406196));
#4174=CARTESIAN_POINT('Origin',(555.,71.,240.));
#4175=CARTESIAN_POINT('',(583.190714124315,71.,242.073811387186));
#4176=CARTESIAN_POINT('Origin',(582.821640383394,71.,242.924172236333));
#4177=CARTESIAN_POINT('',(583.253054760108,71.,240.884281194412));
#4178=CARTESIAN_POINT('Origin',(555.,71.,240.));
#4179=CARTESIAN_POINT('',(583.253054760108,71.,239.115718805588));
#4180=CARTESIAN_POINT('Origin',(582.974889756541,71.,240.));
#4181=CARTESIAN_POINT('Origin',(555.,71.,240.));
#4182=CARTESIAN_POINT('Origin',(555.,71.6,240.));
#4183=CARTESIAN_POINT('',(524.233110243459,71.6,240.));
#4184=CARTESIAN_POINT('Origin',(555.,61.,240.));
#4185=CARTESIAN_POINT('',(524.233110243459,61.,240.));
#4186=CARTESIAN_POINT('Origin',(555.,61.,240.));
#4187=CARTESIAN_POINT('',(583.005849015618,61.,236.167314593804));
#4188=CARTESIAN_POINT('',(583.190714124315,61.,237.926188612814));
#4189=CARTESIAN_POINT('Origin',(582.821640383394,61.,237.075827763667));
#4190=CARTESIAN_POINT('',(583.253054760108,61.,239.115718805588));
#4191=CARTESIAN_POINT('Origin',(555.,61.,240.));
#4192=CARTESIAN_POINT('',(583.253054760108,61.,240.884281194412));
#4193=CARTESIAN_POINT('Origin',(582.974889756541,61.,240.));
#4194=CARTESIAN_POINT('',(583.190714124315,61.,242.073811387186));
#4195=CARTESIAN_POINT('Origin',(555.,61.,240.));
#4196=CARTESIAN_POINT('',(583.005849015618,61.,243.832685406196));
#4197=CARTESIAN_POINT('Origin',(582.821640383394,61.,242.924172236333));
#4198=CARTESIAN_POINT('',(582.819510125289,61.,245.009182857253));
#4199=CARTESIAN_POINT('Origin',(555.,61.,240.));
#4200=CARTESIAN_POINT('',(582.451805328712,61.,246.739097914629));
#4201=CARTESIAN_POINT('Origin',(582.363571296153,61.,245.816306629723));
#4202=CARTESIAN_POINT('',(582.143509751724,61.,247.889672671697));
#4203=CARTESIAN_POINT('Origin',(555.,61.,240.));
#4204=CARTESIAN_POINT('',(581.596993917965,61.,249.571675456062));
#4205=CARTESIAN_POINT('Origin',(581.605701195597,61.,248.644716350537));
#4206=CARTESIAN_POINT('',(581.170119405175,61.,250.683721581329));
#4207=CARTESIAN_POINT('Origin',(555.,61.,240.));
#4208=CARTESIAN_POINT('',(580.450780276074,61.,252.299383718197));
#4209=CARTESIAN_POINT('Origin',(580.556333465141,61.,251.378412749991));
#4210=CARTESIAN_POINT('',(579.910003753972,61.,253.360717401604));
#4211=CARTESIAN_POINT('Origin',(555.,61.,240.));
#4212=CARTESIAN_POINT('',(579.02572255956,61.,254.892337358504));
#4213=CARTESIAN_POINT('Origin',(579.226965197234,61.,253.987444878271));
#4214=CARTESIAN_POINT('',(578.376968888888,61.,255.891330406118));
#4215=CARTESIAN_POINT('Origin',(555.,61.,240.));
#4216=CARTESIAN_POINT('',(577.337433998978,61.,257.322127434289));
#4217=CARTESIAN_POINT('Origin',(577.632161228807,61.,256.443227633403));
#4218=CARTESIAN_POINT('',(576.587811060712,61.,258.247834669227));
#4219=CARTESIAN_POINT('Origin',(555.,61.,240.));
#4220=CARTESIAN_POINT('',(575.404411837095,61.,259.562132657015));
#4221=CARTESIAN_POINT('Origin',(575.789394565874,61.,258.718854945617));
#4222=CARTESIAN_POINT('',(574.562132657015,61.,260.404411837095));
#4223=CARTESIAN_POINT('Origin',(555.,61.,240.));
#4224=CARTESIAN_POINT('',(573.247834669227,61.,261.587811060712));
#4225=CARTESIAN_POINT('Origin',(573.718854945617,61.,260.789394565874));
#4226=CARTESIAN_POINT('',(572.322127434289,61.,262.337433998978));
#4227=CARTESIAN_POINT('Origin',(555.,61.,240.));
#4228=CARTESIAN_POINT('',(570.891330406118,61.,263.376968888888));
#4229=CARTESIAN_POINT('Origin',(571.443227633403,61.,262.632161228807));
#4230=CARTESIAN_POINT('',(569.892337358504,61.,264.02572255956));
#4231=CARTESIAN_POINT('Origin',(555.,61.,240.));
#4232=CARTESIAN_POINT('',(568.360717401604,61.,264.910003753972));
#4233=CARTESIAN_POINT('Origin',(568.987444878271,61.,264.226965197234));
#4234=CARTESIAN_POINT('',(567.299383718197,61.,265.450780276074));
#4235=CARTESIAN_POINT('Origin',(555.,61.,240.));
#4236=CARTESIAN_POINT('',(565.683721581329,61.,266.170119405175));
#4237=CARTESIAN_POINT('Origin',(566.378412749991,61.,265.556333465141));
#4238=CARTESIAN_POINT('',(564.571675456062,61.,266.596993917965));
#4239=CARTESIAN_POINT('Origin',(555.,61.,240.));
#4240=CARTESIAN_POINT('',(562.889672671697,61.,267.143509751724));
#4241=CARTESIAN_POINT('Origin',(563.644716350537,61.,266.605701195597));
#4242=CARTESIAN_POINT('',(561.739097914629,61.,267.451805328712));
#4243=CARTESIAN_POINT('Origin',(555.,61.,240.));
#4244=CARTESIAN_POINT('',(560.009182857253,61.,267.819510125289));
#4245=CARTESIAN_POINT('Origin',(560.816306629723,61.,267.363571296153));
#4246=CARTESIAN_POINT('',(558.832685406196,61.,268.005849015618));
#4247=CARTESIAN_POINT('Origin',(555.,61.,240.));
#4248=CARTESIAN_POINT('',(557.073811387186,61.,268.190714124315));
#4249=CARTESIAN_POINT('Origin',(557.924172236333,61.,267.821640383394));
#4250=CARTESIAN_POINT('',(555.884281194412,61.,268.253054760108));
#4251=CARTESIAN_POINT('Origin',(555.,61.,240.));
#4252=CARTESIAN_POINT('',(554.115718805588,61.,268.253054760108));
#4253=CARTESIAN_POINT('Origin',(555.,61.,267.974889756541));
#4254=CARTESIAN_POINT('',(552.926188612814,61.,268.190714124315));
#4255=CARTESIAN_POINT('Origin',(555.,61.,240.));
#4256=CARTESIAN_POINT('',(551.167314593804,61.,268.005849015618));
#4257=CARTESIAN_POINT('Origin',(552.075827763667,61.,267.821640383394));
#4258=CARTESIAN_POINT('',(549.990817142747,61.,267.819510125289));
#4259=CARTESIAN_POINT('Origin',(555.,61.,240.));
#4260=CARTESIAN_POINT('',(548.260902085371,61.,267.451805328712));
#4261=CARTESIAN_POINT('Origin',(549.183693370277,61.,267.363571296153));
#4262=CARTESIAN_POINT('',(547.110327328303,61.,267.143509751724));
#4263=CARTESIAN_POINT('Origin',(555.,61.,240.));
#4264=CARTESIAN_POINT('',(545.428324543938,61.,266.596993917965));
#4265=CARTESIAN_POINT('Origin',(546.355283649463,61.,266.605701195597));
#4266=CARTESIAN_POINT('',(544.316278418671,61.,266.170119405175));
#4267=CARTESIAN_POINT('Origin',(555.,61.,240.));
#4268=CARTESIAN_POINT('',(542.700616281803,61.,265.450780276074));
#4269=CARTESIAN_POINT('Origin',(543.621587250009,61.,265.556333465141));
#4270=CARTESIAN_POINT('',(541.639282598396,61.,264.910003753972));
#4271=CARTESIAN_POINT('Origin',(555.,61.,240.));
#4272=CARTESIAN_POINT('',(540.107662641496,61.,264.02572255956));
#4273=CARTESIAN_POINT('Origin',(541.012555121729,61.,264.226965197234));
#4274=CARTESIAN_POINT('',(539.108669593882,61.,263.376968888888));
#4275=CARTESIAN_POINT('Origin',(555.,61.,240.));
#4276=CARTESIAN_POINT('',(537.677872565711,61.,262.337433998978));
#4277=CARTESIAN_POINT('Origin',(538.556772366597,61.,262.632161228807));
#4278=CARTESIAN_POINT('',(536.752165330773,61.,261.587811060712));
#4279=CARTESIAN_POINT('Origin',(555.,61.,240.));
#4280=CARTESIAN_POINT('',(535.437867342985,61.,260.404411837095));
#4281=CARTESIAN_POINT('Origin',(536.281145054383,61.,260.789394565874));
#4282=CARTESIAN_POINT('',(534.595588162905,61.,259.562132657015));
#4283=CARTESIAN_POINT('Origin',(555.,61.,240.));
#4284=CARTESIAN_POINT('',(533.412188939288,61.,258.247834669227));
#4285=CARTESIAN_POINT('Origin',(534.210605434126,61.,258.718854945617));
#4286=CARTESIAN_POINT('',(532.662566001022,61.,257.322127434289));
#4287=CARTESIAN_POINT('Origin',(555.,61.,240.));
#4288=CARTESIAN_POINT('',(531.623031111112,61.,255.891330406118));
#4289=CARTESIAN_POINT('Origin',(532.367838771193,61.,256.443227633403));
#4290=CARTESIAN_POINT('',(530.97427744044,61.,254.892337358504));
#4291=CARTESIAN_POINT('Origin',(555.,61.,240.));
#4292=CARTESIAN_POINT('',(530.089996246028,61.,253.360717401604));
#4293=CARTESIAN_POINT('Origin',(530.773034802766,61.,253.987444878271));
#4294=CARTESIAN_POINT('',(529.549219723926,61.,252.299383718197));
#4295=CARTESIAN_POINT('Origin',(555.,61.,240.));
#4296=CARTESIAN_POINT('',(528.829880594825,61.,250.683721581329));
#4297=CARTESIAN_POINT('Origin',(529.443666534859,61.,251.378412749991));
#4298=CARTESIAN_POINT('',(528.403006082035,61.,249.571675456062));
#4299=CARTESIAN_POINT('Origin',(555.,61.,240.));
#4300=CARTESIAN_POINT('',(527.856490248276,61.,247.889672671697));
#4301=CARTESIAN_POINT('Origin',(528.394298804403,61.,248.644716350537));
#4302=CARTESIAN_POINT('',(527.548194671288,61.,246.739097914629));
#4303=CARTESIAN_POINT('Origin',(555.,61.,240.));
#4304=CARTESIAN_POINT('',(527.180489874711,61.,245.009182857253));
#4305=CARTESIAN_POINT('Origin',(527.636428703847,61.,245.816306629723));
#4306=CARTESIAN_POINT('',(526.994150984382,61.,243.832685406196));
#4307=CARTESIAN_POINT('Origin',(555.,61.,240.));
#4308=CARTESIAN_POINT('',(526.809285875685,61.,242.073811387186));
#4309=CARTESIAN_POINT('Origin',(527.178359616606,61.,242.924172236333));
#4310=CARTESIAN_POINT('',(526.746945239892,61.,240.884281194412));
#4311=CARTESIAN_POINT('Origin',(555.,61.,240.));
#4312=CARTESIAN_POINT('',(526.746945239892,61.,239.115718805588));
#4313=CARTESIAN_POINT('Origin',(527.025110243459,61.,240.));
#4314=CARTESIAN_POINT('',(526.809285875685,61.,237.926188612814));
#4315=CARTESIAN_POINT('Origin',(555.,61.,240.));
#4316=CARTESIAN_POINT('',(526.994150984382,61.,236.167314593804));
#4317=CARTESIAN_POINT('Origin',(527.178359616606,61.,237.075827763667));
#4318=CARTESIAN_POINT('',(527.180489874711,61.,234.990817142747));
#4319=CARTESIAN_POINT('Origin',(555.,61.,240.));
#4320=CARTESIAN_POINT('',(527.548194671288,61.,233.260902085371));
#4321=CARTESIAN_POINT('Origin',(527.636428703847,61.,234.183693370277));
#4322=CARTESIAN_POINT('',(527.856490248276,61.,232.110327328303));
#4323=CARTESIAN_POINT('Origin',(555.,61.,240.));
#4324=CARTESIAN_POINT('',(528.403006082035,61.,230.428324543938));
#4325=CARTESIAN_POINT('Origin',(528.394298804403,61.,231.355283649463));
#4326=CARTESIAN_POINT('',(528.829880594825,61.,229.316278418671));
#4327=CARTESIAN_POINT('Origin',(555.,61.,240.));
#4328=CARTESIAN_POINT('',(529.549219723926,61.,227.700616281803));
#4329=CARTESIAN_POINT('Origin',(529.443666534859,61.,228.621587250009));
#4330=CARTESIAN_POINT('',(530.089996246028,61.,226.639282598396));
#4331=CARTESIAN_POINT('Origin',(555.,61.,240.));
#4332=CARTESIAN_POINT('',(530.97427744044,61.,225.107662641496));
#4333=CARTESIAN_POINT('Origin',(530.773034802766,61.,226.012555121729));
#4334=CARTESIAN_POINT('',(531.623031111112,61.,224.108669593882));
#4335=CARTESIAN_POINT('Origin',(555.,61.,240.));
#4336=CARTESIAN_POINT('',(532.662566001022,61.,222.677872565711));
#4337=CARTESIAN_POINT('Origin',(532.367838771193,61.,223.556772366597));
#4338=CARTESIAN_POINT('',(533.412188939288,61.,221.752165330773));
#4339=CARTESIAN_POINT('Origin',(555.,61.,240.));
#4340=CARTESIAN_POINT('',(534.595588162905,61.,220.437867342985));
#4341=CARTESIAN_POINT('Origin',(534.210605434126,61.,221.281145054383));
#4342=CARTESIAN_POINT('',(535.437867342985,61.,219.595588162905));
#4343=CARTESIAN_POINT('Origin',(555.,61.,240.));
#4344=CARTESIAN_POINT('',(536.752165330773,61.,218.412188939288));
#4345=CARTESIAN_POINT('Origin',(536.281145054383,61.,219.210605434126));
#4346=CARTESIAN_POINT('',(537.677872565711,61.,217.662566001022));
#4347=CARTESIAN_POINT('Origin',(555.,61.,240.));
#4348=CARTESIAN_POINT('',(539.108669593882,61.,216.623031111112));
#4349=CARTESIAN_POINT('Origin',(538.556772366597,61.,217.367838771193));
#4350=CARTESIAN_POINT('',(540.107662641496,61.,215.97427744044));
#4351=CARTESIAN_POINT('Origin',(555.,61.,240.));
#4352=CARTESIAN_POINT('',(541.639282598396,61.,215.089996246028));
#4353=CARTESIAN_POINT('Origin',(541.012555121729,61.,215.773034802766));
#4354=CARTESIAN_POINT('',(542.700616281803,61.,214.549219723926));
#4355=CARTESIAN_POINT('Origin',(555.,61.,240.));
#4356=CARTESIAN_POINT('',(544.316278418671,61.,213.829880594826));
#4357=CARTESIAN_POINT('Origin',(543.621587250009,61.,214.443666534859));
#4358=CARTESIAN_POINT('',(545.428324543938,61.,213.403006082035));
#4359=CARTESIAN_POINT('Origin',(555.,61.,240.));
#4360=CARTESIAN_POINT('',(547.110327328303,61.,212.856490248276));
#4361=CARTESIAN_POINT('Origin',(546.355283649463,61.,213.394298804403));
#4362=CARTESIAN_POINT('',(548.260902085371,61.,212.548194671288));
#4363=CARTESIAN_POINT('Origin',(555.,61.,240.));
#4364=CARTESIAN_POINT('',(549.990817142747,61.,212.180489874711));
#4365=CARTESIAN_POINT('Origin',(549.183693370277,61.,212.636428703847));
#4366=CARTESIAN_POINT('',(551.167314593804,61.,211.994150984382));
#4367=CARTESIAN_POINT('Origin',(555.,61.,240.));
#4368=CARTESIAN_POINT('',(552.926188612814,61.,211.809285875685));
#4369=CARTESIAN_POINT('Origin',(552.075827763667,61.,212.178359616606));
#4370=CARTESIAN_POINT('',(554.115718805588,61.,211.746945239892));
#4371=CARTESIAN_POINT('Origin',(555.,61.,240.));
#4372=CARTESIAN_POINT('',(555.884281194412,61.,211.746945239892));
#4373=CARTESIAN_POINT('Origin',(555.,61.,212.025110243459));
#4374=CARTESIAN_POINT('',(557.073811387186,61.,211.809285875685));
#4375=CARTESIAN_POINT('Origin',(555.,61.,240.));
#4376=CARTESIAN_POINT('',(558.832685406196,61.,211.994150984382));
#4377=CARTESIAN_POINT('Origin',(557.924172236333,61.,212.178359616606));
#4378=CARTESIAN_POINT('',(560.009182857253,61.,212.180489874711));
#4379=CARTESIAN_POINT('Origin',(555.,61.,240.));
#4380=CARTESIAN_POINT('',(561.739097914629,61.,212.548194671288));
#4381=CARTESIAN_POINT('Origin',(560.816306629723,61.,212.636428703847));
#4382=CARTESIAN_POINT('',(562.889672671697,61.,212.856490248276));
#4383=CARTESIAN_POINT('Origin',(555.,61.,240.));
#4384=CARTESIAN_POINT('',(564.571675456062,61.,213.403006082035));
#4385=CARTESIAN_POINT('Origin',(563.644716350537,61.,213.394298804403));
#4386=CARTESIAN_POINT('',(565.683721581329,61.,213.829880594825));
#4387=CARTESIAN_POINT('Origin',(555.,61.,240.));
#4388=CARTESIAN_POINT('',(567.299383718197,61.,214.549219723926));
#4389=CARTESIAN_POINT('Origin',(566.378412749991,61.,214.443666534859));
#4390=CARTESIAN_POINT('',(568.360717401604,61.,215.089996246028));
#4391=CARTESIAN_POINT('Origin',(555.,61.,240.));
#4392=CARTESIAN_POINT('',(569.892337358504,61.,215.97427744044));
#4393=CARTESIAN_POINT('Origin',(568.987444878271,61.,215.773034802766));
#4394=CARTESIAN_POINT('',(570.891330406118,61.,216.623031111112));
#4395=CARTESIAN_POINT('Origin',(555.,61.,240.));
#4396=CARTESIAN_POINT('',(572.322127434289,61.,217.662566001022));
#4397=CARTESIAN_POINT('Origin',(571.443227633403,61.,217.367838771193));
#4398=CARTESIAN_POINT('',(573.247834669227,61.,218.412188939288));
#4399=CARTESIAN_POINT('Origin',(555.,61.,240.));
#4400=CARTESIAN_POINT('',(574.562132657015,61.,219.595588162905));
#4401=CARTESIAN_POINT('Origin',(573.718854945617,61.,219.210605434126));
#4402=CARTESIAN_POINT('',(575.404411837095,61.,220.437867342985));
#4403=CARTESIAN_POINT('Origin',(555.,61.,240.));
#4404=CARTESIAN_POINT('',(576.587811060712,61.,221.752165330773));
#4405=CARTESIAN_POINT('Origin',(575.789394565874,61.,221.281145054383));
#4406=CARTESIAN_POINT('',(577.337433998978,61.,222.677872565711));
#4407=CARTESIAN_POINT('Origin',(555.,61.,240.));
#4408=CARTESIAN_POINT('',(578.376968888888,61.,224.108669593882));
#4409=CARTESIAN_POINT('Origin',(577.632161228807,61.,223.556772366597));
#4410=CARTESIAN_POINT('',(579.02572255956,61.,225.107662641496));
#4411=CARTESIAN_POINT('Origin',(555.,61.,240.));
#4412=CARTESIAN_POINT('',(579.910003753972,61.,226.639282598396));
#4413=CARTESIAN_POINT('Origin',(579.226965197234,61.,226.012555121729));
#4414=CARTESIAN_POINT('',(580.450780276074,61.,227.700616281803));
#4415=CARTESIAN_POINT('Origin',(555.,61.,240.));
#4416=CARTESIAN_POINT('',(581.170119405175,61.,229.316278418671));
#4417=CARTESIAN_POINT('Origin',(580.556333465141,61.,228.621587250009));
#4418=CARTESIAN_POINT('',(581.596993917965,61.,230.428324543938));
#4419=CARTESIAN_POINT('Origin',(555.,61.,240.));
#4420=CARTESIAN_POINT('',(582.143509751724,61.,232.110327328303));
#4421=CARTESIAN_POINT('Origin',(581.605701195597,61.,231.355283649463));
#4422=CARTESIAN_POINT('',(582.451805328712,61.,233.260902085371));
#4423=CARTESIAN_POINT('Origin',(555.,61.,240.));
#4424=CARTESIAN_POINT('',(582.819510125289,61.,234.990817142747));
#4425=CARTESIAN_POINT('Origin',(582.363571296153,61.,234.183693370277));
#4426=CARTESIAN_POINT('Origin',(555.,61.,240.));
#4427=CARTESIAN_POINT('Origin',(555.,60.4,240.));
#4428=CARTESIAN_POINT('',(524.233110243459,59.8,240.));
#4429=CARTESIAN_POINT('',(524.233110243459,60.4,240.));
#4430=CARTESIAN_POINT('Origin',(555.,59.8,240.));
#4431=CARTESIAN_POINT('Origin',(555.,59.8,240.));
#4432=CARTESIAN_POINT('Origin',(555.,59.8,240.));
#4433=CARTESIAN_POINT('Origin',(582.821640383394,66.,237.075827763667));
#4434=CARTESIAN_POINT('',(583.005849015618,66.,236.167314593804));
#4435=CARTESIAN_POINT('',(583.190714124315,66.,237.926188612814));
#4436=CARTESIAN_POINT('Origin',(555.,66.,240.));
#4437=CARTESIAN_POINT('',(582.819510125289,66.,234.990817142747));
#4438=CARTESIAN_POINT('Origin',(582.363571296153,66.,234.183693370277));
#4439=CARTESIAN_POINT('',(582.451805328712,66.,233.260902085371));
#4440=CARTESIAN_POINT('Origin',(555.,66.,240.));
#4441=CARTESIAN_POINT('',(582.143509751724,66.,232.110327328303));
#4442=CARTESIAN_POINT('Origin',(581.605701195597,66.,231.355283649463));
#4443=CARTESIAN_POINT('',(581.596993917965,66.,230.428324543938));
#4444=CARTESIAN_POINT('Origin',(555.,66.,240.));
#4445=CARTESIAN_POINT('',(581.170119405175,66.,229.316278418671));
#4446=CARTESIAN_POINT('Origin',(580.556333465141,66.,228.621587250009));
#4447=CARTESIAN_POINT('',(580.450780276074,66.,227.700616281803));
#4448=CARTESIAN_POINT('Origin',(555.,66.,240.));
#4449=CARTESIAN_POINT('',(579.910003753972,66.,226.639282598396));
#4450=CARTESIAN_POINT('Origin',(579.226965197234,66.,226.012555121729));
#4451=CARTESIAN_POINT('',(579.02572255956,66.,225.107662641496));
#4452=CARTESIAN_POINT('Origin',(555.,66.,240.));
#4453=CARTESIAN_POINT('',(578.376968888888,66.,224.108669593882));
#4454=CARTESIAN_POINT('Origin',(577.632161228807,66.,223.556772366597));
#4455=CARTESIAN_POINT('',(577.337433998978,66.,222.677872565711));
#4456=CARTESIAN_POINT('Origin',(555.,66.,240.));
#4457=CARTESIAN_POINT('',(576.587811060712,66.,221.752165330773));
#4458=CARTESIAN_POINT('Origin',(575.789394565874,66.,221.281145054383));
#4459=CARTESIAN_POINT('',(575.404411837095,66.,220.437867342985));
#4460=CARTESIAN_POINT('Origin',(555.,66.,240.));
#4461=CARTESIAN_POINT('',(574.562132657015,66.,219.595588162905));
#4462=CARTESIAN_POINT('Origin',(573.718854945617,66.,219.210605434126));
#4463=CARTESIAN_POINT('',(573.247834669227,66.,218.412188939288));
#4464=CARTESIAN_POINT('Origin',(555.,66.,240.));
#4465=CARTESIAN_POINT('',(572.322127434289,66.,217.662566001022));
#4466=CARTESIAN_POINT('Origin',(571.443227633403,66.,217.367838771193));
#4467=CARTESIAN_POINT('',(570.891330406118,66.,216.623031111112));
#4468=CARTESIAN_POINT('Origin',(555.,66.,240.));
#4469=CARTESIAN_POINT('',(569.892337358504,66.,215.97427744044));
#4470=CARTESIAN_POINT('Origin',(568.987444878271,66.,215.773034802766));
#4471=CARTESIAN_POINT('',(568.360717401604,66.,215.089996246028));
#4472=CARTESIAN_POINT('Origin',(555.,66.,240.));
#4473=CARTESIAN_POINT('',(567.299383718197,66.,214.549219723926));
#4474=CARTESIAN_POINT('Origin',(566.378412749991,66.,214.443666534859));
#4475=CARTESIAN_POINT('',(565.683721581329,66.,213.829880594826));
#4476=CARTESIAN_POINT('Origin',(555.,66.,240.));
#4477=CARTESIAN_POINT('',(564.571675456062,66.,213.403006082035));
#4478=CARTESIAN_POINT('Origin',(563.644716350537,66.,213.394298804403));
#4479=CARTESIAN_POINT('',(562.889672671697,66.,212.856490248276));
#4480=CARTESIAN_POINT('Origin',(555.,66.,240.));
#4481=CARTESIAN_POINT('',(561.739097914629,66.,212.548194671288));
#4482=CARTESIAN_POINT('Origin',(560.816306629723,66.,212.636428703847));
#4483=CARTESIAN_POINT('',(560.009182857253,66.,212.180489874711));
#4484=CARTESIAN_POINT('Origin',(555.,66.,240.));
#4485=CARTESIAN_POINT('',(558.832685406196,66.,211.994150984382));
#4486=CARTESIAN_POINT('Origin',(557.924172236333,66.,212.178359616606));
#4487=CARTESIAN_POINT('',(557.073811387186,66.,211.809285875685));
#4488=CARTESIAN_POINT('Origin',(555.,66.,240.));
#4489=CARTESIAN_POINT('',(555.884281194412,66.,211.746945239892));
#4490=CARTESIAN_POINT('Origin',(555.,66.,212.025110243459));
#4491=CARTESIAN_POINT('',(554.115718805588,66.,211.746945239892));
#4492=CARTESIAN_POINT('Origin',(555.,66.,240.));
#4493=CARTESIAN_POINT('',(552.926188612814,66.,211.809285875685));
#4494=CARTESIAN_POINT('Origin',(552.075827763667,66.,212.178359616606));
#4495=CARTESIAN_POINT('',(551.167314593804,66.,211.994150984382));
#4496=CARTESIAN_POINT('Origin',(555.,66.,240.));
#4497=CARTESIAN_POINT('',(549.990817142747,66.,212.180489874711));
#4498=CARTESIAN_POINT('Origin',(549.183693370277,66.,212.636428703847));
#4499=CARTESIAN_POINT('',(548.260902085371,66.,212.548194671288));
#4500=CARTESIAN_POINT('Origin',(555.,66.,240.));
#4501=CARTESIAN_POINT('',(547.110327328303,66.,212.856490248276));
#4502=CARTESIAN_POINT('Origin',(546.355283649463,66.,213.394298804403));
#4503=CARTESIAN_POINT('',(545.428324543938,66.,213.403006082035));
#4504=CARTESIAN_POINT('Origin',(555.,66.,240.));
#4505=CARTESIAN_POINT('',(544.316278418671,66.,213.829880594826));
#4506=CARTESIAN_POINT('Origin',(543.621587250009,66.,214.443666534859));
#4507=CARTESIAN_POINT('',(542.700616281803,66.,214.549219723926));
#4508=CARTESIAN_POINT('Origin',(555.,66.,240.));
#4509=CARTESIAN_POINT('',(541.639282598396,66.,215.089996246028));
#4510=CARTESIAN_POINT('Origin',(541.012555121729,66.,215.773034802766));
#4511=CARTESIAN_POINT('',(540.107662641496,66.,215.97427744044));
#4512=CARTESIAN_POINT('Origin',(555.,66.,240.));
#4513=CARTESIAN_POINT('',(539.108669593882,66.,216.623031111112));
#4514=CARTESIAN_POINT('Origin',(538.556772366597,66.,217.367838771193));
#4515=CARTESIAN_POINT('',(537.677872565711,66.,217.662566001022));
#4516=CARTESIAN_POINT('Origin',(555.,66.,240.));
#4517=CARTESIAN_POINT('',(536.752165330773,66.,218.412188939288));
#4518=CARTESIAN_POINT('Origin',(536.281145054383,66.,219.210605434126));
#4519=CARTESIAN_POINT('',(535.437867342985,66.,219.595588162905));
#4520=CARTESIAN_POINT('Origin',(555.,66.,240.));
#4521=CARTESIAN_POINT('',(534.595588162905,66.,220.437867342985));
#4522=CARTESIAN_POINT('Origin',(534.210605434126,66.,221.281145054383));
#4523=CARTESIAN_POINT('',(533.412188939288,66.,221.752165330773));
#4524=CARTESIAN_POINT('Origin',(555.,66.,240.));
#4525=CARTESIAN_POINT('',(532.662566001022,66.,222.677872565711));
#4526=CARTESIAN_POINT('Origin',(532.367838771193,66.,223.556772366597));
#4527=CARTESIAN_POINT('',(531.623031111112,66.,224.108669593882));
#4528=CARTESIAN_POINT('Origin',(555.,66.,240.));
#4529=CARTESIAN_POINT('',(530.97427744044,66.,225.107662641496));
#4530=CARTESIAN_POINT('Origin',(530.773034802766,66.,226.012555121729));
#4531=CARTESIAN_POINT('',(530.089996246028,66.,226.639282598396));
#4532=CARTESIAN_POINT('Origin',(555.,66.,240.));
#4533=CARTESIAN_POINT('',(529.549219723926,66.,227.700616281803));
#4534=CARTESIAN_POINT('Origin',(529.443666534859,66.,228.621587250009));
#4535=CARTESIAN_POINT('',(528.829880594825,66.,229.316278418671));
#4536=CARTESIAN_POINT('Origin',(555.,66.,240.));
#4537=CARTESIAN_POINT('',(528.403006082035,66.,230.428324543938));
#4538=CARTESIAN_POINT('Origin',(528.394298804403,66.,231.355283649463));
#4539=CARTESIAN_POINT('',(527.856490248276,66.,232.110327328303));
#4540=CARTESIAN_POINT('Origin',(555.,66.,240.));
#4541=CARTESIAN_POINT('',(527.548194671288,66.,233.260902085371));
#4542=CARTESIAN_POINT('Origin',(527.636428703847,66.,234.183693370277));
#4543=CARTESIAN_POINT('',(527.180489874711,66.,234.990817142747));
#4544=CARTESIAN_POINT('Origin',(555.,66.,240.));
#4545=CARTESIAN_POINT('',(526.994150984382,66.,236.167314593804));
#4546=CARTESIAN_POINT('Origin',(527.178359616606,66.,237.075827763667));
#4547=CARTESIAN_POINT('',(526.809285875685,66.,237.926188612814));
#4548=CARTESIAN_POINT('Origin',(555.,66.,240.));
#4549=CARTESIAN_POINT('',(526.746945239892,66.,239.115718805588));
#4550=CARTESIAN_POINT('Origin',(527.025110243459,66.,240.));
#4551=CARTESIAN_POINT('',(526.746945239892,66.,240.884281194412));
#4552=CARTESIAN_POINT('Origin',(555.,66.,240.));
#4553=CARTESIAN_POINT('',(526.809285875685,66.,242.073811387186));
#4554=CARTESIAN_POINT('Origin',(527.178359616606,66.,242.924172236333));
#4555=CARTESIAN_POINT('',(526.994150984382,66.,243.832685406196));
#4556=CARTESIAN_POINT('Origin',(555.,66.,240.));
#4557=CARTESIAN_POINT('',(527.180489874711,66.,245.009182857253));
#4558=CARTESIAN_POINT('Origin',(527.636428703847,66.,245.816306629723));
#4559=CARTESIAN_POINT('',(527.548194671288,66.,246.739097914629));
#4560=CARTESIAN_POINT('Origin',(555.,66.,240.));
#4561=CARTESIAN_POINT('',(527.856490248276,66.,247.889672671697));
#4562=CARTESIAN_POINT('Origin',(528.394298804403,66.,248.644716350537));
#4563=CARTESIAN_POINT('',(528.403006082035,66.,249.571675456062));
#4564=CARTESIAN_POINT('Origin',(555.,66.,240.));
#4565=CARTESIAN_POINT('',(528.829880594825,66.,250.683721581329));
#4566=CARTESIAN_POINT('Origin',(529.443666534859,66.,251.378412749991));
#4567=CARTESIAN_POINT('',(529.549219723926,66.,252.299383718197));
#4568=CARTESIAN_POINT('Origin',(555.,66.,240.));
#4569=CARTESIAN_POINT('',(530.089996246028,66.,253.360717401604));
#4570=CARTESIAN_POINT('Origin',(530.773034802766,66.,253.987444878271));
#4571=CARTESIAN_POINT('',(530.97427744044,66.,254.892337358504));
#4572=CARTESIAN_POINT('Origin',(555.,66.,240.));
#4573=CARTESIAN_POINT('',(531.623031111112,66.,255.891330406118));
#4574=CARTESIAN_POINT('Origin',(532.367838771193,66.,256.443227633403));
#4575=CARTESIAN_POINT('',(532.662566001022,66.,257.322127434289));
#4576=CARTESIAN_POINT('Origin',(555.,66.,240.));
#4577=CARTESIAN_POINT('',(533.412188939288,66.,258.247834669227));
#4578=CARTESIAN_POINT('Origin',(534.210605434126,66.,258.718854945617));
#4579=CARTESIAN_POINT('',(534.595588162905,66.,259.562132657015));
#4580=CARTESIAN_POINT('Origin',(555.,66.,240.));
#4581=CARTESIAN_POINT('',(535.437867342985,66.,260.404411837095));
#4582=CARTESIAN_POINT('Origin',(536.281145054383,66.,260.789394565874));
#4583=CARTESIAN_POINT('',(536.752165330773,66.,261.587811060712));
#4584=CARTESIAN_POINT('Origin',(555.,66.,240.));
#4585=CARTESIAN_POINT('',(537.677872565711,66.,262.337433998978));
#4586=CARTESIAN_POINT('Origin',(538.556772366597,66.,262.632161228807));
#4587=CARTESIAN_POINT('',(539.108669593882,66.,263.376968888888));
#4588=CARTESIAN_POINT('Origin',(555.,66.,240.));
#4589=CARTESIAN_POINT('',(540.107662641496,66.,264.02572255956));
#4590=CARTESIAN_POINT('Origin',(541.012555121729,66.,264.226965197234));
#4591=CARTESIAN_POINT('',(541.639282598396,66.,264.910003753972));
#4592=CARTESIAN_POINT('Origin',(555.,66.,240.));
#4593=CARTESIAN_POINT('',(542.700616281803,66.,265.450780276074));
#4594=CARTESIAN_POINT('Origin',(543.621587250009,66.,265.556333465141));
#4595=CARTESIAN_POINT('',(544.316278418671,66.,266.170119405175));
#4596=CARTESIAN_POINT('Origin',(555.,66.,240.));
#4597=CARTESIAN_POINT('',(545.428324543938,66.,266.596993917965));
#4598=CARTESIAN_POINT('Origin',(546.355283649463,66.,266.605701195597));
#4599=CARTESIAN_POINT('',(547.110327328303,66.,267.143509751724));
#4600=CARTESIAN_POINT('Origin',(555.,66.,240.));
#4601=CARTESIAN_POINT('',(548.260902085371,66.,267.451805328712));
#4602=CARTESIAN_POINT('Origin',(549.183693370277,66.,267.363571296153));
#4603=CARTESIAN_POINT('',(549.990817142747,66.,267.819510125289));
#4604=CARTESIAN_POINT('Origin',(555.,66.,240.));
#4605=CARTESIAN_POINT('',(551.167314593804,66.,268.005849015618));
#4606=CARTESIAN_POINT('Origin',(552.075827763667,66.,267.821640383394));
#4607=CARTESIAN_POINT('',(552.926188612814,66.,268.190714124315));
#4608=CARTESIAN_POINT('Origin',(555.,66.,240.));
#4609=CARTESIAN_POINT('',(554.115718805588,66.,268.253054760108));
#4610=CARTESIAN_POINT('Origin',(555.,66.,267.974889756541));
#4611=CARTESIAN_POINT('',(555.884281194412,66.,268.253054760108));
#4612=CARTESIAN_POINT('Origin',(555.,66.,240.));
#4613=CARTESIAN_POINT('',(557.073811387186,66.,268.190714124315));
#4614=CARTESIAN_POINT('Origin',(557.924172236333,66.,267.821640383394));
#4615=CARTESIAN_POINT('',(558.832685406196,66.,268.005849015618));
#4616=CARTESIAN_POINT('Origin',(555.,66.,240.));
#4617=CARTESIAN_POINT('',(560.009182857253,66.,267.819510125289));
#4618=CARTESIAN_POINT('Origin',(560.816306629723,66.,267.363571296153));
#4619=CARTESIAN_POINT('',(561.739097914629,66.,267.451805328712));
#4620=CARTESIAN_POINT('Origin',(555.,66.,240.));
#4621=CARTESIAN_POINT('',(562.889672671697,66.,267.143509751724));
#4622=CARTESIAN_POINT('Origin',(563.644716350537,66.,266.605701195597));
#4623=CARTESIAN_POINT('',(564.571675456062,66.,266.596993917965));
#4624=CARTESIAN_POINT('Origin',(555.,66.,240.));
#4625=CARTESIAN_POINT('',(565.683721581329,66.,266.170119405175));
#4626=CARTESIAN_POINT('Origin',(566.378412749991,66.,265.556333465141));
#4627=CARTESIAN_POINT('',(567.299383718197,66.,265.450780276074));
#4628=CARTESIAN_POINT('Origin',(555.,66.,240.));
#4629=CARTESIAN_POINT('',(568.360717401604,66.,264.910003753972));
#4630=CARTESIAN_POINT('Origin',(568.987444878271,66.,264.226965197234));
#4631=CARTESIAN_POINT('',(569.892337358504,66.,264.02572255956));
#4632=CARTESIAN_POINT('Origin',(555.,66.,240.));
#4633=CARTESIAN_POINT('',(570.891330406118,66.,263.376968888888));
#4634=CARTESIAN_POINT('Origin',(571.443227633403,66.,262.632161228807));
#4635=CARTESIAN_POINT('',(572.322127434289,66.,262.337433998978));
#4636=CARTESIAN_POINT('Origin',(555.,66.,240.));
#4637=CARTESIAN_POINT('',(573.247834669227,66.,261.587811060712));
#4638=CARTESIAN_POINT('Origin',(573.718854945617,66.,260.789394565874));
#4639=CARTESIAN_POINT('',(574.562132657015,66.,260.404411837095));
#4640=CARTESIAN_POINT('Origin',(555.,66.,240.));
#4641=CARTESIAN_POINT('',(575.404411837095,66.,259.562132657015));
#4642=CARTESIAN_POINT('Origin',(575.789394565874,66.,258.718854945617));
#4643=CARTESIAN_POINT('',(576.587811060712,66.,258.247834669227));
#4644=CARTESIAN_POINT('Origin',(555.,66.,240.));
#4645=CARTESIAN_POINT('',(577.337433998979,66.,257.322127434289));
#4646=CARTESIAN_POINT('Origin',(577.632161228807,66.,256.443227633403));
#4647=CARTESIAN_POINT('',(578.376968888888,66.,255.891330406118));
#4648=CARTESIAN_POINT('Origin',(555.,66.,240.));
#4649=CARTESIAN_POINT('',(579.02572255956,66.,254.892337358504));
#4650=CARTESIAN_POINT('Origin',(579.226965197234,66.,253.987444878271));
#4651=CARTESIAN_POINT('',(579.910003753972,66.,253.360717401604));
#4652=CARTESIAN_POINT('Origin',(555.,66.,240.));
#4653=CARTESIAN_POINT('',(580.450780276074,66.,252.299383718197));
#4654=CARTESIAN_POINT('Origin',(580.556333465141,66.,251.378412749991));
#4655=CARTESIAN_POINT('',(581.170119405175,66.,250.683721581329));
#4656=CARTESIAN_POINT('Origin',(555.,66.,240.));
#4657=CARTESIAN_POINT('',(581.596993917965,66.,249.571675456062));
#4658=CARTESIAN_POINT('Origin',(581.605701195597,66.,248.644716350537));
#4659=CARTESIAN_POINT('',(582.143509751724,66.,247.889672671697));
#4660=CARTESIAN_POINT('Origin',(555.,66.,240.));
#4661=CARTESIAN_POINT('',(582.451805328712,66.,246.739097914629));
#4662=CARTESIAN_POINT('Origin',(582.363571296153,66.,245.816306629723));
#4663=CARTESIAN_POINT('',(582.819510125289,66.,245.009182857253));
#4664=CARTESIAN_POINT('Origin',(555.,66.,240.));
#4665=CARTESIAN_POINT('',(583.005849015618,66.,243.832685406196));
#4666=CARTESIAN_POINT('Origin',(582.821640383394,66.,242.924172236333));
#4667=CARTESIAN_POINT('',(583.190714124315,66.,242.073811387186));
#4668=CARTESIAN_POINT('Origin',(555.,66.,240.));
#4669=CARTESIAN_POINT('',(583.253054760108,66.,240.884281194412));
#4670=CARTESIAN_POINT('Origin',(582.974889756541,66.,240.));
#4671=CARTESIAN_POINT('',(583.253054760108,66.,239.115718805588));
#4672=CARTESIAN_POINT('Origin',(555.,66.,240.));
#4673=CARTESIAN_POINT('Origin',(555.,66.,240.));
#4674=UNCERTAINTY_MEASURE_WITH_UNIT(LENGTH_MEASURE(0.01),#4678,
'DISTANCE_ACCURACY_VALUE',
'Maximum model space distance between geometric entities at asserted c
onnectivities');
#4675=UNCERTAINTY_MEASURE_WITH_UNIT(LENGTH_MEASURE(0.01),#4678,
'DISTANCE_ACCURACY_VALUE',
'Maximum model space distance between geometric entities at asserted c
onnectivities');
#4676=(
GEOMETRIC_REPRESENTATION_CONTEXT(3)
GLOBAL_UNCERTAINTY_ASSIGNED_CONTEXT((#4674))
GLOBAL_UNIT_ASSIGNED_CONTEXT((#4678,#4680,#4681))
REPRESENTATION_CONTEXT('','3D')
);
#4677=(
GEOMETRIC_REPRESENTATION_CONTEXT(3)
GLOBAL_UNCERTAINTY_ASSIGNED_CONTEXT((#4675))
GLOBAL_UNIT_ASSIGNED_CONTEXT((#4678,#4680,#4681))
REPRESENTATION_CONTEXT('','3D')
);
#4678=(
LENGTH_UNIT()
NAMED_UNIT(*)
SI_UNIT(.MILLI.,.METRE.)
);
#4679=(
LENGTH_UNIT()
NAMED_UNIT(*)
SI_UNIT($,.METRE.)
);
#4680=(
NAMED_UNIT(*)
PLANE_ANGLE_UNIT()
SI_UNIT($,.RADIAN.)
);
#4681=(
NAMED_UNIT(*)
SI_UNIT($,.STERADIAN.)
SOLID_ANGLE_UNIT()
);
#4682=SHAPE_DEFINITION_REPRESENTATION(#4683,#4684);
#4683=PRODUCT_DEFINITION_SHAPE('',$,#4686);
#4684=SHAPE_REPRESENTATION('',(#2578),#4676);
#4685=PRODUCT_DEFINITION_CONTEXT('part definition',#4690,'design');
#4686=PRODUCT_DEFINITION('2026-08-12-23-05-29-119',
'EXPORT_TMP_PRINT_V005_P502_60T_HTD3M_InputPulley_B',#4687,#4685);
#4687=PRODUCT_DEFINITION_FORMATION('',$,#4692);
#4688=PRODUCT_RELATED_PRODUCT_CATEGORY(
'EXPORT_TMP_PRINT_V005_P502_60T_HTD3M_InputPulley_B',
'EXPORT_TMP_PRINT_V005_P502_60T_HTD3M_InputPulley_B',(#4692));
#4689=APPLICATION_PROTOCOL_DEFINITION('international standard',
'automotive_design',2009,#4690);
#4690=APPLICATION_CONTEXT(
'Core Data for Automotive Mechanical Design Process');
#4691=PRODUCT_CONTEXT('part definition',#4690,'mechanical');
#4692=PRODUCT('2026-08-12-23-05-29-119',
'EXPORT_TMP_PRINT_V005_P502_60T_HTD3M_InputPulley_B',$,(#4691));
#4693=PRESENTATION_STYLE_ASSIGNMENT((#4694));
#4694=SURFACE_STYLE_USAGE(.BOTH.,#4695);
#4695=SURFACE_SIDE_STYLE('',(#4696));
#4696=SURFACE_STYLE_FILL_AREA(#4697);
#4697=FILL_AREA_STYLE('Steel - Satin',(#4698));
#4698=FILL_AREA_STYLE_COLOUR('Steel - Satin',#4699);
#4699=COLOUR_RGB('Steel - Satin',0.627450980392157,0.627450980392157,0.627450980392157);
ENDSEC;
END-ISO-10303-21;
