ISO-10303-21;
HEADER;
/* Generated by software containing ST-Developer
 * from STEP Tools, Inc. (www.steptools.com) 
 */

FILE_DESCRIPTION(
/* description */ (''),
/* implementation_level */ '2;1');

FILE_NAME(
/* name */ 'PRINT_V010Q_P802_GripperPinion_16T_m1p5.step',
/* time_stamp */ '2026-08-12T23:10:57+02:00',
/* author */ (''),
/* organization */ (''),
/* preprocessor_version */ 'ST-DEVELOPER v20.1',
/* originating_system */ 'Autodesk Translation Framework v15.8.0.0',
/* authorisation */ '');

FILE_SCHEMA (('AUTOMOTIVE_DESIGN { 1 0 10303 214 3 1 1 }'));
ENDSEC;

DATA;
#10=MECHANICAL_DESIGN_GEOMETRIC_PRESENTATION_REPRESENTATION('',(#13),#12927);
#11=SHAPE_REPRESENTATION_RELATIONSHIP('SRR','None',#12934,#12);
#12=ADVANCED_BREP_SHAPE_REPRESENTATION('',(#14),#12926);
#13=STYLED_ITEM('',(#12943),#14);
#14=MANIFOLD_SOLID_BREP('PRINT_V010Q_P802_GripperPinion_16T_m1p5',#8215);
#15=FACE_BOUND('',#803,.T.);
#16=FACE_BOUND('',#805,.T.);
#17=CIRCLE('',#8235,2.55);
#18=CIRCLE('',#8236,2.55);
#19=CYLINDRICAL_SURFACE('',#8234,2.55);
#20=FACE_OUTER_BOUND('',#412,.T.);
#21=FACE_OUTER_BOUND('',#413,.T.);
#22=FACE_OUTER_BOUND('',#414,.T.);
#23=FACE_OUTER_BOUND('',#415,.T.);
#24=FACE_OUTER_BOUND('',#416,.T.);
#25=FACE_OUTER_BOUND('',#417,.T.);
#26=FACE_OUTER_BOUND('',#418,.T.);
#27=FACE_OUTER_BOUND('',#419,.T.);
#28=FACE_OUTER_BOUND('',#420,.T.);
#29=FACE_OUTER_BOUND('',#421,.T.);
#30=FACE_OUTER_BOUND('',#422,.T.);
#31=FACE_OUTER_BOUND('',#423,.T.);
#32=FACE_OUTER_BOUND('',#424,.T.);
#33=FACE_OUTER_BOUND('',#425,.T.);
#34=FACE_OUTER_BOUND('',#426,.T.);
#35=FACE_OUTER_BOUND('',#427,.T.);
#36=FACE_OUTER_BOUND('',#428,.T.);
#37=FACE_OUTER_BOUND('',#429,.T.);
#38=FACE_OUTER_BOUND('',#430,.T.);
#39=FACE_OUTER_BOUND('',#431,.T.);
#40=FACE_OUTER_BOUND('',#432,.T.);
#41=FACE_OUTER_BOUND('',#433,.T.);
#42=FACE_OUTER_BOUND('',#434,.T.);
#43=FACE_OUTER_BOUND('',#435,.T.);
#44=FACE_OUTER_BOUND('',#436,.T.);
#45=FACE_OUTER_BOUND('',#437,.T.);
#46=FACE_OUTER_BOUND('',#438,.T.);
#47=FACE_OUTER_BOUND('',#439,.T.);
#48=FACE_OUTER_BOUND('',#440,.T.);
#49=FACE_OUTER_BOUND('',#441,.T.);
#50=FACE_OUTER_BOUND('',#442,.T.);
#51=FACE_OUTER_BOUND('',#443,.T.);
#52=FACE_OUTER_BOUND('',#444,.T.);
#53=FACE_OUTER_BOUND('',#445,.T.);
#54=FACE_OUTER_BOUND('',#446,.T.);
#55=FACE_OUTER_BOUND('',#447,.T.);
#56=FACE_OUTER_BOUND('',#448,.T.);
#57=FACE_OUTER_BOUND('',#449,.T.);
#58=FACE_OUTER_BOUND('',#450,.T.);
#59=FACE_OUTER_BOUND('',#451,.T.);
#60=FACE_OUTER_BOUND('',#452,.T.);
#61=FACE_OUTER_BOUND('',#453,.T.);
#62=FACE_OUTER_BOUND('',#454,.T.);
#63=FACE_OUTER_BOUND('',#455,.T.);
#64=FACE_OUTER_BOUND('',#456,.T.);
#65=FACE_OUTER_BOUND('',#457,.T.);
#66=FACE_OUTER_BOUND('',#458,.T.);
#67=FACE_OUTER_BOUND('',#459,.T.);
#68=FACE_OUTER_BOUND('',#460,.T.);
#69=FACE_OUTER_BOUND('',#461,.T.);
#70=FACE_OUTER_BOUND('',#462,.T.);
#71=FACE_OUTER_BOUND('',#463,.T.);
#72=FACE_OUTER_BOUND('',#464,.T.);
#73=FACE_OUTER_BOUND('',#465,.T.);
#74=FACE_OUTER_BOUND('',#466,.T.);
#75=FACE_OUTER_BOUND('',#467,.T.);
#76=FACE_OUTER_BOUND('',#468,.T.);
#77=FACE_OUTER_BOUND('',#469,.T.);
#78=FACE_OUTER_BOUND('',#470,.T.);
#79=FACE_OUTER_BOUND('',#471,.T.);
#80=FACE_OUTER_BOUND('',#472,.T.);
#81=FACE_OUTER_BOUND('',#473,.T.);
#82=FACE_OUTER_BOUND('',#474,.T.);
#83=FACE_OUTER_BOUND('',#475,.T.);
#84=FACE_OUTER_BOUND('',#476,.T.);
#85=FACE_OUTER_BOUND('',#477,.T.);
#86=FACE_OUTER_BOUND('',#478,.T.);
#87=FACE_OUTER_BOUND('',#479,.T.);
#88=FACE_OUTER_BOUND('',#480,.T.);
#89=FACE_OUTER_BOUND('',#481,.T.);
#90=FACE_OUTER_BOUND('',#482,.T.);
#91=FACE_OUTER_BOUND('',#483,.T.);
#92=FACE_OUTER_BOUND('',#484,.T.);
#93=FACE_OUTER_BOUND('',#485,.T.);
#94=FACE_OUTER_BOUND('',#486,.T.);
#95=FACE_OUTER_BOUND('',#487,.T.);
#96=FACE_OUTER_BOUND('',#488,.T.);
#97=FACE_OUTER_BOUND('',#489,.T.);
#98=FACE_OUTER_BOUND('',#490,.T.);
#99=FACE_OUTER_BOUND('',#491,.T.);
#100=FACE_OUTER_BOUND('',#492,.T.);
#101=FACE_OUTER_BOUND('',#493,.T.);
#102=FACE_OUTER_BOUND('',#494,.T.);
#103=FACE_OUTER_BOUND('',#495,.T.);
#104=FACE_OUTER_BOUND('',#496,.T.);
#105=FACE_OUTER_BOUND('',#497,.T.);
#106=FACE_OUTER_BOUND('',#498,.T.);
#107=FACE_OUTER_BOUND('',#499,.T.);
#108=FACE_OUTER_BOUND('',#500,.T.);
#109=FACE_OUTER_BOUND('',#501,.T.);
#110=FACE_OUTER_BOUND('',#502,.T.);
#111=FACE_OUTER_BOUND('',#503,.T.);
#112=FACE_OUTER_BOUND('',#504,.T.);
#113=FACE_OUTER_BOUND('',#505,.T.);
#114=FACE_OUTER_BOUND('',#506,.T.);
#115=FACE_OUTER_BOUND('',#507,.T.);
#116=FACE_OUTER_BOUND('',#508,.T.);
#117=FACE_OUTER_BOUND('',#509,.T.);
#118=FACE_OUTER_BOUND('',#510,.T.);
#119=FACE_OUTER_BOUND('',#511,.T.);
#120=FACE_OUTER_BOUND('',#512,.T.);
#121=FACE_OUTER_BOUND('',#513,.T.);
#122=FACE_OUTER_BOUND('',#514,.T.);
#123=FACE_OUTER_BOUND('',#515,.T.);
#124=FACE_OUTER_BOUND('',#516,.T.);
#125=FACE_OUTER_BOUND('',#517,.T.);
#126=FACE_OUTER_BOUND('',#518,.T.);
#127=FACE_OUTER_BOUND('',#519,.T.);
#128=FACE_OUTER_BOUND('',#520,.T.);
#129=FACE_OUTER_BOUND('',#521,.T.);
#130=FACE_OUTER_BOUND('',#522,.T.);
#131=FACE_OUTER_BOUND('',#523,.T.);
#132=FACE_OUTER_BOUND('',#524,.T.);
#133=FACE_OUTER_BOUND('',#525,.T.);
#134=FACE_OUTER_BOUND('',#526,.T.);
#135=FACE_OUTER_BOUND('',#527,.T.);
#136=FACE_OUTER_BOUND('',#528,.T.);
#137=FACE_OUTER_BOUND('',#529,.T.);
#138=FACE_OUTER_BOUND('',#530,.T.);
#139=FACE_OUTER_BOUND('',#531,.T.);
#140=FACE_OUTER_BOUND('',#532,.T.);
#141=FACE_OUTER_BOUND('',#533,.T.);
#142=FACE_OUTER_BOUND('',#534,.T.);
#143=FACE_OUTER_BOUND('',#535,.T.);
#144=FACE_OUTER_BOUND('',#536,.T.);
#145=FACE_OUTER_BOUND('',#537,.T.);
#146=FACE_OUTER_BOUND('',#538,.T.);
#147=FACE_OUTER_BOUND('',#539,.T.);
#148=FACE_OUTER_BOUND('',#540,.T.);
#149=FACE_OUTER_BOUND('',#541,.T.);
#150=FACE_OUTER_BOUND('',#542,.T.);
#151=FACE_OUTER_BOUND('',#543,.T.);
#152=FACE_OUTER_BOUND('',#544,.T.);
#153=FACE_OUTER_BOUND('',#545,.T.);
#154=FACE_OUTER_BOUND('',#546,.T.);
#155=FACE_OUTER_BOUND('',#547,.T.);
#156=FACE_OUTER_BOUND('',#548,.T.);
#157=FACE_OUTER_BOUND('',#549,.T.);
#158=FACE_OUTER_BOUND('',#550,.T.);
#159=FACE_OUTER_BOUND('',#551,.T.);
#160=FACE_OUTER_BOUND('',#552,.T.);
#161=FACE_OUTER_BOUND('',#553,.T.);
#162=FACE_OUTER_BOUND('',#554,.T.);
#163=FACE_OUTER_BOUND('',#555,.T.);
#164=FACE_OUTER_BOUND('',#556,.T.);
#165=FACE_OUTER_BOUND('',#557,.T.);
#166=FACE_OUTER_BOUND('',#558,.T.);
#167=FACE_OUTER_BOUND('',#559,.T.);
#168=FACE_OUTER_BOUND('',#560,.T.);
#169=FACE_OUTER_BOUND('',#561,.T.);
#170=FACE_OUTER_BOUND('',#562,.T.);
#171=FACE_OUTER_BOUND('',#563,.T.);
#172=FACE_OUTER_BOUND('',#564,.T.);
#173=FACE_OUTER_BOUND('',#565,.T.);
#174=FACE_OUTER_BOUND('',#566,.T.);
#175=FACE_OUTER_BOUND('',#567,.T.);
#176=FACE_OUTER_BOUND('',#568,.T.);
#177=FACE_OUTER_BOUND('',#569,.T.);
#178=FACE_OUTER_BOUND('',#570,.T.);
#179=FACE_OUTER_BOUND('',#571,.T.);
#180=FACE_OUTER_BOUND('',#572,.T.);
#181=FACE_OUTER_BOUND('',#573,.T.);
#182=FACE_OUTER_BOUND('',#574,.T.);
#183=FACE_OUTER_BOUND('',#575,.T.);
#184=FACE_OUTER_BOUND('',#576,.T.);
#185=FACE_OUTER_BOUND('',#577,.T.);
#186=FACE_OUTER_BOUND('',#578,.T.);
#187=FACE_OUTER_BOUND('',#579,.T.);
#188=FACE_OUTER_BOUND('',#580,.T.);
#189=FACE_OUTER_BOUND('',#581,.T.);
#190=FACE_OUTER_BOUND('',#582,.T.);
#191=FACE_OUTER_BOUND('',#583,.T.);
#192=FACE_OUTER_BOUND('',#584,.T.);
#193=FACE_OUTER_BOUND('',#585,.T.);
#194=FACE_OUTER_BOUND('',#586,.T.);
#195=FACE_OUTER_BOUND('',#587,.T.);
#196=FACE_OUTER_BOUND('',#588,.T.);
#197=FACE_OUTER_BOUND('',#589,.T.);
#198=FACE_OUTER_BOUND('',#590,.T.);
#199=FACE_OUTER_BOUND('',#591,.T.);
#200=FACE_OUTER_BOUND('',#592,.T.);
#201=FACE_OUTER_BOUND('',#593,.T.);
#202=FACE_OUTER_BOUND('',#594,.T.);
#203=FACE_OUTER_BOUND('',#595,.T.);
#204=FACE_OUTER_BOUND('',#596,.T.);
#205=FACE_OUTER_BOUND('',#597,.T.);
#206=FACE_OUTER_BOUND('',#598,.T.);
#207=FACE_OUTER_BOUND('',#599,.T.);
#208=FACE_OUTER_BOUND('',#600,.T.);
#209=FACE_OUTER_BOUND('',#601,.T.);
#210=FACE_OUTER_BOUND('',#602,.T.);
#211=FACE_OUTER_BOUND('',#603,.T.);
#212=FACE_OUTER_BOUND('',#604,.T.);
#213=FACE_OUTER_BOUND('',#605,.T.);
#214=FACE_OUTER_BOUND('',#606,.T.);
#215=FACE_OUTER_BOUND('',#607,.T.);
#216=FACE_OUTER_BOUND('',#608,.T.);
#217=FACE_OUTER_BOUND('',#609,.T.);
#218=FACE_OUTER_BOUND('',#610,.T.);
#219=FACE_OUTER_BOUND('',#611,.T.);
#220=FACE_OUTER_BOUND('',#612,.T.);
#221=FACE_OUTER_BOUND('',#613,.T.);
#222=FACE_OUTER_BOUND('',#614,.T.);
#223=FACE_OUTER_BOUND('',#615,.T.);
#224=FACE_OUTER_BOUND('',#616,.T.);
#225=FACE_OUTER_BOUND('',#617,.T.);
#226=FACE_OUTER_BOUND('',#618,.T.);
#227=FACE_OUTER_BOUND('',#619,.T.);
#228=FACE_OUTER_BOUND('',#620,.T.);
#229=FACE_OUTER_BOUND('',#621,.T.);
#230=FACE_OUTER_BOUND('',#622,.T.);
#231=FACE_OUTER_BOUND('',#623,.T.);
#232=FACE_OUTER_BOUND('',#624,.T.);
#233=FACE_OUTER_BOUND('',#625,.T.);
#234=FACE_OUTER_BOUND('',#626,.T.);
#235=FACE_OUTER_BOUND('',#627,.T.);
#236=FACE_OUTER_BOUND('',#628,.T.);
#237=FACE_OUTER_BOUND('',#629,.T.);
#238=FACE_OUTER_BOUND('',#630,.T.);
#239=FACE_OUTER_BOUND('',#631,.T.);
#240=FACE_OUTER_BOUND('',#632,.T.);
#241=FACE_OUTER_BOUND('',#633,.T.);
#242=FACE_OUTER_BOUND('',#634,.T.);
#243=FACE_OUTER_BOUND('',#635,.T.);
#244=FACE_OUTER_BOUND('',#636,.T.);
#245=FACE_OUTER_BOUND('',#637,.T.);
#246=FACE_OUTER_BOUND('',#638,.T.);
#247=FACE_OUTER_BOUND('',#639,.T.);
#248=FACE_OUTER_BOUND('',#640,.T.);
#249=FACE_OUTER_BOUND('',#641,.T.);
#250=FACE_OUTER_BOUND('',#642,.T.);
#251=FACE_OUTER_BOUND('',#643,.T.);
#252=FACE_OUTER_BOUND('',#644,.T.);
#253=FACE_OUTER_BOUND('',#645,.T.);
#254=FACE_OUTER_BOUND('',#646,.T.);
#255=FACE_OUTER_BOUND('',#647,.T.);
#256=FACE_OUTER_BOUND('',#648,.T.);
#257=FACE_OUTER_BOUND('',#649,.T.);
#258=FACE_OUTER_BOUND('',#650,.T.);
#259=FACE_OUTER_BOUND('',#651,.T.);
#260=FACE_OUTER_BOUND('',#652,.T.);
#261=FACE_OUTER_BOUND('',#653,.T.);
#262=FACE_OUTER_BOUND('',#654,.T.);
#263=FACE_OUTER_BOUND('',#655,.T.);
#264=FACE_OUTER_BOUND('',#656,.T.);
#265=FACE_OUTER_BOUND('',#657,.T.);
#266=FACE_OUTER_BOUND('',#658,.T.);
#267=FACE_OUTER_BOUND('',#659,.T.);
#268=FACE_OUTER_BOUND('',#660,.T.);
#269=FACE_OUTER_BOUND('',#661,.T.);
#270=FACE_OUTER_BOUND('',#662,.T.);
#271=FACE_OUTER_BOUND('',#663,.T.);
#272=FACE_OUTER_BOUND('',#664,.T.);
#273=FACE_OUTER_BOUND('',#665,.T.);
#274=FACE_OUTER_BOUND('',#666,.T.);
#275=FACE_OUTER_BOUND('',#667,.T.);
#276=FACE_OUTER_BOUND('',#668,.T.);
#277=FACE_OUTER_BOUND('',#669,.T.);
#278=FACE_OUTER_BOUND('',#670,.T.);
#279=FACE_OUTER_BOUND('',#671,.T.);
#280=FACE_OUTER_BOUND('',#672,.T.);
#281=FACE_OUTER_BOUND('',#673,.T.);
#282=FACE_OUTER_BOUND('',#674,.T.);
#283=FACE_OUTER_BOUND('',#675,.T.);
#284=FACE_OUTER_BOUND('',#676,.T.);
#285=FACE_OUTER_BOUND('',#677,.T.);
#286=FACE_OUTER_BOUND('',#678,.T.);
#287=FACE_OUTER_BOUND('',#679,.T.);
#288=FACE_OUTER_BOUND('',#680,.T.);
#289=FACE_OUTER_BOUND('',#681,.T.);
#290=FACE_OUTER_BOUND('',#682,.T.);
#291=FACE_OUTER_BOUND('',#683,.T.);
#292=FACE_OUTER_BOUND('',#684,.T.);
#293=FACE_OUTER_BOUND('',#685,.T.);
#294=FACE_OUTER_BOUND('',#686,.T.);
#295=FACE_OUTER_BOUND('',#687,.T.);
#296=FACE_OUTER_BOUND('',#688,.T.);
#297=FACE_OUTER_BOUND('',#689,.T.);
#298=FACE_OUTER_BOUND('',#690,.T.);
#299=FACE_OUTER_BOUND('',#691,.T.);
#300=FACE_OUTER_BOUND('',#692,.T.);
#301=FACE_OUTER_BOUND('',#693,.T.);
#302=FACE_OUTER_BOUND('',#694,.T.);
#303=FACE_OUTER_BOUND('',#695,.T.);
#304=FACE_OUTER_BOUND('',#696,.T.);
#305=FACE_OUTER_BOUND('',#697,.T.);
#306=FACE_OUTER_BOUND('',#698,.T.);
#307=FACE_OUTER_BOUND('',#699,.T.);
#308=FACE_OUTER_BOUND('',#700,.T.);
#309=FACE_OUTER_BOUND('',#701,.T.);
#310=FACE_OUTER_BOUND('',#702,.T.);
#311=FACE_OUTER_BOUND('',#703,.T.);
#312=FACE_OUTER_BOUND('',#704,.T.);
#313=FACE_OUTER_BOUND('',#705,.T.);
#314=FACE_OUTER_BOUND('',#706,.T.);
#315=FACE_OUTER_BOUND('',#707,.T.);
#316=FACE_OUTER_BOUND('',#708,.T.);
#317=FACE_OUTER_BOUND('',#709,.T.);
#318=FACE_OUTER_BOUND('',#710,.T.);
#319=FACE_OUTER_BOUND('',#711,.T.);
#320=FACE_OUTER_BOUND('',#712,.T.);
#321=FACE_OUTER_BOUND('',#713,.T.);
#322=FACE_OUTER_BOUND('',#714,.T.);
#323=FACE_OUTER_BOUND('',#715,.T.);
#324=FACE_OUTER_BOUND('',#716,.T.);
#325=FACE_OUTER_BOUND('',#717,.T.);
#326=FACE_OUTER_BOUND('',#718,.T.);
#327=FACE_OUTER_BOUND('',#719,.T.);
#328=FACE_OUTER_BOUND('',#720,.T.);
#329=FACE_OUTER_BOUND('',#721,.T.);
#330=FACE_OUTER_BOUND('',#722,.T.);
#331=FACE_OUTER_BOUND('',#723,.T.);
#332=FACE_OUTER_BOUND('',#724,.T.);
#333=FACE_OUTER_BOUND('',#725,.T.);
#334=FACE_OUTER_BOUND('',#726,.T.);
#335=FACE_OUTER_BOUND('',#727,.T.);
#336=FACE_OUTER_BOUND('',#728,.T.);
#337=FACE_OUTER_BOUND('',#729,.T.);
#338=FACE_OUTER_BOUND('',#730,.T.);
#339=FACE_OUTER_BOUND('',#731,.T.);
#340=FACE_OUTER_BOUND('',#732,.T.);
#341=FACE_OUTER_BOUND('',#733,.T.);
#342=FACE_OUTER_BOUND('',#734,.T.);
#343=FACE_OUTER_BOUND('',#735,.T.);
#344=FACE_OUTER_BOUND('',#736,.T.);
#345=FACE_OUTER_BOUND('',#737,.T.);
#346=FACE_OUTER_BOUND('',#738,.T.);
#347=FACE_OUTER_BOUND('',#739,.T.);
#348=FACE_OUTER_BOUND('',#740,.T.);
#349=FACE_OUTER_BOUND('',#741,.T.);
#350=FACE_OUTER_BOUND('',#742,.T.);
#351=FACE_OUTER_BOUND('',#743,.T.);
#352=FACE_OUTER_BOUND('',#744,.T.);
#353=FACE_OUTER_BOUND('',#745,.T.);
#354=FACE_OUTER_BOUND('',#746,.T.);
#355=FACE_OUTER_BOUND('',#747,.T.);
#356=FACE_OUTER_BOUND('',#748,.T.);
#357=FACE_OUTER_BOUND('',#749,.T.);
#358=FACE_OUTER_BOUND('',#750,.T.);
#359=FACE_OUTER_BOUND('',#751,.T.);
#360=FACE_OUTER_BOUND('',#752,.T.);
#361=FACE_OUTER_BOUND('',#753,.T.);
#362=FACE_OUTER_BOUND('',#754,.T.);
#363=FACE_OUTER_BOUND('',#755,.T.);
#364=FACE_OUTER_BOUND('',#756,.T.);
#365=FACE_OUTER_BOUND('',#757,.T.);
#366=FACE_OUTER_BOUND('',#758,.T.);
#367=FACE_OUTER_BOUND('',#759,.T.);
#368=FACE_OUTER_BOUND('',#760,.T.);
#369=FACE_OUTER_BOUND('',#761,.T.);
#370=FACE_OUTER_BOUND('',#762,.T.);
#371=FACE_OUTER_BOUND('',#763,.T.);
#372=FACE_OUTER_BOUND('',#764,.T.);
#373=FACE_OUTER_BOUND('',#765,.T.);
#374=FACE_OUTER_BOUND('',#766,.T.);
#375=FACE_OUTER_BOUND('',#767,.T.);
#376=FACE_OUTER_BOUND('',#768,.T.);
#377=FACE_OUTER_BOUND('',#769,.T.);
#378=FACE_OUTER_BOUND('',#770,.T.);
#379=FACE_OUTER_BOUND('',#771,.T.);
#380=FACE_OUTER_BOUND('',#772,.T.);
#381=FACE_OUTER_BOUND('',#773,.T.);
#382=FACE_OUTER_BOUND('',#774,.T.);
#383=FACE_OUTER_BOUND('',#775,.T.);
#384=FACE_OUTER_BOUND('',#776,.T.);
#385=FACE_OUTER_BOUND('',#777,.T.);
#386=FACE_OUTER_BOUND('',#778,.T.);
#387=FACE_OUTER_BOUND('',#779,.T.);
#388=FACE_OUTER_BOUND('',#780,.T.);
#389=FACE_OUTER_BOUND('',#781,.T.);
#390=FACE_OUTER_BOUND('',#782,.T.);
#391=FACE_OUTER_BOUND('',#783,.T.);
#392=FACE_OUTER_BOUND('',#784,.T.);
#393=FACE_OUTER_BOUND('',#785,.T.);
#394=FACE_OUTER_BOUND('',#786,.T.);
#395=FACE_OUTER_BOUND('',#787,.T.);
#396=FACE_OUTER_BOUND('',#788,.T.);
#397=FACE_OUTER_BOUND('',#789,.T.);
#398=FACE_OUTER_BOUND('',#790,.T.);
#399=FACE_OUTER_BOUND('',#791,.T.);
#400=FACE_OUTER_BOUND('',#792,.T.);
#401=FACE_OUTER_BOUND('',#793,.T.);
#402=FACE_OUTER_BOUND('',#794,.T.);
#403=FACE_OUTER_BOUND('',#795,.T.);
#404=FACE_OUTER_BOUND('',#796,.T.);
#405=FACE_OUTER_BOUND('',#797,.T.);
#406=FACE_OUTER_BOUND('',#798,.T.);
#407=FACE_OUTER_BOUND('',#799,.T.);
#408=FACE_OUTER_BOUND('',#800,.T.);
#409=FACE_OUTER_BOUND('',#801,.T.);
#410=FACE_OUTER_BOUND('',#802,.T.);
#411=FACE_OUTER_BOUND('',#804,.T.);
#412=EDGE_LOOP('',(#5092,#5093,#5094,#5095));
#413=EDGE_LOOP('',(#5096,#5097,#5098,#5099));
#414=EDGE_LOOP('',(#5100,#5101,#5102,#5103));
#415=EDGE_LOOP('',(#5104,#5105,#5106,#5107));
#416=EDGE_LOOP('',(#5108,#5109,#5110,#5111));
#417=EDGE_LOOP('',(#5112,#5113,#5114,#5115));
#418=EDGE_LOOP('',(#5116,#5117,#5118,#5119));
#419=EDGE_LOOP('',(#5120,#5121,#5122,#5123));
#420=EDGE_LOOP('',(#5124,#5125,#5126,#5127));
#421=EDGE_LOOP('',(#5128,#5129,#5130,#5131));
#422=EDGE_LOOP('',(#5132,#5133,#5134,#5135));
#423=EDGE_LOOP('',(#5136,#5137,#5138,#5139));
#424=EDGE_LOOP('',(#5140,#5141,#5142,#5143));
#425=EDGE_LOOP('',(#5144,#5145,#5146,#5147));
#426=EDGE_LOOP('',(#5148,#5149,#5150,#5151));
#427=EDGE_LOOP('',(#5152,#5153,#5154,#5155));
#428=EDGE_LOOP('',(#5156,#5157,#5158,#5159));
#429=EDGE_LOOP('',(#5160,#5161,#5162,#5163));
#430=EDGE_LOOP('',(#5164,#5165,#5166,#5167));
#431=EDGE_LOOP('',(#5168,#5169,#5170,#5171));
#432=EDGE_LOOP('',(#5172,#5173,#5174,#5175));
#433=EDGE_LOOP('',(#5176,#5177,#5178,#5179));
#434=EDGE_LOOP('',(#5180,#5181,#5182,#5183));
#435=EDGE_LOOP('',(#5184,#5185,#5186,#5187));
#436=EDGE_LOOP('',(#5188,#5189,#5190,#5191));
#437=EDGE_LOOP('',(#5192,#5193,#5194,#5195));
#438=EDGE_LOOP('',(#5196,#5197,#5198,#5199));
#439=EDGE_LOOP('',(#5200,#5201,#5202,#5203));
#440=EDGE_LOOP('',(#5204,#5205,#5206,#5207));
#441=EDGE_LOOP('',(#5208,#5209,#5210,#5211));
#442=EDGE_LOOP('',(#5212,#5213,#5214,#5215));
#443=EDGE_LOOP('',(#5216,#5217,#5218,#5219));
#444=EDGE_LOOP('',(#5220,#5221,#5222,#5223));
#445=EDGE_LOOP('',(#5224,#5225,#5226,#5227));
#446=EDGE_LOOP('',(#5228,#5229,#5230,#5231));
#447=EDGE_LOOP('',(#5232,#5233,#5234,#5235));
#448=EDGE_LOOP('',(#5236,#5237,#5238,#5239));
#449=EDGE_LOOP('',(#5240,#5241,#5242,#5243));
#450=EDGE_LOOP('',(#5244,#5245,#5246,#5247));
#451=EDGE_LOOP('',(#5248,#5249,#5250,#5251));
#452=EDGE_LOOP('',(#5252,#5253,#5254,#5255));
#453=EDGE_LOOP('',(#5256,#5257,#5258,#5259));
#454=EDGE_LOOP('',(#5260,#5261,#5262,#5263));
#455=EDGE_LOOP('',(#5264,#5265,#5266,#5267));
#456=EDGE_LOOP('',(#5268,#5269,#5270,#5271));
#457=EDGE_LOOP('',(#5272,#5273,#5274,#5275));
#458=EDGE_LOOP('',(#5276,#5277,#5278,#5279));
#459=EDGE_LOOP('',(#5280,#5281,#5282,#5283));
#460=EDGE_LOOP('',(#5284,#5285,#5286,#5287));
#461=EDGE_LOOP('',(#5288,#5289,#5290,#5291));
#462=EDGE_LOOP('',(#5292,#5293,#5294,#5295));
#463=EDGE_LOOP('',(#5296,#5297,#5298,#5299));
#464=EDGE_LOOP('',(#5300,#5301,#5302,#5303));
#465=EDGE_LOOP('',(#5304,#5305,#5306,#5307));
#466=EDGE_LOOP('',(#5308,#5309,#5310,#5311));
#467=EDGE_LOOP('',(#5312,#5313,#5314,#5315));
#468=EDGE_LOOP('',(#5316,#5317,#5318,#5319));
#469=EDGE_LOOP('',(#5320,#5321,#5322,#5323));
#470=EDGE_LOOP('',(#5324,#5325,#5326,#5327));
#471=EDGE_LOOP('',(#5328,#5329,#5330,#5331));
#472=EDGE_LOOP('',(#5332,#5333,#5334,#5335));
#473=EDGE_LOOP('',(#5336,#5337,#5338,#5339));
#474=EDGE_LOOP('',(#5340,#5341,#5342,#5343));
#475=EDGE_LOOP('',(#5344,#5345,#5346,#5347));
#476=EDGE_LOOP('',(#5348,#5349,#5350,#5351));
#477=EDGE_LOOP('',(#5352,#5353,#5354,#5355));
#478=EDGE_LOOP('',(#5356,#5357,#5358,#5359));
#479=EDGE_LOOP('',(#5360,#5361,#5362,#5363));
#480=EDGE_LOOP('',(#5364,#5365,#5366,#5367));
#481=EDGE_LOOP('',(#5368,#5369,#5370,#5371));
#482=EDGE_LOOP('',(#5372,#5373,#5374,#5375));
#483=EDGE_LOOP('',(#5376,#5377,#5378,#5379));
#484=EDGE_LOOP('',(#5380,#5381,#5382,#5383));
#485=EDGE_LOOP('',(#5384,#5385,#5386,#5387));
#486=EDGE_LOOP('',(#5388,#5389,#5390,#5391));
#487=EDGE_LOOP('',(#5392,#5393,#5394,#5395));
#488=EDGE_LOOP('',(#5396,#5397,#5398,#5399));
#489=EDGE_LOOP('',(#5400,#5401,#5402,#5403));
#490=EDGE_LOOP('',(#5404,#5405,#5406,#5407));
#491=EDGE_LOOP('',(#5408,#5409,#5410,#5411));
#492=EDGE_LOOP('',(#5412,#5413,#5414,#5415));
#493=EDGE_LOOP('',(#5416,#5417,#5418,#5419));
#494=EDGE_LOOP('',(#5420,#5421,#5422,#5423));
#495=EDGE_LOOP('',(#5424,#5425,#5426,#5427));
#496=EDGE_LOOP('',(#5428,#5429,#5430,#5431));
#497=EDGE_LOOP('',(#5432,#5433,#5434,#5435));
#498=EDGE_LOOP('',(#5436,#5437,#5438,#5439));
#499=EDGE_LOOP('',(#5440,#5441,#5442,#5443));
#500=EDGE_LOOP('',(#5444,#5445,#5446,#5447));
#501=EDGE_LOOP('',(#5448,#5449,#5450,#5451));
#502=EDGE_LOOP('',(#5452,#5453,#5454,#5455));
#503=EDGE_LOOP('',(#5456,#5457,#5458,#5459));
#504=EDGE_LOOP('',(#5460,#5461,#5462,#5463));
#505=EDGE_LOOP('',(#5464,#5465,#5466,#5467));
#506=EDGE_LOOP('',(#5468,#5469,#5470,#5471));
#507=EDGE_LOOP('',(#5472,#5473,#5474,#5475));
#508=EDGE_LOOP('',(#5476,#5477,#5478,#5479));
#509=EDGE_LOOP('',(#5480,#5481,#5482,#5483));
#510=EDGE_LOOP('',(#5484,#5485,#5486,#5487));
#511=EDGE_LOOP('',(#5488,#5489,#5490,#5491));
#512=EDGE_LOOP('',(#5492,#5493,#5494,#5495));
#513=EDGE_LOOP('',(#5496,#5497,#5498,#5499));
#514=EDGE_LOOP('',(#5500,#5501,#5502,#5503));
#515=EDGE_LOOP('',(#5504,#5505,#5506,#5507));
#516=EDGE_LOOP('',(#5508,#5509,#5510,#5511));
#517=EDGE_LOOP('',(#5512,#5513,#5514,#5515));
#518=EDGE_LOOP('',(#5516,#5517,#5518,#5519));
#519=EDGE_LOOP('',(#5520,#5521,#5522,#5523));
#520=EDGE_LOOP('',(#5524,#5525,#5526,#5527));
#521=EDGE_LOOP('',(#5528,#5529,#5530,#5531));
#522=EDGE_LOOP('',(#5532,#5533,#5534,#5535));
#523=EDGE_LOOP('',(#5536,#5537,#5538,#5539));
#524=EDGE_LOOP('',(#5540,#5541,#5542,#5543));
#525=EDGE_LOOP('',(#5544,#5545,#5546,#5547));
#526=EDGE_LOOP('',(#5548,#5549,#5550,#5551));
#527=EDGE_LOOP('',(#5552,#5553,#5554,#5555));
#528=EDGE_LOOP('',(#5556,#5557,#5558,#5559));
#529=EDGE_LOOP('',(#5560,#5561,#5562,#5563));
#530=EDGE_LOOP('',(#5564,#5565,#5566,#5567));
#531=EDGE_LOOP('',(#5568,#5569,#5570,#5571));
#532=EDGE_LOOP('',(#5572,#5573,#5574,#5575));
#533=EDGE_LOOP('',(#5576,#5577,#5578,#5579));
#534=EDGE_LOOP('',(#5580,#5581,#5582,#5583));
#535=EDGE_LOOP('',(#5584,#5585,#5586,#5587));
#536=EDGE_LOOP('',(#5588,#5589,#5590,#5591));
#537=EDGE_LOOP('',(#5592,#5593,#5594,#5595));
#538=EDGE_LOOP('',(#5596,#5597,#5598,#5599));
#539=EDGE_LOOP('',(#5600,#5601,#5602,#5603));
#540=EDGE_LOOP('',(#5604,#5605,#5606,#5607));
#541=EDGE_LOOP('',(#5608,#5609,#5610,#5611));
#542=EDGE_LOOP('',(#5612,#5613,#5614,#5615));
#543=EDGE_LOOP('',(#5616,#5617,#5618,#5619));
#544=EDGE_LOOP('',(#5620,#5621,#5622,#5623));
#545=EDGE_LOOP('',(#5624,#5625,#5626,#5627));
#546=EDGE_LOOP('',(#5628,#5629,#5630,#5631));
#547=EDGE_LOOP('',(#5632,#5633,#5634,#5635));
#548=EDGE_LOOP('',(#5636,#5637,#5638,#5639));
#549=EDGE_LOOP('',(#5640,#5641,#5642,#5643));
#550=EDGE_LOOP('',(#5644,#5645,#5646,#5647));
#551=EDGE_LOOP('',(#5648,#5649,#5650,#5651));
#552=EDGE_LOOP('',(#5652,#5653,#5654,#5655));
#553=EDGE_LOOP('',(#5656,#5657,#5658,#5659));
#554=EDGE_LOOP('',(#5660,#5661,#5662,#5663));
#555=EDGE_LOOP('',(#5664,#5665,#5666,#5667));
#556=EDGE_LOOP('',(#5668,#5669,#5670,#5671));
#557=EDGE_LOOP('',(#5672,#5673,#5674,#5675));
#558=EDGE_LOOP('',(#5676,#5677,#5678,#5679));
#559=EDGE_LOOP('',(#5680,#5681,#5682,#5683));
#560=EDGE_LOOP('',(#5684,#5685,#5686,#5687));
#561=EDGE_LOOP('',(#5688,#5689,#5690,#5691));
#562=EDGE_LOOP('',(#5692,#5693,#5694,#5695));
#563=EDGE_LOOP('',(#5696,#5697,#5698,#5699));
#564=EDGE_LOOP('',(#5700,#5701,#5702,#5703));
#565=EDGE_LOOP('',(#5704,#5705,#5706,#5707));
#566=EDGE_LOOP('',(#5708,#5709,#5710,#5711));
#567=EDGE_LOOP('',(#5712,#5713,#5714,#5715));
#568=EDGE_LOOP('',(#5716,#5717,#5718,#5719));
#569=EDGE_LOOP('',(#5720,#5721,#5722,#5723));
#570=EDGE_LOOP('',(#5724,#5725,#5726,#5727));
#571=EDGE_LOOP('',(#5728,#5729,#5730,#5731));
#572=EDGE_LOOP('',(#5732,#5733,#5734,#5735));
#573=EDGE_LOOP('',(#5736,#5737,#5738,#5739));
#574=EDGE_LOOP('',(#5740,#5741,#5742,#5743));
#575=EDGE_LOOP('',(#5744,#5745,#5746,#5747));
#576=EDGE_LOOP('',(#5748,#5749,#5750,#5751));
#577=EDGE_LOOP('',(#5752,#5753,#5754,#5755));
#578=EDGE_LOOP('',(#5756,#5757,#5758,#5759));
#579=EDGE_LOOP('',(#5760,#5761,#5762,#5763));
#580=EDGE_LOOP('',(#5764,#5765,#5766,#5767));
#581=EDGE_LOOP('',(#5768,#5769,#5770,#5771));
#582=EDGE_LOOP('',(#5772,#5773,#5774,#5775));
#583=EDGE_LOOP('',(#5776,#5777,#5778,#5779));
#584=EDGE_LOOP('',(#5780,#5781,#5782,#5783));
#585=EDGE_LOOP('',(#5784,#5785,#5786,#5787));
#586=EDGE_LOOP('',(#5788,#5789,#5790,#5791));
#587=EDGE_LOOP('',(#5792,#5793,#5794,#5795));
#588=EDGE_LOOP('',(#5796,#5797,#5798,#5799));
#589=EDGE_LOOP('',(#5800,#5801,#5802,#5803));
#590=EDGE_LOOP('',(#5804,#5805,#5806,#5807));
#591=EDGE_LOOP('',(#5808,#5809,#5810,#5811));
#592=EDGE_LOOP('',(#5812,#5813,#5814,#5815));
#593=EDGE_LOOP('',(#5816,#5817,#5818,#5819));
#594=EDGE_LOOP('',(#5820,#5821,#5822,#5823));
#595=EDGE_LOOP('',(#5824,#5825,#5826,#5827));
#596=EDGE_LOOP('',(#5828,#5829,#5830,#5831));
#597=EDGE_LOOP('',(#5832,#5833,#5834,#5835));
#598=EDGE_LOOP('',(#5836,#5837,#5838,#5839));
#599=EDGE_LOOP('',(#5840,#5841,#5842,#5843));
#600=EDGE_LOOP('',(#5844,#5845,#5846,#5847));
#601=EDGE_LOOP('',(#5848,#5849,#5850,#5851));
#602=EDGE_LOOP('',(#5852,#5853,#5854,#5855));
#603=EDGE_LOOP('',(#5856,#5857,#5858,#5859));
#604=EDGE_LOOP('',(#5860,#5861,#5862,#5863));
#605=EDGE_LOOP('',(#5864,#5865,#5866,#5867));
#606=EDGE_LOOP('',(#5868,#5869,#5870,#5871));
#607=EDGE_LOOP('',(#5872,#5873,#5874,#5875));
#608=EDGE_LOOP('',(#5876,#5877,#5878,#5879));
#609=EDGE_LOOP('',(#5880,#5881,#5882,#5883));
#610=EDGE_LOOP('',(#5884,#5885,#5886,#5887));
#611=EDGE_LOOP('',(#5888,#5889,#5890,#5891));
#612=EDGE_LOOP('',(#5892,#5893,#5894,#5895));
#613=EDGE_LOOP('',(#5896,#5897,#5898,#5899));
#614=EDGE_LOOP('',(#5900,#5901,#5902,#5903));
#615=EDGE_LOOP('',(#5904,#5905,#5906,#5907));
#616=EDGE_LOOP('',(#5908,#5909,#5910,#5911));
#617=EDGE_LOOP('',(#5912,#5913,#5914,#5915));
#618=EDGE_LOOP('',(#5916,#5917,#5918,#5919));
#619=EDGE_LOOP('',(#5920,#5921,#5922,#5923));
#620=EDGE_LOOP('',(#5924,#5925,#5926,#5927));
#621=EDGE_LOOP('',(#5928,#5929,#5930,#5931));
#622=EDGE_LOOP('',(#5932,#5933,#5934,#5935));
#623=EDGE_LOOP('',(#5936,#5937,#5938,#5939));
#624=EDGE_LOOP('',(#5940,#5941,#5942,#5943));
#625=EDGE_LOOP('',(#5944,#5945,#5946,#5947));
#626=EDGE_LOOP('',(#5948,#5949,#5950,#5951));
#627=EDGE_LOOP('',(#5952,#5953,#5954,#5955));
#628=EDGE_LOOP('',(#5956,#5957,#5958,#5959));
#629=EDGE_LOOP('',(#5960,#5961,#5962,#5963));
#630=EDGE_LOOP('',(#5964,#5965,#5966,#5967));
#631=EDGE_LOOP('',(#5968,#5969,#5970,#5971));
#632=EDGE_LOOP('',(#5972,#5973,#5974,#5975));
#633=EDGE_LOOP('',(#5976,#5977,#5978,#5979));
#634=EDGE_LOOP('',(#5980,#5981,#5982,#5983));
#635=EDGE_LOOP('',(#5984,#5985,#5986,#5987));
#636=EDGE_LOOP('',(#5988,#5989,#5990,#5991));
#637=EDGE_LOOP('',(#5992,#5993,#5994,#5995));
#638=EDGE_LOOP('',(#5996,#5997,#5998,#5999));
#639=EDGE_LOOP('',(#6000,#6001,#6002,#6003));
#640=EDGE_LOOP('',(#6004,#6005,#6006,#6007));
#641=EDGE_LOOP('',(#6008,#6009,#6010,#6011));
#642=EDGE_LOOP('',(#6012,#6013,#6014,#6015));
#643=EDGE_LOOP('',(#6016,#6017,#6018,#6019));
#644=EDGE_LOOP('',(#6020,#6021,#6022,#6023));
#645=EDGE_LOOP('',(#6024,#6025,#6026,#6027));
#646=EDGE_LOOP('',(#6028,#6029,#6030,#6031));
#647=EDGE_LOOP('',(#6032,#6033,#6034,#6035));
#648=EDGE_LOOP('',(#6036,#6037,#6038,#6039));
#649=EDGE_LOOP('',(#6040,#6041,#6042,#6043));
#650=EDGE_LOOP('',(#6044,#6045,#6046,#6047));
#651=EDGE_LOOP('',(#6048,#6049,#6050,#6051));
#652=EDGE_LOOP('',(#6052,#6053,#6054,#6055));
#653=EDGE_LOOP('',(#6056,#6057,#6058,#6059));
#654=EDGE_LOOP('',(#6060,#6061,#6062,#6063));
#655=EDGE_LOOP('',(#6064,#6065,#6066,#6067));
#656=EDGE_LOOP('',(#6068,#6069,#6070,#6071));
#657=EDGE_LOOP('',(#6072,#6073,#6074,#6075));
#658=EDGE_LOOP('',(#6076,#6077,#6078,#6079));
#659=EDGE_LOOP('',(#6080,#6081,#6082,#6083));
#660=EDGE_LOOP('',(#6084,#6085,#6086,#6087));
#661=EDGE_LOOP('',(#6088,#6089,#6090,#6091));
#662=EDGE_LOOP('',(#6092,#6093,#6094,#6095));
#663=EDGE_LOOP('',(#6096,#6097,#6098,#6099));
#664=EDGE_LOOP('',(#6100,#6101,#6102,#6103));
#665=EDGE_LOOP('',(#6104,#6105,#6106,#6107));
#666=EDGE_LOOP('',(#6108,#6109,#6110,#6111));
#667=EDGE_LOOP('',(#6112,#6113,#6114,#6115));
#668=EDGE_LOOP('',(#6116,#6117,#6118,#6119));
#669=EDGE_LOOP('',(#6120,#6121,#6122,#6123));
#670=EDGE_LOOP('',(#6124,#6125,#6126,#6127));
#671=EDGE_LOOP('',(#6128,#6129,#6130,#6131));
#672=EDGE_LOOP('',(#6132,#6133,#6134,#6135));
#673=EDGE_LOOP('',(#6136,#6137,#6138,#6139));
#674=EDGE_LOOP('',(#6140,#6141,#6142,#6143));
#675=EDGE_LOOP('',(#6144,#6145,#6146,#6147));
#676=EDGE_LOOP('',(#6148,#6149,#6150,#6151));
#677=EDGE_LOOP('',(#6152,#6153,#6154,#6155));
#678=EDGE_LOOP('',(#6156,#6157,#6158,#6159));
#679=EDGE_LOOP('',(#6160,#6161,#6162,#6163));
#680=EDGE_LOOP('',(#6164,#6165,#6166,#6167));
#681=EDGE_LOOP('',(#6168,#6169,#6170,#6171));
#682=EDGE_LOOP('',(#6172,#6173,#6174,#6175));
#683=EDGE_LOOP('',(#6176,#6177,#6178,#6179));
#684=EDGE_LOOP('',(#6180,#6181,#6182,#6183));
#685=EDGE_LOOP('',(#6184,#6185,#6186,#6187));
#686=EDGE_LOOP('',(#6188,#6189,#6190,#6191));
#687=EDGE_LOOP('',(#6192,#6193,#6194,#6195));
#688=EDGE_LOOP('',(#6196,#6197,#6198,#6199));
#689=EDGE_LOOP('',(#6200,#6201,#6202,#6203));
#690=EDGE_LOOP('',(#6204,#6205,#6206,#6207));
#691=EDGE_LOOP('',(#6208,#6209,#6210,#6211));
#692=EDGE_LOOP('',(#6212,#6213,#6214,#6215));
#693=EDGE_LOOP('',(#6216,#6217,#6218,#6219));
#694=EDGE_LOOP('',(#6220,#6221,#6222,#6223));
#695=EDGE_LOOP('',(#6224,#6225,#6226,#6227));
#696=EDGE_LOOP('',(#6228,#6229,#6230,#6231));
#697=EDGE_LOOP('',(#6232,#6233,#6234,#6235));
#698=EDGE_LOOP('',(#6236,#6237,#6238,#6239));
#699=EDGE_LOOP('',(#6240,#6241,#6242,#6243));
#700=EDGE_LOOP('',(#6244,#6245,#6246,#6247));
#701=EDGE_LOOP('',(#6248,#6249,#6250,#6251));
#702=EDGE_LOOP('',(#6252,#6253,#6254,#6255));
#703=EDGE_LOOP('',(#6256,#6257,#6258,#6259));
#704=EDGE_LOOP('',(#6260,#6261,#6262,#6263));
#705=EDGE_LOOP('',(#6264,#6265,#6266,#6267));
#706=EDGE_LOOP('',(#6268,#6269,#6270,#6271));
#707=EDGE_LOOP('',(#6272,#6273,#6274,#6275));
#708=EDGE_LOOP('',(#6276,#6277,#6278,#6279));
#709=EDGE_LOOP('',(#6280,#6281,#6282,#6283));
#710=EDGE_LOOP('',(#6284,#6285,#6286,#6287));
#711=EDGE_LOOP('',(#6288,#6289,#6290,#6291));
#712=EDGE_LOOP('',(#6292,#6293,#6294,#6295));
#713=EDGE_LOOP('',(#6296,#6297,#6298,#6299));
#714=EDGE_LOOP('',(#6300,#6301,#6302,#6303));
#715=EDGE_LOOP('',(#6304,#6305,#6306,#6307));
#716=EDGE_LOOP('',(#6308,#6309,#6310,#6311));
#717=EDGE_LOOP('',(#6312,#6313,#6314,#6315));
#718=EDGE_LOOP('',(#6316,#6317,#6318,#6319));
#719=EDGE_LOOP('',(#6320,#6321,#6322,#6323));
#720=EDGE_LOOP('',(#6324,#6325,#6326,#6327));
#721=EDGE_LOOP('',(#6328,#6329,#6330,#6331));
#722=EDGE_LOOP('',(#6332,#6333,#6334,#6335));
#723=EDGE_LOOP('',(#6336,#6337,#6338,#6339));
#724=EDGE_LOOP('',(#6340,#6341,#6342,#6343));
#725=EDGE_LOOP('',(#6344,#6345,#6346,#6347));
#726=EDGE_LOOP('',(#6348,#6349,#6350,#6351));
#727=EDGE_LOOP('',(#6352,#6353,#6354,#6355));
#728=EDGE_LOOP('',(#6356,#6357,#6358,#6359));
#729=EDGE_LOOP('',(#6360,#6361,#6362,#6363));
#730=EDGE_LOOP('',(#6364,#6365,#6366,#6367));
#731=EDGE_LOOP('',(#6368,#6369,#6370,#6371));
#732=EDGE_LOOP('',(#6372,#6373,#6374,#6375));
#733=EDGE_LOOP('',(#6376,#6377,#6378,#6379));
#734=EDGE_LOOP('',(#6380,#6381,#6382,#6383));
#735=EDGE_LOOP('',(#6384,#6385,#6386,#6387));
#736=EDGE_LOOP('',(#6388,#6389,#6390,#6391));
#737=EDGE_LOOP('',(#6392,#6393,#6394,#6395));
#738=EDGE_LOOP('',(#6396,#6397,#6398,#6399));
#739=EDGE_LOOP('',(#6400,#6401,#6402,#6403));
#740=EDGE_LOOP('',(#6404,#6405,#6406,#6407));
#741=EDGE_LOOP('',(#6408,#6409,#6410,#6411));
#742=EDGE_LOOP('',(#6412,#6413,#6414,#6415));
#743=EDGE_LOOP('',(#6416,#6417,#6418,#6419));
#744=EDGE_LOOP('',(#6420,#6421,#6422,#6423));
#745=EDGE_LOOP('',(#6424,#6425,#6426,#6427));
#746=EDGE_LOOP('',(#6428,#6429,#6430,#6431));
#747=EDGE_LOOP('',(#6432,#6433,#6434,#6435));
#748=EDGE_LOOP('',(#6436,#6437,#6438,#6439));
#749=EDGE_LOOP('',(#6440,#6441,#6442,#6443));
#750=EDGE_LOOP('',(#6444,#6445,#6446,#6447));
#751=EDGE_LOOP('',(#6448,#6449,#6450,#6451));
#752=EDGE_LOOP('',(#6452,#6453,#6454,#6455));
#753=EDGE_LOOP('',(#6456,#6457,#6458,#6459));
#754=EDGE_LOOP('',(#6460,#6461,#6462,#6463));
#755=EDGE_LOOP('',(#6464,#6465,#6466,#6467));
#756=EDGE_LOOP('',(#6468,#6469,#6470,#6471));
#757=EDGE_LOOP('',(#6472,#6473,#6474,#6475));
#758=EDGE_LOOP('',(#6476,#6477,#6478,#6479));
#759=EDGE_LOOP('',(#6480,#6481,#6482,#6483));
#760=EDGE_LOOP('',(#6484,#6485,#6486,#6487));
#761=EDGE_LOOP('',(#6488,#6489,#6490,#6491));
#762=EDGE_LOOP('',(#6492,#6493,#6494,#6495));
#763=EDGE_LOOP('',(#6496,#6497,#6498,#6499));
#764=EDGE_LOOP('',(#6500,#6501,#6502,#6503));
#765=EDGE_LOOP('',(#6504,#6505,#6506,#6507));
#766=EDGE_LOOP('',(#6508,#6509,#6510,#6511));
#767=EDGE_LOOP('',(#6512,#6513,#6514,#6515));
#768=EDGE_LOOP('',(#6516,#6517,#6518,#6519));
#769=EDGE_LOOP('',(#6520,#6521,#6522,#6523));
#770=EDGE_LOOP('',(#6524,#6525,#6526,#6527));
#771=EDGE_LOOP('',(#6528,#6529,#6530,#6531));
#772=EDGE_LOOP('',(#6532,#6533,#6534,#6535));
#773=EDGE_LOOP('',(#6536,#6537,#6538,#6539));
#774=EDGE_LOOP('',(#6540,#6541,#6542,#6543));
#775=EDGE_LOOP('',(#6544,#6545,#6546,#6547));
#776=EDGE_LOOP('',(#6548,#6549,#6550,#6551));
#777=EDGE_LOOP('',(#6552,#6553,#6554,#6555));
#778=EDGE_LOOP('',(#6556,#6557,#6558,#6559));
#779=EDGE_LOOP('',(#6560,#6561,#6562,#6563));
#780=EDGE_LOOP('',(#6564,#6565,#6566,#6567));
#781=EDGE_LOOP('',(#6568,#6569,#6570,#6571));
#782=EDGE_LOOP('',(#6572,#6573,#6574,#6575));
#783=EDGE_LOOP('',(#6576,#6577,#6578,#6579));
#784=EDGE_LOOP('',(#6580,#6581,#6582,#6583));
#785=EDGE_LOOP('',(#6584,#6585,#6586,#6587));
#786=EDGE_LOOP('',(#6588,#6589,#6590,#6591));
#787=EDGE_LOOP('',(#6592,#6593,#6594,#6595));
#788=EDGE_LOOP('',(#6596,#6597,#6598,#6599));
#789=EDGE_LOOP('',(#6600,#6601,#6602,#6603));
#790=EDGE_LOOP('',(#6604,#6605,#6606,#6607));
#791=EDGE_LOOP('',(#6608,#6609,#6610,#6611));
#792=EDGE_LOOP('',(#6612,#6613,#6614,#6615));
#793=EDGE_LOOP('',(#6616,#6617,#6618,#6619));
#794=EDGE_LOOP('',(#6620,#6621,#6622,#6623));
#795=EDGE_LOOP('',(#6624,#6625,#6626,#6627));
#796=EDGE_LOOP('',(#6628,#6629,#6630,#6631));
#797=EDGE_LOOP('',(#6632,#6633,#6634,#6635));
#798=EDGE_LOOP('',(#6636,#6637,#6638,#6639));
#799=EDGE_LOOP('',(#6640,#6641,#6642,#6643));
#800=EDGE_LOOP('',(#6644,#6645,#6646,#6647));
#801=EDGE_LOOP('',(#6648,#6649,#6650,#6651));
#802=EDGE_LOOP('',(#6652,#6653,#6654,#6655,#6656,#6657,#6658,#6659,#6660,
#6661,#6662,#6663,#6664,#6665,#6666,#6667,#6668,#6669,#6670,#6671,#6672,
#6673,#6674,#6675,#6676,#6677,#6678,#6679,#6680,#6681,#6682,#6683,#6684,
#6685,#6686,#6687,#6688,#6689,#6690,#6691,#6692,#6693,#6694,#6695,#6696,
#6697,#6698,#6699,#6700,#6701,#6702,#6703,#6704,#6705,#6706,#6707,#6708,
#6709,#6710,#6711,#6712,#6713,#6714,#6715,#6716,#6717,#6718,#6719,#6720,
#6721,#6722,#6723,#6724,#6725,#6726,#6727,#6728,#6729,#6730,#6731,#6732,
#6733,#6734,#6735,#6736,#6737,#6738,#6739,#6740,#6741,#6742,#6743,#6744,
#6745,#6746,#6747,#6748,#6749,#6750,#6751,#6752,#6753,#6754,#6755,#6756,
#6757,#6758,#6759,#6760,#6761,#6762,#6763,#6764,#6765,#6766,#6767,#6768,
#6769,#6770,#6771,#6772,#6773,#6774,#6775,#6776,#6777,#6778,#6779,#6780,
#6781,#6782,#6783,#6784,#6785,#6786,#6787,#6788,#6789,#6790,#6791,#6792,
#6793,#6794,#6795,#6796,#6797,#6798,#6799,#6800,#6801,#6802,#6803,#6804,
#6805,#6806,#6807,#6808,#6809,#6810,#6811,#6812,#6813,#6814,#6815,#6816,
#6817,#6818,#6819,#6820,#6821,#6822,#6823,#6824,#6825,#6826,#6827,#6828,
#6829,#6830,#6831,#6832,#6833,#6834,#6835,#6836,#6837,#6838,#6839,#6840,
#6841,#6842,#6843,#6844,#6845,#6846,#6847,#6848,#6849,#6850,#6851,#6852,
#6853,#6854,#6855,#6856,#6857,#6858,#6859,#6860,#6861,#6862,#6863,#6864,
#6865,#6866,#6867,#6868,#6869,#6870,#6871,#6872,#6873,#6874,#6875,#6876,
#6877,#6878,#6879,#6880,#6881,#6882,#6883,#6884,#6885,#6886,#6887,#6888,
#6889,#6890,#6891,#6892,#6893,#6894,#6895,#6896,#6897,#6898,#6899,#6900,
#6901,#6902,#6903,#6904,#6905,#6906,#6907,#6908,#6909,#6910,#6911,#6912,
#6913,#6914,#6915,#6916,#6917,#6918,#6919,#6920,#6921,#6922,#6923,#6924,
#6925,#6926,#6927,#6928,#6929,#6930,#6931,#6932,#6933,#6934,#6935,#6936,
#6937,#6938,#6939,#6940,#6941,#6942,#6943,#6944,#6945,#6946,#6947,#6948,
#6949,#6950,#6951,#6952,#6953,#6954,#6955,#6956,#6957,#6958,#6959,#6960,
#6961,#6962,#6963,#6964,#6965,#6966,#6967,#6968,#6969,#6970,#6971,#6972,
#6973,#6974,#6975,#6976,#6977,#6978,#6979,#6980,#6981,#6982,#6983,#6984,
#6985,#6986,#6987,#6988,#6989,#6990,#6991,#6992,#6993,#6994,#6995,#6996,
#6997,#6998,#6999,#7000,#7001,#7002,#7003,#7004,#7005,#7006,#7007,#7008,
#7009,#7010,#7011,#7012,#7013,#7014,#7015,#7016,#7017,#7018,#7019,#7020,
#7021,#7022,#7023,#7024,#7025,#7026,#7027,#7028,#7029,#7030,#7031,#7032,
#7033,#7034,#7035));
#803=EDGE_LOOP('',(#7036,#7037,#7038,#7039,#7040,#7041));
#804=EDGE_LOOP('',(#7042,#7043,#7044,#7045,#7046,#7047,#7048,#7049,#7050,
#7051,#7052,#7053,#7054,#7055,#7056,#7057,#7058,#7059,#7060,#7061,#7062,
#7063,#7064,#7065,#7066,#7067,#7068,#7069,#7070,#7071,#7072,#7073,#7074,
#7075,#7076,#7077,#7078,#7079,#7080,#7081,#7082,#7083,#7084,#7085,#7086,
#7087,#7088,#7089,#7090,#7091,#7092,#7093,#7094,#7095,#7096,#7097,#7098,
#7099,#7100,#7101,#7102,#7103,#7104,#7105,#7106,#7107,#7108,#7109,#7110,
#7111,#7112,#7113,#7114,#7115,#7116,#7117,#7118,#7119,#7120,#7121,#7122,
#7123,#7124,#7125,#7126,#7127,#7128,#7129,#7130,#7131,#7132,#7133,#7134,
#7135,#7136,#7137,#7138,#7139,#7140,#7141,#7142,#7143,#7144,#7145,#7146,
#7147,#7148,#7149,#7150,#7151,#7152,#7153,#7154,#7155,#7156,#7157,#7158,
#7159,#7160,#7161,#7162,#7163,#7164,#7165,#7166,#7167,#7168,#7169,#7170,
#7171,#7172,#7173,#7174,#7175,#7176,#7177,#7178,#7179,#7180,#7181,#7182,
#7183,#7184,#7185,#7186,#7187,#7188,#7189,#7190,#7191,#7192,#7193,#7194,
#7195,#7196,#7197,#7198,#7199,#7200,#7201,#7202,#7203,#7204,#7205,#7206,
#7207,#7208,#7209,#7210,#7211,#7212,#7213,#7214,#7215,#7216,#7217,#7218,
#7219,#7220,#7221,#7222,#7223,#7224,#7225,#7226,#7227,#7228,#7229,#7230,
#7231,#7232,#7233,#7234,#7235,#7236,#7237,#7238,#7239,#7240,#7241,#7242,
#7243,#7244,#7245,#7246,#7247,#7248,#7249,#7250,#7251,#7252,#7253,#7254,
#7255,#7256,#7257,#7258,#7259,#7260,#7261,#7262,#7263,#7264,#7265,#7266,
#7267,#7268,#7269,#7270,#7271,#7272,#7273,#7274,#7275,#7276,#7277,#7278,
#7279,#7280,#7281,#7282,#7283,#7284,#7285,#7286,#7287,#7288,#7289,#7290,
#7291,#7292,#7293,#7294,#7295,#7296,#7297,#7298,#7299,#7300,#7301,#7302,
#7303,#7304,#7305,#7306,#7307,#7308,#7309,#7310,#7311,#7312,#7313,#7314,
#7315,#7316,#7317,#7318,#7319,#7320,#7321,#7322,#7323,#7324,#7325,#7326,
#7327,#7328,#7329,#7330,#7331,#7332,#7333,#7334,#7335,#7336,#7337,#7338,
#7339,#7340,#7341,#7342,#7343,#7344,#7345,#7346,#7347,#7348,#7349,#7350,
#7351,#7352,#7353,#7354,#7355,#7356,#7357,#7358,#7359,#7360,#7361,#7362,
#7363,#7364,#7365,#7366,#7367,#7368,#7369,#7370,#7371,#7372,#7373,#7374,
#7375,#7376,#7377,#7378,#7379,#7380,#7381,#7382,#7383,#7384,#7385,#7386,
#7387,#7388,#7389,#7390,#7391,#7392,#7393,#7394,#7395,#7396,#7397,#7398,
#7399,#7400,#7401,#7402,#7403,#7404,#7405,#7406,#7407,#7408,#7409,#7410,
#7411,#7412,#7413,#7414,#7415,#7416,#7417,#7418,#7419,#7420,#7421,#7422,
#7423,#7424,#7425));
#805=EDGE_LOOP('',(#7426,#7427,#7428,#7429,#7430,#7431));
#806=LINE('',#10585,#1974);
#807=LINE('',#10587,#1975);
#808=LINE('',#10589,#1976);
#809=LINE('',#10590,#1977);
#810=LINE('',#10593,#1978);
#811=LINE('',#10595,#1979);
#812=LINE('',#10596,#1980);
#813=LINE('',#10599,#1981);
#814=LINE('',#10601,#1982);
#815=LINE('',#10602,#1983);
#816=LINE('',#10605,#1984);
#817=LINE('',#10607,#1985);
#818=LINE('',#10608,#1986);
#819=LINE('',#10611,#1987);
#820=LINE('',#10613,#1988);
#821=LINE('',#10614,#1989);
#822=LINE('',#10621,#1990);
#823=LINE('',#10623,#1991);
#824=LINE('',#10625,#1992);
#825=LINE('',#10626,#1993);
#826=LINE('',#10629,#1994);
#827=LINE('',#10631,#1995);
#828=LINE('',#10632,#1996);
#829=LINE('',#10635,#1997);
#830=LINE('',#10637,#1998);
#831=LINE('',#10638,#1999);
#832=LINE('',#10641,#2000);
#833=LINE('',#10643,#2001);
#834=LINE('',#10644,#2002);
#835=LINE('',#10647,#2003);
#836=LINE('',#10649,#2004);
#837=LINE('',#10650,#2005);
#838=LINE('',#10653,#2006);
#839=LINE('',#10655,#2007);
#840=LINE('',#10656,#2008);
#841=LINE('',#10659,#2009);
#842=LINE('',#10661,#2010);
#843=LINE('',#10662,#2011);
#844=LINE('',#10665,#2012);
#845=LINE('',#10667,#2013);
#846=LINE('',#10668,#2014);
#847=LINE('',#10671,#2015);
#848=LINE('',#10673,#2016);
#849=LINE('',#10674,#2017);
#850=LINE('',#10677,#2018);
#851=LINE('',#10679,#2019);
#852=LINE('',#10680,#2020);
#853=LINE('',#10683,#2021);
#854=LINE('',#10685,#2022);
#855=LINE('',#10686,#2023);
#856=LINE('',#10689,#2024);
#857=LINE('',#10691,#2025);
#858=LINE('',#10692,#2026);
#859=LINE('',#10695,#2027);
#860=LINE('',#10697,#2028);
#861=LINE('',#10698,#2029);
#862=LINE('',#10701,#2030);
#863=LINE('',#10703,#2031);
#864=LINE('',#10704,#2032);
#865=LINE('',#10707,#2033);
#866=LINE('',#10709,#2034);
#867=LINE('',#10710,#2035);
#868=LINE('',#10713,#2036);
#869=LINE('',#10715,#2037);
#870=LINE('',#10716,#2038);
#871=LINE('',#10719,#2039);
#872=LINE('',#10721,#2040);
#873=LINE('',#10722,#2041);
#874=LINE('',#10725,#2042);
#875=LINE('',#10727,#2043);
#876=LINE('',#10728,#2044);
#877=LINE('',#10731,#2045);
#878=LINE('',#10733,#2046);
#879=LINE('',#10734,#2047);
#880=LINE('',#10737,#2048);
#881=LINE('',#10739,#2049);
#882=LINE('',#10740,#2050);
#883=LINE('',#10743,#2051);
#884=LINE('',#10745,#2052);
#885=LINE('',#10746,#2053);
#886=LINE('',#10749,#2054);
#887=LINE('',#10751,#2055);
#888=LINE('',#10752,#2056);
#889=LINE('',#10755,#2057);
#890=LINE('',#10757,#2058);
#891=LINE('',#10758,#2059);
#892=LINE('',#10761,#2060);
#893=LINE('',#10763,#2061);
#894=LINE('',#10764,#2062);
#895=LINE('',#10767,#2063);
#896=LINE('',#10769,#2064);
#897=LINE('',#10770,#2065);
#898=LINE('',#10773,#2066);
#899=LINE('',#10775,#2067);
#900=LINE('',#10776,#2068);
#901=LINE('',#10779,#2069);
#902=LINE('',#10781,#2070);
#903=LINE('',#10782,#2071);
#904=LINE('',#10785,#2072);
#905=LINE('',#10787,#2073);
#906=LINE('',#10788,#2074);
#907=LINE('',#10791,#2075);
#908=LINE('',#10793,#2076);
#909=LINE('',#10794,#2077);
#910=LINE('',#10797,#2078);
#911=LINE('',#10799,#2079);
#912=LINE('',#10800,#2080);
#913=LINE('',#10803,#2081);
#914=LINE('',#10805,#2082);
#915=LINE('',#10806,#2083);
#916=LINE('',#10809,#2084);
#917=LINE('',#10811,#2085);
#918=LINE('',#10812,#2086);
#919=LINE('',#10815,#2087);
#920=LINE('',#10817,#2088);
#921=LINE('',#10818,#2089);
#922=LINE('',#10821,#2090);
#923=LINE('',#10823,#2091);
#924=LINE('',#10824,#2092);
#925=LINE('',#10827,#2093);
#926=LINE('',#10829,#2094);
#927=LINE('',#10830,#2095);
#928=LINE('',#10833,#2096);
#929=LINE('',#10835,#2097);
#930=LINE('',#10836,#2098);
#931=LINE('',#10839,#2099);
#932=LINE('',#10841,#2100);
#933=LINE('',#10842,#2101);
#934=LINE('',#10845,#2102);
#935=LINE('',#10847,#2103);
#936=LINE('',#10848,#2104);
#937=LINE('',#10851,#2105);
#938=LINE('',#10853,#2106);
#939=LINE('',#10854,#2107);
#940=LINE('',#10857,#2108);
#941=LINE('',#10859,#2109);
#942=LINE('',#10860,#2110);
#943=LINE('',#10863,#2111);
#944=LINE('',#10865,#2112);
#945=LINE('',#10866,#2113);
#946=LINE('',#10869,#2114);
#947=LINE('',#10871,#2115);
#948=LINE('',#10872,#2116);
#949=LINE('',#10875,#2117);
#950=LINE('',#10877,#2118);
#951=LINE('',#10878,#2119);
#952=LINE('',#10881,#2120);
#953=LINE('',#10883,#2121);
#954=LINE('',#10884,#2122);
#955=LINE('',#10887,#2123);
#956=LINE('',#10889,#2124);
#957=LINE('',#10890,#2125);
#958=LINE('',#10893,#2126);
#959=LINE('',#10895,#2127);
#960=LINE('',#10896,#2128);
#961=LINE('',#10899,#2129);
#962=LINE('',#10901,#2130);
#963=LINE('',#10902,#2131);
#964=LINE('',#10905,#2132);
#965=LINE('',#10907,#2133);
#966=LINE('',#10908,#2134);
#967=LINE('',#10911,#2135);
#968=LINE('',#10913,#2136);
#969=LINE('',#10914,#2137);
#970=LINE('',#10917,#2138);
#971=LINE('',#10919,#2139);
#972=LINE('',#10920,#2140);
#973=LINE('',#10923,#2141);
#974=LINE('',#10925,#2142);
#975=LINE('',#10926,#2143);
#976=LINE('',#10929,#2144);
#977=LINE('',#10931,#2145);
#978=LINE('',#10932,#2146);
#979=LINE('',#10935,#2147);
#980=LINE('',#10937,#2148);
#981=LINE('',#10938,#2149);
#982=LINE('',#10941,#2150);
#983=LINE('',#10943,#2151);
#984=LINE('',#10944,#2152);
#985=LINE('',#10947,#2153);
#986=LINE('',#10949,#2154);
#987=LINE('',#10950,#2155);
#988=LINE('',#10953,#2156);
#989=LINE('',#10955,#2157);
#990=LINE('',#10956,#2158);
#991=LINE('',#10959,#2159);
#992=LINE('',#10961,#2160);
#993=LINE('',#10962,#2161);
#994=LINE('',#10965,#2162);
#995=LINE('',#10967,#2163);
#996=LINE('',#10968,#2164);
#997=LINE('',#10971,#2165);
#998=LINE('',#10973,#2166);
#999=LINE('',#10974,#2167);
#1000=LINE('',#10977,#2168);
#1001=LINE('',#10979,#2169);
#1002=LINE('',#10980,#2170);
#1003=LINE('',#10983,#2171);
#1004=LINE('',#10985,#2172);
#1005=LINE('',#10986,#2173);
#1006=LINE('',#10989,#2174);
#1007=LINE('',#10991,#2175);
#1008=LINE('',#10992,#2176);
#1009=LINE('',#10995,#2177);
#1010=LINE('',#10997,#2178);
#1011=LINE('',#10998,#2179);
#1012=LINE('',#11001,#2180);
#1013=LINE('',#11003,#2181);
#1014=LINE('',#11004,#2182);
#1015=LINE('',#11007,#2183);
#1016=LINE('',#11009,#2184);
#1017=LINE('',#11010,#2185);
#1018=LINE('',#11013,#2186);
#1019=LINE('',#11015,#2187);
#1020=LINE('',#11016,#2188);
#1021=LINE('',#11019,#2189);
#1022=LINE('',#11021,#2190);
#1023=LINE('',#11022,#2191);
#1024=LINE('',#11025,#2192);
#1025=LINE('',#11027,#2193);
#1026=LINE('',#11028,#2194);
#1027=LINE('',#11031,#2195);
#1028=LINE('',#11033,#2196);
#1029=LINE('',#11034,#2197);
#1030=LINE('',#11037,#2198);
#1031=LINE('',#11039,#2199);
#1032=LINE('',#11040,#2200);
#1033=LINE('',#11043,#2201);
#1034=LINE('',#11045,#2202);
#1035=LINE('',#11046,#2203);
#1036=LINE('',#11049,#2204);
#1037=LINE('',#11051,#2205);
#1038=LINE('',#11052,#2206);
#1039=LINE('',#11055,#2207);
#1040=LINE('',#11057,#2208);
#1041=LINE('',#11058,#2209);
#1042=LINE('',#11061,#2210);
#1043=LINE('',#11063,#2211);
#1044=LINE('',#11064,#2212);
#1045=LINE('',#11067,#2213);
#1046=LINE('',#11069,#2214);
#1047=LINE('',#11070,#2215);
#1048=LINE('',#11073,#2216);
#1049=LINE('',#11075,#2217);
#1050=LINE('',#11076,#2218);
#1051=LINE('',#11079,#2219);
#1052=LINE('',#11081,#2220);
#1053=LINE('',#11082,#2221);
#1054=LINE('',#11085,#2222);
#1055=LINE('',#11087,#2223);
#1056=LINE('',#11088,#2224);
#1057=LINE('',#11091,#2225);
#1058=LINE('',#11093,#2226);
#1059=LINE('',#11094,#2227);
#1060=LINE('',#11097,#2228);
#1061=LINE('',#11099,#2229);
#1062=LINE('',#11100,#2230);
#1063=LINE('',#11103,#2231);
#1064=LINE('',#11105,#2232);
#1065=LINE('',#11106,#2233);
#1066=LINE('',#11109,#2234);
#1067=LINE('',#11111,#2235);
#1068=LINE('',#11112,#2236);
#1069=LINE('',#11115,#2237);
#1070=LINE('',#11117,#2238);
#1071=LINE('',#11118,#2239);
#1072=LINE('',#11121,#2240);
#1073=LINE('',#11123,#2241);
#1074=LINE('',#11124,#2242);
#1075=LINE('',#11127,#2243);
#1076=LINE('',#11129,#2244);
#1077=LINE('',#11130,#2245);
#1078=LINE('',#11133,#2246);
#1079=LINE('',#11135,#2247);
#1080=LINE('',#11136,#2248);
#1081=LINE('',#11139,#2249);
#1082=LINE('',#11141,#2250);
#1083=LINE('',#11142,#2251);
#1084=LINE('',#11145,#2252);
#1085=LINE('',#11147,#2253);
#1086=LINE('',#11148,#2254);
#1087=LINE('',#11151,#2255);
#1088=LINE('',#11153,#2256);
#1089=LINE('',#11154,#2257);
#1090=LINE('',#11157,#2258);
#1091=LINE('',#11159,#2259);
#1092=LINE('',#11160,#2260);
#1093=LINE('',#11163,#2261);
#1094=LINE('',#11165,#2262);
#1095=LINE('',#11166,#2263);
#1096=LINE('',#11169,#2264);
#1097=LINE('',#11171,#2265);
#1098=LINE('',#11172,#2266);
#1099=LINE('',#11175,#2267);
#1100=LINE('',#11177,#2268);
#1101=LINE('',#11178,#2269);
#1102=LINE('',#11181,#2270);
#1103=LINE('',#11183,#2271);
#1104=LINE('',#11184,#2272);
#1105=LINE('',#11187,#2273);
#1106=LINE('',#11189,#2274);
#1107=LINE('',#11190,#2275);
#1108=LINE('',#11193,#2276);
#1109=LINE('',#11195,#2277);
#1110=LINE('',#11196,#2278);
#1111=LINE('',#11199,#2279);
#1112=LINE('',#11201,#2280);
#1113=LINE('',#11202,#2281);
#1114=LINE('',#11205,#2282);
#1115=LINE('',#11207,#2283);
#1116=LINE('',#11208,#2284);
#1117=LINE('',#11211,#2285);
#1118=LINE('',#11213,#2286);
#1119=LINE('',#11214,#2287);
#1120=LINE('',#11217,#2288);
#1121=LINE('',#11219,#2289);
#1122=LINE('',#11220,#2290);
#1123=LINE('',#11223,#2291);
#1124=LINE('',#11225,#2292);
#1125=LINE('',#11226,#2293);
#1126=LINE('',#11229,#2294);
#1127=LINE('',#11231,#2295);
#1128=LINE('',#11232,#2296);
#1129=LINE('',#11235,#2297);
#1130=LINE('',#11237,#2298);
#1131=LINE('',#11238,#2299);
#1132=LINE('',#11241,#2300);
#1133=LINE('',#11243,#2301);
#1134=LINE('',#11244,#2302);
#1135=LINE('',#11247,#2303);
#1136=LINE('',#11249,#2304);
#1137=LINE('',#11250,#2305);
#1138=LINE('',#11253,#2306);
#1139=LINE('',#11255,#2307);
#1140=LINE('',#11256,#2308);
#1141=LINE('',#11259,#2309);
#1142=LINE('',#11261,#2310);
#1143=LINE('',#11262,#2311);
#1144=LINE('',#11265,#2312);
#1145=LINE('',#11267,#2313);
#1146=LINE('',#11268,#2314);
#1147=LINE('',#11271,#2315);
#1148=LINE('',#11273,#2316);
#1149=LINE('',#11274,#2317);
#1150=LINE('',#11277,#2318);
#1151=LINE('',#11279,#2319);
#1152=LINE('',#11280,#2320);
#1153=LINE('',#11283,#2321);
#1154=LINE('',#11285,#2322);
#1155=LINE('',#11286,#2323);
#1156=LINE('',#11289,#2324);
#1157=LINE('',#11291,#2325);
#1158=LINE('',#11292,#2326);
#1159=LINE('',#11295,#2327);
#1160=LINE('',#11297,#2328);
#1161=LINE('',#11298,#2329);
#1162=LINE('',#11301,#2330);
#1163=LINE('',#11303,#2331);
#1164=LINE('',#11304,#2332);
#1165=LINE('',#11307,#2333);
#1166=LINE('',#11309,#2334);
#1167=LINE('',#11310,#2335);
#1168=LINE('',#11313,#2336);
#1169=LINE('',#11315,#2337);
#1170=LINE('',#11316,#2338);
#1171=LINE('',#11319,#2339);
#1172=LINE('',#11321,#2340);
#1173=LINE('',#11322,#2341);
#1174=LINE('',#11325,#2342);
#1175=LINE('',#11327,#2343);
#1176=LINE('',#11328,#2344);
#1177=LINE('',#11331,#2345);
#1178=LINE('',#11333,#2346);
#1179=LINE('',#11334,#2347);
#1180=LINE('',#11337,#2348);
#1181=LINE('',#11339,#2349);
#1182=LINE('',#11340,#2350);
#1183=LINE('',#11343,#2351);
#1184=LINE('',#11345,#2352);
#1185=LINE('',#11346,#2353);
#1186=LINE('',#11349,#2354);
#1187=LINE('',#11351,#2355);
#1188=LINE('',#11352,#2356);
#1189=LINE('',#11355,#2357);
#1190=LINE('',#11357,#2358);
#1191=LINE('',#11358,#2359);
#1192=LINE('',#11361,#2360);
#1193=LINE('',#11363,#2361);
#1194=LINE('',#11364,#2362);
#1195=LINE('',#11367,#2363);
#1196=LINE('',#11369,#2364);
#1197=LINE('',#11370,#2365);
#1198=LINE('',#11373,#2366);
#1199=LINE('',#11375,#2367);
#1200=LINE('',#11376,#2368);
#1201=LINE('',#11379,#2369);
#1202=LINE('',#11381,#2370);
#1203=LINE('',#11382,#2371);
#1204=LINE('',#11385,#2372);
#1205=LINE('',#11387,#2373);
#1206=LINE('',#11388,#2374);
#1207=LINE('',#11391,#2375);
#1208=LINE('',#11393,#2376);
#1209=LINE('',#11394,#2377);
#1210=LINE('',#11397,#2378);
#1211=LINE('',#11399,#2379);
#1212=LINE('',#11400,#2380);
#1213=LINE('',#11403,#2381);
#1214=LINE('',#11405,#2382);
#1215=LINE('',#11406,#2383);
#1216=LINE('',#11409,#2384);
#1217=LINE('',#11411,#2385);
#1218=LINE('',#11412,#2386);
#1219=LINE('',#11415,#2387);
#1220=LINE('',#11417,#2388);
#1221=LINE('',#11418,#2389);
#1222=LINE('',#11421,#2390);
#1223=LINE('',#11423,#2391);
#1224=LINE('',#11424,#2392);
#1225=LINE('',#11427,#2393);
#1226=LINE('',#11429,#2394);
#1227=LINE('',#11430,#2395);
#1228=LINE('',#11433,#2396);
#1229=LINE('',#11435,#2397);
#1230=LINE('',#11436,#2398);
#1231=LINE('',#11439,#2399);
#1232=LINE('',#11441,#2400);
#1233=LINE('',#11442,#2401);
#1234=LINE('',#11445,#2402);
#1235=LINE('',#11447,#2403);
#1236=LINE('',#11448,#2404);
#1237=LINE('',#11451,#2405);
#1238=LINE('',#11453,#2406);
#1239=LINE('',#11454,#2407);
#1240=LINE('',#11457,#2408);
#1241=LINE('',#11459,#2409);
#1242=LINE('',#11460,#2410);
#1243=LINE('',#11463,#2411);
#1244=LINE('',#11465,#2412);
#1245=LINE('',#11466,#2413);
#1246=LINE('',#11469,#2414);
#1247=LINE('',#11471,#2415);
#1248=LINE('',#11472,#2416);
#1249=LINE('',#11475,#2417);
#1250=LINE('',#11477,#2418);
#1251=LINE('',#11478,#2419);
#1252=LINE('',#11481,#2420);
#1253=LINE('',#11483,#2421);
#1254=LINE('',#11484,#2422);
#1255=LINE('',#11487,#2423);
#1256=LINE('',#11489,#2424);
#1257=LINE('',#11490,#2425);
#1258=LINE('',#11493,#2426);
#1259=LINE('',#11495,#2427);
#1260=LINE('',#11496,#2428);
#1261=LINE('',#11499,#2429);
#1262=LINE('',#11501,#2430);
#1263=LINE('',#11502,#2431);
#1264=LINE('',#11505,#2432);
#1265=LINE('',#11507,#2433);
#1266=LINE('',#11508,#2434);
#1267=LINE('',#11511,#2435);
#1268=LINE('',#11513,#2436);
#1269=LINE('',#11514,#2437);
#1270=LINE('',#11517,#2438);
#1271=LINE('',#11519,#2439);
#1272=LINE('',#11520,#2440);
#1273=LINE('',#11523,#2441);
#1274=LINE('',#11525,#2442);
#1275=LINE('',#11526,#2443);
#1276=LINE('',#11529,#2444);
#1277=LINE('',#11531,#2445);
#1278=LINE('',#11532,#2446);
#1279=LINE('',#11535,#2447);
#1280=LINE('',#11537,#2448);
#1281=LINE('',#11538,#2449);
#1282=LINE('',#11541,#2450);
#1283=LINE('',#11543,#2451);
#1284=LINE('',#11544,#2452);
#1285=LINE('',#11547,#2453);
#1286=LINE('',#11549,#2454);
#1287=LINE('',#11550,#2455);
#1288=LINE('',#11553,#2456);
#1289=LINE('',#11555,#2457);
#1290=LINE('',#11556,#2458);
#1291=LINE('',#11559,#2459);
#1292=LINE('',#11561,#2460);
#1293=LINE('',#11562,#2461);
#1294=LINE('',#11565,#2462);
#1295=LINE('',#11567,#2463);
#1296=LINE('',#11568,#2464);
#1297=LINE('',#11571,#2465);
#1298=LINE('',#11573,#2466);
#1299=LINE('',#11574,#2467);
#1300=LINE('',#11577,#2468);
#1301=LINE('',#11579,#2469);
#1302=LINE('',#11580,#2470);
#1303=LINE('',#11583,#2471);
#1304=LINE('',#11585,#2472);
#1305=LINE('',#11586,#2473);
#1306=LINE('',#11589,#2474);
#1307=LINE('',#11591,#2475);
#1308=LINE('',#11592,#2476);
#1309=LINE('',#11595,#2477);
#1310=LINE('',#11597,#2478);
#1311=LINE('',#11598,#2479);
#1312=LINE('',#11601,#2480);
#1313=LINE('',#11603,#2481);
#1314=LINE('',#11604,#2482);
#1315=LINE('',#11607,#2483);
#1316=LINE('',#11609,#2484);
#1317=LINE('',#11610,#2485);
#1318=LINE('',#11613,#2486);
#1319=LINE('',#11615,#2487);
#1320=LINE('',#11616,#2488);
#1321=LINE('',#11619,#2489);
#1322=LINE('',#11621,#2490);
#1323=LINE('',#11622,#2491);
#1324=LINE('',#11625,#2492);
#1325=LINE('',#11627,#2493);
#1326=LINE('',#11628,#2494);
#1327=LINE('',#11631,#2495);
#1328=LINE('',#11633,#2496);
#1329=LINE('',#11634,#2497);
#1330=LINE('',#11637,#2498);
#1331=LINE('',#11639,#2499);
#1332=LINE('',#11640,#2500);
#1333=LINE('',#11643,#2501);
#1334=LINE('',#11645,#2502);
#1335=LINE('',#11646,#2503);
#1336=LINE('',#11649,#2504);
#1337=LINE('',#11651,#2505);
#1338=LINE('',#11652,#2506);
#1339=LINE('',#11655,#2507);
#1340=LINE('',#11657,#2508);
#1341=LINE('',#11658,#2509);
#1342=LINE('',#11661,#2510);
#1343=LINE('',#11663,#2511);
#1344=LINE('',#11664,#2512);
#1345=LINE('',#11667,#2513);
#1346=LINE('',#11669,#2514);
#1347=LINE('',#11670,#2515);
#1348=LINE('',#11673,#2516);
#1349=LINE('',#11675,#2517);
#1350=LINE('',#11676,#2518);
#1351=LINE('',#11679,#2519);
#1352=LINE('',#11681,#2520);
#1353=LINE('',#11682,#2521);
#1354=LINE('',#11685,#2522);
#1355=LINE('',#11687,#2523);
#1356=LINE('',#11688,#2524);
#1357=LINE('',#11691,#2525);
#1358=LINE('',#11693,#2526);
#1359=LINE('',#11694,#2527);
#1360=LINE('',#11697,#2528);
#1361=LINE('',#11699,#2529);
#1362=LINE('',#11700,#2530);
#1363=LINE('',#11703,#2531);
#1364=LINE('',#11705,#2532);
#1365=LINE('',#11706,#2533);
#1366=LINE('',#11709,#2534);
#1367=LINE('',#11711,#2535);
#1368=LINE('',#11712,#2536);
#1369=LINE('',#11715,#2537);
#1370=LINE('',#11717,#2538);
#1371=LINE('',#11718,#2539);
#1372=LINE('',#11721,#2540);
#1373=LINE('',#11723,#2541);
#1374=LINE('',#11724,#2542);
#1375=LINE('',#11727,#2543);
#1376=LINE('',#11729,#2544);
#1377=LINE('',#11730,#2545);
#1378=LINE('',#11733,#2546);
#1379=LINE('',#11735,#2547);
#1380=LINE('',#11736,#2548);
#1381=LINE('',#11739,#2549);
#1382=LINE('',#11741,#2550);
#1383=LINE('',#11742,#2551);
#1384=LINE('',#11745,#2552);
#1385=LINE('',#11747,#2553);
#1386=LINE('',#11748,#2554);
#1387=LINE('',#11751,#2555);
#1388=LINE('',#11753,#2556);
#1389=LINE('',#11754,#2557);
#1390=LINE('',#11757,#2558);
#1391=LINE('',#11759,#2559);
#1392=LINE('',#11760,#2560);
#1393=LINE('',#11763,#2561);
#1394=LINE('',#11765,#2562);
#1395=LINE('',#11766,#2563);
#1396=LINE('',#11769,#2564);
#1397=LINE('',#11771,#2565);
#1398=LINE('',#11772,#2566);
#1399=LINE('',#11775,#2567);
#1400=LINE('',#11777,#2568);
#1401=LINE('',#11778,#2569);
#1402=LINE('',#11781,#2570);
#1403=LINE('',#11783,#2571);
#1404=LINE('',#11784,#2572);
#1405=LINE('',#11787,#2573);
#1406=LINE('',#11789,#2574);
#1407=LINE('',#11790,#2575);
#1408=LINE('',#11793,#2576);
#1409=LINE('',#11795,#2577);
#1410=LINE('',#11796,#2578);
#1411=LINE('',#11799,#2579);
#1412=LINE('',#11801,#2580);
#1413=LINE('',#11802,#2581);
#1414=LINE('',#11805,#2582);
#1415=LINE('',#11807,#2583);
#1416=LINE('',#11808,#2584);
#1417=LINE('',#11811,#2585);
#1418=LINE('',#11813,#2586);
#1419=LINE('',#11814,#2587);
#1420=LINE('',#11817,#2588);
#1421=LINE('',#11819,#2589);
#1422=LINE('',#11820,#2590);
#1423=LINE('',#11823,#2591);
#1424=LINE('',#11825,#2592);
#1425=LINE('',#11826,#2593);
#1426=LINE('',#11829,#2594);
#1427=LINE('',#11831,#2595);
#1428=LINE('',#11832,#2596);
#1429=LINE('',#11835,#2597);
#1430=LINE('',#11837,#2598);
#1431=LINE('',#11838,#2599);
#1432=LINE('',#11841,#2600);
#1433=LINE('',#11843,#2601);
#1434=LINE('',#11844,#2602);
#1435=LINE('',#11847,#2603);
#1436=LINE('',#11849,#2604);
#1437=LINE('',#11850,#2605);
#1438=LINE('',#11853,#2606);
#1439=LINE('',#11855,#2607);
#1440=LINE('',#11856,#2608);
#1441=LINE('',#11859,#2609);
#1442=LINE('',#11861,#2610);
#1443=LINE('',#11862,#2611);
#1444=LINE('',#11865,#2612);
#1445=LINE('',#11867,#2613);
#1446=LINE('',#11868,#2614);
#1447=LINE('',#11871,#2615);
#1448=LINE('',#11873,#2616);
#1449=LINE('',#11874,#2617);
#1450=LINE('',#11877,#2618);
#1451=LINE('',#11879,#2619);
#1452=LINE('',#11880,#2620);
#1453=LINE('',#11883,#2621);
#1454=LINE('',#11885,#2622);
#1455=LINE('',#11886,#2623);
#1456=LINE('',#11889,#2624);
#1457=LINE('',#11891,#2625);
#1458=LINE('',#11892,#2626);
#1459=LINE('',#11895,#2627);
#1460=LINE('',#11897,#2628);
#1461=LINE('',#11898,#2629);
#1462=LINE('',#11901,#2630);
#1463=LINE('',#11903,#2631);
#1464=LINE('',#11904,#2632);
#1465=LINE('',#11907,#2633);
#1466=LINE('',#11909,#2634);
#1467=LINE('',#11910,#2635);
#1468=LINE('',#11913,#2636);
#1469=LINE('',#11915,#2637);
#1470=LINE('',#11916,#2638);
#1471=LINE('',#11919,#2639);
#1472=LINE('',#11921,#2640);
#1473=LINE('',#11922,#2641);
#1474=LINE('',#11925,#2642);
#1475=LINE('',#11927,#2643);
#1476=LINE('',#11928,#2644);
#1477=LINE('',#11931,#2645);
#1478=LINE('',#11933,#2646);
#1479=LINE('',#11934,#2647);
#1480=LINE('',#11937,#2648);
#1481=LINE('',#11939,#2649);
#1482=LINE('',#11940,#2650);
#1483=LINE('',#11943,#2651);
#1484=LINE('',#11945,#2652);
#1485=LINE('',#11946,#2653);
#1486=LINE('',#11949,#2654);
#1487=LINE('',#11951,#2655);
#1488=LINE('',#11952,#2656);
#1489=LINE('',#11955,#2657);
#1490=LINE('',#11957,#2658);
#1491=LINE('',#11958,#2659);
#1492=LINE('',#11961,#2660);
#1493=LINE('',#11963,#2661);
#1494=LINE('',#11964,#2662);
#1495=LINE('',#11967,#2663);
#1496=LINE('',#11969,#2664);
#1497=LINE('',#11970,#2665);
#1498=LINE('',#11973,#2666);
#1499=LINE('',#11975,#2667);
#1500=LINE('',#11976,#2668);
#1501=LINE('',#11979,#2669);
#1502=LINE('',#11981,#2670);
#1503=LINE('',#11982,#2671);
#1504=LINE('',#11985,#2672);
#1505=LINE('',#11987,#2673);
#1506=LINE('',#11988,#2674);
#1507=LINE('',#11991,#2675);
#1508=LINE('',#11993,#2676);
#1509=LINE('',#11994,#2677);
#1510=LINE('',#11997,#2678);
#1511=LINE('',#11999,#2679);
#1512=LINE('',#12000,#2680);
#1513=LINE('',#12003,#2681);
#1514=LINE('',#12005,#2682);
#1515=LINE('',#12006,#2683);
#1516=LINE('',#12009,#2684);
#1517=LINE('',#12011,#2685);
#1518=LINE('',#12012,#2686);
#1519=LINE('',#12015,#2687);
#1520=LINE('',#12017,#2688);
#1521=LINE('',#12018,#2689);
#1522=LINE('',#12021,#2690);
#1523=LINE('',#12023,#2691);
#1524=LINE('',#12024,#2692);
#1525=LINE('',#12027,#2693);
#1526=LINE('',#12029,#2694);
#1527=LINE('',#12030,#2695);
#1528=LINE('',#12033,#2696);
#1529=LINE('',#12035,#2697);
#1530=LINE('',#12036,#2698);
#1531=LINE('',#12039,#2699);
#1532=LINE('',#12041,#2700);
#1533=LINE('',#12042,#2701);
#1534=LINE('',#12045,#2702);
#1535=LINE('',#12047,#2703);
#1536=LINE('',#12048,#2704);
#1537=LINE('',#12051,#2705);
#1538=LINE('',#12053,#2706);
#1539=LINE('',#12054,#2707);
#1540=LINE('',#12057,#2708);
#1541=LINE('',#12059,#2709);
#1542=LINE('',#12060,#2710);
#1543=LINE('',#12063,#2711);
#1544=LINE('',#12065,#2712);
#1545=LINE('',#12066,#2713);
#1546=LINE('',#12069,#2714);
#1547=LINE('',#12071,#2715);
#1548=LINE('',#12072,#2716);
#1549=LINE('',#12075,#2717);
#1550=LINE('',#12077,#2718);
#1551=LINE('',#12078,#2719);
#1552=LINE('',#12081,#2720);
#1553=LINE('',#12083,#2721);
#1554=LINE('',#12084,#2722);
#1555=LINE('',#12087,#2723);
#1556=LINE('',#12089,#2724);
#1557=LINE('',#12090,#2725);
#1558=LINE('',#12093,#2726);
#1559=LINE('',#12095,#2727);
#1560=LINE('',#12096,#2728);
#1561=LINE('',#12099,#2729);
#1562=LINE('',#12101,#2730);
#1563=LINE('',#12102,#2731);
#1564=LINE('',#12105,#2732);
#1565=LINE('',#12107,#2733);
#1566=LINE('',#12108,#2734);
#1567=LINE('',#12111,#2735);
#1568=LINE('',#12113,#2736);
#1569=LINE('',#12114,#2737);
#1570=LINE('',#12117,#2738);
#1571=LINE('',#12119,#2739);
#1572=LINE('',#12120,#2740);
#1573=LINE('',#12123,#2741);
#1574=LINE('',#12125,#2742);
#1575=LINE('',#12126,#2743);
#1576=LINE('',#12129,#2744);
#1577=LINE('',#12131,#2745);
#1578=LINE('',#12132,#2746);
#1579=LINE('',#12135,#2747);
#1580=LINE('',#12137,#2748);
#1581=LINE('',#12138,#2749);
#1582=LINE('',#12141,#2750);
#1583=LINE('',#12143,#2751);
#1584=LINE('',#12144,#2752);
#1585=LINE('',#12147,#2753);
#1586=LINE('',#12149,#2754);
#1587=LINE('',#12150,#2755);
#1588=LINE('',#12153,#2756);
#1589=LINE('',#12155,#2757);
#1590=LINE('',#12156,#2758);
#1591=LINE('',#12159,#2759);
#1592=LINE('',#12161,#2760);
#1593=LINE('',#12162,#2761);
#1594=LINE('',#12165,#2762);
#1595=LINE('',#12167,#2763);
#1596=LINE('',#12168,#2764);
#1597=LINE('',#12171,#2765);
#1598=LINE('',#12173,#2766);
#1599=LINE('',#12174,#2767);
#1600=LINE('',#12177,#2768);
#1601=LINE('',#12179,#2769);
#1602=LINE('',#12180,#2770);
#1603=LINE('',#12183,#2771);
#1604=LINE('',#12185,#2772);
#1605=LINE('',#12186,#2773);
#1606=LINE('',#12189,#2774);
#1607=LINE('',#12191,#2775);
#1608=LINE('',#12192,#2776);
#1609=LINE('',#12195,#2777);
#1610=LINE('',#12197,#2778);
#1611=LINE('',#12198,#2779);
#1612=LINE('',#12201,#2780);
#1613=LINE('',#12203,#2781);
#1614=LINE('',#12204,#2782);
#1615=LINE('',#12207,#2783);
#1616=LINE('',#12209,#2784);
#1617=LINE('',#12210,#2785);
#1618=LINE('',#12213,#2786);
#1619=LINE('',#12215,#2787);
#1620=LINE('',#12216,#2788);
#1621=LINE('',#12219,#2789);
#1622=LINE('',#12221,#2790);
#1623=LINE('',#12222,#2791);
#1624=LINE('',#12225,#2792);
#1625=LINE('',#12227,#2793);
#1626=LINE('',#12228,#2794);
#1627=LINE('',#12231,#2795);
#1628=LINE('',#12233,#2796);
#1629=LINE('',#12234,#2797);
#1630=LINE('',#12237,#2798);
#1631=LINE('',#12239,#2799);
#1632=LINE('',#12240,#2800);
#1633=LINE('',#12243,#2801);
#1634=LINE('',#12245,#2802);
#1635=LINE('',#12246,#2803);
#1636=LINE('',#12249,#2804);
#1637=LINE('',#12251,#2805);
#1638=LINE('',#12252,#2806);
#1639=LINE('',#12255,#2807);
#1640=LINE('',#12257,#2808);
#1641=LINE('',#12258,#2809);
#1642=LINE('',#12261,#2810);
#1643=LINE('',#12263,#2811);
#1644=LINE('',#12264,#2812);
#1645=LINE('',#12267,#2813);
#1646=LINE('',#12269,#2814);
#1647=LINE('',#12270,#2815);
#1648=LINE('',#12273,#2816);
#1649=LINE('',#12275,#2817);
#1650=LINE('',#12276,#2818);
#1651=LINE('',#12279,#2819);
#1652=LINE('',#12281,#2820);
#1653=LINE('',#12282,#2821);
#1654=LINE('',#12285,#2822);
#1655=LINE('',#12287,#2823);
#1656=LINE('',#12288,#2824);
#1657=LINE('',#12291,#2825);
#1658=LINE('',#12293,#2826);
#1659=LINE('',#12294,#2827);
#1660=LINE('',#12297,#2828);
#1661=LINE('',#12299,#2829);
#1662=LINE('',#12300,#2830);
#1663=LINE('',#12303,#2831);
#1664=LINE('',#12305,#2832);
#1665=LINE('',#12306,#2833);
#1666=LINE('',#12309,#2834);
#1667=LINE('',#12311,#2835);
#1668=LINE('',#12312,#2836);
#1669=LINE('',#12315,#2837);
#1670=LINE('',#12317,#2838);
#1671=LINE('',#12318,#2839);
#1672=LINE('',#12321,#2840);
#1673=LINE('',#12323,#2841);
#1674=LINE('',#12324,#2842);
#1675=LINE('',#12327,#2843);
#1676=LINE('',#12329,#2844);
#1677=LINE('',#12330,#2845);
#1678=LINE('',#12333,#2846);
#1679=LINE('',#12335,#2847);
#1680=LINE('',#12336,#2848);
#1681=LINE('',#12339,#2849);
#1682=LINE('',#12341,#2850);
#1683=LINE('',#12342,#2851);
#1684=LINE('',#12345,#2852);
#1685=LINE('',#12347,#2853);
#1686=LINE('',#12348,#2854);
#1687=LINE('',#12351,#2855);
#1688=LINE('',#12353,#2856);
#1689=LINE('',#12354,#2857);
#1690=LINE('',#12357,#2858);
#1691=LINE('',#12359,#2859);
#1692=LINE('',#12360,#2860);
#1693=LINE('',#12363,#2861);
#1694=LINE('',#12365,#2862);
#1695=LINE('',#12366,#2863);
#1696=LINE('',#12369,#2864);
#1697=LINE('',#12371,#2865);
#1698=LINE('',#12372,#2866);
#1699=LINE('',#12375,#2867);
#1700=LINE('',#12377,#2868);
#1701=LINE('',#12378,#2869);
#1702=LINE('',#12381,#2870);
#1703=LINE('',#12383,#2871);
#1704=LINE('',#12384,#2872);
#1705=LINE('',#12387,#2873);
#1706=LINE('',#12389,#2874);
#1707=LINE('',#12390,#2875);
#1708=LINE('',#12393,#2876);
#1709=LINE('',#12395,#2877);
#1710=LINE('',#12396,#2878);
#1711=LINE('',#12399,#2879);
#1712=LINE('',#12401,#2880);
#1713=LINE('',#12402,#2881);
#1714=LINE('',#12405,#2882);
#1715=LINE('',#12407,#2883);
#1716=LINE('',#12408,#2884);
#1717=LINE('',#12411,#2885);
#1718=LINE('',#12413,#2886);
#1719=LINE('',#12414,#2887);
#1720=LINE('',#12417,#2888);
#1721=LINE('',#12419,#2889);
#1722=LINE('',#12420,#2890);
#1723=LINE('',#12423,#2891);
#1724=LINE('',#12425,#2892);
#1725=LINE('',#12426,#2893);
#1726=LINE('',#12429,#2894);
#1727=LINE('',#12431,#2895);
#1728=LINE('',#12432,#2896);
#1729=LINE('',#12435,#2897);
#1730=LINE('',#12437,#2898);
#1731=LINE('',#12438,#2899);
#1732=LINE('',#12441,#2900);
#1733=LINE('',#12443,#2901);
#1734=LINE('',#12444,#2902);
#1735=LINE('',#12447,#2903);
#1736=LINE('',#12449,#2904);
#1737=LINE('',#12450,#2905);
#1738=LINE('',#12453,#2906);
#1739=LINE('',#12455,#2907);
#1740=LINE('',#12456,#2908);
#1741=LINE('',#12459,#2909);
#1742=LINE('',#12461,#2910);
#1743=LINE('',#12462,#2911);
#1744=LINE('',#12465,#2912);
#1745=LINE('',#12467,#2913);
#1746=LINE('',#12468,#2914);
#1747=LINE('',#12471,#2915);
#1748=LINE('',#12473,#2916);
#1749=LINE('',#12474,#2917);
#1750=LINE('',#12477,#2918);
#1751=LINE('',#12479,#2919);
#1752=LINE('',#12480,#2920);
#1753=LINE('',#12483,#2921);
#1754=LINE('',#12485,#2922);
#1755=LINE('',#12486,#2923);
#1756=LINE('',#12489,#2924);
#1757=LINE('',#12491,#2925);
#1758=LINE('',#12492,#2926);
#1759=LINE('',#12495,#2927);
#1760=LINE('',#12497,#2928);
#1761=LINE('',#12498,#2929);
#1762=LINE('',#12501,#2930);
#1763=LINE('',#12503,#2931);
#1764=LINE('',#12504,#2932);
#1765=LINE('',#12507,#2933);
#1766=LINE('',#12509,#2934);
#1767=LINE('',#12510,#2935);
#1768=LINE('',#12513,#2936);
#1769=LINE('',#12515,#2937);
#1770=LINE('',#12516,#2938);
#1771=LINE('',#12519,#2939);
#1772=LINE('',#12521,#2940);
#1773=LINE('',#12522,#2941);
#1774=LINE('',#12525,#2942);
#1775=LINE('',#12527,#2943);
#1776=LINE('',#12528,#2944);
#1777=LINE('',#12531,#2945);
#1778=LINE('',#12533,#2946);
#1779=LINE('',#12534,#2947);
#1780=LINE('',#12537,#2948);
#1781=LINE('',#12539,#2949);
#1782=LINE('',#12540,#2950);
#1783=LINE('',#12543,#2951);
#1784=LINE('',#12545,#2952);
#1785=LINE('',#12546,#2953);
#1786=LINE('',#12549,#2954);
#1787=LINE('',#12551,#2955);
#1788=LINE('',#12552,#2956);
#1789=LINE('',#12555,#2957);
#1790=LINE('',#12557,#2958);
#1791=LINE('',#12558,#2959);
#1792=LINE('',#12561,#2960);
#1793=LINE('',#12563,#2961);
#1794=LINE('',#12564,#2962);
#1795=LINE('',#12567,#2963);
#1796=LINE('',#12569,#2964);
#1797=LINE('',#12570,#2965);
#1798=LINE('',#12573,#2966);
#1799=LINE('',#12575,#2967);
#1800=LINE('',#12576,#2968);
#1801=LINE('',#12579,#2969);
#1802=LINE('',#12581,#2970);
#1803=LINE('',#12582,#2971);
#1804=LINE('',#12585,#2972);
#1805=LINE('',#12587,#2973);
#1806=LINE('',#12588,#2974);
#1807=LINE('',#12591,#2975);
#1808=LINE('',#12593,#2976);
#1809=LINE('',#12594,#2977);
#1810=LINE('',#12597,#2978);
#1811=LINE('',#12599,#2979);
#1812=LINE('',#12600,#2980);
#1813=LINE('',#12603,#2981);
#1814=LINE('',#12605,#2982);
#1815=LINE('',#12606,#2983);
#1816=LINE('',#12609,#2984);
#1817=LINE('',#12611,#2985);
#1818=LINE('',#12612,#2986);
#1819=LINE('',#12615,#2987);
#1820=LINE('',#12617,#2988);
#1821=LINE('',#12618,#2989);
#1822=LINE('',#12621,#2990);
#1823=LINE('',#12623,#2991);
#1824=LINE('',#12624,#2992);
#1825=LINE('',#12627,#2993);
#1826=LINE('',#12629,#2994);
#1827=LINE('',#12630,#2995);
#1828=LINE('',#12633,#2996);
#1829=LINE('',#12635,#2997);
#1830=LINE('',#12636,#2998);
#1831=LINE('',#12639,#2999);
#1832=LINE('',#12641,#3000);
#1833=LINE('',#12642,#3001);
#1834=LINE('',#12645,#3002);
#1835=LINE('',#12647,#3003);
#1836=LINE('',#12648,#3004);
#1837=LINE('',#12651,#3005);
#1838=LINE('',#12653,#3006);
#1839=LINE('',#12654,#3007);
#1840=LINE('',#12657,#3008);
#1841=LINE('',#12659,#3009);
#1842=LINE('',#12660,#3010);
#1843=LINE('',#12663,#3011);
#1844=LINE('',#12665,#3012);
#1845=LINE('',#12666,#3013);
#1846=LINE('',#12669,#3014);
#1847=LINE('',#12671,#3015);
#1848=LINE('',#12672,#3016);
#1849=LINE('',#12675,#3017);
#1850=LINE('',#12677,#3018);
#1851=LINE('',#12678,#3019);
#1852=LINE('',#12681,#3020);
#1853=LINE('',#12683,#3021);
#1854=LINE('',#12684,#3022);
#1855=LINE('',#12687,#3023);
#1856=LINE('',#12689,#3024);
#1857=LINE('',#12690,#3025);
#1858=LINE('',#12693,#3026);
#1859=LINE('',#12695,#3027);
#1860=LINE('',#12696,#3028);
#1861=LINE('',#12699,#3029);
#1862=LINE('',#12701,#3030);
#1863=LINE('',#12702,#3031);
#1864=LINE('',#12705,#3032);
#1865=LINE('',#12707,#3033);
#1866=LINE('',#12708,#3034);
#1867=LINE('',#12711,#3035);
#1868=LINE('',#12713,#3036);
#1869=LINE('',#12714,#3037);
#1870=LINE('',#12717,#3038);
#1871=LINE('',#12719,#3039);
#1872=LINE('',#12720,#3040);
#1873=LINE('',#12723,#3041);
#1874=LINE('',#12725,#3042);
#1875=LINE('',#12726,#3043);
#1876=LINE('',#12729,#3044);
#1877=LINE('',#12731,#3045);
#1878=LINE('',#12732,#3046);
#1879=LINE('',#12735,#3047);
#1880=LINE('',#12737,#3048);
#1881=LINE('',#12738,#3049);
#1882=LINE('',#12741,#3050);
#1883=LINE('',#12743,#3051);
#1884=LINE('',#12744,#3052);
#1885=LINE('',#12747,#3053);
#1886=LINE('',#12749,#3054);
#1887=LINE('',#12750,#3055);
#1888=LINE('',#12753,#3056);
#1889=LINE('',#12755,#3057);
#1890=LINE('',#12756,#3058);
#1891=LINE('',#12759,#3059);
#1892=LINE('',#12761,#3060);
#1893=LINE('',#12762,#3061);
#1894=LINE('',#12765,#3062);
#1895=LINE('',#12767,#3063);
#1896=LINE('',#12768,#3064);
#1897=LINE('',#12771,#3065);
#1898=LINE('',#12773,#3066);
#1899=LINE('',#12774,#3067);
#1900=LINE('',#12777,#3068);
#1901=LINE('',#12779,#3069);
#1902=LINE('',#12780,#3070);
#1903=LINE('',#12783,#3071);
#1904=LINE('',#12785,#3072);
#1905=LINE('',#12786,#3073);
#1906=LINE('',#12789,#3074);
#1907=LINE('',#12791,#3075);
#1908=LINE('',#12792,#3076);
#1909=LINE('',#12795,#3077);
#1910=LINE('',#12797,#3078);
#1911=LINE('',#12798,#3079);
#1912=LINE('',#12801,#3080);
#1913=LINE('',#12803,#3081);
#1914=LINE('',#12804,#3082);
#1915=LINE('',#12807,#3083);
#1916=LINE('',#12809,#3084);
#1917=LINE('',#12810,#3085);
#1918=LINE('',#12813,#3086);
#1919=LINE('',#12815,#3087);
#1920=LINE('',#12816,#3088);
#1921=LINE('',#12819,#3089);
#1922=LINE('',#12821,#3090);
#1923=LINE('',#12822,#3091);
#1924=LINE('',#12825,#3092);
#1925=LINE('',#12827,#3093);
#1926=LINE('',#12828,#3094);
#1927=LINE('',#12831,#3095);
#1928=LINE('',#12833,#3096);
#1929=LINE('',#12834,#3097);
#1930=LINE('',#12837,#3098);
#1931=LINE('',#12839,#3099);
#1932=LINE('',#12840,#3100);
#1933=LINE('',#12843,#3101);
#1934=LINE('',#12845,#3102);
#1935=LINE('',#12846,#3103);
#1936=LINE('',#12849,#3104);
#1937=LINE('',#12851,#3105);
#1938=LINE('',#12852,#3106);
#1939=LINE('',#12855,#3107);
#1940=LINE('',#12857,#3108);
#1941=LINE('',#12858,#3109);
#1942=LINE('',#12861,#3110);
#1943=LINE('',#12863,#3111);
#1944=LINE('',#12864,#3112);
#1945=LINE('',#12867,#3113);
#1946=LINE('',#12869,#3114);
#1947=LINE('',#12870,#3115);
#1948=LINE('',#12873,#3116);
#1949=LINE('',#12875,#3117);
#1950=LINE('',#12876,#3118);
#1951=LINE('',#12879,#3119);
#1952=LINE('',#12881,#3120);
#1953=LINE('',#12882,#3121);
#1954=LINE('',#12885,#3122);
#1955=LINE('',#12887,#3123);
#1956=LINE('',#12888,#3124);
#1957=LINE('',#12891,#3125);
#1958=LINE('',#12893,#3126);
#1959=LINE('',#12894,#3127);
#1960=LINE('',#12897,#3128);
#1961=LINE('',#12899,#3129);
#1962=LINE('',#12900,#3130);
#1963=LINE('',#12903,#3131);
#1964=LINE('',#12905,#3132);
#1965=LINE('',#12906,#3133);
#1966=LINE('',#12909,#3134);
#1967=LINE('',#12911,#3135);
#1968=LINE('',#12912,#3136);
#1969=LINE('',#12915,#3137);
#1970=LINE('',#12917,#3138);
#1971=LINE('',#12918,#3139);
#1972=LINE('',#12920,#3140);
#1973=LINE('',#12921,#3141);
#1974=VECTOR('',#8627,10.);
#1975=VECTOR('',#8628,10.);
#1976=VECTOR('',#8629,10.);
#1977=VECTOR('',#8630,10.);
#1978=VECTOR('',#8633,10.);
#1979=VECTOR('',#8634,10.);
#1980=VECTOR('',#8635,10.);
#1981=VECTOR('',#8638,10.);
#1982=VECTOR('',#8639,10.);
#1983=VECTOR('',#8640,10.);
#1984=VECTOR('',#8643,10.);
#1985=VECTOR('',#8644,10.);
#1986=VECTOR('',#8645,10.);
#1987=VECTOR('',#8648,10.);
#1988=VECTOR('',#8649,10.);
#1989=VECTOR('',#8650,10.);
#1990=VECTOR('',#8659,10.);
#1991=VECTOR('',#8660,10.);
#1992=VECTOR('',#8661,10.);
#1993=VECTOR('',#8662,10.);
#1994=VECTOR('',#8665,10.);
#1995=VECTOR('',#8666,10.);
#1996=VECTOR('',#8667,10.);
#1997=VECTOR('',#8670,10.);
#1998=VECTOR('',#8671,10.);
#1999=VECTOR('',#8672,10.);
#2000=VECTOR('',#8675,10.);
#2001=VECTOR('',#8676,10.);
#2002=VECTOR('',#8677,10.);
#2003=VECTOR('',#8680,10.);
#2004=VECTOR('',#8681,10.);
#2005=VECTOR('',#8682,10.);
#2006=VECTOR('',#8685,10.);
#2007=VECTOR('',#8686,10.);
#2008=VECTOR('',#8687,10.);
#2009=VECTOR('',#8690,10.);
#2010=VECTOR('',#8691,10.);
#2011=VECTOR('',#8692,10.);
#2012=VECTOR('',#8695,10.);
#2013=VECTOR('',#8696,10.);
#2014=VECTOR('',#8697,10.);
#2015=VECTOR('',#8700,10.);
#2016=VECTOR('',#8701,10.);
#2017=VECTOR('',#8702,10.);
#2018=VECTOR('',#8705,10.);
#2019=VECTOR('',#8706,10.);
#2020=VECTOR('',#8707,10.);
#2021=VECTOR('',#8710,10.);
#2022=VECTOR('',#8711,10.);
#2023=VECTOR('',#8712,10.);
#2024=VECTOR('',#8715,10.);
#2025=VECTOR('',#8716,10.);
#2026=VECTOR('',#8717,10.);
#2027=VECTOR('',#8720,10.);
#2028=VECTOR('',#8721,10.);
#2029=VECTOR('',#8722,10.);
#2030=VECTOR('',#8725,10.);
#2031=VECTOR('',#8726,10.);
#2032=VECTOR('',#8727,10.);
#2033=VECTOR('',#8730,10.);
#2034=VECTOR('',#8731,10.);
#2035=VECTOR('',#8732,10.);
#2036=VECTOR('',#8735,10.);
#2037=VECTOR('',#8736,10.);
#2038=VECTOR('',#8737,10.);
#2039=VECTOR('',#8740,10.);
#2040=VECTOR('',#8741,10.);
#2041=VECTOR('',#8742,10.);
#2042=VECTOR('',#8745,10.);
#2043=VECTOR('',#8746,10.);
#2044=VECTOR('',#8747,10.);
#2045=VECTOR('',#8750,10.);
#2046=VECTOR('',#8751,10.);
#2047=VECTOR('',#8752,10.);
#2048=VECTOR('',#8755,10.);
#2049=VECTOR('',#8756,10.);
#2050=VECTOR('',#8757,10.);
#2051=VECTOR('',#8760,10.);
#2052=VECTOR('',#8761,10.);
#2053=VECTOR('',#8762,10.);
#2054=VECTOR('',#8765,10.);
#2055=VECTOR('',#8766,10.);
#2056=VECTOR('',#8767,10.);
#2057=VECTOR('',#8770,10.);
#2058=VECTOR('',#8771,10.);
#2059=VECTOR('',#8772,10.);
#2060=VECTOR('',#8775,10.);
#2061=VECTOR('',#8776,10.);
#2062=VECTOR('',#8777,10.);
#2063=VECTOR('',#8780,10.);
#2064=VECTOR('',#8781,10.);
#2065=VECTOR('',#8782,10.);
#2066=VECTOR('',#8785,10.);
#2067=VECTOR('',#8786,10.);
#2068=VECTOR('',#8787,10.);
#2069=VECTOR('',#8790,10.);
#2070=VECTOR('',#8791,10.);
#2071=VECTOR('',#8792,10.);
#2072=VECTOR('',#8795,10.);
#2073=VECTOR('',#8796,10.);
#2074=VECTOR('',#8797,10.);
#2075=VECTOR('',#8800,10.);
#2076=VECTOR('',#8801,10.);
#2077=VECTOR('',#8802,10.);
#2078=VECTOR('',#8805,10.);
#2079=VECTOR('',#8806,10.);
#2080=VECTOR('',#8807,10.);
#2081=VECTOR('',#8810,10.);
#2082=VECTOR('',#8811,10.);
#2083=VECTOR('',#8812,10.);
#2084=VECTOR('',#8815,10.);
#2085=VECTOR('',#8816,10.);
#2086=VECTOR('',#8817,10.);
#2087=VECTOR('',#8820,10.);
#2088=VECTOR('',#8821,10.);
#2089=VECTOR('',#8822,10.);
#2090=VECTOR('',#8825,10.);
#2091=VECTOR('',#8826,10.);
#2092=VECTOR('',#8827,10.);
#2093=VECTOR('',#8830,10.);
#2094=VECTOR('',#8831,10.);
#2095=VECTOR('',#8832,10.);
#2096=VECTOR('',#8835,10.);
#2097=VECTOR('',#8836,10.);
#2098=VECTOR('',#8837,10.);
#2099=VECTOR('',#8840,10.);
#2100=VECTOR('',#8841,10.);
#2101=VECTOR('',#8842,10.);
#2102=VECTOR('',#8845,10.);
#2103=VECTOR('',#8846,10.);
#2104=VECTOR('',#8847,10.);
#2105=VECTOR('',#8850,10.);
#2106=VECTOR('',#8851,10.);
#2107=VECTOR('',#8852,10.);
#2108=VECTOR('',#8855,10.);
#2109=VECTOR('',#8856,10.);
#2110=VECTOR('',#8857,10.);
#2111=VECTOR('',#8860,10.);
#2112=VECTOR('',#8861,10.);
#2113=VECTOR('',#8862,10.);
#2114=VECTOR('',#8865,10.);
#2115=VECTOR('',#8866,10.);
#2116=VECTOR('',#8867,10.);
#2117=VECTOR('',#8870,10.);
#2118=VECTOR('',#8871,10.);
#2119=VECTOR('',#8872,10.);
#2120=VECTOR('',#8875,10.);
#2121=VECTOR('',#8876,10.);
#2122=VECTOR('',#8877,10.);
#2123=VECTOR('',#8880,10.);
#2124=VECTOR('',#8881,10.);
#2125=VECTOR('',#8882,10.);
#2126=VECTOR('',#8885,10.);
#2127=VECTOR('',#8886,10.);
#2128=VECTOR('',#8887,10.);
#2129=VECTOR('',#8890,10.);
#2130=VECTOR('',#8891,10.);
#2131=VECTOR('',#8892,10.);
#2132=VECTOR('',#8895,10.);
#2133=VECTOR('',#8896,10.);
#2134=VECTOR('',#8897,10.);
#2135=VECTOR('',#8900,10.);
#2136=VECTOR('',#8901,10.);
#2137=VECTOR('',#8902,10.);
#2138=VECTOR('',#8905,10.);
#2139=VECTOR('',#8906,10.);
#2140=VECTOR('',#8907,10.);
#2141=VECTOR('',#8910,10.);
#2142=VECTOR('',#8911,10.);
#2143=VECTOR('',#8912,10.);
#2144=VECTOR('',#8915,10.);
#2145=VECTOR('',#8916,10.);
#2146=VECTOR('',#8917,10.);
#2147=VECTOR('',#8920,10.);
#2148=VECTOR('',#8921,10.);
#2149=VECTOR('',#8922,10.);
#2150=VECTOR('',#8925,10.);
#2151=VECTOR('',#8926,10.);
#2152=VECTOR('',#8927,10.);
#2153=VECTOR('',#8930,10.);
#2154=VECTOR('',#8931,10.);
#2155=VECTOR('',#8932,10.);
#2156=VECTOR('',#8935,10.);
#2157=VECTOR('',#8936,10.);
#2158=VECTOR('',#8937,10.);
#2159=VECTOR('',#8940,10.);
#2160=VECTOR('',#8941,10.);
#2161=VECTOR('',#8942,10.);
#2162=VECTOR('',#8945,10.);
#2163=VECTOR('',#8946,10.);
#2164=VECTOR('',#8947,10.);
#2165=VECTOR('',#8950,10.);
#2166=VECTOR('',#8951,10.);
#2167=VECTOR('',#8952,10.);
#2168=VECTOR('',#8955,10.);
#2169=VECTOR('',#8956,10.);
#2170=VECTOR('',#8957,10.);
#2171=VECTOR('',#8960,10.);
#2172=VECTOR('',#8961,10.);
#2173=VECTOR('',#8962,10.);
#2174=VECTOR('',#8965,10.);
#2175=VECTOR('',#8966,10.);
#2176=VECTOR('',#8967,10.);
#2177=VECTOR('',#8970,10.);
#2178=VECTOR('',#8971,10.);
#2179=VECTOR('',#8972,10.);
#2180=VECTOR('',#8975,10.);
#2181=VECTOR('',#8976,10.);
#2182=VECTOR('',#8977,10.);
#2183=VECTOR('',#8980,10.);
#2184=VECTOR('',#8981,10.);
#2185=VECTOR('',#8982,10.);
#2186=VECTOR('',#8985,10.);
#2187=VECTOR('',#8986,10.);
#2188=VECTOR('',#8987,10.);
#2189=VECTOR('',#8990,10.);
#2190=VECTOR('',#8991,10.);
#2191=VECTOR('',#8992,10.);
#2192=VECTOR('',#8995,10.);
#2193=VECTOR('',#8996,10.);
#2194=VECTOR('',#8997,10.);
#2195=VECTOR('',#9000,10.);
#2196=VECTOR('',#9001,10.);
#2197=VECTOR('',#9002,10.);
#2198=VECTOR('',#9005,10.);
#2199=VECTOR('',#9006,10.);
#2200=VECTOR('',#9007,10.);
#2201=VECTOR('',#9010,10.);
#2202=VECTOR('',#9011,10.);
#2203=VECTOR('',#9012,10.);
#2204=VECTOR('',#9015,10.);
#2205=VECTOR('',#9016,10.);
#2206=VECTOR('',#9017,10.);
#2207=VECTOR('',#9020,10.);
#2208=VECTOR('',#9021,10.);
#2209=VECTOR('',#9022,10.);
#2210=VECTOR('',#9025,10.);
#2211=VECTOR('',#9026,10.);
#2212=VECTOR('',#9027,10.);
#2213=VECTOR('',#9030,10.);
#2214=VECTOR('',#9031,10.);
#2215=VECTOR('',#9032,10.);
#2216=VECTOR('',#9035,10.);
#2217=VECTOR('',#9036,10.);
#2218=VECTOR('',#9037,10.);
#2219=VECTOR('',#9040,10.);
#2220=VECTOR('',#9041,10.);
#2221=VECTOR('',#9042,10.);
#2222=VECTOR('',#9045,10.);
#2223=VECTOR('',#9046,10.);
#2224=VECTOR('',#9047,10.);
#2225=VECTOR('',#9050,10.);
#2226=VECTOR('',#9051,10.);
#2227=VECTOR('',#9052,10.);
#2228=VECTOR('',#9055,10.);
#2229=VECTOR('',#9056,10.);
#2230=VECTOR('',#9057,10.);
#2231=VECTOR('',#9060,10.);
#2232=VECTOR('',#9061,10.);
#2233=VECTOR('',#9062,10.);
#2234=VECTOR('',#9065,10.);
#2235=VECTOR('',#9066,10.);
#2236=VECTOR('',#9067,10.);
#2237=VECTOR('',#9070,10.);
#2238=VECTOR('',#9071,10.);
#2239=VECTOR('',#9072,10.);
#2240=VECTOR('',#9075,10.);
#2241=VECTOR('',#9076,10.);
#2242=VECTOR('',#9077,10.);
#2243=VECTOR('',#9080,10.);
#2244=VECTOR('',#9081,10.);
#2245=VECTOR('',#9082,10.);
#2246=VECTOR('',#9085,10.);
#2247=VECTOR('',#9086,10.);
#2248=VECTOR('',#9087,10.);
#2249=VECTOR('',#9090,10.);
#2250=VECTOR('',#9091,10.);
#2251=VECTOR('',#9092,10.);
#2252=VECTOR('',#9095,10.);
#2253=VECTOR('',#9096,10.);
#2254=VECTOR('',#9097,10.);
#2255=VECTOR('',#9100,10.);
#2256=VECTOR('',#9101,10.);
#2257=VECTOR('',#9102,10.);
#2258=VECTOR('',#9105,10.);
#2259=VECTOR('',#9106,10.);
#2260=VECTOR('',#9107,10.);
#2261=VECTOR('',#9110,10.);
#2262=VECTOR('',#9111,10.);
#2263=VECTOR('',#9112,10.);
#2264=VECTOR('',#9115,10.);
#2265=VECTOR('',#9116,10.);
#2266=VECTOR('',#9117,10.);
#2267=VECTOR('',#9120,10.);
#2268=VECTOR('',#9121,10.);
#2269=VECTOR('',#9122,10.);
#2270=VECTOR('',#9125,10.);
#2271=VECTOR('',#9126,10.);
#2272=VECTOR('',#9127,10.);
#2273=VECTOR('',#9130,10.);
#2274=VECTOR('',#9131,10.);
#2275=VECTOR('',#9132,10.);
#2276=VECTOR('',#9135,10.);
#2277=VECTOR('',#9136,10.);
#2278=VECTOR('',#9137,10.);
#2279=VECTOR('',#9140,10.);
#2280=VECTOR('',#9141,10.);
#2281=VECTOR('',#9142,10.);
#2282=VECTOR('',#9145,10.);
#2283=VECTOR('',#9146,10.);
#2284=VECTOR('',#9147,10.);
#2285=VECTOR('',#9150,10.);
#2286=VECTOR('',#9151,10.);
#2287=VECTOR('',#9152,10.);
#2288=VECTOR('',#9155,10.);
#2289=VECTOR('',#9156,10.);
#2290=VECTOR('',#9157,10.);
#2291=VECTOR('',#9160,10.);
#2292=VECTOR('',#9161,10.);
#2293=VECTOR('',#9162,10.);
#2294=VECTOR('',#9165,10.);
#2295=VECTOR('',#9166,10.);
#2296=VECTOR('',#9167,10.);
#2297=VECTOR('',#9170,10.);
#2298=VECTOR('',#9171,10.);
#2299=VECTOR('',#9172,10.);
#2300=VECTOR('',#9175,10.);
#2301=VECTOR('',#9176,10.);
#2302=VECTOR('',#9177,10.);
#2303=VECTOR('',#9180,10.);
#2304=VECTOR('',#9181,10.);
#2305=VECTOR('',#9182,10.);
#2306=VECTOR('',#9185,10.);
#2307=VECTOR('',#9186,10.);
#2308=VECTOR('',#9187,10.);
#2309=VECTOR('',#9190,10.);
#2310=VECTOR('',#9191,10.);
#2311=VECTOR('',#9192,10.);
#2312=VECTOR('',#9195,10.);
#2313=VECTOR('',#9196,10.);
#2314=VECTOR('',#9197,10.);
#2315=VECTOR('',#9200,10.);
#2316=VECTOR('',#9201,10.);
#2317=VECTOR('',#9202,10.);
#2318=VECTOR('',#9205,10.);
#2319=VECTOR('',#9206,10.);
#2320=VECTOR('',#9207,10.);
#2321=VECTOR('',#9210,10.);
#2322=VECTOR('',#9211,10.);
#2323=VECTOR('',#9212,10.);
#2324=VECTOR('',#9215,10.);
#2325=VECTOR('',#9216,10.);
#2326=VECTOR('',#9217,10.);
#2327=VECTOR('',#9220,10.);
#2328=VECTOR('',#9221,10.);
#2329=VECTOR('',#9222,10.);
#2330=VECTOR('',#9225,10.);
#2331=VECTOR('',#9226,10.);
#2332=VECTOR('',#9227,10.);
#2333=VECTOR('',#9230,10.);
#2334=VECTOR('',#9231,10.);
#2335=VECTOR('',#9232,10.);
#2336=VECTOR('',#9235,10.);
#2337=VECTOR('',#9236,10.);
#2338=VECTOR('',#9237,10.);
#2339=VECTOR('',#9240,10.);
#2340=VECTOR('',#9241,10.);
#2341=VECTOR('',#9242,10.);
#2342=VECTOR('',#9245,10.);
#2343=VECTOR('',#9246,10.);
#2344=VECTOR('',#9247,10.);
#2345=VECTOR('',#9250,10.);
#2346=VECTOR('',#9251,10.);
#2347=VECTOR('',#9252,10.);
#2348=VECTOR('',#9255,10.);
#2349=VECTOR('',#9256,10.);
#2350=VECTOR('',#9257,10.);
#2351=VECTOR('',#9260,10.);
#2352=VECTOR('',#9261,10.);
#2353=VECTOR('',#9262,10.);
#2354=VECTOR('',#9265,10.);
#2355=VECTOR('',#9266,10.);
#2356=VECTOR('',#9267,10.);
#2357=VECTOR('',#9270,10.);
#2358=VECTOR('',#9271,10.);
#2359=VECTOR('',#9272,10.);
#2360=VECTOR('',#9275,10.);
#2361=VECTOR('',#9276,10.);
#2362=VECTOR('',#9277,10.);
#2363=VECTOR('',#9280,10.);
#2364=VECTOR('',#9281,10.);
#2365=VECTOR('',#9282,10.);
#2366=VECTOR('',#9285,10.);
#2367=VECTOR('',#9286,10.);
#2368=VECTOR('',#9287,10.);
#2369=VECTOR('',#9290,10.);
#2370=VECTOR('',#9291,10.);
#2371=VECTOR('',#9292,10.);
#2372=VECTOR('',#9295,10.);
#2373=VECTOR('',#9296,10.);
#2374=VECTOR('',#9297,10.);
#2375=VECTOR('',#9300,10.);
#2376=VECTOR('',#9301,10.);
#2377=VECTOR('',#9302,10.);
#2378=VECTOR('',#9305,10.);
#2379=VECTOR('',#9306,10.);
#2380=VECTOR('',#9307,10.);
#2381=VECTOR('',#9310,10.);
#2382=VECTOR('',#9311,10.);
#2383=VECTOR('',#9312,10.);
#2384=VECTOR('',#9315,10.);
#2385=VECTOR('',#9316,10.);
#2386=VECTOR('',#9317,10.);
#2387=VECTOR('',#9320,10.);
#2388=VECTOR('',#9321,10.);
#2389=VECTOR('',#9322,10.);
#2390=VECTOR('',#9325,10.);
#2391=VECTOR('',#9326,10.);
#2392=VECTOR('',#9327,10.);
#2393=VECTOR('',#9330,10.);
#2394=VECTOR('',#9331,10.);
#2395=VECTOR('',#9332,10.);
#2396=VECTOR('',#9335,10.);
#2397=VECTOR('',#9336,10.);
#2398=VECTOR('',#9337,10.);
#2399=VECTOR('',#9340,10.);
#2400=VECTOR('',#9341,10.);
#2401=VECTOR('',#9342,10.);
#2402=VECTOR('',#9345,10.);
#2403=VECTOR('',#9346,10.);
#2404=VECTOR('',#9347,10.);
#2405=VECTOR('',#9350,10.);
#2406=VECTOR('',#9351,10.);
#2407=VECTOR('',#9352,10.);
#2408=VECTOR('',#9355,10.);
#2409=VECTOR('',#9356,10.);
#2410=VECTOR('',#9357,10.);
#2411=VECTOR('',#9360,10.);
#2412=VECTOR('',#9361,10.);
#2413=VECTOR('',#9362,10.);
#2414=VECTOR('',#9365,10.);
#2415=VECTOR('',#9366,10.);
#2416=VECTOR('',#9367,10.);
#2417=VECTOR('',#9370,10.);
#2418=VECTOR('',#9371,10.);
#2419=VECTOR('',#9372,10.);
#2420=VECTOR('',#9375,10.);
#2421=VECTOR('',#9376,10.);
#2422=VECTOR('',#9377,10.);
#2423=VECTOR('',#9380,10.);
#2424=VECTOR('',#9381,10.);
#2425=VECTOR('',#9382,10.);
#2426=VECTOR('',#9385,10.);
#2427=VECTOR('',#9386,10.);
#2428=VECTOR('',#9387,10.);
#2429=VECTOR('',#9390,10.);
#2430=VECTOR('',#9391,10.);
#2431=VECTOR('',#9392,10.);
#2432=VECTOR('',#9395,10.);
#2433=VECTOR('',#9396,10.);
#2434=VECTOR('',#9397,10.);
#2435=VECTOR('',#9400,10.);
#2436=VECTOR('',#9401,10.);
#2437=VECTOR('',#9402,10.);
#2438=VECTOR('',#9405,10.);
#2439=VECTOR('',#9406,10.);
#2440=VECTOR('',#9407,10.);
#2441=VECTOR('',#9410,10.);
#2442=VECTOR('',#9411,10.);
#2443=VECTOR('',#9412,10.);
#2444=VECTOR('',#9415,10.);
#2445=VECTOR('',#9416,10.);
#2446=VECTOR('',#9417,10.);
#2447=VECTOR('',#9420,10.);
#2448=VECTOR('',#9421,10.);
#2449=VECTOR('',#9422,10.);
#2450=VECTOR('',#9425,10.);
#2451=VECTOR('',#9426,10.);
#2452=VECTOR('',#9427,10.);
#2453=VECTOR('',#9430,10.);
#2454=VECTOR('',#9431,10.);
#2455=VECTOR('',#9432,10.);
#2456=VECTOR('',#9435,10.);
#2457=VECTOR('',#9436,10.);
#2458=VECTOR('',#9437,10.);
#2459=VECTOR('',#9440,10.);
#2460=VECTOR('',#9441,10.);
#2461=VECTOR('',#9442,10.);
#2462=VECTOR('',#9445,10.);
#2463=VECTOR('',#9446,10.);
#2464=VECTOR('',#9447,10.);
#2465=VECTOR('',#9450,10.);
#2466=VECTOR('',#9451,10.);
#2467=VECTOR('',#9452,10.);
#2468=VECTOR('',#9455,10.);
#2469=VECTOR('',#9456,10.);
#2470=VECTOR('',#9457,10.);
#2471=VECTOR('',#9460,10.);
#2472=VECTOR('',#9461,10.);
#2473=VECTOR('',#9462,10.);
#2474=VECTOR('',#9465,10.);
#2475=VECTOR('',#9466,10.);
#2476=VECTOR('',#9467,10.);
#2477=VECTOR('',#9470,10.);
#2478=VECTOR('',#9471,10.);
#2479=VECTOR('',#9472,10.);
#2480=VECTOR('',#9475,10.);
#2481=VECTOR('',#9476,10.);
#2482=VECTOR('',#9477,10.);
#2483=VECTOR('',#9480,10.);
#2484=VECTOR('',#9481,10.);
#2485=VECTOR('',#9482,10.);
#2486=VECTOR('',#9485,10.);
#2487=VECTOR('',#9486,10.);
#2488=VECTOR('',#9487,10.);
#2489=VECTOR('',#9490,10.);
#2490=VECTOR('',#9491,10.);
#2491=VECTOR('',#9492,10.);
#2492=VECTOR('',#9495,10.);
#2493=VECTOR('',#9496,10.);
#2494=VECTOR('',#9497,10.);
#2495=VECTOR('',#9500,10.);
#2496=VECTOR('',#9501,10.);
#2497=VECTOR('',#9502,10.);
#2498=VECTOR('',#9505,10.);
#2499=VECTOR('',#9506,10.);
#2500=VECTOR('',#9507,10.);
#2501=VECTOR('',#9510,10.);
#2502=VECTOR('',#9511,10.);
#2503=VECTOR('',#9512,10.);
#2504=VECTOR('',#9515,10.);
#2505=VECTOR('',#9516,10.);
#2506=VECTOR('',#9517,10.);
#2507=VECTOR('',#9520,10.);
#2508=VECTOR('',#9521,10.);
#2509=VECTOR('',#9522,10.);
#2510=VECTOR('',#9525,10.);
#2511=VECTOR('',#9526,10.);
#2512=VECTOR('',#9527,10.);
#2513=VECTOR('',#9530,10.);
#2514=VECTOR('',#9531,10.);
#2515=VECTOR('',#9532,10.);
#2516=VECTOR('',#9535,10.);
#2517=VECTOR('',#9536,10.);
#2518=VECTOR('',#9537,10.);
#2519=VECTOR('',#9540,10.);
#2520=VECTOR('',#9541,10.);
#2521=VECTOR('',#9542,10.);
#2522=VECTOR('',#9545,10.);
#2523=VECTOR('',#9546,10.);
#2524=VECTOR('',#9547,10.);
#2525=VECTOR('',#9550,10.);
#2526=VECTOR('',#9551,10.);
#2527=VECTOR('',#9552,10.);
#2528=VECTOR('',#9555,10.);
#2529=VECTOR('',#9556,10.);
#2530=VECTOR('',#9557,10.);
#2531=VECTOR('',#9560,10.);
#2532=VECTOR('',#9561,10.);
#2533=VECTOR('',#9562,10.);
#2534=VECTOR('',#9565,10.);
#2535=VECTOR('',#9566,10.);
#2536=VECTOR('',#9567,10.);
#2537=VECTOR('',#9570,10.);
#2538=VECTOR('',#9571,10.);
#2539=VECTOR('',#9572,10.);
#2540=VECTOR('',#9575,10.);
#2541=VECTOR('',#9576,10.);
#2542=VECTOR('',#9577,10.);
#2543=VECTOR('',#9580,10.);
#2544=VECTOR('',#9581,10.);
#2545=VECTOR('',#9582,10.);
#2546=VECTOR('',#9585,10.);
#2547=VECTOR('',#9586,10.);
#2548=VECTOR('',#9587,10.);
#2549=VECTOR('',#9590,10.);
#2550=VECTOR('',#9591,10.);
#2551=VECTOR('',#9592,10.);
#2552=VECTOR('',#9595,10.);
#2553=VECTOR('',#9596,10.);
#2554=VECTOR('',#9597,10.);
#2555=VECTOR('',#9600,10.);
#2556=VECTOR('',#9601,10.);
#2557=VECTOR('',#9602,10.);
#2558=VECTOR('',#9605,10.);
#2559=VECTOR('',#9606,10.);
#2560=VECTOR('',#9607,10.);
#2561=VECTOR('',#9610,10.);
#2562=VECTOR('',#9611,10.);
#2563=VECTOR('',#9612,10.);
#2564=VECTOR('',#9615,10.);
#2565=VECTOR('',#9616,10.);
#2566=VECTOR('',#9617,10.);
#2567=VECTOR('',#9620,10.);
#2568=VECTOR('',#9621,10.);
#2569=VECTOR('',#9622,10.);
#2570=VECTOR('',#9625,10.);
#2571=VECTOR('',#9626,10.);
#2572=VECTOR('',#9627,10.);
#2573=VECTOR('',#9630,10.);
#2574=VECTOR('',#9631,10.);
#2575=VECTOR('',#9632,10.);
#2576=VECTOR('',#9635,10.);
#2577=VECTOR('',#9636,10.);
#2578=VECTOR('',#9637,10.);
#2579=VECTOR('',#9640,10.);
#2580=VECTOR('',#9641,10.);
#2581=VECTOR('',#9642,10.);
#2582=VECTOR('',#9645,10.);
#2583=VECTOR('',#9646,10.);
#2584=VECTOR('',#9647,10.);
#2585=VECTOR('',#9650,10.);
#2586=VECTOR('',#9651,10.);
#2587=VECTOR('',#9652,10.);
#2588=VECTOR('',#9655,10.);
#2589=VECTOR('',#9656,10.);
#2590=VECTOR('',#9657,10.);
#2591=VECTOR('',#9660,10.);
#2592=VECTOR('',#9661,10.);
#2593=VECTOR('',#9662,10.);
#2594=VECTOR('',#9665,10.);
#2595=VECTOR('',#9666,10.);
#2596=VECTOR('',#9667,10.);
#2597=VECTOR('',#9670,10.);
#2598=VECTOR('',#9671,10.);
#2599=VECTOR('',#9672,10.);
#2600=VECTOR('',#9675,10.);
#2601=VECTOR('',#9676,10.);
#2602=VECTOR('',#9677,10.);
#2603=VECTOR('',#9680,10.);
#2604=VECTOR('',#9681,10.);
#2605=VECTOR('',#9682,10.);
#2606=VECTOR('',#9685,10.);
#2607=VECTOR('',#9686,10.);
#2608=VECTOR('',#9687,10.);
#2609=VECTOR('',#9690,10.);
#2610=VECTOR('',#9691,10.);
#2611=VECTOR('',#9692,10.);
#2612=VECTOR('',#9695,10.);
#2613=VECTOR('',#9696,10.);
#2614=VECTOR('',#9697,10.);
#2615=VECTOR('',#9700,10.);
#2616=VECTOR('',#9701,10.);
#2617=VECTOR('',#9702,10.);
#2618=VECTOR('',#9705,10.);
#2619=VECTOR('',#9706,10.);
#2620=VECTOR('',#9707,10.);
#2621=VECTOR('',#9710,10.);
#2622=VECTOR('',#9711,10.);
#2623=VECTOR('',#9712,10.);
#2624=VECTOR('',#9715,10.);
#2625=VECTOR('',#9716,10.);
#2626=VECTOR('',#9717,10.);
#2627=VECTOR('',#9720,10.);
#2628=VECTOR('',#9721,10.);
#2629=VECTOR('',#9722,10.);
#2630=VECTOR('',#9725,10.);
#2631=VECTOR('',#9726,10.);
#2632=VECTOR('',#9727,10.);
#2633=VECTOR('',#9730,10.);
#2634=VECTOR('',#9731,10.);
#2635=VECTOR('',#9732,10.);
#2636=VECTOR('',#9735,10.);
#2637=VECTOR('',#9736,10.);
#2638=VECTOR('',#9737,10.);
#2639=VECTOR('',#9740,10.);
#2640=VECTOR('',#9741,10.);
#2641=VECTOR('',#9742,10.);
#2642=VECTOR('',#9745,10.);
#2643=VECTOR('',#9746,10.);
#2644=VECTOR('',#9747,10.);
#2645=VECTOR('',#9750,10.);
#2646=VECTOR('',#9751,10.);
#2647=VECTOR('',#9752,10.);
#2648=VECTOR('',#9755,10.);
#2649=VECTOR('',#9756,10.);
#2650=VECTOR('',#9757,10.);
#2651=VECTOR('',#9760,10.);
#2652=VECTOR('',#9761,10.);
#2653=VECTOR('',#9762,10.);
#2654=VECTOR('',#9765,10.);
#2655=VECTOR('',#9766,10.);
#2656=VECTOR('',#9767,10.);
#2657=VECTOR('',#9770,10.);
#2658=VECTOR('',#9771,10.);
#2659=VECTOR('',#9772,10.);
#2660=VECTOR('',#9775,10.);
#2661=VECTOR('',#9776,10.);
#2662=VECTOR('',#9777,10.);
#2663=VECTOR('',#9780,10.);
#2664=VECTOR('',#9781,10.);
#2665=VECTOR('',#9782,10.);
#2666=VECTOR('',#9785,10.);
#2667=VECTOR('',#9786,10.);
#2668=VECTOR('',#9787,10.);
#2669=VECTOR('',#9790,10.);
#2670=VECTOR('',#9791,10.);
#2671=VECTOR('',#9792,10.);
#2672=VECTOR('',#9795,10.);
#2673=VECTOR('',#9796,10.);
#2674=VECTOR('',#9797,10.);
#2675=VECTOR('',#9800,10.);
#2676=VECTOR('',#9801,10.);
#2677=VECTOR('',#9802,10.);
#2678=VECTOR('',#9805,10.);
#2679=VECTOR('',#9806,10.);
#2680=VECTOR('',#9807,10.);
#2681=VECTOR('',#9810,10.);
#2682=VECTOR('',#9811,10.);
#2683=VECTOR('',#9812,10.);
#2684=VECTOR('',#9815,10.);
#2685=VECTOR('',#9816,10.);
#2686=VECTOR('',#9817,10.);
#2687=VECTOR('',#9820,10.);
#2688=VECTOR('',#9821,10.);
#2689=VECTOR('',#9822,10.);
#2690=VECTOR('',#9825,10.);
#2691=VECTOR('',#9826,10.);
#2692=VECTOR('',#9827,10.);
#2693=VECTOR('',#9830,10.);
#2694=VECTOR('',#9831,10.);
#2695=VECTOR('',#9832,10.);
#2696=VECTOR('',#9835,10.);
#2697=VECTOR('',#9836,10.);
#2698=VECTOR('',#9837,10.);
#2699=VECTOR('',#9840,10.);
#2700=VECTOR('',#9841,10.);
#2701=VECTOR('',#9842,10.);
#2702=VECTOR('',#9845,10.);
#2703=VECTOR('',#9846,10.);
#2704=VECTOR('',#9847,10.);
#2705=VECTOR('',#9850,10.);
#2706=VECTOR('',#9851,10.);
#2707=VECTOR('',#9852,10.);
#2708=VECTOR('',#9855,10.);
#2709=VECTOR('',#9856,10.);
#2710=VECTOR('',#9857,10.);
#2711=VECTOR('',#9860,10.);
#2712=VECTOR('',#9861,10.);
#2713=VECTOR('',#9862,10.);
#2714=VECTOR('',#9865,10.);
#2715=VECTOR('',#9866,10.);
#2716=VECTOR('',#9867,10.);
#2717=VECTOR('',#9870,10.);
#2718=VECTOR('',#9871,10.);
#2719=VECTOR('',#9872,10.);
#2720=VECTOR('',#9875,10.);
#2721=VECTOR('',#9876,10.);
#2722=VECTOR('',#9877,10.);
#2723=VECTOR('',#9880,10.);
#2724=VECTOR('',#9881,10.);
#2725=VECTOR('',#9882,10.);
#2726=VECTOR('',#9885,10.);
#2727=VECTOR('',#9886,10.);
#2728=VECTOR('',#9887,10.);
#2729=VECTOR('',#9890,10.);
#2730=VECTOR('',#9891,10.);
#2731=VECTOR('',#9892,10.);
#2732=VECTOR('',#9895,10.);
#2733=VECTOR('',#9896,10.);
#2734=VECTOR('',#9897,10.);
#2735=VECTOR('',#9900,10.);
#2736=VECTOR('',#9901,10.);
#2737=VECTOR('',#9902,10.);
#2738=VECTOR('',#9905,10.);
#2739=VECTOR('',#9906,10.);
#2740=VECTOR('',#9907,10.);
#2741=VECTOR('',#9910,10.);
#2742=VECTOR('',#9911,10.);
#2743=VECTOR('',#9912,10.);
#2744=VECTOR('',#9915,10.);
#2745=VECTOR('',#9916,10.);
#2746=VECTOR('',#9917,10.);
#2747=VECTOR('',#9920,10.);
#2748=VECTOR('',#9921,10.);
#2749=VECTOR('',#9922,10.);
#2750=VECTOR('',#9925,10.);
#2751=VECTOR('',#9926,10.);
#2752=VECTOR('',#9927,10.);
#2753=VECTOR('',#9930,10.);
#2754=VECTOR('',#9931,10.);
#2755=VECTOR('',#9932,10.);
#2756=VECTOR('',#9935,10.);
#2757=VECTOR('',#9936,10.);
#2758=VECTOR('',#9937,10.);
#2759=VECTOR('',#9940,10.);
#2760=VECTOR('',#9941,10.);
#2761=VECTOR('',#9942,10.);
#2762=VECTOR('',#9945,10.);
#2763=VECTOR('',#9946,10.);
#2764=VECTOR('',#9947,10.);
#2765=VECTOR('',#9950,10.);
#2766=VECTOR('',#9951,10.);
#2767=VECTOR('',#9952,10.);
#2768=VECTOR('',#9955,10.);
#2769=VECTOR('',#9956,10.);
#2770=VECTOR('',#9957,10.);
#2771=VECTOR('',#9960,10.);
#2772=VECTOR('',#9961,10.);
#2773=VECTOR('',#9962,10.);
#2774=VECTOR('',#9965,10.);
#2775=VECTOR('',#9966,10.);
#2776=VECTOR('',#9967,10.);
#2777=VECTOR('',#9970,10.);
#2778=VECTOR('',#9971,10.);
#2779=VECTOR('',#9972,10.);
#2780=VECTOR('',#9975,10.);
#2781=VECTOR('',#9976,10.);
#2782=VECTOR('',#9977,10.);
#2783=VECTOR('',#9980,10.);
#2784=VECTOR('',#9981,10.);
#2785=VECTOR('',#9982,10.);
#2786=VECTOR('',#9985,10.);
#2787=VECTOR('',#9986,10.);
#2788=VECTOR('',#9987,10.);
#2789=VECTOR('',#9990,10.);
#2790=VECTOR('',#9991,10.);
#2791=VECTOR('',#9992,10.);
#2792=VECTOR('',#9995,10.);
#2793=VECTOR('',#9996,10.);
#2794=VECTOR('',#9997,10.);
#2795=VECTOR('',#10000,10.);
#2796=VECTOR('',#10001,10.);
#2797=VECTOR('',#10002,10.);
#2798=VECTOR('',#10005,10.);
#2799=VECTOR('',#10006,10.);
#2800=VECTOR('',#10007,10.);
#2801=VECTOR('',#10010,10.);
#2802=VECTOR('',#10011,10.);
#2803=VECTOR('',#10012,10.);
#2804=VECTOR('',#10015,10.);
#2805=VECTOR('',#10016,10.);
#2806=VECTOR('',#10017,10.);
#2807=VECTOR('',#10020,10.);
#2808=VECTOR('',#10021,10.);
#2809=VECTOR('',#10022,10.);
#2810=VECTOR('',#10025,10.);
#2811=VECTOR('',#10026,10.);
#2812=VECTOR('',#10027,10.);
#2813=VECTOR('',#10030,10.);
#2814=VECTOR('',#10031,10.);
#2815=VECTOR('',#10032,10.);
#2816=VECTOR('',#10035,10.);
#2817=VECTOR('',#10036,10.);
#2818=VECTOR('',#10037,10.);
#2819=VECTOR('',#10040,10.);
#2820=VECTOR('',#10041,10.);
#2821=VECTOR('',#10042,10.);
#2822=VECTOR('',#10045,10.);
#2823=VECTOR('',#10046,10.);
#2824=VECTOR('',#10047,10.);
#2825=VECTOR('',#10050,10.);
#2826=VECTOR('',#10051,10.);
#2827=VECTOR('',#10052,10.);
#2828=VECTOR('',#10055,10.);
#2829=VECTOR('',#10056,10.);
#2830=VECTOR('',#10057,10.);
#2831=VECTOR('',#10060,10.);
#2832=VECTOR('',#10061,10.);
#2833=VECTOR('',#10062,10.);
#2834=VECTOR('',#10065,10.);
#2835=VECTOR('',#10066,10.);
#2836=VECTOR('',#10067,10.);
#2837=VECTOR('',#10070,10.);
#2838=VECTOR('',#10071,10.);
#2839=VECTOR('',#10072,10.);
#2840=VECTOR('',#10075,10.);
#2841=VECTOR('',#10076,10.);
#2842=VECTOR('',#10077,10.);
#2843=VECTOR('',#10080,10.);
#2844=VECTOR('',#10081,10.);
#2845=VECTOR('',#10082,10.);
#2846=VECTOR('',#10085,10.);
#2847=VECTOR('',#10086,10.);
#2848=VECTOR('',#10087,10.);
#2849=VECTOR('',#10090,10.);
#2850=VECTOR('',#10091,10.);
#2851=VECTOR('',#10092,10.);
#2852=VECTOR('',#10095,10.);
#2853=VECTOR('',#10096,10.);
#2854=VECTOR('',#10097,10.);
#2855=VECTOR('',#10100,10.);
#2856=VECTOR('',#10101,10.);
#2857=VECTOR('',#10102,10.);
#2858=VECTOR('',#10105,10.);
#2859=VECTOR('',#10106,10.);
#2860=VECTOR('',#10107,10.);
#2861=VECTOR('',#10110,10.);
#2862=VECTOR('',#10111,10.);
#2863=VECTOR('',#10112,10.);
#2864=VECTOR('',#10115,10.);
#2865=VECTOR('',#10116,10.);
#2866=VECTOR('',#10117,10.);
#2867=VECTOR('',#10120,10.);
#2868=VECTOR('',#10121,10.);
#2869=VECTOR('',#10122,10.);
#2870=VECTOR('',#10125,10.);
#2871=VECTOR('',#10126,10.);
#2872=VECTOR('',#10127,10.);
#2873=VECTOR('',#10130,10.);
#2874=VECTOR('',#10131,10.);
#2875=VECTOR('',#10132,10.);
#2876=VECTOR('',#10135,10.);
#2877=VECTOR('',#10136,10.);
#2878=VECTOR('',#10137,10.);
#2879=VECTOR('',#10140,10.);
#2880=VECTOR('',#10141,10.);
#2881=VECTOR('',#10142,10.);
#2882=VECTOR('',#10145,10.);
#2883=VECTOR('',#10146,10.);
#2884=VECTOR('',#10147,10.);
#2885=VECTOR('',#10150,10.);
#2886=VECTOR('',#10151,10.);
#2887=VECTOR('',#10152,10.);
#2888=VECTOR('',#10155,10.);
#2889=VECTOR('',#10156,10.);
#2890=VECTOR('',#10157,10.);
#2891=VECTOR('',#10160,10.);
#2892=VECTOR('',#10161,10.);
#2893=VECTOR('',#10162,10.);
#2894=VECTOR('',#10165,10.);
#2895=VECTOR('',#10166,10.);
#2896=VECTOR('',#10167,10.);
#2897=VECTOR('',#10170,10.);
#2898=VECTOR('',#10171,10.);
#2899=VECTOR('',#10172,10.);
#2900=VECTOR('',#10175,10.);
#2901=VECTOR('',#10176,10.);
#2902=VECTOR('',#10177,10.);
#2903=VECTOR('',#10180,10.);
#2904=VECTOR('',#10181,10.);
#2905=VECTOR('',#10182,10.);
#2906=VECTOR('',#10185,10.);
#2907=VECTOR('',#10186,10.);
#2908=VECTOR('',#10187,10.);
#2909=VECTOR('',#10190,10.);
#2910=VECTOR('',#10191,10.);
#2911=VECTOR('',#10192,10.);
#2912=VECTOR('',#10195,10.);
#2913=VECTOR('',#10196,10.);
#2914=VECTOR('',#10197,10.);
#2915=VECTOR('',#10200,10.);
#2916=VECTOR('',#10201,10.);
#2917=VECTOR('',#10202,10.);
#2918=VECTOR('',#10205,10.);
#2919=VECTOR('',#10206,10.);
#2920=VECTOR('',#10207,10.);
#2921=VECTOR('',#10210,10.);
#2922=VECTOR('',#10211,10.);
#2923=VECTOR('',#10212,10.);
#2924=VECTOR('',#10215,10.);
#2925=VECTOR('',#10216,10.);
#2926=VECTOR('',#10217,10.);
#2927=VECTOR('',#10220,10.);
#2928=VECTOR('',#10221,10.);
#2929=VECTOR('',#10222,10.);
#2930=VECTOR('',#10225,10.);
#2931=VECTOR('',#10226,10.);
#2932=VECTOR('',#10227,10.);
#2933=VECTOR('',#10230,10.);
#2934=VECTOR('',#10231,10.);
#2935=VECTOR('',#10232,10.);
#2936=VECTOR('',#10235,10.);
#2937=VECTOR('',#10236,10.);
#2938=VECTOR('',#10237,10.);
#2939=VECTOR('',#10240,10.);
#2940=VECTOR('',#10241,10.);
#2941=VECTOR('',#10242,10.);
#2942=VECTOR('',#10245,10.);
#2943=VECTOR('',#10246,10.);
#2944=VECTOR('',#10247,10.);
#2945=VECTOR('',#10250,10.);
#2946=VECTOR('',#10251,10.);
#2947=VECTOR('',#10252,10.);
#2948=VECTOR('',#10255,10.);
#2949=VECTOR('',#10256,10.);
#2950=VECTOR('',#10257,10.);
#2951=VECTOR('',#10260,10.);
#2952=VECTOR('',#10261,10.);
#2953=VECTOR('',#10262,10.);
#2954=VECTOR('',#10265,10.);
#2955=VECTOR('',#10266,10.);
#2956=VECTOR('',#10267,10.);
#2957=VECTOR('',#10270,10.);
#2958=VECTOR('',#10271,10.);
#2959=VECTOR('',#10272,10.);
#2960=VECTOR('',#10275,10.);
#2961=VECTOR('',#10276,10.);
#2962=VECTOR('',#10277,10.);
#2963=VECTOR('',#10280,10.);
#2964=VECTOR('',#10281,10.);
#2965=VECTOR('',#10282,10.);
#2966=VECTOR('',#10285,10.);
#2967=VECTOR('',#10286,10.);
#2968=VECTOR('',#10287,10.);
#2969=VECTOR('',#10290,10.);
#2970=VECTOR('',#10291,10.);
#2971=VECTOR('',#10292,10.);
#2972=VECTOR('',#10295,10.);
#2973=VECTOR('',#10296,10.);
#2974=VECTOR('',#10297,10.);
#2975=VECTOR('',#10300,10.);
#2976=VECTOR('',#10301,10.);
#2977=VECTOR('',#10302,10.);
#2978=VECTOR('',#10305,10.);
#2979=VECTOR('',#10306,10.);
#2980=VECTOR('',#10307,10.);
#2981=VECTOR('',#10310,10.);
#2982=VECTOR('',#10311,10.);
#2983=VECTOR('',#10312,10.);
#2984=VECTOR('',#10315,10.);
#2985=VECTOR('',#10316,10.);
#2986=VECTOR('',#10317,10.);
#2987=VECTOR('',#10320,10.);
#2988=VECTOR('',#10321,10.);
#2989=VECTOR('',#10322,10.);
#2990=VECTOR('',#10325,10.);
#2991=VECTOR('',#10326,10.);
#2992=VECTOR('',#10327,10.);
#2993=VECTOR('',#10330,10.);
#2994=VECTOR('',#10331,10.);
#2995=VECTOR('',#10332,10.);
#2996=VECTOR('',#10335,10.);
#2997=VECTOR('',#10336,10.);
#2998=VECTOR('',#10337,10.);
#2999=VECTOR('',#10340,10.);
#3000=VECTOR('',#10341,10.);
#3001=VECTOR('',#10342,10.);
#3002=VECTOR('',#10345,10.);
#3003=VECTOR('',#10346,10.);
#3004=VECTOR('',#10347,10.);
#3005=VECTOR('',#10350,10.);
#3006=VECTOR('',#10351,10.);
#3007=VECTOR('',#10352,10.);
#3008=VECTOR('',#10355,10.);
#3009=VECTOR('',#10356,10.);
#3010=VECTOR('',#10357,10.);
#3011=VECTOR('',#10360,10.);
#3012=VECTOR('',#10361,10.);
#3013=VECTOR('',#10362,10.);
#3014=VECTOR('',#10365,10.);
#3015=VECTOR('',#10366,10.);
#3016=VECTOR('',#10367,10.);
#3017=VECTOR('',#10370,10.);
#3018=VECTOR('',#10371,10.);
#3019=VECTOR('',#10372,10.);
#3020=VECTOR('',#10375,10.);
#3021=VECTOR('',#10376,10.);
#3022=VECTOR('',#10377,10.);
#3023=VECTOR('',#10380,10.);
#3024=VECTOR('',#10381,10.);
#3025=VECTOR('',#10382,10.);
#3026=VECTOR('',#10385,10.);
#3027=VECTOR('',#10386,10.);
#3028=VECTOR('',#10387,10.);
#3029=VECTOR('',#10390,10.);
#3030=VECTOR('',#10391,10.);
#3031=VECTOR('',#10392,10.);
#3032=VECTOR('',#10395,10.);
#3033=VECTOR('',#10396,10.);
#3034=VECTOR('',#10397,10.);
#3035=VECTOR('',#10400,10.);
#3036=VECTOR('',#10401,10.);
#3037=VECTOR('',#10402,10.);
#3038=VECTOR('',#10405,10.);
#3039=VECTOR('',#10406,10.);
#3040=VECTOR('',#10407,10.);
#3041=VECTOR('',#10410,10.);
#3042=VECTOR('',#10411,10.);
#3043=VECTOR('',#10412,10.);
#3044=VECTOR('',#10415,10.);
#3045=VECTOR('',#10416,10.);
#3046=VECTOR('',#10417,10.);
#3047=VECTOR('',#10420,10.);
#3048=VECTOR('',#10421,10.);
#3049=VECTOR('',#10422,10.);
#3050=VECTOR('',#10425,10.);
#3051=VECTOR('',#10426,10.);
#3052=VECTOR('',#10427,10.);
#3053=VECTOR('',#10430,10.);
#3054=VECTOR('',#10431,10.);
#3055=VECTOR('',#10432,10.);
#3056=VECTOR('',#10435,10.);
#3057=VECTOR('',#10436,10.);
#3058=VECTOR('',#10437,10.);
#3059=VECTOR('',#10440,10.);
#3060=VECTOR('',#10441,10.);
#3061=VECTOR('',#10442,10.);
#3062=VECTOR('',#10445,10.);
#3063=VECTOR('',#10446,10.);
#3064=VECTOR('',#10447,10.);
#3065=VECTOR('',#10450,10.);
#3066=VECTOR('',#10451,10.);
#3067=VECTOR('',#10452,10.);
#3068=VECTOR('',#10455,10.);
#3069=VECTOR('',#10456,10.);
#3070=VECTOR('',#10457,10.);
#3071=VECTOR('',#10460,10.);
#3072=VECTOR('',#10461,10.);
#3073=VECTOR('',#10462,10.);
#3074=VECTOR('',#10465,10.);
#3075=VECTOR('',#10466,10.);
#3076=VECTOR('',#10467,10.);
#3077=VECTOR('',#10470,10.);
#3078=VECTOR('',#10471,10.);
#3079=VECTOR('',#10472,10.);
#3080=VECTOR('',#10475,10.);
#3081=VECTOR('',#10476,10.);
#3082=VECTOR('',#10477,10.);
#3083=VECTOR('',#10480,10.);
#3084=VECTOR('',#10481,10.);
#3085=VECTOR('',#10482,10.);
#3086=VECTOR('',#10485,10.);
#3087=VECTOR('',#10486,10.);
#3088=VECTOR('',#10487,10.);
#3089=VECTOR('',#10490,10.);
#3090=VECTOR('',#10491,10.);
#3091=VECTOR('',#10492,10.);
#3092=VECTOR('',#10495,10.);
#3093=VECTOR('',#10496,10.);
#3094=VECTOR('',#10497,10.);
#3095=VECTOR('',#10500,10.);
#3096=VECTOR('',#10501,10.);
#3097=VECTOR('',#10502,10.);
#3098=VECTOR('',#10505,10.);
#3099=VECTOR('',#10506,10.);
#3100=VECTOR('',#10507,10.);
#3101=VECTOR('',#10510,10.);
#3102=VECTOR('',#10511,10.);
#3103=VECTOR('',#10512,10.);
#3104=VECTOR('',#10515,10.);
#3105=VECTOR('',#10516,10.);
#3106=VECTOR('',#10517,10.);
#3107=VECTOR('',#10520,10.);
#3108=VECTOR('',#10521,10.);
#3109=VECTOR('',#10522,10.);
#3110=VECTOR('',#10525,10.);
#3111=VECTOR('',#10526,10.);
#3112=VECTOR('',#10527,10.);
#3113=VECTOR('',#10530,10.);
#3114=VECTOR('',#10531,10.);
#3115=VECTOR('',#10532,10.);
#3116=VECTOR('',#10535,10.);
#3117=VECTOR('',#10536,10.);
#3118=VECTOR('',#10537,10.);
#3119=VECTOR('',#10540,10.);
#3120=VECTOR('',#10541,10.);
#3121=VECTOR('',#10542,10.);
#3122=VECTOR('',#10545,10.);
#3123=VECTOR('',#10546,10.);
#3124=VECTOR('',#10547,10.);
#3125=VECTOR('',#10550,10.);
#3126=VECTOR('',#10551,10.);
#3127=VECTOR('',#10552,10.);
#3128=VECTOR('',#10555,10.);
#3129=VECTOR('',#10556,10.);
#3130=VECTOR('',#10557,10.);
#3131=VECTOR('',#10560,10.);
#3132=VECTOR('',#10561,10.);
#3133=VECTOR('',#10562,10.);
#3134=VECTOR('',#10565,10.);
#3135=VECTOR('',#10566,10.);
#3136=VECTOR('',#10567,10.);
#3137=VECTOR('',#10570,10.);
#3138=VECTOR('',#10571,10.);
#3139=VECTOR('',#10572,10.);
#3140=VECTOR('',#10575,10.);
#3141=VECTOR('',#10576,10.);
#3142=VERTEX_POINT('',#10583);
#3143=VERTEX_POINT('',#10584);
#3144=VERTEX_POINT('',#10586);
#3145=VERTEX_POINT('',#10588);
#3146=VERTEX_POINT('',#10592);
#3147=VERTEX_POINT('',#10594);
#3148=VERTEX_POINT('',#10598);
#3149=VERTEX_POINT('',#10600);
#3150=VERTEX_POINT('',#10604);
#3151=VERTEX_POINT('',#10606);
#3152=VERTEX_POINT('',#10610);
#3153=VERTEX_POINT('',#10612);
#3154=VERTEX_POINT('',#10619);
#3155=VERTEX_POINT('',#10620);
#3156=VERTEX_POINT('',#10622);
#3157=VERTEX_POINT('',#10624);
#3158=VERTEX_POINT('',#10628);
#3159=VERTEX_POINT('',#10630);
#3160=VERTEX_POINT('',#10634);
#3161=VERTEX_POINT('',#10636);
#3162=VERTEX_POINT('',#10640);
#3163=VERTEX_POINT('',#10642);
#3164=VERTEX_POINT('',#10646);
#3165=VERTEX_POINT('',#10648);
#3166=VERTEX_POINT('',#10652);
#3167=VERTEX_POINT('',#10654);
#3168=VERTEX_POINT('',#10658);
#3169=VERTEX_POINT('',#10660);
#3170=VERTEX_POINT('',#10664);
#3171=VERTEX_POINT('',#10666);
#3172=VERTEX_POINT('',#10670);
#3173=VERTEX_POINT('',#10672);
#3174=VERTEX_POINT('',#10676);
#3175=VERTEX_POINT('',#10678);
#3176=VERTEX_POINT('',#10682);
#3177=VERTEX_POINT('',#10684);
#3178=VERTEX_POINT('',#10688);
#3179=VERTEX_POINT('',#10690);
#3180=VERTEX_POINT('',#10694);
#3181=VERTEX_POINT('',#10696);
#3182=VERTEX_POINT('',#10700);
#3183=VERTEX_POINT('',#10702);
#3184=VERTEX_POINT('',#10706);
#3185=VERTEX_POINT('',#10708);
#3186=VERTEX_POINT('',#10712);
#3187=VERTEX_POINT('',#10714);
#3188=VERTEX_POINT('',#10718);
#3189=VERTEX_POINT('',#10720);
#3190=VERTEX_POINT('',#10724);
#3191=VERTEX_POINT('',#10726);
#3192=VERTEX_POINT('',#10730);
#3193=VERTEX_POINT('',#10732);
#3194=VERTEX_POINT('',#10736);
#3195=VERTEX_POINT('',#10738);
#3196=VERTEX_POINT('',#10742);
#3197=VERTEX_POINT('',#10744);
#3198=VERTEX_POINT('',#10748);
#3199=VERTEX_POINT('',#10750);
#3200=VERTEX_POINT('',#10754);
#3201=VERTEX_POINT('',#10756);
#3202=VERTEX_POINT('',#10760);
#3203=VERTEX_POINT('',#10762);
#3204=VERTEX_POINT('',#10766);
#3205=VERTEX_POINT('',#10768);
#3206=VERTEX_POINT('',#10772);
#3207=VERTEX_POINT('',#10774);
#3208=VERTEX_POINT('',#10778);
#3209=VERTEX_POINT('',#10780);
#3210=VERTEX_POINT('',#10784);
#3211=VERTEX_POINT('',#10786);
#3212=VERTEX_POINT('',#10790);
#3213=VERTEX_POINT('',#10792);
#3214=VERTEX_POINT('',#10796);
#3215=VERTEX_POINT('',#10798);
#3216=VERTEX_POINT('',#10802);
#3217=VERTEX_POINT('',#10804);
#3218=VERTEX_POINT('',#10808);
#3219=VERTEX_POINT('',#10810);
#3220=VERTEX_POINT('',#10814);
#3221=VERTEX_POINT('',#10816);
#3222=VERTEX_POINT('',#10820);
#3223=VERTEX_POINT('',#10822);
#3224=VERTEX_POINT('',#10826);
#3225=VERTEX_POINT('',#10828);
#3226=VERTEX_POINT('',#10832);
#3227=VERTEX_POINT('',#10834);
#3228=VERTEX_POINT('',#10838);
#3229=VERTEX_POINT('',#10840);
#3230=VERTEX_POINT('',#10844);
#3231=VERTEX_POINT('',#10846);
#3232=VERTEX_POINT('',#10850);
#3233=VERTEX_POINT('',#10852);
#3234=VERTEX_POINT('',#10856);
#3235=VERTEX_POINT('',#10858);
#3236=VERTEX_POINT('',#10862);
#3237=VERTEX_POINT('',#10864);
#3238=VERTEX_POINT('',#10868);
#3239=VERTEX_POINT('',#10870);
#3240=VERTEX_POINT('',#10874);
#3241=VERTEX_POINT('',#10876);
#3242=VERTEX_POINT('',#10880);
#3243=VERTEX_POINT('',#10882);
#3244=VERTEX_POINT('',#10886);
#3245=VERTEX_POINT('',#10888);
#3246=VERTEX_POINT('',#10892);
#3247=VERTEX_POINT('',#10894);
#3248=VERTEX_POINT('',#10898);
#3249=VERTEX_POINT('',#10900);
#3250=VERTEX_POINT('',#10904);
#3251=VERTEX_POINT('',#10906);
#3252=VERTEX_POINT('',#10910);
#3253=VERTEX_POINT('',#10912);
#3254=VERTEX_POINT('',#10916);
#3255=VERTEX_POINT('',#10918);
#3256=VERTEX_POINT('',#10922);
#3257=VERTEX_POINT('',#10924);
#3258=VERTEX_POINT('',#10928);
#3259=VERTEX_POINT('',#10930);
#3260=VERTEX_POINT('',#10934);
#3261=VERTEX_POINT('',#10936);
#3262=VERTEX_POINT('',#10940);
#3263=VERTEX_POINT('',#10942);
#3264=VERTEX_POINT('',#10946);
#3265=VERTEX_POINT('',#10948);
#3266=VERTEX_POINT('',#10952);
#3267=VERTEX_POINT('',#10954);
#3268=VERTEX_POINT('',#10958);
#3269=VERTEX_POINT('',#10960);
#3270=VERTEX_POINT('',#10964);
#3271=VERTEX_POINT('',#10966);
#3272=VERTEX_POINT('',#10970);
#3273=VERTEX_POINT('',#10972);
#3274=VERTEX_POINT('',#10976);
#3275=VERTEX_POINT('',#10978);
#3276=VERTEX_POINT('',#10982);
#3277=VERTEX_POINT('',#10984);
#3278=VERTEX_POINT('',#10988);
#3279=VERTEX_POINT('',#10990);
#3280=VERTEX_POINT('',#10994);
#3281=VERTEX_POINT('',#10996);
#3282=VERTEX_POINT('',#11000);
#3283=VERTEX_POINT('',#11002);
#3284=VERTEX_POINT('',#11006);
#3285=VERTEX_POINT('',#11008);
#3286=VERTEX_POINT('',#11012);
#3287=VERTEX_POINT('',#11014);
#3288=VERTEX_POINT('',#11018);
#3289=VERTEX_POINT('',#11020);
#3290=VERTEX_POINT('',#11024);
#3291=VERTEX_POINT('',#11026);
#3292=VERTEX_POINT('',#11030);
#3293=VERTEX_POINT('',#11032);
#3294=VERTEX_POINT('',#11036);
#3295=VERTEX_POINT('',#11038);
#3296=VERTEX_POINT('',#11042);
#3297=VERTEX_POINT('',#11044);
#3298=VERTEX_POINT('',#11048);
#3299=VERTEX_POINT('',#11050);
#3300=VERTEX_POINT('',#11054);
#3301=VERTEX_POINT('',#11056);
#3302=VERTEX_POINT('',#11060);
#3303=VERTEX_POINT('',#11062);
#3304=VERTEX_POINT('',#11066);
#3305=VERTEX_POINT('',#11068);
#3306=VERTEX_POINT('',#11072);
#3307=VERTEX_POINT('',#11074);
#3308=VERTEX_POINT('',#11078);
#3309=VERTEX_POINT('',#11080);
#3310=VERTEX_POINT('',#11084);
#3311=VERTEX_POINT('',#11086);
#3312=VERTEX_POINT('',#11090);
#3313=VERTEX_POINT('',#11092);
#3314=VERTEX_POINT('',#11096);
#3315=VERTEX_POINT('',#11098);
#3316=VERTEX_POINT('',#11102);
#3317=VERTEX_POINT('',#11104);
#3318=VERTEX_POINT('',#11108);
#3319=VERTEX_POINT('',#11110);
#3320=VERTEX_POINT('',#11114);
#3321=VERTEX_POINT('',#11116);
#3322=VERTEX_POINT('',#11120);
#3323=VERTEX_POINT('',#11122);
#3324=VERTEX_POINT('',#11126);
#3325=VERTEX_POINT('',#11128);
#3326=VERTEX_POINT('',#11132);
#3327=VERTEX_POINT('',#11134);
#3328=VERTEX_POINT('',#11138);
#3329=VERTEX_POINT('',#11140);
#3330=VERTEX_POINT('',#11144);
#3331=VERTEX_POINT('',#11146);
#3332=VERTEX_POINT('',#11150);
#3333=VERTEX_POINT('',#11152);
#3334=VERTEX_POINT('',#11156);
#3335=VERTEX_POINT('',#11158);
#3336=VERTEX_POINT('',#11162);
#3337=VERTEX_POINT('',#11164);
#3338=VERTEX_POINT('',#11168);
#3339=VERTEX_POINT('',#11170);
#3340=VERTEX_POINT('',#11174);
#3341=VERTEX_POINT('',#11176);
#3342=VERTEX_POINT('',#11180);
#3343=VERTEX_POINT('',#11182);
#3344=VERTEX_POINT('',#11186);
#3345=VERTEX_POINT('',#11188);
#3346=VERTEX_POINT('',#11192);
#3347=VERTEX_POINT('',#11194);
#3348=VERTEX_POINT('',#11198);
#3349=VERTEX_POINT('',#11200);
#3350=VERTEX_POINT('',#11204);
#3351=VERTEX_POINT('',#11206);
#3352=VERTEX_POINT('',#11210);
#3353=VERTEX_POINT('',#11212);
#3354=VERTEX_POINT('',#11216);
#3355=VERTEX_POINT('',#11218);
#3356=VERTEX_POINT('',#11222);
#3357=VERTEX_POINT('',#11224);
#3358=VERTEX_POINT('',#11228);
#3359=VERTEX_POINT('',#11230);
#3360=VERTEX_POINT('',#11234);
#3361=VERTEX_POINT('',#11236);
#3362=VERTEX_POINT('',#11240);
#3363=VERTEX_POINT('',#11242);
#3364=VERTEX_POINT('',#11246);
#3365=VERTEX_POINT('',#11248);
#3366=VERTEX_POINT('',#11252);
#3367=VERTEX_POINT('',#11254);
#3368=VERTEX_POINT('',#11258);
#3369=VERTEX_POINT('',#11260);
#3370=VERTEX_POINT('',#11264);
#3371=VERTEX_POINT('',#11266);
#3372=VERTEX_POINT('',#11270);
#3373=VERTEX_POINT('',#11272);
#3374=VERTEX_POINT('',#11276);
#3375=VERTEX_POINT('',#11278);
#3376=VERTEX_POINT('',#11282);
#3377=VERTEX_POINT('',#11284);
#3378=VERTEX_POINT('',#11288);
#3379=VERTEX_POINT('',#11290);
#3380=VERTEX_POINT('',#11294);
#3381=VERTEX_POINT('',#11296);
#3382=VERTEX_POINT('',#11300);
#3383=VERTEX_POINT('',#11302);
#3384=VERTEX_POINT('',#11306);
#3385=VERTEX_POINT('',#11308);
#3386=VERTEX_POINT('',#11312);
#3387=VERTEX_POINT('',#11314);
#3388=VERTEX_POINT('',#11318);
#3389=VERTEX_POINT('',#11320);
#3390=VERTEX_POINT('',#11324);
#3391=VERTEX_POINT('',#11326);
#3392=VERTEX_POINT('',#11330);
#3393=VERTEX_POINT('',#11332);
#3394=VERTEX_POINT('',#11336);
#3395=VERTEX_POINT('',#11338);
#3396=VERTEX_POINT('',#11342);
#3397=VERTEX_POINT('',#11344);
#3398=VERTEX_POINT('',#11348);
#3399=VERTEX_POINT('',#11350);
#3400=VERTEX_POINT('',#11354);
#3401=VERTEX_POINT('',#11356);
#3402=VERTEX_POINT('',#11360);
#3403=VERTEX_POINT('',#11362);
#3404=VERTEX_POINT('',#11366);
#3405=VERTEX_POINT('',#11368);
#3406=VERTEX_POINT('',#11372);
#3407=VERTEX_POINT('',#11374);
#3408=VERTEX_POINT('',#11378);
#3409=VERTEX_POINT('',#11380);
#3410=VERTEX_POINT('',#11384);
#3411=VERTEX_POINT('',#11386);
#3412=VERTEX_POINT('',#11390);
#3413=VERTEX_POINT('',#11392);
#3414=VERTEX_POINT('',#11396);
#3415=VERTEX_POINT('',#11398);
#3416=VERTEX_POINT('',#11402);
#3417=VERTEX_POINT('',#11404);
#3418=VERTEX_POINT('',#11408);
#3419=VERTEX_POINT('',#11410);
#3420=VERTEX_POINT('',#11414);
#3421=VERTEX_POINT('',#11416);
#3422=VERTEX_POINT('',#11420);
#3423=VERTEX_POINT('',#11422);
#3424=VERTEX_POINT('',#11426);
#3425=VERTEX_POINT('',#11428);
#3426=VERTEX_POINT('',#11432);
#3427=VERTEX_POINT('',#11434);
#3428=VERTEX_POINT('',#11438);
#3429=VERTEX_POINT('',#11440);
#3430=VERTEX_POINT('',#11444);
#3431=VERTEX_POINT('',#11446);
#3432=VERTEX_POINT('',#11450);
#3433=VERTEX_POINT('',#11452);
#3434=VERTEX_POINT('',#11456);
#3435=VERTEX_POINT('',#11458);
#3436=VERTEX_POINT('',#11462);
#3437=VERTEX_POINT('',#11464);
#3438=VERTEX_POINT('',#11468);
#3439=VERTEX_POINT('',#11470);
#3440=VERTEX_POINT('',#11474);
#3441=VERTEX_POINT('',#11476);
#3442=VERTEX_POINT('',#11480);
#3443=VERTEX_POINT('',#11482);
#3444=VERTEX_POINT('',#11486);
#3445=VERTEX_POINT('',#11488);
#3446=VERTEX_POINT('',#11492);
#3447=VERTEX_POINT('',#11494);
#3448=VERTEX_POINT('',#11498);
#3449=VERTEX_POINT('',#11500);
#3450=VERTEX_POINT('',#11504);
#3451=VERTEX_POINT('',#11506);
#3452=VERTEX_POINT('',#11510);
#3453=VERTEX_POINT('',#11512);
#3454=VERTEX_POINT('',#11516);
#3455=VERTEX_POINT('',#11518);
#3456=VERTEX_POINT('',#11522);
#3457=VERTEX_POINT('',#11524);
#3458=VERTEX_POINT('',#11528);
#3459=VERTEX_POINT('',#11530);
#3460=VERTEX_POINT('',#11534);
#3461=VERTEX_POINT('',#11536);
#3462=VERTEX_POINT('',#11540);
#3463=VERTEX_POINT('',#11542);
#3464=VERTEX_POINT('',#11546);
#3465=VERTEX_POINT('',#11548);
#3466=VERTEX_POINT('',#11552);
#3467=VERTEX_POINT('',#11554);
#3468=VERTEX_POINT('',#11558);
#3469=VERTEX_POINT('',#11560);
#3470=VERTEX_POINT('',#11564);
#3471=VERTEX_POINT('',#11566);
#3472=VERTEX_POINT('',#11570);
#3473=VERTEX_POINT('',#11572);
#3474=VERTEX_POINT('',#11576);
#3475=VERTEX_POINT('',#11578);
#3476=VERTEX_POINT('',#11582);
#3477=VERTEX_POINT('',#11584);
#3478=VERTEX_POINT('',#11588);
#3479=VERTEX_POINT('',#11590);
#3480=VERTEX_POINT('',#11594);
#3481=VERTEX_POINT('',#11596);
#3482=VERTEX_POINT('',#11600);
#3483=VERTEX_POINT('',#11602);
#3484=VERTEX_POINT('',#11606);
#3485=VERTEX_POINT('',#11608);
#3486=VERTEX_POINT('',#11612);
#3487=VERTEX_POINT('',#11614);
#3488=VERTEX_POINT('',#11618);
#3489=VERTEX_POINT('',#11620);
#3490=VERTEX_POINT('',#11624);
#3491=VERTEX_POINT('',#11626);
#3492=VERTEX_POINT('',#11630);
#3493=VERTEX_POINT('',#11632);
#3494=VERTEX_POINT('',#11636);
#3495=VERTEX_POINT('',#11638);
#3496=VERTEX_POINT('',#11642);
#3497=VERTEX_POINT('',#11644);
#3498=VERTEX_POINT('',#11648);
#3499=VERTEX_POINT('',#11650);
#3500=VERTEX_POINT('',#11654);
#3501=VERTEX_POINT('',#11656);
#3502=VERTEX_POINT('',#11660);
#3503=VERTEX_POINT('',#11662);
#3504=VERTEX_POINT('',#11666);
#3505=VERTEX_POINT('',#11668);
#3506=VERTEX_POINT('',#11672);
#3507=VERTEX_POINT('',#11674);
#3508=VERTEX_POINT('',#11678);
#3509=VERTEX_POINT('',#11680);
#3510=VERTEX_POINT('',#11684);
#3511=VERTEX_POINT('',#11686);
#3512=VERTEX_POINT('',#11690);
#3513=VERTEX_POINT('',#11692);
#3514=VERTEX_POINT('',#11696);
#3515=VERTEX_POINT('',#11698);
#3516=VERTEX_POINT('',#11702);
#3517=VERTEX_POINT('',#11704);
#3518=VERTEX_POINT('',#11708);
#3519=VERTEX_POINT('',#11710);
#3520=VERTEX_POINT('',#11714);
#3521=VERTEX_POINT('',#11716);
#3522=VERTEX_POINT('',#11720);
#3523=VERTEX_POINT('',#11722);
#3524=VERTEX_POINT('',#11726);
#3525=VERTEX_POINT('',#11728);
#3526=VERTEX_POINT('',#11732);
#3527=VERTEX_POINT('',#11734);
#3528=VERTEX_POINT('',#11738);
#3529=VERTEX_POINT('',#11740);
#3530=VERTEX_POINT('',#11744);
#3531=VERTEX_POINT('',#11746);
#3532=VERTEX_POINT('',#11750);
#3533=VERTEX_POINT('',#11752);
#3534=VERTEX_POINT('',#11756);
#3535=VERTEX_POINT('',#11758);
#3536=VERTEX_POINT('',#11762);
#3537=VERTEX_POINT('',#11764);
#3538=VERTEX_POINT('',#11768);
#3539=VERTEX_POINT('',#11770);
#3540=VERTEX_POINT('',#11774);
#3541=VERTEX_POINT('',#11776);
#3542=VERTEX_POINT('',#11780);
#3543=VERTEX_POINT('',#11782);
#3544=VERTEX_POINT('',#11786);
#3545=VERTEX_POINT('',#11788);
#3546=VERTEX_POINT('',#11792);
#3547=VERTEX_POINT('',#11794);
#3548=VERTEX_POINT('',#11798);
#3549=VERTEX_POINT('',#11800);
#3550=VERTEX_POINT('',#11804);
#3551=VERTEX_POINT('',#11806);
#3552=VERTEX_POINT('',#11810);
#3553=VERTEX_POINT('',#11812);
#3554=VERTEX_POINT('',#11816);
#3555=VERTEX_POINT('',#11818);
#3556=VERTEX_POINT('',#11822);
#3557=VERTEX_POINT('',#11824);
#3558=VERTEX_POINT('',#11828);
#3559=VERTEX_POINT('',#11830);
#3560=VERTEX_POINT('',#11834);
#3561=VERTEX_POINT('',#11836);
#3562=VERTEX_POINT('',#11840);
#3563=VERTEX_POINT('',#11842);
#3564=VERTEX_POINT('',#11846);
#3565=VERTEX_POINT('',#11848);
#3566=VERTEX_POINT('',#11852);
#3567=VERTEX_POINT('',#11854);
#3568=VERTEX_POINT('',#11858);
#3569=VERTEX_POINT('',#11860);
#3570=VERTEX_POINT('',#11864);
#3571=VERTEX_POINT('',#11866);
#3572=VERTEX_POINT('',#11870);
#3573=VERTEX_POINT('',#11872);
#3574=VERTEX_POINT('',#11876);
#3575=VERTEX_POINT('',#11878);
#3576=VERTEX_POINT('',#11882);
#3577=VERTEX_POINT('',#11884);
#3578=VERTEX_POINT('',#11888);
#3579=VERTEX_POINT('',#11890);
#3580=VERTEX_POINT('',#11894);
#3581=VERTEX_POINT('',#11896);
#3582=VERTEX_POINT('',#11900);
#3583=VERTEX_POINT('',#11902);
#3584=VERTEX_POINT('',#11906);
#3585=VERTEX_POINT('',#11908);
#3586=VERTEX_POINT('',#11912);
#3587=VERTEX_POINT('',#11914);
#3588=VERTEX_POINT('',#11918);
#3589=VERTEX_POINT('',#11920);
#3590=VERTEX_POINT('',#11924);
#3591=VERTEX_POINT('',#11926);
#3592=VERTEX_POINT('',#11930);
#3593=VERTEX_POINT('',#11932);
#3594=VERTEX_POINT('',#11936);
#3595=VERTEX_POINT('',#11938);
#3596=VERTEX_POINT('',#11942);
#3597=VERTEX_POINT('',#11944);
#3598=VERTEX_POINT('',#11948);
#3599=VERTEX_POINT('',#11950);
#3600=VERTEX_POINT('',#11954);
#3601=VERTEX_POINT('',#11956);
#3602=VERTEX_POINT('',#11960);
#3603=VERTEX_POINT('',#11962);
#3604=VERTEX_POINT('',#11966);
#3605=VERTEX_POINT('',#11968);
#3606=VERTEX_POINT('',#11972);
#3607=VERTEX_POINT('',#11974);
#3608=VERTEX_POINT('',#11978);
#3609=VERTEX_POINT('',#11980);
#3610=VERTEX_POINT('',#11984);
#3611=VERTEX_POINT('',#11986);
#3612=VERTEX_POINT('',#11990);
#3613=VERTEX_POINT('',#11992);
#3614=VERTEX_POINT('',#11996);
#3615=VERTEX_POINT('',#11998);
#3616=VERTEX_POINT('',#12002);
#3617=VERTEX_POINT('',#12004);
#3618=VERTEX_POINT('',#12008);
#3619=VERTEX_POINT('',#12010);
#3620=VERTEX_POINT('',#12014);
#3621=VERTEX_POINT('',#12016);
#3622=VERTEX_POINT('',#12020);
#3623=VERTEX_POINT('',#12022);
#3624=VERTEX_POINT('',#12026);
#3625=VERTEX_POINT('',#12028);
#3626=VERTEX_POINT('',#12032);
#3627=VERTEX_POINT('',#12034);
#3628=VERTEX_POINT('',#12038);
#3629=VERTEX_POINT('',#12040);
#3630=VERTEX_POINT('',#12044);
#3631=VERTEX_POINT('',#12046);
#3632=VERTEX_POINT('',#12050);
#3633=VERTEX_POINT('',#12052);
#3634=VERTEX_POINT('',#12056);
#3635=VERTEX_POINT('',#12058);
#3636=VERTEX_POINT('',#12062);
#3637=VERTEX_POINT('',#12064);
#3638=VERTEX_POINT('',#12068);
#3639=VERTEX_POINT('',#12070);
#3640=VERTEX_POINT('',#12074);
#3641=VERTEX_POINT('',#12076);
#3642=VERTEX_POINT('',#12080);
#3643=VERTEX_POINT('',#12082);
#3644=VERTEX_POINT('',#12086);
#3645=VERTEX_POINT('',#12088);
#3646=VERTEX_POINT('',#12092);
#3647=VERTEX_POINT('',#12094);
#3648=VERTEX_POINT('',#12098);
#3649=VERTEX_POINT('',#12100);
#3650=VERTEX_POINT('',#12104);
#3651=VERTEX_POINT('',#12106);
#3652=VERTEX_POINT('',#12110);
#3653=VERTEX_POINT('',#12112);
#3654=VERTEX_POINT('',#12116);
#3655=VERTEX_POINT('',#12118);
#3656=VERTEX_POINT('',#12122);
#3657=VERTEX_POINT('',#12124);
#3658=VERTEX_POINT('',#12128);
#3659=VERTEX_POINT('',#12130);
#3660=VERTEX_POINT('',#12134);
#3661=VERTEX_POINT('',#12136);
#3662=VERTEX_POINT('',#12140);
#3663=VERTEX_POINT('',#12142);
#3664=VERTEX_POINT('',#12146);
#3665=VERTEX_POINT('',#12148);
#3666=VERTEX_POINT('',#12152);
#3667=VERTEX_POINT('',#12154);
#3668=VERTEX_POINT('',#12158);
#3669=VERTEX_POINT('',#12160);
#3670=VERTEX_POINT('',#12164);
#3671=VERTEX_POINT('',#12166);
#3672=VERTEX_POINT('',#12170);
#3673=VERTEX_POINT('',#12172);
#3674=VERTEX_POINT('',#12176);
#3675=VERTEX_POINT('',#12178);
#3676=VERTEX_POINT('',#12182);
#3677=VERTEX_POINT('',#12184);
#3678=VERTEX_POINT('',#12188);
#3679=VERTEX_POINT('',#12190);
#3680=VERTEX_POINT('',#12194);
#3681=VERTEX_POINT('',#12196);
#3682=VERTEX_POINT('',#12200);
#3683=VERTEX_POINT('',#12202);
#3684=VERTEX_POINT('',#12206);
#3685=VERTEX_POINT('',#12208);
#3686=VERTEX_POINT('',#12212);
#3687=VERTEX_POINT('',#12214);
#3688=VERTEX_POINT('',#12218);
#3689=VERTEX_POINT('',#12220);
#3690=VERTEX_POINT('',#12224);
#3691=VERTEX_POINT('',#12226);
#3692=VERTEX_POINT('',#12230);
#3693=VERTEX_POINT('',#12232);
#3694=VERTEX_POINT('',#12236);
#3695=VERTEX_POINT('',#12238);
#3696=VERTEX_POINT('',#12242);
#3697=VERTEX_POINT('',#12244);
#3698=VERTEX_POINT('',#12248);
#3699=VERTEX_POINT('',#12250);
#3700=VERTEX_POINT('',#12254);
#3701=VERTEX_POINT('',#12256);
#3702=VERTEX_POINT('',#12260);
#3703=VERTEX_POINT('',#12262);
#3704=VERTEX_POINT('',#12266);
#3705=VERTEX_POINT('',#12268);
#3706=VERTEX_POINT('',#12272);
#3707=VERTEX_POINT('',#12274);
#3708=VERTEX_POINT('',#12278);
#3709=VERTEX_POINT('',#12280);
#3710=VERTEX_POINT('',#12284);
#3711=VERTEX_POINT('',#12286);
#3712=VERTEX_POINT('',#12290);
#3713=VERTEX_POINT('',#12292);
#3714=VERTEX_POINT('',#12296);
#3715=VERTEX_POINT('',#12298);
#3716=VERTEX_POINT('',#12302);
#3717=VERTEX_POINT('',#12304);
#3718=VERTEX_POINT('',#12308);
#3719=VERTEX_POINT('',#12310);
#3720=VERTEX_POINT('',#12314);
#3721=VERTEX_POINT('',#12316);
#3722=VERTEX_POINT('',#12320);
#3723=VERTEX_POINT('',#12322);
#3724=VERTEX_POINT('',#12326);
#3725=VERTEX_POINT('',#12328);
#3726=VERTEX_POINT('',#12332);
#3727=VERTEX_POINT('',#12334);
#3728=VERTEX_POINT('',#12338);
#3729=VERTEX_POINT('',#12340);
#3730=VERTEX_POINT('',#12344);
#3731=VERTEX_POINT('',#12346);
#3732=VERTEX_POINT('',#12350);
#3733=VERTEX_POINT('',#12352);
#3734=VERTEX_POINT('',#12356);
#3735=VERTEX_POINT('',#12358);
#3736=VERTEX_POINT('',#12362);
#3737=VERTEX_POINT('',#12364);
#3738=VERTEX_POINT('',#12368);
#3739=VERTEX_POINT('',#12370);
#3740=VERTEX_POINT('',#12374);
#3741=VERTEX_POINT('',#12376);
#3742=VERTEX_POINT('',#12380);
#3743=VERTEX_POINT('',#12382);
#3744=VERTEX_POINT('',#12386);
#3745=VERTEX_POINT('',#12388);
#3746=VERTEX_POINT('',#12392);
#3747=VERTEX_POINT('',#12394);
#3748=VERTEX_POINT('',#12398);
#3749=VERTEX_POINT('',#12400);
#3750=VERTEX_POINT('',#12404);
#3751=VERTEX_POINT('',#12406);
#3752=VERTEX_POINT('',#12410);
#3753=VERTEX_POINT('',#12412);
#3754=VERTEX_POINT('',#12416);
#3755=VERTEX_POINT('',#12418);
#3756=VERTEX_POINT('',#12422);
#3757=VERTEX_POINT('',#12424);
#3758=VERTEX_POINT('',#12428);
#3759=VERTEX_POINT('',#12430);
#3760=VERTEX_POINT('',#12434);
#3761=VERTEX_POINT('',#12436);
#3762=VERTEX_POINT('',#12440);
#3763=VERTEX_POINT('',#12442);
#3764=VERTEX_POINT('',#12446);
#3765=VERTEX_POINT('',#12448);
#3766=VERTEX_POINT('',#12452);
#3767=VERTEX_POINT('',#12454);
#3768=VERTEX_POINT('',#12458);
#3769=VERTEX_POINT('',#12460);
#3770=VERTEX_POINT('',#12464);
#3771=VERTEX_POINT('',#12466);
#3772=VERTEX_POINT('',#12470);
#3773=VERTEX_POINT('',#12472);
#3774=VERTEX_POINT('',#12476);
#3775=VERTEX_POINT('',#12478);
#3776=VERTEX_POINT('',#12482);
#3777=VERTEX_POINT('',#12484);
#3778=VERTEX_POINT('',#12488);
#3779=VERTEX_POINT('',#12490);
#3780=VERTEX_POINT('',#12494);
#3781=VERTEX_POINT('',#12496);
#3782=VERTEX_POINT('',#12500);
#3783=VERTEX_POINT('',#12502);
#3784=VERTEX_POINT('',#12506);
#3785=VERTEX_POINT('',#12508);
#3786=VERTEX_POINT('',#12512);
#3787=VERTEX_POINT('',#12514);
#3788=VERTEX_POINT('',#12518);
#3789=VERTEX_POINT('',#12520);
#3790=VERTEX_POINT('',#12524);
#3791=VERTEX_POINT('',#12526);
#3792=VERTEX_POINT('',#12530);
#3793=VERTEX_POINT('',#12532);
#3794=VERTEX_POINT('',#12536);
#3795=VERTEX_POINT('',#12538);
#3796=VERTEX_POINT('',#12542);
#3797=VERTEX_POINT('',#12544);
#3798=VERTEX_POINT('',#12548);
#3799=VERTEX_POINT('',#12550);
#3800=VERTEX_POINT('',#12554);
#3801=VERTEX_POINT('',#12556);
#3802=VERTEX_POINT('',#12560);
#3803=VERTEX_POINT('',#12562);
#3804=VERTEX_POINT('',#12566);
#3805=VERTEX_POINT('',#12568);
#3806=VERTEX_POINT('',#12572);
#3807=VERTEX_POINT('',#12574);
#3808=VERTEX_POINT('',#12578);
#3809=VERTEX_POINT('',#12580);
#3810=VERTEX_POINT('',#12584);
#3811=VERTEX_POINT('',#12586);
#3812=VERTEX_POINT('',#12590);
#3813=VERTEX_POINT('',#12592);
#3814=VERTEX_POINT('',#12596);
#3815=VERTEX_POINT('',#12598);
#3816=VERTEX_POINT('',#12602);
#3817=VERTEX_POINT('',#12604);
#3818=VERTEX_POINT('',#12608);
#3819=VERTEX_POINT('',#12610);
#3820=VERTEX_POINT('',#12614);
#3821=VERTEX_POINT('',#12616);
#3822=VERTEX_POINT('',#12620);
#3823=VERTEX_POINT('',#12622);
#3824=VERTEX_POINT('',#12626);
#3825=VERTEX_POINT('',#12628);
#3826=VERTEX_POINT('',#12632);
#3827=VERTEX_POINT('',#12634);
#3828=VERTEX_POINT('',#12638);
#3829=VERTEX_POINT('',#12640);
#3830=VERTEX_POINT('',#12644);
#3831=VERTEX_POINT('',#12646);
#3832=VERTEX_POINT('',#12650);
#3833=VERTEX_POINT('',#12652);
#3834=VERTEX_POINT('',#12656);
#3835=VERTEX_POINT('',#12658);
#3836=VERTEX_POINT('',#12662);
#3837=VERTEX_POINT('',#12664);
#3838=VERTEX_POINT('',#12668);
#3839=VERTEX_POINT('',#12670);
#3840=VERTEX_POINT('',#12674);
#3841=VERTEX_POINT('',#12676);
#3842=VERTEX_POINT('',#12680);
#3843=VERTEX_POINT('',#12682);
#3844=VERTEX_POINT('',#12686);
#3845=VERTEX_POINT('',#12688);
#3846=VERTEX_POINT('',#12692);
#3847=VERTEX_POINT('',#12694);
#3848=VERTEX_POINT('',#12698);
#3849=VERTEX_POINT('',#12700);
#3850=VERTEX_POINT('',#12704);
#3851=VERTEX_POINT('',#12706);
#3852=VERTEX_POINT('',#12710);
#3853=VERTEX_POINT('',#12712);
#3854=VERTEX_POINT('',#12716);
#3855=VERTEX_POINT('',#12718);
#3856=VERTEX_POINT('',#12722);
#3857=VERTEX_POINT('',#12724);
#3858=VERTEX_POINT('',#12728);
#3859=VERTEX_POINT('',#12730);
#3860=VERTEX_POINT('',#12734);
#3861=VERTEX_POINT('',#12736);
#3862=VERTEX_POINT('',#12740);
#3863=VERTEX_POINT('',#12742);
#3864=VERTEX_POINT('',#12746);
#3865=VERTEX_POINT('',#12748);
#3866=VERTEX_POINT('',#12752);
#3867=VERTEX_POINT('',#12754);
#3868=VERTEX_POINT('',#12758);
#3869=VERTEX_POINT('',#12760);
#3870=VERTEX_POINT('',#12764);
#3871=VERTEX_POINT('',#12766);
#3872=VERTEX_POINT('',#12770);
#3873=VERTEX_POINT('',#12772);
#3874=VERTEX_POINT('',#12776);
#3875=VERTEX_POINT('',#12778);
#3876=VERTEX_POINT('',#12782);
#3877=VERTEX_POINT('',#12784);
#3878=VERTEX_POINT('',#12788);
#3879=VERTEX_POINT('',#12790);
#3880=VERTEX_POINT('',#12794);
#3881=VERTEX_POINT('',#12796);
#3882=VERTEX_POINT('',#12800);
#3883=VERTEX_POINT('',#12802);
#3884=VERTEX_POINT('',#12806);
#3885=VERTEX_POINT('',#12808);
#3886=VERTEX_POINT('',#12812);
#3887=VERTEX_POINT('',#12814);
#3888=VERTEX_POINT('',#12818);
#3889=VERTEX_POINT('',#12820);
#3890=VERTEX_POINT('',#12824);
#3891=VERTEX_POINT('',#12826);
#3892=VERTEX_POINT('',#12830);
#3893=VERTEX_POINT('',#12832);
#3894=VERTEX_POINT('',#12836);
#3895=VERTEX_POINT('',#12838);
#3896=VERTEX_POINT('',#12842);
#3897=VERTEX_POINT('',#12844);
#3898=VERTEX_POINT('',#12848);
#3899=VERTEX_POINT('',#12850);
#3900=VERTEX_POINT('',#12854);
#3901=VERTEX_POINT('',#12856);
#3902=VERTEX_POINT('',#12860);
#3903=VERTEX_POINT('',#12862);
#3904=VERTEX_POINT('',#12866);
#3905=VERTEX_POINT('',#12868);
#3906=VERTEX_POINT('',#12872);
#3907=VERTEX_POINT('',#12874);
#3908=VERTEX_POINT('',#12878);
#3909=VERTEX_POINT('',#12880);
#3910=VERTEX_POINT('',#12884);
#3911=VERTEX_POINT('',#12886);
#3912=VERTEX_POINT('',#12890);
#3913=VERTEX_POINT('',#12892);
#3914=VERTEX_POINT('',#12896);
#3915=VERTEX_POINT('',#12898);
#3916=VERTEX_POINT('',#12902);
#3917=VERTEX_POINT('',#12904);
#3918=VERTEX_POINT('',#12908);
#3919=VERTEX_POINT('',#12910);
#3920=VERTEX_POINT('',#12914);
#3921=VERTEX_POINT('',#12916);
#3922=EDGE_CURVE('',#3142,#3143,#806,.T.);
#3923=EDGE_CURVE('',#3142,#3144,#807,.T.);
#3924=EDGE_CURVE('',#3145,#3144,#808,.T.);
#3925=EDGE_CURVE('',#3145,#3143,#809,.T.);
#3926=EDGE_CURVE('',#3143,#3146,#810,.T.);
#3927=EDGE_CURVE('',#3147,#3145,#811,.T.);
#3928=EDGE_CURVE('',#3146,#3147,#812,.T.);
#3929=EDGE_CURVE('',#3146,#3148,#813,.T.);
#3930=EDGE_CURVE('',#3149,#3147,#814,.T.);
#3931=EDGE_CURVE('',#3149,#3148,#815,.T.);
#3932=EDGE_CURVE('',#3150,#3142,#816,.T.);
#3933=EDGE_CURVE('',#3150,#3151,#817,.T.);
#3934=EDGE_CURVE('',#3144,#3151,#818,.T.);
#3935=EDGE_CURVE('',#3148,#3152,#819,.T.);
#3936=EDGE_CURVE('',#3153,#3149,#820,.T.);
#3937=EDGE_CURVE('',#3153,#3152,#821,.T.);
#3938=EDGE_CURVE('',#3152,#3150,#17,.T.);
#3939=EDGE_CURVE('',#3151,#3153,#18,.T.);
#3940=EDGE_CURVE('',#3154,#3155,#822,.T.);
#3941=EDGE_CURVE('',#3155,#3156,#823,.T.);
#3942=EDGE_CURVE('',#3157,#3156,#824,.T.);
#3943=EDGE_CURVE('',#3154,#3157,#825,.T.);
#3944=EDGE_CURVE('',#3158,#3154,#826,.T.);
#3945=EDGE_CURVE('',#3159,#3157,#827,.T.);
#3946=EDGE_CURVE('',#3158,#3159,#828,.T.);
#3947=EDGE_CURVE('',#3160,#3158,#829,.T.);
#3948=EDGE_CURVE('',#3161,#3159,#830,.T.);
#3949=EDGE_CURVE('',#3160,#3161,#831,.T.);
#3950=EDGE_CURVE('',#3162,#3160,#832,.T.);
#3951=EDGE_CURVE('',#3163,#3161,#833,.T.);
#3952=EDGE_CURVE('',#3162,#3163,#834,.T.);
#3953=EDGE_CURVE('',#3164,#3162,#835,.T.);
#3954=EDGE_CURVE('',#3165,#3163,#836,.T.);
#3955=EDGE_CURVE('',#3164,#3165,#837,.T.);
#3956=EDGE_CURVE('',#3166,#3164,#838,.T.);
#3957=EDGE_CURVE('',#3167,#3165,#839,.T.);
#3958=EDGE_CURVE('',#3166,#3167,#840,.T.);
#3959=EDGE_CURVE('',#3168,#3166,#841,.T.);
#3960=EDGE_CURVE('',#3169,#3167,#842,.T.);
#3961=EDGE_CURVE('',#3168,#3169,#843,.T.);
#3962=EDGE_CURVE('',#3170,#3168,#844,.T.);
#3963=EDGE_CURVE('',#3171,#3169,#845,.T.);
#3964=EDGE_CURVE('',#3170,#3171,#846,.T.);
#3965=EDGE_CURVE('',#3172,#3170,#847,.T.);
#3966=EDGE_CURVE('',#3173,#3171,#848,.T.);
#3967=EDGE_CURVE('',#3172,#3173,#849,.T.);
#3968=EDGE_CURVE('',#3174,#3172,#850,.T.);
#3969=EDGE_CURVE('',#3175,#3173,#851,.T.);
#3970=EDGE_CURVE('',#3174,#3175,#852,.T.);
#3971=EDGE_CURVE('',#3176,#3174,#853,.T.);
#3972=EDGE_CURVE('',#3177,#3175,#854,.T.);
#3973=EDGE_CURVE('',#3176,#3177,#855,.T.);
#3974=EDGE_CURVE('',#3178,#3176,#856,.T.);
#3975=EDGE_CURVE('',#3179,#3177,#857,.T.);
#3976=EDGE_CURVE('',#3178,#3179,#858,.T.);
#3977=EDGE_CURVE('',#3180,#3178,#859,.T.);
#3978=EDGE_CURVE('',#3181,#3179,#860,.T.);
#3979=EDGE_CURVE('',#3180,#3181,#861,.T.);
#3980=EDGE_CURVE('',#3182,#3180,#862,.T.);
#3981=EDGE_CURVE('',#3183,#3181,#863,.T.);
#3982=EDGE_CURVE('',#3182,#3183,#864,.T.);
#3983=EDGE_CURVE('',#3184,#3182,#865,.T.);
#3984=EDGE_CURVE('',#3185,#3183,#866,.T.);
#3985=EDGE_CURVE('',#3184,#3185,#867,.T.);
#3986=EDGE_CURVE('',#3186,#3184,#868,.T.);
#3987=EDGE_CURVE('',#3187,#3185,#869,.T.);
#3988=EDGE_CURVE('',#3186,#3187,#870,.T.);
#3989=EDGE_CURVE('',#3188,#3186,#871,.T.);
#3990=EDGE_CURVE('',#3189,#3187,#872,.T.);
#3991=EDGE_CURVE('',#3188,#3189,#873,.T.);
#3992=EDGE_CURVE('',#3190,#3188,#874,.T.);
#3993=EDGE_CURVE('',#3191,#3189,#875,.T.);
#3994=EDGE_CURVE('',#3190,#3191,#876,.T.);
#3995=EDGE_CURVE('',#3192,#3190,#877,.T.);
#3996=EDGE_CURVE('',#3193,#3191,#878,.T.);
#3997=EDGE_CURVE('',#3192,#3193,#879,.T.);
#3998=EDGE_CURVE('',#3194,#3192,#880,.T.);
#3999=EDGE_CURVE('',#3195,#3193,#881,.T.);
#4000=EDGE_CURVE('',#3194,#3195,#882,.T.);
#4001=EDGE_CURVE('',#3196,#3194,#883,.T.);
#4002=EDGE_CURVE('',#3197,#3195,#884,.T.);
#4003=EDGE_CURVE('',#3196,#3197,#885,.T.);
#4004=EDGE_CURVE('',#3198,#3196,#886,.T.);
#4005=EDGE_CURVE('',#3199,#3197,#887,.T.);
#4006=EDGE_CURVE('',#3198,#3199,#888,.T.);
#4007=EDGE_CURVE('',#3200,#3198,#889,.T.);
#4008=EDGE_CURVE('',#3201,#3199,#890,.T.);
#4009=EDGE_CURVE('',#3200,#3201,#891,.T.);
#4010=EDGE_CURVE('',#3202,#3200,#892,.T.);
#4011=EDGE_CURVE('',#3203,#3201,#893,.T.);
#4012=EDGE_CURVE('',#3202,#3203,#894,.T.);
#4013=EDGE_CURVE('',#3204,#3202,#895,.T.);
#4014=EDGE_CURVE('',#3205,#3203,#896,.T.);
#4015=EDGE_CURVE('',#3204,#3205,#897,.T.);
#4016=EDGE_CURVE('',#3206,#3204,#898,.T.);
#4017=EDGE_CURVE('',#3207,#3205,#899,.T.);
#4018=EDGE_CURVE('',#3206,#3207,#900,.T.);
#4019=EDGE_CURVE('',#3208,#3206,#901,.T.);
#4020=EDGE_CURVE('',#3209,#3207,#902,.T.);
#4021=EDGE_CURVE('',#3208,#3209,#903,.T.);
#4022=EDGE_CURVE('',#3210,#3208,#904,.T.);
#4023=EDGE_CURVE('',#3211,#3209,#905,.T.);
#4024=EDGE_CURVE('',#3210,#3211,#906,.T.);
#4025=EDGE_CURVE('',#3212,#3210,#907,.T.);
#4026=EDGE_CURVE('',#3213,#3211,#908,.T.);
#4027=EDGE_CURVE('',#3212,#3213,#909,.T.);
#4028=EDGE_CURVE('',#3214,#3212,#910,.T.);
#4029=EDGE_CURVE('',#3215,#3213,#911,.T.);
#4030=EDGE_CURVE('',#3214,#3215,#912,.T.);
#4031=EDGE_CURVE('',#3216,#3214,#913,.T.);
#4032=EDGE_CURVE('',#3217,#3215,#914,.T.);
#4033=EDGE_CURVE('',#3216,#3217,#915,.T.);
#4034=EDGE_CURVE('',#3218,#3216,#916,.T.);
#4035=EDGE_CURVE('',#3219,#3217,#917,.T.);
#4036=EDGE_CURVE('',#3218,#3219,#918,.T.);
#4037=EDGE_CURVE('',#3220,#3218,#919,.T.);
#4038=EDGE_CURVE('',#3221,#3219,#920,.T.);
#4039=EDGE_CURVE('',#3220,#3221,#921,.T.);
#4040=EDGE_CURVE('',#3222,#3220,#922,.T.);
#4041=EDGE_CURVE('',#3223,#3221,#923,.T.);
#4042=EDGE_CURVE('',#3222,#3223,#924,.T.);
#4043=EDGE_CURVE('',#3224,#3222,#925,.T.);
#4044=EDGE_CURVE('',#3225,#3223,#926,.T.);
#4045=EDGE_CURVE('',#3224,#3225,#927,.T.);
#4046=EDGE_CURVE('',#3226,#3224,#928,.T.);
#4047=EDGE_CURVE('',#3227,#3225,#929,.T.);
#4048=EDGE_CURVE('',#3226,#3227,#930,.T.);
#4049=EDGE_CURVE('',#3228,#3226,#931,.T.);
#4050=EDGE_CURVE('',#3229,#3227,#932,.T.);
#4051=EDGE_CURVE('',#3228,#3229,#933,.T.);
#4052=EDGE_CURVE('',#3230,#3228,#934,.T.);
#4053=EDGE_CURVE('',#3231,#3229,#935,.T.);
#4054=EDGE_CURVE('',#3230,#3231,#936,.T.);
#4055=EDGE_CURVE('',#3232,#3230,#937,.T.);
#4056=EDGE_CURVE('',#3233,#3231,#938,.T.);
#4057=EDGE_CURVE('',#3232,#3233,#939,.T.);
#4058=EDGE_CURVE('',#3234,#3232,#940,.T.);
#4059=EDGE_CURVE('',#3235,#3233,#941,.T.);
#4060=EDGE_CURVE('',#3234,#3235,#942,.T.);
#4061=EDGE_CURVE('',#3236,#3234,#943,.T.);
#4062=EDGE_CURVE('',#3237,#3235,#944,.T.);
#4063=EDGE_CURVE('',#3236,#3237,#945,.T.);
#4064=EDGE_CURVE('',#3238,#3236,#946,.T.);
#4065=EDGE_CURVE('',#3239,#3237,#947,.T.);
#4066=EDGE_CURVE('',#3238,#3239,#948,.T.);
#4067=EDGE_CURVE('',#3240,#3238,#949,.T.);
#4068=EDGE_CURVE('',#3241,#3239,#950,.T.);
#4069=EDGE_CURVE('',#3240,#3241,#951,.T.);
#4070=EDGE_CURVE('',#3242,#3240,#952,.T.);
#4071=EDGE_CURVE('',#3243,#3241,#953,.T.);
#4072=EDGE_CURVE('',#3242,#3243,#954,.T.);
#4073=EDGE_CURVE('',#3244,#3242,#955,.T.);
#4074=EDGE_CURVE('',#3245,#3243,#956,.T.);
#4075=EDGE_CURVE('',#3244,#3245,#957,.T.);
#4076=EDGE_CURVE('',#3246,#3244,#958,.T.);
#4077=EDGE_CURVE('',#3247,#3245,#959,.T.);
#4078=EDGE_CURVE('',#3246,#3247,#960,.T.);
#4079=EDGE_CURVE('',#3248,#3246,#961,.T.);
#4080=EDGE_CURVE('',#3249,#3247,#962,.T.);
#4081=EDGE_CURVE('',#3248,#3249,#963,.T.);
#4082=EDGE_CURVE('',#3250,#3248,#964,.T.);
#4083=EDGE_CURVE('',#3251,#3249,#965,.T.);
#4084=EDGE_CURVE('',#3250,#3251,#966,.T.);
#4085=EDGE_CURVE('',#3252,#3250,#967,.T.);
#4086=EDGE_CURVE('',#3253,#3251,#968,.T.);
#4087=EDGE_CURVE('',#3252,#3253,#969,.T.);
#4088=EDGE_CURVE('',#3254,#3252,#970,.T.);
#4089=EDGE_CURVE('',#3255,#3253,#971,.T.);
#4090=EDGE_CURVE('',#3254,#3255,#972,.T.);
#4091=EDGE_CURVE('',#3256,#3254,#973,.T.);
#4092=EDGE_CURVE('',#3257,#3255,#974,.T.);
#4093=EDGE_CURVE('',#3256,#3257,#975,.T.);
#4094=EDGE_CURVE('',#3258,#3256,#976,.T.);
#4095=EDGE_CURVE('',#3259,#3257,#977,.T.);
#4096=EDGE_CURVE('',#3258,#3259,#978,.T.);
#4097=EDGE_CURVE('',#3260,#3258,#979,.T.);
#4098=EDGE_CURVE('',#3261,#3259,#980,.T.);
#4099=EDGE_CURVE('',#3260,#3261,#981,.T.);
#4100=EDGE_CURVE('',#3262,#3260,#982,.T.);
#4101=EDGE_CURVE('',#3263,#3261,#983,.T.);
#4102=EDGE_CURVE('',#3262,#3263,#984,.T.);
#4103=EDGE_CURVE('',#3264,#3262,#985,.T.);
#4104=EDGE_CURVE('',#3265,#3263,#986,.T.);
#4105=EDGE_CURVE('',#3264,#3265,#987,.T.);
#4106=EDGE_CURVE('',#3266,#3264,#988,.T.);
#4107=EDGE_CURVE('',#3267,#3265,#989,.T.);
#4108=EDGE_CURVE('',#3266,#3267,#990,.T.);
#4109=EDGE_CURVE('',#3268,#3266,#991,.T.);
#4110=EDGE_CURVE('',#3269,#3267,#992,.T.);
#4111=EDGE_CURVE('',#3268,#3269,#993,.T.);
#4112=EDGE_CURVE('',#3270,#3268,#994,.T.);
#4113=EDGE_CURVE('',#3271,#3269,#995,.T.);
#4114=EDGE_CURVE('',#3270,#3271,#996,.T.);
#4115=EDGE_CURVE('',#3272,#3270,#997,.T.);
#4116=EDGE_CURVE('',#3273,#3271,#998,.T.);
#4117=EDGE_CURVE('',#3272,#3273,#999,.T.);
#4118=EDGE_CURVE('',#3274,#3272,#1000,.T.);
#4119=EDGE_CURVE('',#3275,#3273,#1001,.T.);
#4120=EDGE_CURVE('',#3274,#3275,#1002,.T.);
#4121=EDGE_CURVE('',#3276,#3274,#1003,.T.);
#4122=EDGE_CURVE('',#3277,#3275,#1004,.T.);
#4123=EDGE_CURVE('',#3276,#3277,#1005,.T.);
#4124=EDGE_CURVE('',#3278,#3276,#1006,.T.);
#4125=EDGE_CURVE('',#3279,#3277,#1007,.T.);
#4126=EDGE_CURVE('',#3278,#3279,#1008,.T.);
#4127=EDGE_CURVE('',#3280,#3278,#1009,.T.);
#4128=EDGE_CURVE('',#3281,#3279,#1010,.T.);
#4129=EDGE_CURVE('',#3280,#3281,#1011,.T.);
#4130=EDGE_CURVE('',#3282,#3280,#1012,.T.);
#4131=EDGE_CURVE('',#3283,#3281,#1013,.T.);
#4132=EDGE_CURVE('',#3282,#3283,#1014,.T.);
#4133=EDGE_CURVE('',#3284,#3282,#1015,.T.);
#4134=EDGE_CURVE('',#3285,#3283,#1016,.T.);
#4135=EDGE_CURVE('',#3284,#3285,#1017,.T.);
#4136=EDGE_CURVE('',#3286,#3284,#1018,.T.);
#4137=EDGE_CURVE('',#3287,#3285,#1019,.T.);
#4138=EDGE_CURVE('',#3286,#3287,#1020,.T.);
#4139=EDGE_CURVE('',#3288,#3286,#1021,.T.);
#4140=EDGE_CURVE('',#3289,#3287,#1022,.T.);
#4141=EDGE_CURVE('',#3288,#3289,#1023,.T.);
#4142=EDGE_CURVE('',#3290,#3288,#1024,.T.);
#4143=EDGE_CURVE('',#3291,#3289,#1025,.T.);
#4144=EDGE_CURVE('',#3290,#3291,#1026,.T.);
#4145=EDGE_CURVE('',#3292,#3290,#1027,.T.);
#4146=EDGE_CURVE('',#3293,#3291,#1028,.T.);
#4147=EDGE_CURVE('',#3292,#3293,#1029,.T.);
#4148=EDGE_CURVE('',#3294,#3292,#1030,.T.);
#4149=EDGE_CURVE('',#3295,#3293,#1031,.T.);
#4150=EDGE_CURVE('',#3294,#3295,#1032,.T.);
#4151=EDGE_CURVE('',#3296,#3294,#1033,.T.);
#4152=EDGE_CURVE('',#3297,#3295,#1034,.T.);
#4153=EDGE_CURVE('',#3296,#3297,#1035,.T.);
#4154=EDGE_CURVE('',#3298,#3296,#1036,.T.);
#4155=EDGE_CURVE('',#3299,#3297,#1037,.T.);
#4156=EDGE_CURVE('',#3298,#3299,#1038,.T.);
#4157=EDGE_CURVE('',#3300,#3298,#1039,.T.);
#4158=EDGE_CURVE('',#3301,#3299,#1040,.T.);
#4159=EDGE_CURVE('',#3300,#3301,#1041,.T.);
#4160=EDGE_CURVE('',#3302,#3300,#1042,.T.);
#4161=EDGE_CURVE('',#3303,#3301,#1043,.T.);
#4162=EDGE_CURVE('',#3302,#3303,#1044,.T.);
#4163=EDGE_CURVE('',#3304,#3302,#1045,.T.);
#4164=EDGE_CURVE('',#3305,#3303,#1046,.T.);
#4165=EDGE_CURVE('',#3304,#3305,#1047,.T.);
#4166=EDGE_CURVE('',#3306,#3304,#1048,.T.);
#4167=EDGE_CURVE('',#3307,#3305,#1049,.T.);
#4168=EDGE_CURVE('',#3306,#3307,#1050,.T.);
#4169=EDGE_CURVE('',#3308,#3306,#1051,.T.);
#4170=EDGE_CURVE('',#3309,#3307,#1052,.T.);
#4171=EDGE_CURVE('',#3308,#3309,#1053,.T.);
#4172=EDGE_CURVE('',#3310,#3308,#1054,.T.);
#4173=EDGE_CURVE('',#3311,#3309,#1055,.T.);
#4174=EDGE_CURVE('',#3310,#3311,#1056,.T.);
#4175=EDGE_CURVE('',#3312,#3310,#1057,.T.);
#4176=EDGE_CURVE('',#3313,#3311,#1058,.T.);
#4177=EDGE_CURVE('',#3312,#3313,#1059,.T.);
#4178=EDGE_CURVE('',#3314,#3312,#1060,.T.);
#4179=EDGE_CURVE('',#3315,#3313,#1061,.T.);
#4180=EDGE_CURVE('',#3314,#3315,#1062,.T.);
#4181=EDGE_CURVE('',#3316,#3314,#1063,.T.);
#4182=EDGE_CURVE('',#3317,#3315,#1064,.T.);
#4183=EDGE_CURVE('',#3316,#3317,#1065,.T.);
#4184=EDGE_CURVE('',#3318,#3316,#1066,.T.);
#4185=EDGE_CURVE('',#3319,#3317,#1067,.T.);
#4186=EDGE_CURVE('',#3318,#3319,#1068,.T.);
#4187=EDGE_CURVE('',#3320,#3318,#1069,.T.);
#4188=EDGE_CURVE('',#3321,#3319,#1070,.T.);
#4189=EDGE_CURVE('',#3320,#3321,#1071,.T.);
#4190=EDGE_CURVE('',#3322,#3320,#1072,.T.);
#4191=EDGE_CURVE('',#3323,#3321,#1073,.T.);
#4192=EDGE_CURVE('',#3322,#3323,#1074,.T.);
#4193=EDGE_CURVE('',#3324,#3322,#1075,.T.);
#4194=EDGE_CURVE('',#3325,#3323,#1076,.T.);
#4195=EDGE_CURVE('',#3324,#3325,#1077,.T.);
#4196=EDGE_CURVE('',#3326,#3324,#1078,.T.);
#4197=EDGE_CURVE('',#3327,#3325,#1079,.T.);
#4198=EDGE_CURVE('',#3326,#3327,#1080,.T.);
#4199=EDGE_CURVE('',#3328,#3326,#1081,.T.);
#4200=EDGE_CURVE('',#3329,#3327,#1082,.T.);
#4201=EDGE_CURVE('',#3328,#3329,#1083,.T.);
#4202=EDGE_CURVE('',#3330,#3328,#1084,.T.);
#4203=EDGE_CURVE('',#3331,#3329,#1085,.T.);
#4204=EDGE_CURVE('',#3330,#3331,#1086,.T.);
#4205=EDGE_CURVE('',#3332,#3330,#1087,.T.);
#4206=EDGE_CURVE('',#3333,#3331,#1088,.T.);
#4207=EDGE_CURVE('',#3332,#3333,#1089,.T.);
#4208=EDGE_CURVE('',#3334,#3332,#1090,.T.);
#4209=EDGE_CURVE('',#3335,#3333,#1091,.T.);
#4210=EDGE_CURVE('',#3334,#3335,#1092,.T.);
#4211=EDGE_CURVE('',#3336,#3334,#1093,.T.);
#4212=EDGE_CURVE('',#3337,#3335,#1094,.T.);
#4213=EDGE_CURVE('',#3336,#3337,#1095,.T.);
#4214=EDGE_CURVE('',#3338,#3336,#1096,.T.);
#4215=EDGE_CURVE('',#3339,#3337,#1097,.T.);
#4216=EDGE_CURVE('',#3338,#3339,#1098,.T.);
#4217=EDGE_CURVE('',#3340,#3338,#1099,.T.);
#4218=EDGE_CURVE('',#3341,#3339,#1100,.T.);
#4219=EDGE_CURVE('',#3340,#3341,#1101,.T.);
#4220=EDGE_CURVE('',#3342,#3340,#1102,.T.);
#4221=EDGE_CURVE('',#3343,#3341,#1103,.T.);
#4222=EDGE_CURVE('',#3342,#3343,#1104,.T.);
#4223=EDGE_CURVE('',#3344,#3342,#1105,.T.);
#4224=EDGE_CURVE('',#3345,#3343,#1106,.T.);
#4225=EDGE_CURVE('',#3344,#3345,#1107,.T.);
#4226=EDGE_CURVE('',#3346,#3344,#1108,.T.);
#4227=EDGE_CURVE('',#3347,#3345,#1109,.T.);
#4228=EDGE_CURVE('',#3346,#3347,#1110,.T.);
#4229=EDGE_CURVE('',#3348,#3346,#1111,.T.);
#4230=EDGE_CURVE('',#3349,#3347,#1112,.T.);
#4231=EDGE_CURVE('',#3348,#3349,#1113,.T.);
#4232=EDGE_CURVE('',#3350,#3348,#1114,.T.);
#4233=EDGE_CURVE('',#3351,#3349,#1115,.T.);
#4234=EDGE_CURVE('',#3350,#3351,#1116,.T.);
#4235=EDGE_CURVE('',#3352,#3350,#1117,.T.);
#4236=EDGE_CURVE('',#3353,#3351,#1118,.T.);
#4237=EDGE_CURVE('',#3352,#3353,#1119,.T.);
#4238=EDGE_CURVE('',#3354,#3352,#1120,.T.);
#4239=EDGE_CURVE('',#3355,#3353,#1121,.T.);
#4240=EDGE_CURVE('',#3354,#3355,#1122,.T.);
#4241=EDGE_CURVE('',#3356,#3354,#1123,.T.);
#4242=EDGE_CURVE('',#3357,#3355,#1124,.T.);
#4243=EDGE_CURVE('',#3356,#3357,#1125,.T.);
#4244=EDGE_CURVE('',#3358,#3356,#1126,.T.);
#4245=EDGE_CURVE('',#3359,#3357,#1127,.T.);
#4246=EDGE_CURVE('',#3358,#3359,#1128,.T.);
#4247=EDGE_CURVE('',#3360,#3358,#1129,.T.);
#4248=EDGE_CURVE('',#3361,#3359,#1130,.T.);
#4249=EDGE_CURVE('',#3360,#3361,#1131,.T.);
#4250=EDGE_CURVE('',#3362,#3360,#1132,.T.);
#4251=EDGE_CURVE('',#3363,#3361,#1133,.T.);
#4252=EDGE_CURVE('',#3362,#3363,#1134,.T.);
#4253=EDGE_CURVE('',#3364,#3362,#1135,.T.);
#4254=EDGE_CURVE('',#3365,#3363,#1136,.T.);
#4255=EDGE_CURVE('',#3364,#3365,#1137,.T.);
#4256=EDGE_CURVE('',#3366,#3364,#1138,.T.);
#4257=EDGE_CURVE('',#3367,#3365,#1139,.T.);
#4258=EDGE_CURVE('',#3366,#3367,#1140,.T.);
#4259=EDGE_CURVE('',#3368,#3366,#1141,.T.);
#4260=EDGE_CURVE('',#3369,#3367,#1142,.T.);
#4261=EDGE_CURVE('',#3368,#3369,#1143,.T.);
#4262=EDGE_CURVE('',#3370,#3368,#1144,.T.);
#4263=EDGE_CURVE('',#3371,#3369,#1145,.T.);
#4264=EDGE_CURVE('',#3370,#3371,#1146,.T.);
#4265=EDGE_CURVE('',#3372,#3370,#1147,.T.);
#4266=EDGE_CURVE('',#3373,#3371,#1148,.T.);
#4267=EDGE_CURVE('',#3372,#3373,#1149,.T.);
#4268=EDGE_CURVE('',#3374,#3372,#1150,.T.);
#4269=EDGE_CURVE('',#3375,#3373,#1151,.T.);
#4270=EDGE_CURVE('',#3374,#3375,#1152,.T.);
#4271=EDGE_CURVE('',#3376,#3374,#1153,.T.);
#4272=EDGE_CURVE('',#3377,#3375,#1154,.T.);
#4273=EDGE_CURVE('',#3376,#3377,#1155,.T.);
#4274=EDGE_CURVE('',#3378,#3376,#1156,.T.);
#4275=EDGE_CURVE('',#3379,#3377,#1157,.T.);
#4276=EDGE_CURVE('',#3378,#3379,#1158,.T.);
#4277=EDGE_CURVE('',#3380,#3378,#1159,.T.);
#4278=EDGE_CURVE('',#3381,#3379,#1160,.T.);
#4279=EDGE_CURVE('',#3380,#3381,#1161,.T.);
#4280=EDGE_CURVE('',#3382,#3380,#1162,.T.);
#4281=EDGE_CURVE('',#3383,#3381,#1163,.T.);
#4282=EDGE_CURVE('',#3382,#3383,#1164,.T.);
#4283=EDGE_CURVE('',#3384,#3382,#1165,.T.);
#4284=EDGE_CURVE('',#3385,#3383,#1166,.T.);
#4285=EDGE_CURVE('',#3384,#3385,#1167,.T.);
#4286=EDGE_CURVE('',#3386,#3384,#1168,.T.);
#4287=EDGE_CURVE('',#3387,#3385,#1169,.T.);
#4288=EDGE_CURVE('',#3386,#3387,#1170,.T.);
#4289=EDGE_CURVE('',#3388,#3386,#1171,.T.);
#4290=EDGE_CURVE('',#3389,#3387,#1172,.T.);
#4291=EDGE_CURVE('',#3388,#3389,#1173,.T.);
#4292=EDGE_CURVE('',#3390,#3388,#1174,.T.);
#4293=EDGE_CURVE('',#3391,#3389,#1175,.T.);
#4294=EDGE_CURVE('',#3390,#3391,#1176,.T.);
#4295=EDGE_CURVE('',#3392,#3390,#1177,.T.);
#4296=EDGE_CURVE('',#3393,#3391,#1178,.T.);
#4297=EDGE_CURVE('',#3392,#3393,#1179,.T.);
#4298=EDGE_CURVE('',#3394,#3392,#1180,.T.);
#4299=EDGE_CURVE('',#3395,#3393,#1181,.T.);
#4300=EDGE_CURVE('',#3394,#3395,#1182,.T.);
#4301=EDGE_CURVE('',#3396,#3394,#1183,.T.);
#4302=EDGE_CURVE('',#3397,#3395,#1184,.T.);
#4303=EDGE_CURVE('',#3396,#3397,#1185,.T.);
#4304=EDGE_CURVE('',#3398,#3396,#1186,.T.);
#4305=EDGE_CURVE('',#3399,#3397,#1187,.T.);
#4306=EDGE_CURVE('',#3398,#3399,#1188,.T.);
#4307=EDGE_CURVE('',#3400,#3398,#1189,.T.);
#4308=EDGE_CURVE('',#3401,#3399,#1190,.T.);
#4309=EDGE_CURVE('',#3400,#3401,#1191,.T.);
#4310=EDGE_CURVE('',#3402,#3400,#1192,.T.);
#4311=EDGE_CURVE('',#3403,#3401,#1193,.T.);
#4312=EDGE_CURVE('',#3402,#3403,#1194,.T.);
#4313=EDGE_CURVE('',#3404,#3402,#1195,.T.);
#4314=EDGE_CURVE('',#3405,#3403,#1196,.T.);
#4315=EDGE_CURVE('',#3404,#3405,#1197,.T.);
#4316=EDGE_CURVE('',#3406,#3404,#1198,.T.);
#4317=EDGE_CURVE('',#3407,#3405,#1199,.T.);
#4318=EDGE_CURVE('',#3406,#3407,#1200,.T.);
#4319=EDGE_CURVE('',#3408,#3406,#1201,.T.);
#4320=EDGE_CURVE('',#3409,#3407,#1202,.T.);
#4321=EDGE_CURVE('',#3408,#3409,#1203,.T.);
#4322=EDGE_CURVE('',#3410,#3408,#1204,.T.);
#4323=EDGE_CURVE('',#3411,#3409,#1205,.T.);
#4324=EDGE_CURVE('',#3410,#3411,#1206,.T.);
#4325=EDGE_CURVE('',#3412,#3410,#1207,.T.);
#4326=EDGE_CURVE('',#3413,#3411,#1208,.T.);
#4327=EDGE_CURVE('',#3412,#3413,#1209,.T.);
#4328=EDGE_CURVE('',#3414,#3412,#1210,.T.);
#4329=EDGE_CURVE('',#3415,#3413,#1211,.T.);
#4330=EDGE_CURVE('',#3414,#3415,#1212,.T.);
#4331=EDGE_CURVE('',#3416,#3414,#1213,.T.);
#4332=EDGE_CURVE('',#3417,#3415,#1214,.T.);
#4333=EDGE_CURVE('',#3416,#3417,#1215,.T.);
#4334=EDGE_CURVE('',#3418,#3416,#1216,.T.);
#4335=EDGE_CURVE('',#3419,#3417,#1217,.T.);
#4336=EDGE_CURVE('',#3418,#3419,#1218,.T.);
#4337=EDGE_CURVE('',#3420,#3418,#1219,.T.);
#4338=EDGE_CURVE('',#3421,#3419,#1220,.T.);
#4339=EDGE_CURVE('',#3420,#3421,#1221,.T.);
#4340=EDGE_CURVE('',#3422,#3420,#1222,.T.);
#4341=EDGE_CURVE('',#3423,#3421,#1223,.T.);
#4342=EDGE_CURVE('',#3422,#3423,#1224,.T.);
#4343=EDGE_CURVE('',#3424,#3422,#1225,.T.);
#4344=EDGE_CURVE('',#3425,#3423,#1226,.T.);
#4345=EDGE_CURVE('',#3424,#3425,#1227,.T.);
#4346=EDGE_CURVE('',#3426,#3424,#1228,.T.);
#4347=EDGE_CURVE('',#3427,#3425,#1229,.T.);
#4348=EDGE_CURVE('',#3426,#3427,#1230,.T.);
#4349=EDGE_CURVE('',#3428,#3426,#1231,.T.);
#4350=EDGE_CURVE('',#3429,#3427,#1232,.T.);
#4351=EDGE_CURVE('',#3428,#3429,#1233,.T.);
#4352=EDGE_CURVE('',#3430,#3428,#1234,.T.);
#4353=EDGE_CURVE('',#3431,#3429,#1235,.T.);
#4354=EDGE_CURVE('',#3430,#3431,#1236,.T.);
#4355=EDGE_CURVE('',#3432,#3430,#1237,.T.);
#4356=EDGE_CURVE('',#3433,#3431,#1238,.T.);
#4357=EDGE_CURVE('',#3432,#3433,#1239,.T.);
#4358=EDGE_CURVE('',#3434,#3432,#1240,.T.);
#4359=EDGE_CURVE('',#3435,#3433,#1241,.T.);
#4360=EDGE_CURVE('',#3434,#3435,#1242,.T.);
#4361=EDGE_CURVE('',#3436,#3434,#1243,.T.);
#4362=EDGE_CURVE('',#3437,#3435,#1244,.T.);
#4363=EDGE_CURVE('',#3436,#3437,#1245,.T.);
#4364=EDGE_CURVE('',#3438,#3436,#1246,.T.);
#4365=EDGE_CURVE('',#3439,#3437,#1247,.T.);
#4366=EDGE_CURVE('',#3438,#3439,#1248,.T.);
#4367=EDGE_CURVE('',#3440,#3438,#1249,.T.);
#4368=EDGE_CURVE('',#3441,#3439,#1250,.T.);
#4369=EDGE_CURVE('',#3440,#3441,#1251,.T.);
#4370=EDGE_CURVE('',#3442,#3440,#1252,.T.);
#4371=EDGE_CURVE('',#3443,#3441,#1253,.T.);
#4372=EDGE_CURVE('',#3442,#3443,#1254,.T.);
#4373=EDGE_CURVE('',#3444,#3442,#1255,.T.);
#4374=EDGE_CURVE('',#3445,#3443,#1256,.T.);
#4375=EDGE_CURVE('',#3444,#3445,#1257,.T.);
#4376=EDGE_CURVE('',#3446,#3444,#1258,.T.);
#4377=EDGE_CURVE('',#3447,#3445,#1259,.T.);
#4378=EDGE_CURVE('',#3446,#3447,#1260,.T.);
#4379=EDGE_CURVE('',#3448,#3446,#1261,.T.);
#4380=EDGE_CURVE('',#3449,#3447,#1262,.T.);
#4381=EDGE_CURVE('',#3448,#3449,#1263,.T.);
#4382=EDGE_CURVE('',#3450,#3448,#1264,.T.);
#4383=EDGE_CURVE('',#3451,#3449,#1265,.T.);
#4384=EDGE_CURVE('',#3450,#3451,#1266,.T.);
#4385=EDGE_CURVE('',#3452,#3450,#1267,.T.);
#4386=EDGE_CURVE('',#3453,#3451,#1268,.T.);
#4387=EDGE_CURVE('',#3452,#3453,#1269,.T.);
#4388=EDGE_CURVE('',#3454,#3452,#1270,.T.);
#4389=EDGE_CURVE('',#3455,#3453,#1271,.T.);
#4390=EDGE_CURVE('',#3454,#3455,#1272,.T.);
#4391=EDGE_CURVE('',#3456,#3454,#1273,.T.);
#4392=EDGE_CURVE('',#3457,#3455,#1274,.T.);
#4393=EDGE_CURVE('',#3456,#3457,#1275,.T.);
#4394=EDGE_CURVE('',#3458,#3456,#1276,.T.);
#4395=EDGE_CURVE('',#3459,#3457,#1277,.T.);
#4396=EDGE_CURVE('',#3458,#3459,#1278,.T.);
#4397=EDGE_CURVE('',#3460,#3458,#1279,.T.);
#4398=EDGE_CURVE('',#3461,#3459,#1280,.T.);
#4399=EDGE_CURVE('',#3460,#3461,#1281,.T.);
#4400=EDGE_CURVE('',#3462,#3460,#1282,.T.);
#4401=EDGE_CURVE('',#3463,#3461,#1283,.T.);
#4402=EDGE_CURVE('',#3462,#3463,#1284,.T.);
#4403=EDGE_CURVE('',#3464,#3462,#1285,.T.);
#4404=EDGE_CURVE('',#3465,#3463,#1286,.T.);
#4405=EDGE_CURVE('',#3464,#3465,#1287,.T.);
#4406=EDGE_CURVE('',#3466,#3464,#1288,.T.);
#4407=EDGE_CURVE('',#3467,#3465,#1289,.T.);
#4408=EDGE_CURVE('',#3466,#3467,#1290,.T.);
#4409=EDGE_CURVE('',#3468,#3466,#1291,.T.);
#4410=EDGE_CURVE('',#3469,#3467,#1292,.T.);
#4411=EDGE_CURVE('',#3468,#3469,#1293,.T.);
#4412=EDGE_CURVE('',#3470,#3468,#1294,.T.);
#4413=EDGE_CURVE('',#3471,#3469,#1295,.T.);
#4414=EDGE_CURVE('',#3470,#3471,#1296,.T.);
#4415=EDGE_CURVE('',#3472,#3470,#1297,.T.);
#4416=EDGE_CURVE('',#3473,#3471,#1298,.T.);
#4417=EDGE_CURVE('',#3472,#3473,#1299,.T.);
#4418=EDGE_CURVE('',#3474,#3472,#1300,.T.);
#4419=EDGE_CURVE('',#3475,#3473,#1301,.T.);
#4420=EDGE_CURVE('',#3474,#3475,#1302,.T.);
#4421=EDGE_CURVE('',#3476,#3474,#1303,.T.);
#4422=EDGE_CURVE('',#3477,#3475,#1304,.T.);
#4423=EDGE_CURVE('',#3476,#3477,#1305,.T.);
#4424=EDGE_CURVE('',#3478,#3476,#1306,.T.);
#4425=EDGE_CURVE('',#3479,#3477,#1307,.T.);
#4426=EDGE_CURVE('',#3478,#3479,#1308,.T.);
#4427=EDGE_CURVE('',#3480,#3478,#1309,.T.);
#4428=EDGE_CURVE('',#3481,#3479,#1310,.T.);
#4429=EDGE_CURVE('',#3480,#3481,#1311,.T.);
#4430=EDGE_CURVE('',#3482,#3480,#1312,.T.);
#4431=EDGE_CURVE('',#3483,#3481,#1313,.T.);
#4432=EDGE_CURVE('',#3482,#3483,#1314,.T.);
#4433=EDGE_CURVE('',#3484,#3482,#1315,.T.);
#4434=EDGE_CURVE('',#3485,#3483,#1316,.T.);
#4435=EDGE_CURVE('',#3484,#3485,#1317,.T.);
#4436=EDGE_CURVE('',#3486,#3484,#1318,.T.);
#4437=EDGE_CURVE('',#3487,#3485,#1319,.T.);
#4438=EDGE_CURVE('',#3486,#3487,#1320,.T.);
#4439=EDGE_CURVE('',#3488,#3486,#1321,.T.);
#4440=EDGE_CURVE('',#3489,#3487,#1322,.T.);
#4441=EDGE_CURVE('',#3488,#3489,#1323,.T.);
#4442=EDGE_CURVE('',#3490,#3488,#1324,.T.);
#4443=EDGE_CURVE('',#3491,#3489,#1325,.T.);
#4444=EDGE_CURVE('',#3490,#3491,#1326,.T.);
#4445=EDGE_CURVE('',#3492,#3490,#1327,.T.);
#4446=EDGE_CURVE('',#3493,#3491,#1328,.T.);
#4447=EDGE_CURVE('',#3492,#3493,#1329,.T.);
#4448=EDGE_CURVE('',#3494,#3492,#1330,.T.);
#4449=EDGE_CURVE('',#3495,#3493,#1331,.T.);
#4450=EDGE_CURVE('',#3494,#3495,#1332,.T.);
#4451=EDGE_CURVE('',#3496,#3494,#1333,.T.);
#4452=EDGE_CURVE('',#3497,#3495,#1334,.T.);
#4453=EDGE_CURVE('',#3496,#3497,#1335,.T.);
#4454=EDGE_CURVE('',#3498,#3496,#1336,.T.);
#4455=EDGE_CURVE('',#3499,#3497,#1337,.T.);
#4456=EDGE_CURVE('',#3498,#3499,#1338,.T.);
#4457=EDGE_CURVE('',#3500,#3498,#1339,.T.);
#4458=EDGE_CURVE('',#3501,#3499,#1340,.T.);
#4459=EDGE_CURVE('',#3500,#3501,#1341,.T.);
#4460=EDGE_CURVE('',#3502,#3500,#1342,.T.);
#4461=EDGE_CURVE('',#3503,#3501,#1343,.T.);
#4462=EDGE_CURVE('',#3502,#3503,#1344,.T.);
#4463=EDGE_CURVE('',#3504,#3502,#1345,.T.);
#4464=EDGE_CURVE('',#3505,#3503,#1346,.T.);
#4465=EDGE_CURVE('',#3504,#3505,#1347,.T.);
#4466=EDGE_CURVE('',#3506,#3504,#1348,.T.);
#4467=EDGE_CURVE('',#3507,#3505,#1349,.T.);
#4468=EDGE_CURVE('',#3506,#3507,#1350,.T.);
#4469=EDGE_CURVE('',#3508,#3506,#1351,.T.);
#4470=EDGE_CURVE('',#3509,#3507,#1352,.T.);
#4471=EDGE_CURVE('',#3508,#3509,#1353,.T.);
#4472=EDGE_CURVE('',#3510,#3508,#1354,.T.);
#4473=EDGE_CURVE('',#3511,#3509,#1355,.T.);
#4474=EDGE_CURVE('',#3510,#3511,#1356,.T.);
#4475=EDGE_CURVE('',#3512,#3510,#1357,.T.);
#4476=EDGE_CURVE('',#3513,#3511,#1358,.T.);
#4477=EDGE_CURVE('',#3512,#3513,#1359,.T.);
#4478=EDGE_CURVE('',#3514,#3512,#1360,.T.);
#4479=EDGE_CURVE('',#3515,#3513,#1361,.T.);
#4480=EDGE_CURVE('',#3514,#3515,#1362,.T.);
#4481=EDGE_CURVE('',#3516,#3514,#1363,.T.);
#4482=EDGE_CURVE('',#3517,#3515,#1364,.T.);
#4483=EDGE_CURVE('',#3516,#3517,#1365,.T.);
#4484=EDGE_CURVE('',#3518,#3516,#1366,.T.);
#4485=EDGE_CURVE('',#3519,#3517,#1367,.T.);
#4486=EDGE_CURVE('',#3518,#3519,#1368,.T.);
#4487=EDGE_CURVE('',#3520,#3518,#1369,.T.);
#4488=EDGE_CURVE('',#3521,#3519,#1370,.T.);
#4489=EDGE_CURVE('',#3520,#3521,#1371,.T.);
#4490=EDGE_CURVE('',#3522,#3520,#1372,.T.);
#4491=EDGE_CURVE('',#3523,#3521,#1373,.T.);
#4492=EDGE_CURVE('',#3522,#3523,#1374,.T.);
#4493=EDGE_CURVE('',#3524,#3522,#1375,.T.);
#4494=EDGE_CURVE('',#3525,#3523,#1376,.T.);
#4495=EDGE_CURVE('',#3524,#3525,#1377,.T.);
#4496=EDGE_CURVE('',#3526,#3524,#1378,.T.);
#4497=EDGE_CURVE('',#3527,#3525,#1379,.T.);
#4498=EDGE_CURVE('',#3526,#3527,#1380,.T.);
#4499=EDGE_CURVE('',#3528,#3526,#1381,.T.);
#4500=EDGE_CURVE('',#3529,#3527,#1382,.T.);
#4501=EDGE_CURVE('',#3528,#3529,#1383,.T.);
#4502=EDGE_CURVE('',#3530,#3528,#1384,.T.);
#4503=EDGE_CURVE('',#3531,#3529,#1385,.T.);
#4504=EDGE_CURVE('',#3530,#3531,#1386,.T.);
#4505=EDGE_CURVE('',#3532,#3530,#1387,.T.);
#4506=EDGE_CURVE('',#3533,#3531,#1388,.T.);
#4507=EDGE_CURVE('',#3532,#3533,#1389,.T.);
#4508=EDGE_CURVE('',#3534,#3532,#1390,.T.);
#4509=EDGE_CURVE('',#3535,#3533,#1391,.T.);
#4510=EDGE_CURVE('',#3534,#3535,#1392,.T.);
#4511=EDGE_CURVE('',#3536,#3534,#1393,.T.);
#4512=EDGE_CURVE('',#3537,#3535,#1394,.T.);
#4513=EDGE_CURVE('',#3536,#3537,#1395,.T.);
#4514=EDGE_CURVE('',#3538,#3536,#1396,.T.);
#4515=EDGE_CURVE('',#3539,#3537,#1397,.T.);
#4516=EDGE_CURVE('',#3538,#3539,#1398,.T.);
#4517=EDGE_CURVE('',#3540,#3538,#1399,.T.);
#4518=EDGE_CURVE('',#3541,#3539,#1400,.T.);
#4519=EDGE_CURVE('',#3540,#3541,#1401,.T.);
#4520=EDGE_CURVE('',#3542,#3540,#1402,.T.);
#4521=EDGE_CURVE('',#3543,#3541,#1403,.T.);
#4522=EDGE_CURVE('',#3542,#3543,#1404,.T.);
#4523=EDGE_CURVE('',#3544,#3542,#1405,.T.);
#4524=EDGE_CURVE('',#3545,#3543,#1406,.T.);
#4525=EDGE_CURVE('',#3544,#3545,#1407,.T.);
#4526=EDGE_CURVE('',#3546,#3544,#1408,.T.);
#4527=EDGE_CURVE('',#3547,#3545,#1409,.T.);
#4528=EDGE_CURVE('',#3546,#3547,#1410,.T.);
#4529=EDGE_CURVE('',#3548,#3546,#1411,.T.);
#4530=EDGE_CURVE('',#3549,#3547,#1412,.T.);
#4531=EDGE_CURVE('',#3548,#3549,#1413,.T.);
#4532=EDGE_CURVE('',#3550,#3548,#1414,.T.);
#4533=EDGE_CURVE('',#3551,#3549,#1415,.T.);
#4534=EDGE_CURVE('',#3550,#3551,#1416,.T.);
#4535=EDGE_CURVE('',#3552,#3550,#1417,.T.);
#4536=EDGE_CURVE('',#3553,#3551,#1418,.T.);
#4537=EDGE_CURVE('',#3552,#3553,#1419,.T.);
#4538=EDGE_CURVE('',#3554,#3552,#1420,.T.);
#4539=EDGE_CURVE('',#3555,#3553,#1421,.T.);
#4540=EDGE_CURVE('',#3554,#3555,#1422,.T.);
#4541=EDGE_CURVE('',#3556,#3554,#1423,.T.);
#4542=EDGE_CURVE('',#3557,#3555,#1424,.T.);
#4543=EDGE_CURVE('',#3556,#3557,#1425,.T.);
#4544=EDGE_CURVE('',#3558,#3556,#1426,.T.);
#4545=EDGE_CURVE('',#3559,#3557,#1427,.T.);
#4546=EDGE_CURVE('',#3558,#3559,#1428,.T.);
#4547=EDGE_CURVE('',#3560,#3558,#1429,.T.);
#4548=EDGE_CURVE('',#3561,#3559,#1430,.T.);
#4549=EDGE_CURVE('',#3560,#3561,#1431,.T.);
#4550=EDGE_CURVE('',#3562,#3560,#1432,.T.);
#4551=EDGE_CURVE('',#3563,#3561,#1433,.T.);
#4552=EDGE_CURVE('',#3562,#3563,#1434,.T.);
#4553=EDGE_CURVE('',#3564,#3562,#1435,.T.);
#4554=EDGE_CURVE('',#3565,#3563,#1436,.T.);
#4555=EDGE_CURVE('',#3564,#3565,#1437,.T.);
#4556=EDGE_CURVE('',#3566,#3564,#1438,.T.);
#4557=EDGE_CURVE('',#3567,#3565,#1439,.T.);
#4558=EDGE_CURVE('',#3566,#3567,#1440,.T.);
#4559=EDGE_CURVE('',#3568,#3566,#1441,.T.);
#4560=EDGE_CURVE('',#3569,#3567,#1442,.T.);
#4561=EDGE_CURVE('',#3568,#3569,#1443,.T.);
#4562=EDGE_CURVE('',#3570,#3568,#1444,.T.);
#4563=EDGE_CURVE('',#3571,#3569,#1445,.T.);
#4564=EDGE_CURVE('',#3570,#3571,#1446,.T.);
#4565=EDGE_CURVE('',#3572,#3570,#1447,.T.);
#4566=EDGE_CURVE('',#3573,#3571,#1448,.T.);
#4567=EDGE_CURVE('',#3572,#3573,#1449,.T.);
#4568=EDGE_CURVE('',#3574,#3572,#1450,.T.);
#4569=EDGE_CURVE('',#3575,#3573,#1451,.T.);
#4570=EDGE_CURVE('',#3574,#3575,#1452,.T.);
#4571=EDGE_CURVE('',#3576,#3574,#1453,.T.);
#4572=EDGE_CURVE('',#3577,#3575,#1454,.T.);
#4573=EDGE_CURVE('',#3576,#3577,#1455,.T.);
#4574=EDGE_CURVE('',#3578,#3576,#1456,.T.);
#4575=EDGE_CURVE('',#3579,#3577,#1457,.T.);
#4576=EDGE_CURVE('',#3578,#3579,#1458,.T.);
#4577=EDGE_CURVE('',#3580,#3578,#1459,.T.);
#4578=EDGE_CURVE('',#3581,#3579,#1460,.T.);
#4579=EDGE_CURVE('',#3580,#3581,#1461,.T.);
#4580=EDGE_CURVE('',#3582,#3580,#1462,.T.);
#4581=EDGE_CURVE('',#3583,#3581,#1463,.T.);
#4582=EDGE_CURVE('',#3582,#3583,#1464,.T.);
#4583=EDGE_CURVE('',#3584,#3582,#1465,.T.);
#4584=EDGE_CURVE('',#3585,#3583,#1466,.T.);
#4585=EDGE_CURVE('',#3584,#3585,#1467,.T.);
#4586=EDGE_CURVE('',#3586,#3584,#1468,.T.);
#4587=EDGE_CURVE('',#3587,#3585,#1469,.T.);
#4588=EDGE_CURVE('',#3586,#3587,#1470,.T.);
#4589=EDGE_CURVE('',#3588,#3586,#1471,.T.);
#4590=EDGE_CURVE('',#3589,#3587,#1472,.T.);
#4591=EDGE_CURVE('',#3588,#3589,#1473,.T.);
#4592=EDGE_CURVE('',#3590,#3588,#1474,.T.);
#4593=EDGE_CURVE('',#3591,#3589,#1475,.T.);
#4594=EDGE_CURVE('',#3590,#3591,#1476,.T.);
#4595=EDGE_CURVE('',#3592,#3590,#1477,.T.);
#4596=EDGE_CURVE('',#3593,#3591,#1478,.T.);
#4597=EDGE_CURVE('',#3592,#3593,#1479,.T.);
#4598=EDGE_CURVE('',#3594,#3592,#1480,.T.);
#4599=EDGE_CURVE('',#3595,#3593,#1481,.T.);
#4600=EDGE_CURVE('',#3594,#3595,#1482,.T.);
#4601=EDGE_CURVE('',#3596,#3594,#1483,.T.);
#4602=EDGE_CURVE('',#3597,#3595,#1484,.T.);
#4603=EDGE_CURVE('',#3596,#3597,#1485,.T.);
#4604=EDGE_CURVE('',#3598,#3596,#1486,.T.);
#4605=EDGE_CURVE('',#3599,#3597,#1487,.T.);
#4606=EDGE_CURVE('',#3598,#3599,#1488,.T.);
#4607=EDGE_CURVE('',#3600,#3598,#1489,.T.);
#4608=EDGE_CURVE('',#3601,#3599,#1490,.T.);
#4609=EDGE_CURVE('',#3600,#3601,#1491,.T.);
#4610=EDGE_CURVE('',#3602,#3600,#1492,.T.);
#4611=EDGE_CURVE('',#3603,#3601,#1493,.T.);
#4612=EDGE_CURVE('',#3602,#3603,#1494,.T.);
#4613=EDGE_CURVE('',#3604,#3602,#1495,.T.);
#4614=EDGE_CURVE('',#3605,#3603,#1496,.T.);
#4615=EDGE_CURVE('',#3604,#3605,#1497,.T.);
#4616=EDGE_CURVE('',#3606,#3604,#1498,.T.);
#4617=EDGE_CURVE('',#3607,#3605,#1499,.T.);
#4618=EDGE_CURVE('',#3606,#3607,#1500,.T.);
#4619=EDGE_CURVE('',#3608,#3606,#1501,.T.);
#4620=EDGE_CURVE('',#3609,#3607,#1502,.T.);
#4621=EDGE_CURVE('',#3608,#3609,#1503,.T.);
#4622=EDGE_CURVE('',#3610,#3608,#1504,.T.);
#4623=EDGE_CURVE('',#3611,#3609,#1505,.T.);
#4624=EDGE_CURVE('',#3610,#3611,#1506,.T.);
#4625=EDGE_CURVE('',#3612,#3610,#1507,.T.);
#4626=EDGE_CURVE('',#3613,#3611,#1508,.T.);
#4627=EDGE_CURVE('',#3612,#3613,#1509,.T.);
#4628=EDGE_CURVE('',#3614,#3612,#1510,.T.);
#4629=EDGE_CURVE('',#3615,#3613,#1511,.T.);
#4630=EDGE_CURVE('',#3614,#3615,#1512,.T.);
#4631=EDGE_CURVE('',#3616,#3614,#1513,.T.);
#4632=EDGE_CURVE('',#3617,#3615,#1514,.T.);
#4633=EDGE_CURVE('',#3616,#3617,#1515,.T.);
#4634=EDGE_CURVE('',#3618,#3616,#1516,.T.);
#4635=EDGE_CURVE('',#3619,#3617,#1517,.T.);
#4636=EDGE_CURVE('',#3618,#3619,#1518,.T.);
#4637=EDGE_CURVE('',#3620,#3618,#1519,.T.);
#4638=EDGE_CURVE('',#3621,#3619,#1520,.T.);
#4639=EDGE_CURVE('',#3620,#3621,#1521,.T.);
#4640=EDGE_CURVE('',#3622,#3620,#1522,.T.);
#4641=EDGE_CURVE('',#3623,#3621,#1523,.T.);
#4642=EDGE_CURVE('',#3622,#3623,#1524,.T.);
#4643=EDGE_CURVE('',#3624,#3622,#1525,.T.);
#4644=EDGE_CURVE('',#3625,#3623,#1526,.T.);
#4645=EDGE_CURVE('',#3624,#3625,#1527,.T.);
#4646=EDGE_CURVE('',#3626,#3624,#1528,.T.);
#4647=EDGE_CURVE('',#3627,#3625,#1529,.T.);
#4648=EDGE_CURVE('',#3626,#3627,#1530,.T.);
#4649=EDGE_CURVE('',#3628,#3626,#1531,.T.);
#4650=EDGE_CURVE('',#3629,#3627,#1532,.T.);
#4651=EDGE_CURVE('',#3628,#3629,#1533,.T.);
#4652=EDGE_CURVE('',#3630,#3628,#1534,.T.);
#4653=EDGE_CURVE('',#3631,#3629,#1535,.T.);
#4654=EDGE_CURVE('',#3630,#3631,#1536,.T.);
#4655=EDGE_CURVE('',#3632,#3630,#1537,.T.);
#4656=EDGE_CURVE('',#3633,#3631,#1538,.T.);
#4657=EDGE_CURVE('',#3632,#3633,#1539,.T.);
#4658=EDGE_CURVE('',#3634,#3632,#1540,.T.);
#4659=EDGE_CURVE('',#3635,#3633,#1541,.T.);
#4660=EDGE_CURVE('',#3634,#3635,#1542,.T.);
#4661=EDGE_CURVE('',#3636,#3634,#1543,.T.);
#4662=EDGE_CURVE('',#3637,#3635,#1544,.T.);
#4663=EDGE_CURVE('',#3636,#3637,#1545,.T.);
#4664=EDGE_CURVE('',#3638,#3636,#1546,.T.);
#4665=EDGE_CURVE('',#3639,#3637,#1547,.T.);
#4666=EDGE_CURVE('',#3638,#3639,#1548,.T.);
#4667=EDGE_CURVE('',#3640,#3638,#1549,.T.);
#4668=EDGE_CURVE('',#3641,#3639,#1550,.T.);
#4669=EDGE_CURVE('',#3640,#3641,#1551,.T.);
#4670=EDGE_CURVE('',#3642,#3640,#1552,.T.);
#4671=EDGE_CURVE('',#3643,#3641,#1553,.T.);
#4672=EDGE_CURVE('',#3642,#3643,#1554,.T.);
#4673=EDGE_CURVE('',#3644,#3642,#1555,.T.);
#4674=EDGE_CURVE('',#3645,#3643,#1556,.T.);
#4675=EDGE_CURVE('',#3644,#3645,#1557,.T.);
#4676=EDGE_CURVE('',#3646,#3644,#1558,.T.);
#4677=EDGE_CURVE('',#3647,#3645,#1559,.T.);
#4678=EDGE_CURVE('',#3646,#3647,#1560,.T.);
#4679=EDGE_CURVE('',#3648,#3646,#1561,.T.);
#4680=EDGE_CURVE('',#3649,#3647,#1562,.T.);
#4681=EDGE_CURVE('',#3648,#3649,#1563,.T.);
#4682=EDGE_CURVE('',#3650,#3648,#1564,.T.);
#4683=EDGE_CURVE('',#3651,#3649,#1565,.T.);
#4684=EDGE_CURVE('',#3650,#3651,#1566,.T.);
#4685=EDGE_CURVE('',#3652,#3650,#1567,.T.);
#4686=EDGE_CURVE('',#3653,#3651,#1568,.T.);
#4687=EDGE_CURVE('',#3652,#3653,#1569,.T.);
#4688=EDGE_CURVE('',#3654,#3652,#1570,.T.);
#4689=EDGE_CURVE('',#3655,#3653,#1571,.T.);
#4690=EDGE_CURVE('',#3654,#3655,#1572,.T.);
#4691=EDGE_CURVE('',#3656,#3654,#1573,.T.);
#4692=EDGE_CURVE('',#3657,#3655,#1574,.T.);
#4693=EDGE_CURVE('',#3656,#3657,#1575,.T.);
#4694=EDGE_CURVE('',#3658,#3656,#1576,.T.);
#4695=EDGE_CURVE('',#3659,#3657,#1577,.T.);
#4696=EDGE_CURVE('',#3658,#3659,#1578,.T.);
#4697=EDGE_CURVE('',#3660,#3658,#1579,.T.);
#4698=EDGE_CURVE('',#3661,#3659,#1580,.T.);
#4699=EDGE_CURVE('',#3660,#3661,#1581,.T.);
#4700=EDGE_CURVE('',#3662,#3660,#1582,.T.);
#4701=EDGE_CURVE('',#3663,#3661,#1583,.T.);
#4702=EDGE_CURVE('',#3662,#3663,#1584,.T.);
#4703=EDGE_CURVE('',#3664,#3662,#1585,.T.);
#4704=EDGE_CURVE('',#3665,#3663,#1586,.T.);
#4705=EDGE_CURVE('',#3664,#3665,#1587,.T.);
#4706=EDGE_CURVE('',#3666,#3664,#1588,.T.);
#4707=EDGE_CURVE('',#3667,#3665,#1589,.T.);
#4708=EDGE_CURVE('',#3666,#3667,#1590,.T.);
#4709=EDGE_CURVE('',#3668,#3666,#1591,.T.);
#4710=EDGE_CURVE('',#3669,#3667,#1592,.T.);
#4711=EDGE_CURVE('',#3668,#3669,#1593,.T.);
#4712=EDGE_CURVE('',#3670,#3668,#1594,.T.);
#4713=EDGE_CURVE('',#3671,#3669,#1595,.T.);
#4714=EDGE_CURVE('',#3670,#3671,#1596,.T.);
#4715=EDGE_CURVE('',#3672,#3670,#1597,.T.);
#4716=EDGE_CURVE('',#3673,#3671,#1598,.T.);
#4717=EDGE_CURVE('',#3672,#3673,#1599,.T.);
#4718=EDGE_CURVE('',#3674,#3672,#1600,.T.);
#4719=EDGE_CURVE('',#3675,#3673,#1601,.T.);
#4720=EDGE_CURVE('',#3674,#3675,#1602,.T.);
#4721=EDGE_CURVE('',#3676,#3674,#1603,.T.);
#4722=EDGE_CURVE('',#3677,#3675,#1604,.T.);
#4723=EDGE_CURVE('',#3676,#3677,#1605,.T.);
#4724=EDGE_CURVE('',#3678,#3676,#1606,.T.);
#4725=EDGE_CURVE('',#3679,#3677,#1607,.T.);
#4726=EDGE_CURVE('',#3678,#3679,#1608,.T.);
#4727=EDGE_CURVE('',#3680,#3678,#1609,.T.);
#4728=EDGE_CURVE('',#3681,#3679,#1610,.T.);
#4729=EDGE_CURVE('',#3680,#3681,#1611,.T.);
#4730=EDGE_CURVE('',#3682,#3680,#1612,.T.);
#4731=EDGE_CURVE('',#3683,#3681,#1613,.T.);
#4732=EDGE_CURVE('',#3682,#3683,#1614,.T.);
#4733=EDGE_CURVE('',#3684,#3682,#1615,.T.);
#4734=EDGE_CURVE('',#3685,#3683,#1616,.T.);
#4735=EDGE_CURVE('',#3684,#3685,#1617,.T.);
#4736=EDGE_CURVE('',#3686,#3684,#1618,.T.);
#4737=EDGE_CURVE('',#3687,#3685,#1619,.T.);
#4738=EDGE_CURVE('',#3686,#3687,#1620,.T.);
#4739=EDGE_CURVE('',#3688,#3686,#1621,.T.);
#4740=EDGE_CURVE('',#3689,#3687,#1622,.T.);
#4741=EDGE_CURVE('',#3688,#3689,#1623,.T.);
#4742=EDGE_CURVE('',#3690,#3688,#1624,.T.);
#4743=EDGE_CURVE('',#3691,#3689,#1625,.T.);
#4744=EDGE_CURVE('',#3690,#3691,#1626,.T.);
#4745=EDGE_CURVE('',#3692,#3690,#1627,.T.);
#4746=EDGE_CURVE('',#3693,#3691,#1628,.T.);
#4747=EDGE_CURVE('',#3692,#3693,#1629,.T.);
#4748=EDGE_CURVE('',#3694,#3692,#1630,.T.);
#4749=EDGE_CURVE('',#3695,#3693,#1631,.T.);
#4750=EDGE_CURVE('',#3694,#3695,#1632,.T.);
#4751=EDGE_CURVE('',#3696,#3694,#1633,.T.);
#4752=EDGE_CURVE('',#3697,#3695,#1634,.T.);
#4753=EDGE_CURVE('',#3696,#3697,#1635,.T.);
#4754=EDGE_CURVE('',#3698,#3696,#1636,.T.);
#4755=EDGE_CURVE('',#3699,#3697,#1637,.T.);
#4756=EDGE_CURVE('',#3698,#3699,#1638,.T.);
#4757=EDGE_CURVE('',#3700,#3698,#1639,.T.);
#4758=EDGE_CURVE('',#3701,#3699,#1640,.T.);
#4759=EDGE_CURVE('',#3700,#3701,#1641,.T.);
#4760=EDGE_CURVE('',#3702,#3700,#1642,.T.);
#4761=EDGE_CURVE('',#3703,#3701,#1643,.T.);
#4762=EDGE_CURVE('',#3702,#3703,#1644,.T.);
#4763=EDGE_CURVE('',#3704,#3702,#1645,.T.);
#4764=EDGE_CURVE('',#3705,#3703,#1646,.T.);
#4765=EDGE_CURVE('',#3704,#3705,#1647,.T.);
#4766=EDGE_CURVE('',#3706,#3704,#1648,.T.);
#4767=EDGE_CURVE('',#3707,#3705,#1649,.T.);
#4768=EDGE_CURVE('',#3706,#3707,#1650,.T.);
#4769=EDGE_CURVE('',#3708,#3706,#1651,.T.);
#4770=EDGE_CURVE('',#3709,#3707,#1652,.T.);
#4771=EDGE_CURVE('',#3708,#3709,#1653,.T.);
#4772=EDGE_CURVE('',#3710,#3708,#1654,.T.);
#4773=EDGE_CURVE('',#3711,#3709,#1655,.T.);
#4774=EDGE_CURVE('',#3710,#3711,#1656,.T.);
#4775=EDGE_CURVE('',#3712,#3710,#1657,.T.);
#4776=EDGE_CURVE('',#3713,#3711,#1658,.T.);
#4777=EDGE_CURVE('',#3712,#3713,#1659,.T.);
#4778=EDGE_CURVE('',#3714,#3712,#1660,.T.);
#4779=EDGE_CURVE('',#3715,#3713,#1661,.T.);
#4780=EDGE_CURVE('',#3714,#3715,#1662,.T.);
#4781=EDGE_CURVE('',#3716,#3714,#1663,.T.);
#4782=EDGE_CURVE('',#3717,#3715,#1664,.T.);
#4783=EDGE_CURVE('',#3716,#3717,#1665,.T.);
#4784=EDGE_CURVE('',#3718,#3716,#1666,.T.);
#4785=EDGE_CURVE('',#3719,#3717,#1667,.T.);
#4786=EDGE_CURVE('',#3718,#3719,#1668,.T.);
#4787=EDGE_CURVE('',#3720,#3718,#1669,.T.);
#4788=EDGE_CURVE('',#3721,#3719,#1670,.T.);
#4789=EDGE_CURVE('',#3720,#3721,#1671,.T.);
#4790=EDGE_CURVE('',#3722,#3720,#1672,.T.);
#4791=EDGE_CURVE('',#3723,#3721,#1673,.T.);
#4792=EDGE_CURVE('',#3722,#3723,#1674,.T.);
#4793=EDGE_CURVE('',#3724,#3722,#1675,.T.);
#4794=EDGE_CURVE('',#3725,#3723,#1676,.T.);
#4795=EDGE_CURVE('',#3724,#3725,#1677,.T.);
#4796=EDGE_CURVE('',#3726,#3724,#1678,.T.);
#4797=EDGE_CURVE('',#3727,#3725,#1679,.T.);
#4798=EDGE_CURVE('',#3726,#3727,#1680,.T.);
#4799=EDGE_CURVE('',#3728,#3726,#1681,.T.);
#4800=EDGE_CURVE('',#3729,#3727,#1682,.T.);
#4801=EDGE_CURVE('',#3728,#3729,#1683,.T.);
#4802=EDGE_CURVE('',#3730,#3728,#1684,.T.);
#4803=EDGE_CURVE('',#3731,#3729,#1685,.T.);
#4804=EDGE_CURVE('',#3730,#3731,#1686,.T.);
#4805=EDGE_CURVE('',#3732,#3730,#1687,.T.);
#4806=EDGE_CURVE('',#3733,#3731,#1688,.T.);
#4807=EDGE_CURVE('',#3732,#3733,#1689,.T.);
#4808=EDGE_CURVE('',#3734,#3732,#1690,.T.);
#4809=EDGE_CURVE('',#3735,#3733,#1691,.T.);
#4810=EDGE_CURVE('',#3734,#3735,#1692,.T.);
#4811=EDGE_CURVE('',#3736,#3734,#1693,.T.);
#4812=EDGE_CURVE('',#3737,#3735,#1694,.T.);
#4813=EDGE_CURVE('',#3736,#3737,#1695,.T.);
#4814=EDGE_CURVE('',#3738,#3736,#1696,.T.);
#4815=EDGE_CURVE('',#3739,#3737,#1697,.T.);
#4816=EDGE_CURVE('',#3738,#3739,#1698,.T.);
#4817=EDGE_CURVE('',#3740,#3738,#1699,.T.);
#4818=EDGE_CURVE('',#3741,#3739,#1700,.T.);
#4819=EDGE_CURVE('',#3740,#3741,#1701,.T.);
#4820=EDGE_CURVE('',#3742,#3740,#1702,.T.);
#4821=EDGE_CURVE('',#3743,#3741,#1703,.T.);
#4822=EDGE_CURVE('',#3742,#3743,#1704,.T.);
#4823=EDGE_CURVE('',#3744,#3742,#1705,.T.);
#4824=EDGE_CURVE('',#3745,#3743,#1706,.T.);
#4825=EDGE_CURVE('',#3744,#3745,#1707,.T.);
#4826=EDGE_CURVE('',#3746,#3744,#1708,.T.);
#4827=EDGE_CURVE('',#3747,#3745,#1709,.T.);
#4828=EDGE_CURVE('',#3746,#3747,#1710,.T.);
#4829=EDGE_CURVE('',#3748,#3746,#1711,.T.);
#4830=EDGE_CURVE('',#3749,#3747,#1712,.T.);
#4831=EDGE_CURVE('',#3748,#3749,#1713,.T.);
#4832=EDGE_CURVE('',#3750,#3748,#1714,.T.);
#4833=EDGE_CURVE('',#3751,#3749,#1715,.T.);
#4834=EDGE_CURVE('',#3750,#3751,#1716,.T.);
#4835=EDGE_CURVE('',#3752,#3750,#1717,.T.);
#4836=EDGE_CURVE('',#3753,#3751,#1718,.T.);
#4837=EDGE_CURVE('',#3752,#3753,#1719,.T.);
#4838=EDGE_CURVE('',#3754,#3752,#1720,.T.);
#4839=EDGE_CURVE('',#3755,#3753,#1721,.T.);
#4840=EDGE_CURVE('',#3754,#3755,#1722,.T.);
#4841=EDGE_CURVE('',#3756,#3754,#1723,.T.);
#4842=EDGE_CURVE('',#3757,#3755,#1724,.T.);
#4843=EDGE_CURVE('',#3756,#3757,#1725,.T.);
#4844=EDGE_CURVE('',#3758,#3756,#1726,.T.);
#4845=EDGE_CURVE('',#3759,#3757,#1727,.T.);
#4846=EDGE_CURVE('',#3758,#3759,#1728,.T.);
#4847=EDGE_CURVE('',#3760,#3758,#1729,.T.);
#4848=EDGE_CURVE('',#3761,#3759,#1730,.T.);
#4849=EDGE_CURVE('',#3760,#3761,#1731,.T.);
#4850=EDGE_CURVE('',#3762,#3760,#1732,.T.);
#4851=EDGE_CURVE('',#3763,#3761,#1733,.T.);
#4852=EDGE_CURVE('',#3762,#3763,#1734,.T.);
#4853=EDGE_CURVE('',#3764,#3762,#1735,.T.);
#4854=EDGE_CURVE('',#3765,#3763,#1736,.T.);
#4855=EDGE_CURVE('',#3764,#3765,#1737,.T.);
#4856=EDGE_CURVE('',#3766,#3764,#1738,.T.);
#4857=EDGE_CURVE('',#3767,#3765,#1739,.T.);
#4858=EDGE_CURVE('',#3766,#3767,#1740,.T.);
#4859=EDGE_CURVE('',#3768,#3766,#1741,.T.);
#4860=EDGE_CURVE('',#3769,#3767,#1742,.T.);
#4861=EDGE_CURVE('',#3768,#3769,#1743,.T.);
#4862=EDGE_CURVE('',#3770,#3768,#1744,.T.);
#4863=EDGE_CURVE('',#3771,#3769,#1745,.T.);
#4864=EDGE_CURVE('',#3770,#3771,#1746,.T.);
#4865=EDGE_CURVE('',#3772,#3770,#1747,.T.);
#4866=EDGE_CURVE('',#3773,#3771,#1748,.T.);
#4867=EDGE_CURVE('',#3772,#3773,#1749,.T.);
#4868=EDGE_CURVE('',#3774,#3772,#1750,.T.);
#4869=EDGE_CURVE('',#3775,#3773,#1751,.T.);
#4870=EDGE_CURVE('',#3774,#3775,#1752,.T.);
#4871=EDGE_CURVE('',#3776,#3774,#1753,.T.);
#4872=EDGE_CURVE('',#3777,#3775,#1754,.T.);
#4873=EDGE_CURVE('',#3776,#3777,#1755,.T.);
#4874=EDGE_CURVE('',#3778,#3776,#1756,.T.);
#4875=EDGE_CURVE('',#3779,#3777,#1757,.T.);
#4876=EDGE_CURVE('',#3778,#3779,#1758,.T.);
#4877=EDGE_CURVE('',#3780,#3778,#1759,.T.);
#4878=EDGE_CURVE('',#3781,#3779,#1760,.T.);
#4879=EDGE_CURVE('',#3780,#3781,#1761,.T.);
#4880=EDGE_CURVE('',#3782,#3780,#1762,.T.);
#4881=EDGE_CURVE('',#3783,#3781,#1763,.T.);
#4882=EDGE_CURVE('',#3782,#3783,#1764,.T.);
#4883=EDGE_CURVE('',#3784,#3782,#1765,.T.);
#4884=EDGE_CURVE('',#3785,#3783,#1766,.T.);
#4885=EDGE_CURVE('',#3784,#3785,#1767,.T.);
#4886=EDGE_CURVE('',#3786,#3784,#1768,.T.);
#4887=EDGE_CURVE('',#3787,#3785,#1769,.T.);
#4888=EDGE_CURVE('',#3786,#3787,#1770,.T.);
#4889=EDGE_CURVE('',#3788,#3786,#1771,.T.);
#4890=EDGE_CURVE('',#3789,#3787,#1772,.T.);
#4891=EDGE_CURVE('',#3788,#3789,#1773,.T.);
#4892=EDGE_CURVE('',#3790,#3788,#1774,.T.);
#4893=EDGE_CURVE('',#3791,#3789,#1775,.T.);
#4894=EDGE_CURVE('',#3790,#3791,#1776,.T.);
#4895=EDGE_CURVE('',#3792,#3790,#1777,.T.);
#4896=EDGE_CURVE('',#3793,#3791,#1778,.T.);
#4897=EDGE_CURVE('',#3792,#3793,#1779,.T.);
#4898=EDGE_CURVE('',#3794,#3792,#1780,.T.);
#4899=EDGE_CURVE('',#3795,#3793,#1781,.T.);
#4900=EDGE_CURVE('',#3794,#3795,#1782,.T.);
#4901=EDGE_CURVE('',#3796,#3794,#1783,.T.);
#4902=EDGE_CURVE('',#3797,#3795,#1784,.T.);
#4903=EDGE_CURVE('',#3796,#3797,#1785,.T.);
#4904=EDGE_CURVE('',#3798,#3796,#1786,.T.);
#4905=EDGE_CURVE('',#3799,#3797,#1787,.T.);
#4906=EDGE_CURVE('',#3798,#3799,#1788,.T.);
#4907=EDGE_CURVE('',#3800,#3798,#1789,.T.);
#4908=EDGE_CURVE('',#3801,#3799,#1790,.T.);
#4909=EDGE_CURVE('',#3800,#3801,#1791,.T.);
#4910=EDGE_CURVE('',#3802,#3800,#1792,.T.);
#4911=EDGE_CURVE('',#3803,#3801,#1793,.T.);
#4912=EDGE_CURVE('',#3802,#3803,#1794,.T.);
#4913=EDGE_CURVE('',#3804,#3802,#1795,.T.);
#4914=EDGE_CURVE('',#3805,#3803,#1796,.T.);
#4915=EDGE_CURVE('',#3804,#3805,#1797,.T.);
#4916=EDGE_CURVE('',#3806,#3804,#1798,.T.);
#4917=EDGE_CURVE('',#3807,#3805,#1799,.T.);
#4918=EDGE_CURVE('',#3806,#3807,#1800,.T.);
#4919=EDGE_CURVE('',#3808,#3806,#1801,.T.);
#4920=EDGE_CURVE('',#3809,#3807,#1802,.T.);
#4921=EDGE_CURVE('',#3808,#3809,#1803,.T.);
#4922=EDGE_CURVE('',#3810,#3808,#1804,.T.);
#4923=EDGE_CURVE('',#3811,#3809,#1805,.T.);
#4924=EDGE_CURVE('',#3810,#3811,#1806,.T.);
#4925=EDGE_CURVE('',#3812,#3810,#1807,.T.);
#4926=EDGE_CURVE('',#3813,#3811,#1808,.T.);
#4927=EDGE_CURVE('',#3812,#3813,#1809,.T.);
#4928=EDGE_CURVE('',#3814,#3812,#1810,.T.);
#4929=EDGE_CURVE('',#3815,#3813,#1811,.T.);
#4930=EDGE_CURVE('',#3814,#3815,#1812,.T.);
#4931=EDGE_CURVE('',#3816,#3814,#1813,.T.);
#4932=EDGE_CURVE('',#3817,#3815,#1814,.T.);
#4933=EDGE_CURVE('',#3816,#3817,#1815,.T.);
#4934=EDGE_CURVE('',#3818,#3816,#1816,.T.);
#4935=EDGE_CURVE('',#3819,#3817,#1817,.T.);
#4936=EDGE_CURVE('',#3818,#3819,#1818,.T.);
#4937=EDGE_CURVE('',#3820,#3818,#1819,.T.);
#4938=EDGE_CURVE('',#3821,#3819,#1820,.T.);
#4939=EDGE_CURVE('',#3820,#3821,#1821,.T.);
#4940=EDGE_CURVE('',#3822,#3820,#1822,.T.);
#4941=EDGE_CURVE('',#3823,#3821,#1823,.T.);
#4942=EDGE_CURVE('',#3822,#3823,#1824,.T.);
#4943=EDGE_CURVE('',#3824,#3822,#1825,.T.);
#4944=EDGE_CURVE('',#3825,#3823,#1826,.T.);
#4945=EDGE_CURVE('',#3824,#3825,#1827,.T.);
#4946=EDGE_CURVE('',#3826,#3824,#1828,.T.);
#4947=EDGE_CURVE('',#3827,#3825,#1829,.T.);
#4948=EDGE_CURVE('',#3826,#3827,#1830,.T.);
#4949=EDGE_CURVE('',#3828,#3826,#1831,.T.);
#4950=EDGE_CURVE('',#3829,#3827,#1832,.T.);
#4951=EDGE_CURVE('',#3828,#3829,#1833,.T.);
#4952=EDGE_CURVE('',#3830,#3828,#1834,.T.);
#4953=EDGE_CURVE('',#3831,#3829,#1835,.T.);
#4954=EDGE_CURVE('',#3830,#3831,#1836,.T.);
#4955=EDGE_CURVE('',#3832,#3830,#1837,.T.);
#4956=EDGE_CURVE('',#3833,#3831,#1838,.T.);
#4957=EDGE_CURVE('',#3832,#3833,#1839,.T.);
#4958=EDGE_CURVE('',#3834,#3832,#1840,.T.);
#4959=EDGE_CURVE('',#3835,#3833,#1841,.T.);
#4960=EDGE_CURVE('',#3834,#3835,#1842,.T.);
#4961=EDGE_CURVE('',#3836,#3834,#1843,.T.);
#4962=EDGE_CURVE('',#3837,#3835,#1844,.T.);
#4963=EDGE_CURVE('',#3836,#3837,#1845,.T.);
#4964=EDGE_CURVE('',#3838,#3836,#1846,.T.);
#4965=EDGE_CURVE('',#3839,#3837,#1847,.T.);
#4966=EDGE_CURVE('',#3838,#3839,#1848,.T.);
#4967=EDGE_CURVE('',#3840,#3838,#1849,.T.);
#4968=EDGE_CURVE('',#3841,#3839,#1850,.T.);
#4969=EDGE_CURVE('',#3840,#3841,#1851,.T.);
#4970=EDGE_CURVE('',#3842,#3840,#1852,.T.);
#4971=EDGE_CURVE('',#3843,#3841,#1853,.T.);
#4972=EDGE_CURVE('',#3842,#3843,#1854,.T.);
#4973=EDGE_CURVE('',#3844,#3842,#1855,.T.);
#4974=EDGE_CURVE('',#3845,#3843,#1856,.T.);
#4975=EDGE_CURVE('',#3844,#3845,#1857,.T.);
#4976=EDGE_CURVE('',#3846,#3844,#1858,.T.);
#4977=EDGE_CURVE('',#3847,#3845,#1859,.T.);
#4978=EDGE_CURVE('',#3846,#3847,#1860,.T.);
#4979=EDGE_CURVE('',#3848,#3846,#1861,.T.);
#4980=EDGE_CURVE('',#3849,#3847,#1862,.T.);
#4981=EDGE_CURVE('',#3848,#3849,#1863,.T.);
#4982=EDGE_CURVE('',#3850,#3848,#1864,.T.);
#4983=EDGE_CURVE('',#3851,#3849,#1865,.T.);
#4984=EDGE_CURVE('',#3850,#3851,#1866,.T.);
#4985=EDGE_CURVE('',#3852,#3850,#1867,.T.);
#4986=EDGE_CURVE('',#3853,#3851,#1868,.T.);
#4987=EDGE_CURVE('',#3852,#3853,#1869,.T.);
#4988=EDGE_CURVE('',#3854,#3852,#1870,.T.);
#4989=EDGE_CURVE('',#3855,#3853,#1871,.T.);
#4990=EDGE_CURVE('',#3854,#3855,#1872,.T.);
#4991=EDGE_CURVE('',#3856,#3854,#1873,.T.);
#4992=EDGE_CURVE('',#3857,#3855,#1874,.T.);
#4993=EDGE_CURVE('',#3856,#3857,#1875,.T.);
#4994=EDGE_CURVE('',#3858,#3856,#1876,.T.);
#4995=EDGE_CURVE('',#3859,#3857,#1877,.T.);
#4996=EDGE_CURVE('',#3858,#3859,#1878,.T.);
#4997=EDGE_CURVE('',#3860,#3858,#1879,.T.);
#4998=EDGE_CURVE('',#3861,#3859,#1880,.T.);
#4999=EDGE_CURVE('',#3860,#3861,#1881,.T.);
#5000=EDGE_CURVE('',#3862,#3860,#1882,.T.);
#5001=EDGE_CURVE('',#3863,#3861,#1883,.T.);
#5002=EDGE_CURVE('',#3862,#3863,#1884,.T.);
#5003=EDGE_CURVE('',#3864,#3862,#1885,.T.);
#5004=EDGE_CURVE('',#3865,#3863,#1886,.T.);
#5005=EDGE_CURVE('',#3864,#3865,#1887,.T.);
#5006=EDGE_CURVE('',#3866,#3864,#1888,.T.);
#5007=EDGE_CURVE('',#3867,#3865,#1889,.T.);
#5008=EDGE_CURVE('',#3866,#3867,#1890,.T.);
#5009=EDGE_CURVE('',#3868,#3866,#1891,.T.);
#5010=EDGE_CURVE('',#3869,#3867,#1892,.T.);
#5011=EDGE_CURVE('',#3868,#3869,#1893,.T.);
#5012=EDGE_CURVE('',#3870,#3868,#1894,.T.);
#5013=EDGE_CURVE('',#3871,#3869,#1895,.T.);
#5014=EDGE_CURVE('',#3870,#3871,#1896,.T.);
#5015=EDGE_CURVE('',#3872,#3870,#1897,.T.);
#5016=EDGE_CURVE('',#3873,#3871,#1898,.T.);
#5017=EDGE_CURVE('',#3872,#3873,#1899,.T.);
#5018=EDGE_CURVE('',#3874,#3872,#1900,.T.);
#5019=EDGE_CURVE('',#3875,#3873,#1901,.T.);
#5020=EDGE_CURVE('',#3874,#3875,#1902,.T.);
#5021=EDGE_CURVE('',#3876,#3874,#1903,.T.);
#5022=EDGE_CURVE('',#3877,#3875,#1904,.T.);
#5023=EDGE_CURVE('',#3876,#3877,#1905,.T.);
#5024=EDGE_CURVE('',#3878,#3876,#1906,.T.);
#5025=EDGE_CURVE('',#3879,#3877,#1907,.T.);
#5026=EDGE_CURVE('',#3878,#3879,#1908,.T.);
#5027=EDGE_CURVE('',#3880,#3878,#1909,.T.);
#5028=EDGE_CURVE('',#3881,#3879,#1910,.T.);
#5029=EDGE_CURVE('',#3880,#3881,#1911,.T.);
#5030=EDGE_CURVE('',#3882,#3880,#1912,.T.);
#5031=EDGE_CURVE('',#3883,#3881,#1913,.T.);
#5032=EDGE_CURVE('',#3882,#3883,#1914,.T.);
#5033=EDGE_CURVE('',#3884,#3882,#1915,.T.);
#5034=EDGE_CURVE('',#3885,#3883,#1916,.T.);
#5035=EDGE_CURVE('',#3884,#3885,#1917,.T.);
#5036=EDGE_CURVE('',#3886,#3884,#1918,.T.);
#5037=EDGE_CURVE('',#3887,#3885,#1919,.T.);
#5038=EDGE_CURVE('',#3886,#3887,#1920,.T.);
#5039=EDGE_CURVE('',#3888,#3886,#1921,.T.);
#5040=EDGE_CURVE('',#3889,#3887,#1922,.T.);
#5041=EDGE_CURVE('',#3888,#3889,#1923,.T.);
#5042=EDGE_CURVE('',#3890,#3888,#1924,.T.);
#5043=EDGE_CURVE('',#3891,#3889,#1925,.T.);
#5044=EDGE_CURVE('',#3890,#3891,#1926,.T.);
#5045=EDGE_CURVE('',#3892,#3890,#1927,.T.);
#5046=EDGE_CURVE('',#3893,#3891,#1928,.T.);
#5047=EDGE_CURVE('',#3892,#3893,#1929,.T.);
#5048=EDGE_CURVE('',#3894,#3892,#1930,.T.);
#5049=EDGE_CURVE('',#3895,#3893,#1931,.T.);
#5050=EDGE_CURVE('',#3894,#3895,#1932,.T.);
#5051=EDGE_CURVE('',#3896,#3894,#1933,.T.);
#5052=EDGE_CURVE('',#3897,#3895,#1934,.T.);
#5053=EDGE_CURVE('',#3896,#3897,#1935,.T.);
#5054=EDGE_CURVE('',#3898,#3896,#1936,.T.);
#5055=EDGE_CURVE('',#3899,#3897,#1937,.T.);
#5056=EDGE_CURVE('',#3898,#3899,#1938,.T.);
#5057=EDGE_CURVE('',#3900,#3898,#1939,.T.);
#5058=EDGE_CURVE('',#3901,#3899,#1940,.T.);
#5059=EDGE_CURVE('',#3900,#3901,#1941,.T.);
#5060=EDGE_CURVE('',#3902,#3900,#1942,.T.);
#5061=EDGE_CURVE('',#3903,#3901,#1943,.T.);
#5062=EDGE_CURVE('',#3902,#3903,#1944,.T.);
#5063=EDGE_CURVE('',#3904,#3902,#1945,.T.);
#5064=EDGE_CURVE('',#3905,#3903,#1946,.T.);
#5065=EDGE_CURVE('',#3904,#3905,#1947,.T.);
#5066=EDGE_CURVE('',#3906,#3904,#1948,.T.);
#5067=EDGE_CURVE('',#3907,#3905,#1949,.T.);
#5068=EDGE_CURVE('',#3906,#3907,#1950,.T.);
#5069=EDGE_CURVE('',#3908,#3906,#1951,.T.);
#5070=EDGE_CURVE('',#3909,#3907,#1952,.T.);
#5071=EDGE_CURVE('',#3908,#3909,#1953,.T.);
#5072=EDGE_CURVE('',#3910,#3908,#1954,.T.);
#5073=EDGE_CURVE('',#3911,#3909,#1955,.T.);
#5074=EDGE_CURVE('',#3910,#3911,#1956,.T.);
#5075=EDGE_CURVE('',#3912,#3910,#1957,.T.);
#5076=EDGE_CURVE('',#3913,#3911,#1958,.T.);
#5077=EDGE_CURVE('',#3912,#3913,#1959,.T.);
#5078=EDGE_CURVE('',#3914,#3912,#1960,.T.);
#5079=EDGE_CURVE('',#3915,#3913,#1961,.T.);
#5080=EDGE_CURVE('',#3914,#3915,#1962,.T.);
#5081=EDGE_CURVE('',#3916,#3914,#1963,.T.);
#5082=EDGE_CURVE('',#3917,#3915,#1964,.T.);
#5083=EDGE_CURVE('',#3916,#3917,#1965,.T.);
#5084=EDGE_CURVE('',#3918,#3916,#1966,.T.);
#5085=EDGE_CURVE('',#3919,#3917,#1967,.T.);
#5086=EDGE_CURVE('',#3918,#3919,#1968,.T.);
#5087=EDGE_CURVE('',#3920,#3918,#1969,.T.);
#5088=EDGE_CURVE('',#3921,#3919,#1970,.T.);
#5089=EDGE_CURVE('',#3920,#3921,#1971,.T.);
#5090=EDGE_CURVE('',#3155,#3920,#1972,.T.);
#5091=EDGE_CURVE('',#3156,#3921,#1973,.T.);
#5092=ORIENTED_EDGE('',*,*,#3922,.F.);
#5093=ORIENTED_EDGE('',*,*,#3923,.T.);
#5094=ORIENTED_EDGE('',*,*,#3924,.F.);
#5095=ORIENTED_EDGE('',*,*,#3925,.T.);
#5096=ORIENTED_EDGE('',*,*,#3926,.F.);
#5097=ORIENTED_EDGE('',*,*,#3925,.F.);
#5098=ORIENTED_EDGE('',*,*,#3927,.F.);
#5099=ORIENTED_EDGE('',*,*,#3928,.F.);
#5100=ORIENTED_EDGE('',*,*,#3929,.F.);
#5101=ORIENTED_EDGE('',*,*,#3928,.T.);
#5102=ORIENTED_EDGE('',*,*,#3930,.F.);
#5103=ORIENTED_EDGE('',*,*,#3931,.T.);
#5104=ORIENTED_EDGE('',*,*,#3932,.F.);
#5105=ORIENTED_EDGE('',*,*,#3933,.T.);
#5106=ORIENTED_EDGE('',*,*,#3934,.F.);
#5107=ORIENTED_EDGE('',*,*,#3923,.F.);
#5108=ORIENTED_EDGE('',*,*,#3935,.F.);
#5109=ORIENTED_EDGE('',*,*,#3931,.F.);
#5110=ORIENTED_EDGE('',*,*,#3936,.F.);
#5111=ORIENTED_EDGE('',*,*,#3937,.T.);
#5112=ORIENTED_EDGE('',*,*,#3938,.F.);
#5113=ORIENTED_EDGE('',*,*,#3937,.F.);
#5114=ORIENTED_EDGE('',*,*,#3939,.F.);
#5115=ORIENTED_EDGE('',*,*,#3933,.F.);
#5116=ORIENTED_EDGE('',*,*,#3940,.T.);
#5117=ORIENTED_EDGE('',*,*,#3941,.T.);
#5118=ORIENTED_EDGE('',*,*,#3942,.F.);
#5119=ORIENTED_EDGE('',*,*,#3943,.F.);
#5120=ORIENTED_EDGE('',*,*,#3944,.T.);
#5121=ORIENTED_EDGE('',*,*,#3943,.T.);
#5122=ORIENTED_EDGE('',*,*,#3945,.F.);
#5123=ORIENTED_EDGE('',*,*,#3946,.F.);
#5124=ORIENTED_EDGE('',*,*,#3947,.T.);
#5125=ORIENTED_EDGE('',*,*,#3946,.T.);
#5126=ORIENTED_EDGE('',*,*,#3948,.F.);
#5127=ORIENTED_EDGE('',*,*,#3949,.F.);
#5128=ORIENTED_EDGE('',*,*,#3950,.T.);
#5129=ORIENTED_EDGE('',*,*,#3949,.T.);
#5130=ORIENTED_EDGE('',*,*,#3951,.F.);
#5131=ORIENTED_EDGE('',*,*,#3952,.F.);
#5132=ORIENTED_EDGE('',*,*,#3953,.T.);
#5133=ORIENTED_EDGE('',*,*,#3952,.T.);
#5134=ORIENTED_EDGE('',*,*,#3954,.F.);
#5135=ORIENTED_EDGE('',*,*,#3955,.F.);
#5136=ORIENTED_EDGE('',*,*,#3956,.T.);
#5137=ORIENTED_EDGE('',*,*,#3955,.T.);
#5138=ORIENTED_EDGE('',*,*,#3957,.F.);
#5139=ORIENTED_EDGE('',*,*,#3958,.F.);
#5140=ORIENTED_EDGE('',*,*,#3959,.T.);
#5141=ORIENTED_EDGE('',*,*,#3958,.T.);
#5142=ORIENTED_EDGE('',*,*,#3960,.F.);
#5143=ORIENTED_EDGE('',*,*,#3961,.F.);
#5144=ORIENTED_EDGE('',*,*,#3962,.T.);
#5145=ORIENTED_EDGE('',*,*,#3961,.T.);
#5146=ORIENTED_EDGE('',*,*,#3963,.F.);
#5147=ORIENTED_EDGE('',*,*,#3964,.F.);
#5148=ORIENTED_EDGE('',*,*,#3965,.T.);
#5149=ORIENTED_EDGE('',*,*,#3964,.T.);
#5150=ORIENTED_EDGE('',*,*,#3966,.F.);
#5151=ORIENTED_EDGE('',*,*,#3967,.F.);
#5152=ORIENTED_EDGE('',*,*,#3968,.T.);
#5153=ORIENTED_EDGE('',*,*,#3967,.T.);
#5154=ORIENTED_EDGE('',*,*,#3969,.F.);
#5155=ORIENTED_EDGE('',*,*,#3970,.F.);
#5156=ORIENTED_EDGE('',*,*,#3971,.T.);
#5157=ORIENTED_EDGE('',*,*,#3970,.T.);
#5158=ORIENTED_EDGE('',*,*,#3972,.F.);
#5159=ORIENTED_EDGE('',*,*,#3973,.F.);
#5160=ORIENTED_EDGE('',*,*,#3974,.T.);
#5161=ORIENTED_EDGE('',*,*,#3973,.T.);
#5162=ORIENTED_EDGE('',*,*,#3975,.F.);
#5163=ORIENTED_EDGE('',*,*,#3976,.F.);
#5164=ORIENTED_EDGE('',*,*,#3977,.T.);
#5165=ORIENTED_EDGE('',*,*,#3976,.T.);
#5166=ORIENTED_EDGE('',*,*,#3978,.F.);
#5167=ORIENTED_EDGE('',*,*,#3979,.F.);
#5168=ORIENTED_EDGE('',*,*,#3980,.T.);
#5169=ORIENTED_EDGE('',*,*,#3979,.T.);
#5170=ORIENTED_EDGE('',*,*,#3981,.F.);
#5171=ORIENTED_EDGE('',*,*,#3982,.F.);
#5172=ORIENTED_EDGE('',*,*,#3983,.T.);
#5173=ORIENTED_EDGE('',*,*,#3982,.T.);
#5174=ORIENTED_EDGE('',*,*,#3984,.F.);
#5175=ORIENTED_EDGE('',*,*,#3985,.F.);
#5176=ORIENTED_EDGE('',*,*,#3986,.T.);
#5177=ORIENTED_EDGE('',*,*,#3985,.T.);
#5178=ORIENTED_EDGE('',*,*,#3987,.F.);
#5179=ORIENTED_EDGE('',*,*,#3988,.F.);
#5180=ORIENTED_EDGE('',*,*,#3989,.T.);
#5181=ORIENTED_EDGE('',*,*,#3988,.T.);
#5182=ORIENTED_EDGE('',*,*,#3990,.F.);
#5183=ORIENTED_EDGE('',*,*,#3991,.F.);
#5184=ORIENTED_EDGE('',*,*,#3992,.T.);
#5185=ORIENTED_EDGE('',*,*,#3991,.T.);
#5186=ORIENTED_EDGE('',*,*,#3993,.F.);
#5187=ORIENTED_EDGE('',*,*,#3994,.F.);
#5188=ORIENTED_EDGE('',*,*,#3995,.T.);
#5189=ORIENTED_EDGE('',*,*,#3994,.T.);
#5190=ORIENTED_EDGE('',*,*,#3996,.F.);
#5191=ORIENTED_EDGE('',*,*,#3997,.F.);
#5192=ORIENTED_EDGE('',*,*,#3998,.T.);
#5193=ORIENTED_EDGE('',*,*,#3997,.T.);
#5194=ORIENTED_EDGE('',*,*,#3999,.F.);
#5195=ORIENTED_EDGE('',*,*,#4000,.F.);
#5196=ORIENTED_EDGE('',*,*,#4001,.T.);
#5197=ORIENTED_EDGE('',*,*,#4000,.T.);
#5198=ORIENTED_EDGE('',*,*,#4002,.F.);
#5199=ORIENTED_EDGE('',*,*,#4003,.F.);
#5200=ORIENTED_EDGE('',*,*,#4004,.T.);
#5201=ORIENTED_EDGE('',*,*,#4003,.T.);
#5202=ORIENTED_EDGE('',*,*,#4005,.F.);
#5203=ORIENTED_EDGE('',*,*,#4006,.F.);
#5204=ORIENTED_EDGE('',*,*,#4007,.T.);
#5205=ORIENTED_EDGE('',*,*,#4006,.T.);
#5206=ORIENTED_EDGE('',*,*,#4008,.F.);
#5207=ORIENTED_EDGE('',*,*,#4009,.F.);
#5208=ORIENTED_EDGE('',*,*,#4010,.T.);
#5209=ORIENTED_EDGE('',*,*,#4009,.T.);
#5210=ORIENTED_EDGE('',*,*,#4011,.F.);
#5211=ORIENTED_EDGE('',*,*,#4012,.F.);
#5212=ORIENTED_EDGE('',*,*,#4013,.T.);
#5213=ORIENTED_EDGE('',*,*,#4012,.T.);
#5214=ORIENTED_EDGE('',*,*,#4014,.F.);
#5215=ORIENTED_EDGE('',*,*,#4015,.F.);
#5216=ORIENTED_EDGE('',*,*,#4016,.T.);
#5217=ORIENTED_EDGE('',*,*,#4015,.T.);
#5218=ORIENTED_EDGE('',*,*,#4017,.F.);
#5219=ORIENTED_EDGE('',*,*,#4018,.F.);
#5220=ORIENTED_EDGE('',*,*,#4019,.T.);
#5221=ORIENTED_EDGE('',*,*,#4018,.T.);
#5222=ORIENTED_EDGE('',*,*,#4020,.F.);
#5223=ORIENTED_EDGE('',*,*,#4021,.F.);
#5224=ORIENTED_EDGE('',*,*,#4022,.T.);
#5225=ORIENTED_EDGE('',*,*,#4021,.T.);
#5226=ORIENTED_EDGE('',*,*,#4023,.F.);
#5227=ORIENTED_EDGE('',*,*,#4024,.F.);
#5228=ORIENTED_EDGE('',*,*,#4025,.T.);
#5229=ORIENTED_EDGE('',*,*,#4024,.T.);
#5230=ORIENTED_EDGE('',*,*,#4026,.F.);
#5231=ORIENTED_EDGE('',*,*,#4027,.F.);
#5232=ORIENTED_EDGE('',*,*,#4028,.T.);
#5233=ORIENTED_EDGE('',*,*,#4027,.T.);
#5234=ORIENTED_EDGE('',*,*,#4029,.F.);
#5235=ORIENTED_EDGE('',*,*,#4030,.F.);
#5236=ORIENTED_EDGE('',*,*,#4031,.T.);
#5237=ORIENTED_EDGE('',*,*,#4030,.T.);
#5238=ORIENTED_EDGE('',*,*,#4032,.F.);
#5239=ORIENTED_EDGE('',*,*,#4033,.F.);
#5240=ORIENTED_EDGE('',*,*,#4034,.T.);
#5241=ORIENTED_EDGE('',*,*,#4033,.T.);
#5242=ORIENTED_EDGE('',*,*,#4035,.F.);
#5243=ORIENTED_EDGE('',*,*,#4036,.F.);
#5244=ORIENTED_EDGE('',*,*,#4037,.T.);
#5245=ORIENTED_EDGE('',*,*,#4036,.T.);
#5246=ORIENTED_EDGE('',*,*,#4038,.F.);
#5247=ORIENTED_EDGE('',*,*,#4039,.F.);
#5248=ORIENTED_EDGE('',*,*,#4040,.T.);
#5249=ORIENTED_EDGE('',*,*,#4039,.T.);
#5250=ORIENTED_EDGE('',*,*,#4041,.F.);
#5251=ORIENTED_EDGE('',*,*,#4042,.F.);
#5252=ORIENTED_EDGE('',*,*,#4043,.T.);
#5253=ORIENTED_EDGE('',*,*,#4042,.T.);
#5254=ORIENTED_EDGE('',*,*,#4044,.F.);
#5255=ORIENTED_EDGE('',*,*,#4045,.F.);
#5256=ORIENTED_EDGE('',*,*,#4046,.T.);
#5257=ORIENTED_EDGE('',*,*,#4045,.T.);
#5258=ORIENTED_EDGE('',*,*,#4047,.F.);
#5259=ORIENTED_EDGE('',*,*,#4048,.F.);
#5260=ORIENTED_EDGE('',*,*,#4049,.T.);
#5261=ORIENTED_EDGE('',*,*,#4048,.T.);
#5262=ORIENTED_EDGE('',*,*,#4050,.F.);
#5263=ORIENTED_EDGE('',*,*,#4051,.F.);
#5264=ORIENTED_EDGE('',*,*,#4052,.T.);
#5265=ORIENTED_EDGE('',*,*,#4051,.T.);
#5266=ORIENTED_EDGE('',*,*,#4053,.F.);
#5267=ORIENTED_EDGE('',*,*,#4054,.F.);
#5268=ORIENTED_EDGE('',*,*,#4055,.T.);
#5269=ORIENTED_EDGE('',*,*,#4054,.T.);
#5270=ORIENTED_EDGE('',*,*,#4056,.F.);
#5271=ORIENTED_EDGE('',*,*,#4057,.F.);
#5272=ORIENTED_EDGE('',*,*,#4058,.T.);
#5273=ORIENTED_EDGE('',*,*,#4057,.T.);
#5274=ORIENTED_EDGE('',*,*,#4059,.F.);
#5275=ORIENTED_EDGE('',*,*,#4060,.F.);
#5276=ORIENTED_EDGE('',*,*,#4061,.T.);
#5277=ORIENTED_EDGE('',*,*,#4060,.T.);
#5278=ORIENTED_EDGE('',*,*,#4062,.F.);
#5279=ORIENTED_EDGE('',*,*,#4063,.F.);
#5280=ORIENTED_EDGE('',*,*,#4064,.T.);
#5281=ORIENTED_EDGE('',*,*,#4063,.T.);
#5282=ORIENTED_EDGE('',*,*,#4065,.F.);
#5283=ORIENTED_EDGE('',*,*,#4066,.F.);
#5284=ORIENTED_EDGE('',*,*,#4067,.T.);
#5285=ORIENTED_EDGE('',*,*,#4066,.T.);
#5286=ORIENTED_EDGE('',*,*,#4068,.F.);
#5287=ORIENTED_EDGE('',*,*,#4069,.F.);
#5288=ORIENTED_EDGE('',*,*,#4070,.T.);
#5289=ORIENTED_EDGE('',*,*,#4069,.T.);
#5290=ORIENTED_EDGE('',*,*,#4071,.F.);
#5291=ORIENTED_EDGE('',*,*,#4072,.F.);
#5292=ORIENTED_EDGE('',*,*,#4073,.T.);
#5293=ORIENTED_EDGE('',*,*,#4072,.T.);
#5294=ORIENTED_EDGE('',*,*,#4074,.F.);
#5295=ORIENTED_EDGE('',*,*,#4075,.F.);
#5296=ORIENTED_EDGE('',*,*,#4076,.T.);
#5297=ORIENTED_EDGE('',*,*,#4075,.T.);
#5298=ORIENTED_EDGE('',*,*,#4077,.F.);
#5299=ORIENTED_EDGE('',*,*,#4078,.F.);
#5300=ORIENTED_EDGE('',*,*,#4079,.T.);
#5301=ORIENTED_EDGE('',*,*,#4078,.T.);
#5302=ORIENTED_EDGE('',*,*,#4080,.F.);
#5303=ORIENTED_EDGE('',*,*,#4081,.F.);
#5304=ORIENTED_EDGE('',*,*,#4082,.T.);
#5305=ORIENTED_EDGE('',*,*,#4081,.T.);
#5306=ORIENTED_EDGE('',*,*,#4083,.F.);
#5307=ORIENTED_EDGE('',*,*,#4084,.F.);
#5308=ORIENTED_EDGE('',*,*,#4085,.T.);
#5309=ORIENTED_EDGE('',*,*,#4084,.T.);
#5310=ORIENTED_EDGE('',*,*,#4086,.F.);
#5311=ORIENTED_EDGE('',*,*,#4087,.F.);
#5312=ORIENTED_EDGE('',*,*,#4088,.T.);
#5313=ORIENTED_EDGE('',*,*,#4087,.T.);
#5314=ORIENTED_EDGE('',*,*,#4089,.F.);
#5315=ORIENTED_EDGE('',*,*,#4090,.F.);
#5316=ORIENTED_EDGE('',*,*,#4091,.T.);
#5317=ORIENTED_EDGE('',*,*,#4090,.T.);
#5318=ORIENTED_EDGE('',*,*,#4092,.F.);
#5319=ORIENTED_EDGE('',*,*,#4093,.F.);
#5320=ORIENTED_EDGE('',*,*,#4094,.T.);
#5321=ORIENTED_EDGE('',*,*,#4093,.T.);
#5322=ORIENTED_EDGE('',*,*,#4095,.F.);
#5323=ORIENTED_EDGE('',*,*,#4096,.F.);
#5324=ORIENTED_EDGE('',*,*,#4097,.T.);
#5325=ORIENTED_EDGE('',*,*,#4096,.T.);
#5326=ORIENTED_EDGE('',*,*,#4098,.F.);
#5327=ORIENTED_EDGE('',*,*,#4099,.F.);
#5328=ORIENTED_EDGE('',*,*,#4100,.T.);
#5329=ORIENTED_EDGE('',*,*,#4099,.T.);
#5330=ORIENTED_EDGE('',*,*,#4101,.F.);
#5331=ORIENTED_EDGE('',*,*,#4102,.F.);
#5332=ORIENTED_EDGE('',*,*,#4103,.T.);
#5333=ORIENTED_EDGE('',*,*,#4102,.T.);
#5334=ORIENTED_EDGE('',*,*,#4104,.F.);
#5335=ORIENTED_EDGE('',*,*,#4105,.F.);
#5336=ORIENTED_EDGE('',*,*,#4106,.T.);
#5337=ORIENTED_EDGE('',*,*,#4105,.T.);
#5338=ORIENTED_EDGE('',*,*,#4107,.F.);
#5339=ORIENTED_EDGE('',*,*,#4108,.F.);
#5340=ORIENTED_EDGE('',*,*,#4109,.T.);
#5341=ORIENTED_EDGE('',*,*,#4108,.T.);
#5342=ORIENTED_EDGE('',*,*,#4110,.F.);
#5343=ORIENTED_EDGE('',*,*,#4111,.F.);
#5344=ORIENTED_EDGE('',*,*,#4112,.T.);
#5345=ORIENTED_EDGE('',*,*,#4111,.T.);
#5346=ORIENTED_EDGE('',*,*,#4113,.F.);
#5347=ORIENTED_EDGE('',*,*,#4114,.F.);
#5348=ORIENTED_EDGE('',*,*,#4115,.T.);
#5349=ORIENTED_EDGE('',*,*,#4114,.T.);
#5350=ORIENTED_EDGE('',*,*,#4116,.F.);
#5351=ORIENTED_EDGE('',*,*,#4117,.F.);
#5352=ORIENTED_EDGE('',*,*,#4118,.T.);
#5353=ORIENTED_EDGE('',*,*,#4117,.T.);
#5354=ORIENTED_EDGE('',*,*,#4119,.F.);
#5355=ORIENTED_EDGE('',*,*,#4120,.F.);
#5356=ORIENTED_EDGE('',*,*,#4121,.T.);
#5357=ORIENTED_EDGE('',*,*,#4120,.T.);
#5358=ORIENTED_EDGE('',*,*,#4122,.F.);
#5359=ORIENTED_EDGE('',*,*,#4123,.F.);
#5360=ORIENTED_EDGE('',*,*,#4124,.T.);
#5361=ORIENTED_EDGE('',*,*,#4123,.T.);
#5362=ORIENTED_EDGE('',*,*,#4125,.F.);
#5363=ORIENTED_EDGE('',*,*,#4126,.F.);
#5364=ORIENTED_EDGE('',*,*,#4127,.T.);
#5365=ORIENTED_EDGE('',*,*,#4126,.T.);
#5366=ORIENTED_EDGE('',*,*,#4128,.F.);
#5367=ORIENTED_EDGE('',*,*,#4129,.F.);
#5368=ORIENTED_EDGE('',*,*,#4130,.T.);
#5369=ORIENTED_EDGE('',*,*,#4129,.T.);
#5370=ORIENTED_EDGE('',*,*,#4131,.F.);
#5371=ORIENTED_EDGE('',*,*,#4132,.F.);
#5372=ORIENTED_EDGE('',*,*,#4133,.T.);
#5373=ORIENTED_EDGE('',*,*,#4132,.T.);
#5374=ORIENTED_EDGE('',*,*,#4134,.F.);
#5375=ORIENTED_EDGE('',*,*,#4135,.F.);
#5376=ORIENTED_EDGE('',*,*,#4136,.T.);
#5377=ORIENTED_EDGE('',*,*,#4135,.T.);
#5378=ORIENTED_EDGE('',*,*,#4137,.F.);
#5379=ORIENTED_EDGE('',*,*,#4138,.F.);
#5380=ORIENTED_EDGE('',*,*,#4139,.T.);
#5381=ORIENTED_EDGE('',*,*,#4138,.T.);
#5382=ORIENTED_EDGE('',*,*,#4140,.F.);
#5383=ORIENTED_EDGE('',*,*,#4141,.F.);
#5384=ORIENTED_EDGE('',*,*,#4142,.T.);
#5385=ORIENTED_EDGE('',*,*,#4141,.T.);
#5386=ORIENTED_EDGE('',*,*,#4143,.F.);
#5387=ORIENTED_EDGE('',*,*,#4144,.F.);
#5388=ORIENTED_EDGE('',*,*,#4145,.T.);
#5389=ORIENTED_EDGE('',*,*,#4144,.T.);
#5390=ORIENTED_EDGE('',*,*,#4146,.F.);
#5391=ORIENTED_EDGE('',*,*,#4147,.F.);
#5392=ORIENTED_EDGE('',*,*,#4148,.T.);
#5393=ORIENTED_EDGE('',*,*,#4147,.T.);
#5394=ORIENTED_EDGE('',*,*,#4149,.F.);
#5395=ORIENTED_EDGE('',*,*,#4150,.F.);
#5396=ORIENTED_EDGE('',*,*,#4151,.T.);
#5397=ORIENTED_EDGE('',*,*,#4150,.T.);
#5398=ORIENTED_EDGE('',*,*,#4152,.F.);
#5399=ORIENTED_EDGE('',*,*,#4153,.F.);
#5400=ORIENTED_EDGE('',*,*,#4154,.T.);
#5401=ORIENTED_EDGE('',*,*,#4153,.T.);
#5402=ORIENTED_EDGE('',*,*,#4155,.F.);
#5403=ORIENTED_EDGE('',*,*,#4156,.F.);
#5404=ORIENTED_EDGE('',*,*,#4157,.T.);
#5405=ORIENTED_EDGE('',*,*,#4156,.T.);
#5406=ORIENTED_EDGE('',*,*,#4158,.F.);
#5407=ORIENTED_EDGE('',*,*,#4159,.F.);
#5408=ORIENTED_EDGE('',*,*,#4160,.T.);
#5409=ORIENTED_EDGE('',*,*,#4159,.T.);
#5410=ORIENTED_EDGE('',*,*,#4161,.F.);
#5411=ORIENTED_EDGE('',*,*,#4162,.F.);
#5412=ORIENTED_EDGE('',*,*,#4163,.T.);
#5413=ORIENTED_EDGE('',*,*,#4162,.T.);
#5414=ORIENTED_EDGE('',*,*,#4164,.F.);
#5415=ORIENTED_EDGE('',*,*,#4165,.F.);
#5416=ORIENTED_EDGE('',*,*,#4166,.T.);
#5417=ORIENTED_EDGE('',*,*,#4165,.T.);
#5418=ORIENTED_EDGE('',*,*,#4167,.F.);
#5419=ORIENTED_EDGE('',*,*,#4168,.F.);
#5420=ORIENTED_EDGE('',*,*,#4169,.T.);
#5421=ORIENTED_EDGE('',*,*,#4168,.T.);
#5422=ORIENTED_EDGE('',*,*,#4170,.F.);
#5423=ORIENTED_EDGE('',*,*,#4171,.F.);
#5424=ORIENTED_EDGE('',*,*,#4172,.T.);
#5425=ORIENTED_EDGE('',*,*,#4171,.T.);
#5426=ORIENTED_EDGE('',*,*,#4173,.F.);
#5427=ORIENTED_EDGE('',*,*,#4174,.F.);
#5428=ORIENTED_EDGE('',*,*,#4175,.T.);
#5429=ORIENTED_EDGE('',*,*,#4174,.T.);
#5430=ORIENTED_EDGE('',*,*,#4176,.F.);
#5431=ORIENTED_EDGE('',*,*,#4177,.F.);
#5432=ORIENTED_EDGE('',*,*,#4178,.T.);
#5433=ORIENTED_EDGE('',*,*,#4177,.T.);
#5434=ORIENTED_EDGE('',*,*,#4179,.F.);
#5435=ORIENTED_EDGE('',*,*,#4180,.F.);
#5436=ORIENTED_EDGE('',*,*,#4181,.T.);
#5437=ORIENTED_EDGE('',*,*,#4180,.T.);
#5438=ORIENTED_EDGE('',*,*,#4182,.F.);
#5439=ORIENTED_EDGE('',*,*,#4183,.F.);
#5440=ORIENTED_EDGE('',*,*,#4184,.T.);
#5441=ORIENTED_EDGE('',*,*,#4183,.T.);
#5442=ORIENTED_EDGE('',*,*,#4185,.F.);
#5443=ORIENTED_EDGE('',*,*,#4186,.F.);
#5444=ORIENTED_EDGE('',*,*,#4187,.T.);
#5445=ORIENTED_EDGE('',*,*,#4186,.T.);
#5446=ORIENTED_EDGE('',*,*,#4188,.F.);
#5447=ORIENTED_EDGE('',*,*,#4189,.F.);
#5448=ORIENTED_EDGE('',*,*,#4190,.T.);
#5449=ORIENTED_EDGE('',*,*,#4189,.T.);
#5450=ORIENTED_EDGE('',*,*,#4191,.F.);
#5451=ORIENTED_EDGE('',*,*,#4192,.F.);
#5452=ORIENTED_EDGE('',*,*,#4193,.T.);
#5453=ORIENTED_EDGE('',*,*,#4192,.T.);
#5454=ORIENTED_EDGE('',*,*,#4194,.F.);
#5455=ORIENTED_EDGE('',*,*,#4195,.F.);
#5456=ORIENTED_EDGE('',*,*,#4196,.T.);
#5457=ORIENTED_EDGE('',*,*,#4195,.T.);
#5458=ORIENTED_EDGE('',*,*,#4197,.F.);
#5459=ORIENTED_EDGE('',*,*,#4198,.F.);
#5460=ORIENTED_EDGE('',*,*,#4199,.T.);
#5461=ORIENTED_EDGE('',*,*,#4198,.T.);
#5462=ORIENTED_EDGE('',*,*,#4200,.F.);
#5463=ORIENTED_EDGE('',*,*,#4201,.F.);
#5464=ORIENTED_EDGE('',*,*,#4202,.T.);
#5465=ORIENTED_EDGE('',*,*,#4201,.T.);
#5466=ORIENTED_EDGE('',*,*,#4203,.F.);
#5467=ORIENTED_EDGE('',*,*,#4204,.F.);
#5468=ORIENTED_EDGE('',*,*,#4205,.T.);
#5469=ORIENTED_EDGE('',*,*,#4204,.T.);
#5470=ORIENTED_EDGE('',*,*,#4206,.F.);
#5471=ORIENTED_EDGE('',*,*,#4207,.F.);
#5472=ORIENTED_EDGE('',*,*,#4208,.T.);
#5473=ORIENTED_EDGE('',*,*,#4207,.T.);
#5474=ORIENTED_EDGE('',*,*,#4209,.F.);
#5475=ORIENTED_EDGE('',*,*,#4210,.F.);
#5476=ORIENTED_EDGE('',*,*,#4211,.T.);
#5477=ORIENTED_EDGE('',*,*,#4210,.T.);
#5478=ORIENTED_EDGE('',*,*,#4212,.F.);
#5479=ORIENTED_EDGE('',*,*,#4213,.F.);
#5480=ORIENTED_EDGE('',*,*,#4214,.T.);
#5481=ORIENTED_EDGE('',*,*,#4213,.T.);
#5482=ORIENTED_EDGE('',*,*,#4215,.F.);
#5483=ORIENTED_EDGE('',*,*,#4216,.F.);
#5484=ORIENTED_EDGE('',*,*,#4217,.T.);
#5485=ORIENTED_EDGE('',*,*,#4216,.T.);
#5486=ORIENTED_EDGE('',*,*,#4218,.F.);
#5487=ORIENTED_EDGE('',*,*,#4219,.F.);
#5488=ORIENTED_EDGE('',*,*,#4220,.T.);
#5489=ORIENTED_EDGE('',*,*,#4219,.T.);
#5490=ORIENTED_EDGE('',*,*,#4221,.F.);
#5491=ORIENTED_EDGE('',*,*,#4222,.F.);
#5492=ORIENTED_EDGE('',*,*,#4223,.T.);
#5493=ORIENTED_EDGE('',*,*,#4222,.T.);
#5494=ORIENTED_EDGE('',*,*,#4224,.F.);
#5495=ORIENTED_EDGE('',*,*,#4225,.F.);
#5496=ORIENTED_EDGE('',*,*,#4226,.T.);
#5497=ORIENTED_EDGE('',*,*,#4225,.T.);
#5498=ORIENTED_EDGE('',*,*,#4227,.F.);
#5499=ORIENTED_EDGE('',*,*,#4228,.F.);
#5500=ORIENTED_EDGE('',*,*,#4229,.T.);
#5501=ORIENTED_EDGE('',*,*,#4228,.T.);
#5502=ORIENTED_EDGE('',*,*,#4230,.F.);
#5503=ORIENTED_EDGE('',*,*,#4231,.F.);
#5504=ORIENTED_EDGE('',*,*,#4232,.T.);
#5505=ORIENTED_EDGE('',*,*,#4231,.T.);
#5506=ORIENTED_EDGE('',*,*,#4233,.F.);
#5507=ORIENTED_EDGE('',*,*,#4234,.F.);
#5508=ORIENTED_EDGE('',*,*,#4235,.T.);
#5509=ORIENTED_EDGE('',*,*,#4234,.T.);
#5510=ORIENTED_EDGE('',*,*,#4236,.F.);
#5511=ORIENTED_EDGE('',*,*,#4237,.F.);
#5512=ORIENTED_EDGE('',*,*,#4238,.T.);
#5513=ORIENTED_EDGE('',*,*,#4237,.T.);
#5514=ORIENTED_EDGE('',*,*,#4239,.F.);
#5515=ORIENTED_EDGE('',*,*,#4240,.F.);
#5516=ORIENTED_EDGE('',*,*,#4241,.T.);
#5517=ORIENTED_EDGE('',*,*,#4240,.T.);
#5518=ORIENTED_EDGE('',*,*,#4242,.F.);
#5519=ORIENTED_EDGE('',*,*,#4243,.F.);
#5520=ORIENTED_EDGE('',*,*,#4244,.T.);
#5521=ORIENTED_EDGE('',*,*,#4243,.T.);
#5522=ORIENTED_EDGE('',*,*,#4245,.F.);
#5523=ORIENTED_EDGE('',*,*,#4246,.F.);
#5524=ORIENTED_EDGE('',*,*,#4247,.T.);
#5525=ORIENTED_EDGE('',*,*,#4246,.T.);
#5526=ORIENTED_EDGE('',*,*,#4248,.F.);
#5527=ORIENTED_EDGE('',*,*,#4249,.F.);
#5528=ORIENTED_EDGE('',*,*,#4250,.T.);
#5529=ORIENTED_EDGE('',*,*,#4249,.T.);
#5530=ORIENTED_EDGE('',*,*,#4251,.F.);
#5531=ORIENTED_EDGE('',*,*,#4252,.F.);
#5532=ORIENTED_EDGE('',*,*,#4253,.T.);
#5533=ORIENTED_EDGE('',*,*,#4252,.T.);
#5534=ORIENTED_EDGE('',*,*,#4254,.F.);
#5535=ORIENTED_EDGE('',*,*,#4255,.F.);
#5536=ORIENTED_EDGE('',*,*,#4256,.T.);
#5537=ORIENTED_EDGE('',*,*,#4255,.T.);
#5538=ORIENTED_EDGE('',*,*,#4257,.F.);
#5539=ORIENTED_EDGE('',*,*,#4258,.F.);
#5540=ORIENTED_EDGE('',*,*,#4259,.T.);
#5541=ORIENTED_EDGE('',*,*,#4258,.T.);
#5542=ORIENTED_EDGE('',*,*,#4260,.F.);
#5543=ORIENTED_EDGE('',*,*,#4261,.F.);
#5544=ORIENTED_EDGE('',*,*,#4262,.T.);
#5545=ORIENTED_EDGE('',*,*,#4261,.T.);
#5546=ORIENTED_EDGE('',*,*,#4263,.F.);
#5547=ORIENTED_EDGE('',*,*,#4264,.F.);
#5548=ORIENTED_EDGE('',*,*,#4265,.T.);
#5549=ORIENTED_EDGE('',*,*,#4264,.T.);
#5550=ORIENTED_EDGE('',*,*,#4266,.F.);
#5551=ORIENTED_EDGE('',*,*,#4267,.F.);
#5552=ORIENTED_EDGE('',*,*,#4268,.T.);
#5553=ORIENTED_EDGE('',*,*,#4267,.T.);
#5554=ORIENTED_EDGE('',*,*,#4269,.F.);
#5555=ORIENTED_EDGE('',*,*,#4270,.F.);
#5556=ORIENTED_EDGE('',*,*,#4271,.T.);
#5557=ORIENTED_EDGE('',*,*,#4270,.T.);
#5558=ORIENTED_EDGE('',*,*,#4272,.F.);
#5559=ORIENTED_EDGE('',*,*,#4273,.F.);
#5560=ORIENTED_EDGE('',*,*,#4274,.T.);
#5561=ORIENTED_EDGE('',*,*,#4273,.T.);
#5562=ORIENTED_EDGE('',*,*,#4275,.F.);
#5563=ORIENTED_EDGE('',*,*,#4276,.F.);
#5564=ORIENTED_EDGE('',*,*,#4277,.T.);
#5565=ORIENTED_EDGE('',*,*,#4276,.T.);
#5566=ORIENTED_EDGE('',*,*,#4278,.F.);
#5567=ORIENTED_EDGE('',*,*,#4279,.F.);
#5568=ORIENTED_EDGE('',*,*,#4280,.T.);
#5569=ORIENTED_EDGE('',*,*,#4279,.T.);
#5570=ORIENTED_EDGE('',*,*,#4281,.F.);
#5571=ORIENTED_EDGE('',*,*,#4282,.F.);
#5572=ORIENTED_EDGE('',*,*,#4283,.T.);
#5573=ORIENTED_EDGE('',*,*,#4282,.T.);
#5574=ORIENTED_EDGE('',*,*,#4284,.F.);
#5575=ORIENTED_EDGE('',*,*,#4285,.F.);
#5576=ORIENTED_EDGE('',*,*,#4286,.T.);
#5577=ORIENTED_EDGE('',*,*,#4285,.T.);
#5578=ORIENTED_EDGE('',*,*,#4287,.F.);
#5579=ORIENTED_EDGE('',*,*,#4288,.F.);
#5580=ORIENTED_EDGE('',*,*,#4289,.T.);
#5581=ORIENTED_EDGE('',*,*,#4288,.T.);
#5582=ORIENTED_EDGE('',*,*,#4290,.F.);
#5583=ORIENTED_EDGE('',*,*,#4291,.F.);
#5584=ORIENTED_EDGE('',*,*,#4292,.T.);
#5585=ORIENTED_EDGE('',*,*,#4291,.T.);
#5586=ORIENTED_EDGE('',*,*,#4293,.F.);
#5587=ORIENTED_EDGE('',*,*,#4294,.F.);
#5588=ORIENTED_EDGE('',*,*,#4295,.T.);
#5589=ORIENTED_EDGE('',*,*,#4294,.T.);
#5590=ORIENTED_EDGE('',*,*,#4296,.F.);
#5591=ORIENTED_EDGE('',*,*,#4297,.F.);
#5592=ORIENTED_EDGE('',*,*,#4298,.T.);
#5593=ORIENTED_EDGE('',*,*,#4297,.T.);
#5594=ORIENTED_EDGE('',*,*,#4299,.F.);
#5595=ORIENTED_EDGE('',*,*,#4300,.F.);
#5596=ORIENTED_EDGE('',*,*,#4301,.T.);
#5597=ORIENTED_EDGE('',*,*,#4300,.T.);
#5598=ORIENTED_EDGE('',*,*,#4302,.F.);
#5599=ORIENTED_EDGE('',*,*,#4303,.F.);
#5600=ORIENTED_EDGE('',*,*,#4304,.T.);
#5601=ORIENTED_EDGE('',*,*,#4303,.T.);
#5602=ORIENTED_EDGE('',*,*,#4305,.F.);
#5603=ORIENTED_EDGE('',*,*,#4306,.F.);
#5604=ORIENTED_EDGE('',*,*,#4307,.T.);
#5605=ORIENTED_EDGE('',*,*,#4306,.T.);
#5606=ORIENTED_EDGE('',*,*,#4308,.F.);
#5607=ORIENTED_EDGE('',*,*,#4309,.F.);
#5608=ORIENTED_EDGE('',*,*,#4310,.T.);
#5609=ORIENTED_EDGE('',*,*,#4309,.T.);
#5610=ORIENTED_EDGE('',*,*,#4311,.F.);
#5611=ORIENTED_EDGE('',*,*,#4312,.F.);
#5612=ORIENTED_EDGE('',*,*,#4313,.T.);
#5613=ORIENTED_EDGE('',*,*,#4312,.T.);
#5614=ORIENTED_EDGE('',*,*,#4314,.F.);
#5615=ORIENTED_EDGE('',*,*,#4315,.F.);
#5616=ORIENTED_EDGE('',*,*,#4316,.T.);
#5617=ORIENTED_EDGE('',*,*,#4315,.T.);
#5618=ORIENTED_EDGE('',*,*,#4317,.F.);
#5619=ORIENTED_EDGE('',*,*,#4318,.F.);
#5620=ORIENTED_EDGE('',*,*,#4319,.T.);
#5621=ORIENTED_EDGE('',*,*,#4318,.T.);
#5622=ORIENTED_EDGE('',*,*,#4320,.F.);
#5623=ORIENTED_EDGE('',*,*,#4321,.F.);
#5624=ORIENTED_EDGE('',*,*,#4322,.T.);
#5625=ORIENTED_EDGE('',*,*,#4321,.T.);
#5626=ORIENTED_EDGE('',*,*,#4323,.F.);
#5627=ORIENTED_EDGE('',*,*,#4324,.F.);
#5628=ORIENTED_EDGE('',*,*,#4325,.T.);
#5629=ORIENTED_EDGE('',*,*,#4324,.T.);
#5630=ORIENTED_EDGE('',*,*,#4326,.F.);
#5631=ORIENTED_EDGE('',*,*,#4327,.F.);
#5632=ORIENTED_EDGE('',*,*,#4328,.T.);
#5633=ORIENTED_EDGE('',*,*,#4327,.T.);
#5634=ORIENTED_EDGE('',*,*,#4329,.F.);
#5635=ORIENTED_EDGE('',*,*,#4330,.F.);
#5636=ORIENTED_EDGE('',*,*,#4331,.T.);
#5637=ORIENTED_EDGE('',*,*,#4330,.T.);
#5638=ORIENTED_EDGE('',*,*,#4332,.F.);
#5639=ORIENTED_EDGE('',*,*,#4333,.F.);
#5640=ORIENTED_EDGE('',*,*,#4334,.T.);
#5641=ORIENTED_EDGE('',*,*,#4333,.T.);
#5642=ORIENTED_EDGE('',*,*,#4335,.F.);
#5643=ORIENTED_EDGE('',*,*,#4336,.F.);
#5644=ORIENTED_EDGE('',*,*,#4337,.T.);
#5645=ORIENTED_EDGE('',*,*,#4336,.T.);
#5646=ORIENTED_EDGE('',*,*,#4338,.F.);
#5647=ORIENTED_EDGE('',*,*,#4339,.F.);
#5648=ORIENTED_EDGE('',*,*,#4340,.T.);
#5649=ORIENTED_EDGE('',*,*,#4339,.T.);
#5650=ORIENTED_EDGE('',*,*,#4341,.F.);
#5651=ORIENTED_EDGE('',*,*,#4342,.F.);
#5652=ORIENTED_EDGE('',*,*,#4343,.T.);
#5653=ORIENTED_EDGE('',*,*,#4342,.T.);
#5654=ORIENTED_EDGE('',*,*,#4344,.F.);
#5655=ORIENTED_EDGE('',*,*,#4345,.F.);
#5656=ORIENTED_EDGE('',*,*,#4346,.T.);
#5657=ORIENTED_EDGE('',*,*,#4345,.T.);
#5658=ORIENTED_EDGE('',*,*,#4347,.F.);
#5659=ORIENTED_EDGE('',*,*,#4348,.F.);
#5660=ORIENTED_EDGE('',*,*,#4349,.T.);
#5661=ORIENTED_EDGE('',*,*,#4348,.T.);
#5662=ORIENTED_EDGE('',*,*,#4350,.F.);
#5663=ORIENTED_EDGE('',*,*,#4351,.F.);
#5664=ORIENTED_EDGE('',*,*,#4352,.T.);
#5665=ORIENTED_EDGE('',*,*,#4351,.T.);
#5666=ORIENTED_EDGE('',*,*,#4353,.F.);
#5667=ORIENTED_EDGE('',*,*,#4354,.F.);
#5668=ORIENTED_EDGE('',*,*,#4355,.T.);
#5669=ORIENTED_EDGE('',*,*,#4354,.T.);
#5670=ORIENTED_EDGE('',*,*,#4356,.F.);
#5671=ORIENTED_EDGE('',*,*,#4357,.F.);
#5672=ORIENTED_EDGE('',*,*,#4358,.T.);
#5673=ORIENTED_EDGE('',*,*,#4357,.T.);
#5674=ORIENTED_EDGE('',*,*,#4359,.F.);
#5675=ORIENTED_EDGE('',*,*,#4360,.F.);
#5676=ORIENTED_EDGE('',*,*,#4361,.T.);
#5677=ORIENTED_EDGE('',*,*,#4360,.T.);
#5678=ORIENTED_EDGE('',*,*,#4362,.F.);
#5679=ORIENTED_EDGE('',*,*,#4363,.F.);
#5680=ORIENTED_EDGE('',*,*,#4364,.T.);
#5681=ORIENTED_EDGE('',*,*,#4363,.T.);
#5682=ORIENTED_EDGE('',*,*,#4365,.F.);
#5683=ORIENTED_EDGE('',*,*,#4366,.F.);
#5684=ORIENTED_EDGE('',*,*,#4367,.T.);
#5685=ORIENTED_EDGE('',*,*,#4366,.T.);
#5686=ORIENTED_EDGE('',*,*,#4368,.F.);
#5687=ORIENTED_EDGE('',*,*,#4369,.F.);
#5688=ORIENTED_EDGE('',*,*,#4370,.T.);
#5689=ORIENTED_EDGE('',*,*,#4369,.T.);
#5690=ORIENTED_EDGE('',*,*,#4371,.F.);
#5691=ORIENTED_EDGE('',*,*,#4372,.F.);
#5692=ORIENTED_EDGE('',*,*,#4373,.T.);
#5693=ORIENTED_EDGE('',*,*,#4372,.T.);
#5694=ORIENTED_EDGE('',*,*,#4374,.F.);
#5695=ORIENTED_EDGE('',*,*,#4375,.F.);
#5696=ORIENTED_EDGE('',*,*,#4376,.T.);
#5697=ORIENTED_EDGE('',*,*,#4375,.T.);
#5698=ORIENTED_EDGE('',*,*,#4377,.F.);
#5699=ORIENTED_EDGE('',*,*,#4378,.F.);
#5700=ORIENTED_EDGE('',*,*,#4379,.T.);
#5701=ORIENTED_EDGE('',*,*,#4378,.T.);
#5702=ORIENTED_EDGE('',*,*,#4380,.F.);
#5703=ORIENTED_EDGE('',*,*,#4381,.F.);
#5704=ORIENTED_EDGE('',*,*,#4382,.T.);
#5705=ORIENTED_EDGE('',*,*,#4381,.T.);
#5706=ORIENTED_EDGE('',*,*,#4383,.F.);
#5707=ORIENTED_EDGE('',*,*,#4384,.F.);
#5708=ORIENTED_EDGE('',*,*,#4385,.T.);
#5709=ORIENTED_EDGE('',*,*,#4384,.T.);
#5710=ORIENTED_EDGE('',*,*,#4386,.F.);
#5711=ORIENTED_EDGE('',*,*,#4387,.F.);
#5712=ORIENTED_EDGE('',*,*,#4388,.T.);
#5713=ORIENTED_EDGE('',*,*,#4387,.T.);
#5714=ORIENTED_EDGE('',*,*,#4389,.F.);
#5715=ORIENTED_EDGE('',*,*,#4390,.F.);
#5716=ORIENTED_EDGE('',*,*,#4391,.T.);
#5717=ORIENTED_EDGE('',*,*,#4390,.T.);
#5718=ORIENTED_EDGE('',*,*,#4392,.F.);
#5719=ORIENTED_EDGE('',*,*,#4393,.F.);
#5720=ORIENTED_EDGE('',*,*,#4394,.T.);
#5721=ORIENTED_EDGE('',*,*,#4393,.T.);
#5722=ORIENTED_EDGE('',*,*,#4395,.F.);
#5723=ORIENTED_EDGE('',*,*,#4396,.F.);
#5724=ORIENTED_EDGE('',*,*,#4397,.T.);
#5725=ORIENTED_EDGE('',*,*,#4396,.T.);
#5726=ORIENTED_EDGE('',*,*,#4398,.F.);
#5727=ORIENTED_EDGE('',*,*,#4399,.F.);
#5728=ORIENTED_EDGE('',*,*,#4400,.T.);
#5729=ORIENTED_EDGE('',*,*,#4399,.T.);
#5730=ORIENTED_EDGE('',*,*,#4401,.F.);
#5731=ORIENTED_EDGE('',*,*,#4402,.F.);
#5732=ORIENTED_EDGE('',*,*,#4403,.T.);
#5733=ORIENTED_EDGE('',*,*,#4402,.T.);
#5734=ORIENTED_EDGE('',*,*,#4404,.F.);
#5735=ORIENTED_EDGE('',*,*,#4405,.F.);
#5736=ORIENTED_EDGE('',*,*,#4406,.T.);
#5737=ORIENTED_EDGE('',*,*,#4405,.T.);
#5738=ORIENTED_EDGE('',*,*,#4407,.F.);
#5739=ORIENTED_EDGE('',*,*,#4408,.F.);
#5740=ORIENTED_EDGE('',*,*,#4409,.T.);
#5741=ORIENTED_EDGE('',*,*,#4408,.T.);
#5742=ORIENTED_EDGE('',*,*,#4410,.F.);
#5743=ORIENTED_EDGE('',*,*,#4411,.F.);
#5744=ORIENTED_EDGE('',*,*,#4412,.T.);
#5745=ORIENTED_EDGE('',*,*,#4411,.T.);
#5746=ORIENTED_EDGE('',*,*,#4413,.F.);
#5747=ORIENTED_EDGE('',*,*,#4414,.F.);
#5748=ORIENTED_EDGE('',*,*,#4415,.T.);
#5749=ORIENTED_EDGE('',*,*,#4414,.T.);
#5750=ORIENTED_EDGE('',*,*,#4416,.F.);
#5751=ORIENTED_EDGE('',*,*,#4417,.F.);
#5752=ORIENTED_EDGE('',*,*,#4418,.T.);
#5753=ORIENTED_EDGE('',*,*,#4417,.T.);
#5754=ORIENTED_EDGE('',*,*,#4419,.F.);
#5755=ORIENTED_EDGE('',*,*,#4420,.F.);
#5756=ORIENTED_EDGE('',*,*,#4421,.T.);
#5757=ORIENTED_EDGE('',*,*,#4420,.T.);
#5758=ORIENTED_EDGE('',*,*,#4422,.F.);
#5759=ORIENTED_EDGE('',*,*,#4423,.F.);
#5760=ORIENTED_EDGE('',*,*,#4424,.T.);
#5761=ORIENTED_EDGE('',*,*,#4423,.T.);
#5762=ORIENTED_EDGE('',*,*,#4425,.F.);
#5763=ORIENTED_EDGE('',*,*,#4426,.F.);
#5764=ORIENTED_EDGE('',*,*,#4427,.T.);
#5765=ORIENTED_EDGE('',*,*,#4426,.T.);
#5766=ORIENTED_EDGE('',*,*,#4428,.F.);
#5767=ORIENTED_EDGE('',*,*,#4429,.F.);
#5768=ORIENTED_EDGE('',*,*,#4430,.T.);
#5769=ORIENTED_EDGE('',*,*,#4429,.T.);
#5770=ORIENTED_EDGE('',*,*,#4431,.F.);
#5771=ORIENTED_EDGE('',*,*,#4432,.F.);
#5772=ORIENTED_EDGE('',*,*,#4433,.T.);
#5773=ORIENTED_EDGE('',*,*,#4432,.T.);
#5774=ORIENTED_EDGE('',*,*,#4434,.F.);
#5775=ORIENTED_EDGE('',*,*,#4435,.F.);
#5776=ORIENTED_EDGE('',*,*,#4436,.T.);
#5777=ORIENTED_EDGE('',*,*,#4435,.T.);
#5778=ORIENTED_EDGE('',*,*,#4437,.F.);
#5779=ORIENTED_EDGE('',*,*,#4438,.F.);
#5780=ORIENTED_EDGE('',*,*,#4439,.T.);
#5781=ORIENTED_EDGE('',*,*,#4438,.T.);
#5782=ORIENTED_EDGE('',*,*,#4440,.F.);
#5783=ORIENTED_EDGE('',*,*,#4441,.F.);
#5784=ORIENTED_EDGE('',*,*,#4442,.T.);
#5785=ORIENTED_EDGE('',*,*,#4441,.T.);
#5786=ORIENTED_EDGE('',*,*,#4443,.F.);
#5787=ORIENTED_EDGE('',*,*,#4444,.F.);
#5788=ORIENTED_EDGE('',*,*,#4445,.T.);
#5789=ORIENTED_EDGE('',*,*,#4444,.T.);
#5790=ORIENTED_EDGE('',*,*,#4446,.F.);
#5791=ORIENTED_EDGE('',*,*,#4447,.F.);
#5792=ORIENTED_EDGE('',*,*,#4448,.T.);
#5793=ORIENTED_EDGE('',*,*,#4447,.T.);
#5794=ORIENTED_EDGE('',*,*,#4449,.F.);
#5795=ORIENTED_EDGE('',*,*,#4450,.F.);
#5796=ORIENTED_EDGE('',*,*,#4451,.T.);
#5797=ORIENTED_EDGE('',*,*,#4450,.T.);
#5798=ORIENTED_EDGE('',*,*,#4452,.F.);
#5799=ORIENTED_EDGE('',*,*,#4453,.F.);
#5800=ORIENTED_EDGE('',*,*,#4454,.T.);
#5801=ORIENTED_EDGE('',*,*,#4453,.T.);
#5802=ORIENTED_EDGE('',*,*,#4455,.F.);
#5803=ORIENTED_EDGE('',*,*,#4456,.F.);
#5804=ORIENTED_EDGE('',*,*,#4457,.T.);
#5805=ORIENTED_EDGE('',*,*,#4456,.T.);
#5806=ORIENTED_EDGE('',*,*,#4458,.F.);
#5807=ORIENTED_EDGE('',*,*,#4459,.F.);
#5808=ORIENTED_EDGE('',*,*,#4460,.T.);
#5809=ORIENTED_EDGE('',*,*,#4459,.T.);
#5810=ORIENTED_EDGE('',*,*,#4461,.F.);
#5811=ORIENTED_EDGE('',*,*,#4462,.F.);
#5812=ORIENTED_EDGE('',*,*,#4463,.T.);
#5813=ORIENTED_EDGE('',*,*,#4462,.T.);
#5814=ORIENTED_EDGE('',*,*,#4464,.F.);
#5815=ORIENTED_EDGE('',*,*,#4465,.F.);
#5816=ORIENTED_EDGE('',*,*,#4466,.T.);
#5817=ORIENTED_EDGE('',*,*,#4465,.T.);
#5818=ORIENTED_EDGE('',*,*,#4467,.F.);
#5819=ORIENTED_EDGE('',*,*,#4468,.F.);
#5820=ORIENTED_EDGE('',*,*,#4469,.T.);
#5821=ORIENTED_EDGE('',*,*,#4468,.T.);
#5822=ORIENTED_EDGE('',*,*,#4470,.F.);
#5823=ORIENTED_EDGE('',*,*,#4471,.F.);
#5824=ORIENTED_EDGE('',*,*,#4472,.T.);
#5825=ORIENTED_EDGE('',*,*,#4471,.T.);
#5826=ORIENTED_EDGE('',*,*,#4473,.F.);
#5827=ORIENTED_EDGE('',*,*,#4474,.F.);
#5828=ORIENTED_EDGE('',*,*,#4475,.T.);
#5829=ORIENTED_EDGE('',*,*,#4474,.T.);
#5830=ORIENTED_EDGE('',*,*,#4476,.F.);
#5831=ORIENTED_EDGE('',*,*,#4477,.F.);
#5832=ORIENTED_EDGE('',*,*,#4478,.T.);
#5833=ORIENTED_EDGE('',*,*,#4477,.T.);
#5834=ORIENTED_EDGE('',*,*,#4479,.F.);
#5835=ORIENTED_EDGE('',*,*,#4480,.F.);
#5836=ORIENTED_EDGE('',*,*,#4481,.T.);
#5837=ORIENTED_EDGE('',*,*,#4480,.T.);
#5838=ORIENTED_EDGE('',*,*,#4482,.F.);
#5839=ORIENTED_EDGE('',*,*,#4483,.F.);
#5840=ORIENTED_EDGE('',*,*,#4484,.T.);
#5841=ORIENTED_EDGE('',*,*,#4483,.T.);
#5842=ORIENTED_EDGE('',*,*,#4485,.F.);
#5843=ORIENTED_EDGE('',*,*,#4486,.F.);
#5844=ORIENTED_EDGE('',*,*,#4487,.T.);
#5845=ORIENTED_EDGE('',*,*,#4486,.T.);
#5846=ORIENTED_EDGE('',*,*,#4488,.F.);
#5847=ORIENTED_EDGE('',*,*,#4489,.F.);
#5848=ORIENTED_EDGE('',*,*,#4490,.T.);
#5849=ORIENTED_EDGE('',*,*,#4489,.T.);
#5850=ORIENTED_EDGE('',*,*,#4491,.F.);
#5851=ORIENTED_EDGE('',*,*,#4492,.F.);
#5852=ORIENTED_EDGE('',*,*,#4493,.T.);
#5853=ORIENTED_EDGE('',*,*,#4492,.T.);
#5854=ORIENTED_EDGE('',*,*,#4494,.F.);
#5855=ORIENTED_EDGE('',*,*,#4495,.F.);
#5856=ORIENTED_EDGE('',*,*,#4496,.T.);
#5857=ORIENTED_EDGE('',*,*,#4495,.T.);
#5858=ORIENTED_EDGE('',*,*,#4497,.F.);
#5859=ORIENTED_EDGE('',*,*,#4498,.F.);
#5860=ORIENTED_EDGE('',*,*,#4499,.T.);
#5861=ORIENTED_EDGE('',*,*,#4498,.T.);
#5862=ORIENTED_EDGE('',*,*,#4500,.F.);
#5863=ORIENTED_EDGE('',*,*,#4501,.F.);
#5864=ORIENTED_EDGE('',*,*,#4502,.T.);
#5865=ORIENTED_EDGE('',*,*,#4501,.T.);
#5866=ORIENTED_EDGE('',*,*,#4503,.F.);
#5867=ORIENTED_EDGE('',*,*,#4504,.F.);
#5868=ORIENTED_EDGE('',*,*,#4505,.T.);
#5869=ORIENTED_EDGE('',*,*,#4504,.T.);
#5870=ORIENTED_EDGE('',*,*,#4506,.F.);
#5871=ORIENTED_EDGE('',*,*,#4507,.F.);
#5872=ORIENTED_EDGE('',*,*,#4508,.T.);
#5873=ORIENTED_EDGE('',*,*,#4507,.T.);
#5874=ORIENTED_EDGE('',*,*,#4509,.F.);
#5875=ORIENTED_EDGE('',*,*,#4510,.F.);
#5876=ORIENTED_EDGE('',*,*,#4511,.T.);
#5877=ORIENTED_EDGE('',*,*,#4510,.T.);
#5878=ORIENTED_EDGE('',*,*,#4512,.F.);
#5879=ORIENTED_EDGE('',*,*,#4513,.F.);
#5880=ORIENTED_EDGE('',*,*,#4514,.T.);
#5881=ORIENTED_EDGE('',*,*,#4513,.T.);
#5882=ORIENTED_EDGE('',*,*,#4515,.F.);
#5883=ORIENTED_EDGE('',*,*,#4516,.F.);
#5884=ORIENTED_EDGE('',*,*,#4517,.T.);
#5885=ORIENTED_EDGE('',*,*,#4516,.T.);
#5886=ORIENTED_EDGE('',*,*,#4518,.F.);
#5887=ORIENTED_EDGE('',*,*,#4519,.F.);
#5888=ORIENTED_EDGE('',*,*,#4520,.T.);
#5889=ORIENTED_EDGE('',*,*,#4519,.T.);
#5890=ORIENTED_EDGE('',*,*,#4521,.F.);
#5891=ORIENTED_EDGE('',*,*,#4522,.F.);
#5892=ORIENTED_EDGE('',*,*,#4523,.T.);
#5893=ORIENTED_EDGE('',*,*,#4522,.T.);
#5894=ORIENTED_EDGE('',*,*,#4524,.F.);
#5895=ORIENTED_EDGE('',*,*,#4525,.F.);
#5896=ORIENTED_EDGE('',*,*,#4526,.T.);
#5897=ORIENTED_EDGE('',*,*,#4525,.T.);
#5898=ORIENTED_EDGE('',*,*,#4527,.F.);
#5899=ORIENTED_EDGE('',*,*,#4528,.F.);
#5900=ORIENTED_EDGE('',*,*,#4529,.T.);
#5901=ORIENTED_EDGE('',*,*,#4528,.T.);
#5902=ORIENTED_EDGE('',*,*,#4530,.F.);
#5903=ORIENTED_EDGE('',*,*,#4531,.F.);
#5904=ORIENTED_EDGE('',*,*,#4532,.T.);
#5905=ORIENTED_EDGE('',*,*,#4531,.T.);
#5906=ORIENTED_EDGE('',*,*,#4533,.F.);
#5907=ORIENTED_EDGE('',*,*,#4534,.F.);
#5908=ORIENTED_EDGE('',*,*,#4535,.T.);
#5909=ORIENTED_EDGE('',*,*,#4534,.T.);
#5910=ORIENTED_EDGE('',*,*,#4536,.F.);
#5911=ORIENTED_EDGE('',*,*,#4537,.F.);
#5912=ORIENTED_EDGE('',*,*,#4538,.T.);
#5913=ORIENTED_EDGE('',*,*,#4537,.T.);
#5914=ORIENTED_EDGE('',*,*,#4539,.F.);
#5915=ORIENTED_EDGE('',*,*,#4540,.F.);
#5916=ORIENTED_EDGE('',*,*,#4541,.T.);
#5917=ORIENTED_EDGE('',*,*,#4540,.T.);
#5918=ORIENTED_EDGE('',*,*,#4542,.F.);
#5919=ORIENTED_EDGE('',*,*,#4543,.F.);
#5920=ORIENTED_EDGE('',*,*,#4544,.T.);
#5921=ORIENTED_EDGE('',*,*,#4543,.T.);
#5922=ORIENTED_EDGE('',*,*,#4545,.F.);
#5923=ORIENTED_EDGE('',*,*,#4546,.F.);
#5924=ORIENTED_EDGE('',*,*,#4547,.T.);
#5925=ORIENTED_EDGE('',*,*,#4546,.T.);
#5926=ORIENTED_EDGE('',*,*,#4548,.F.);
#5927=ORIENTED_EDGE('',*,*,#4549,.F.);
#5928=ORIENTED_EDGE('',*,*,#4550,.T.);
#5929=ORIENTED_EDGE('',*,*,#4549,.T.);
#5930=ORIENTED_EDGE('',*,*,#4551,.F.);
#5931=ORIENTED_EDGE('',*,*,#4552,.F.);
#5932=ORIENTED_EDGE('',*,*,#4553,.T.);
#5933=ORIENTED_EDGE('',*,*,#4552,.T.);
#5934=ORIENTED_EDGE('',*,*,#4554,.F.);
#5935=ORIENTED_EDGE('',*,*,#4555,.F.);
#5936=ORIENTED_EDGE('',*,*,#4556,.T.);
#5937=ORIENTED_EDGE('',*,*,#4555,.T.);
#5938=ORIENTED_EDGE('',*,*,#4557,.F.);
#5939=ORIENTED_EDGE('',*,*,#4558,.F.);
#5940=ORIENTED_EDGE('',*,*,#4559,.T.);
#5941=ORIENTED_EDGE('',*,*,#4558,.T.);
#5942=ORIENTED_EDGE('',*,*,#4560,.F.);
#5943=ORIENTED_EDGE('',*,*,#4561,.F.);
#5944=ORIENTED_EDGE('',*,*,#4562,.T.);
#5945=ORIENTED_EDGE('',*,*,#4561,.T.);
#5946=ORIENTED_EDGE('',*,*,#4563,.F.);
#5947=ORIENTED_EDGE('',*,*,#4564,.F.);
#5948=ORIENTED_EDGE('',*,*,#4565,.T.);
#5949=ORIENTED_EDGE('',*,*,#4564,.T.);
#5950=ORIENTED_EDGE('',*,*,#4566,.F.);
#5951=ORIENTED_EDGE('',*,*,#4567,.F.);
#5952=ORIENTED_EDGE('',*,*,#4568,.T.);
#5953=ORIENTED_EDGE('',*,*,#4567,.T.);
#5954=ORIENTED_EDGE('',*,*,#4569,.F.);
#5955=ORIENTED_EDGE('',*,*,#4570,.F.);
#5956=ORIENTED_EDGE('',*,*,#4571,.T.);
#5957=ORIENTED_EDGE('',*,*,#4570,.T.);
#5958=ORIENTED_EDGE('',*,*,#4572,.F.);
#5959=ORIENTED_EDGE('',*,*,#4573,.F.);
#5960=ORIENTED_EDGE('',*,*,#4574,.T.);
#5961=ORIENTED_EDGE('',*,*,#4573,.T.);
#5962=ORIENTED_EDGE('',*,*,#4575,.F.);
#5963=ORIENTED_EDGE('',*,*,#4576,.F.);
#5964=ORIENTED_EDGE('',*,*,#4577,.T.);
#5965=ORIENTED_EDGE('',*,*,#4576,.T.);
#5966=ORIENTED_EDGE('',*,*,#4578,.F.);
#5967=ORIENTED_EDGE('',*,*,#4579,.F.);
#5968=ORIENTED_EDGE('',*,*,#4580,.T.);
#5969=ORIENTED_EDGE('',*,*,#4579,.T.);
#5970=ORIENTED_EDGE('',*,*,#4581,.F.);
#5971=ORIENTED_EDGE('',*,*,#4582,.F.);
#5972=ORIENTED_EDGE('',*,*,#4583,.T.);
#5973=ORIENTED_EDGE('',*,*,#4582,.T.);
#5974=ORIENTED_EDGE('',*,*,#4584,.F.);
#5975=ORIENTED_EDGE('',*,*,#4585,.F.);
#5976=ORIENTED_EDGE('',*,*,#4586,.T.);
#5977=ORIENTED_EDGE('',*,*,#4585,.T.);
#5978=ORIENTED_EDGE('',*,*,#4587,.F.);
#5979=ORIENTED_EDGE('',*,*,#4588,.F.);
#5980=ORIENTED_EDGE('',*,*,#4589,.T.);
#5981=ORIENTED_EDGE('',*,*,#4588,.T.);
#5982=ORIENTED_EDGE('',*,*,#4590,.F.);
#5983=ORIENTED_EDGE('',*,*,#4591,.F.);
#5984=ORIENTED_EDGE('',*,*,#4592,.T.);
#5985=ORIENTED_EDGE('',*,*,#4591,.T.);
#5986=ORIENTED_EDGE('',*,*,#4593,.F.);
#5987=ORIENTED_EDGE('',*,*,#4594,.F.);
#5988=ORIENTED_EDGE('',*,*,#4595,.T.);
#5989=ORIENTED_EDGE('',*,*,#4594,.T.);
#5990=ORIENTED_EDGE('',*,*,#4596,.F.);
#5991=ORIENTED_EDGE('',*,*,#4597,.F.);
#5992=ORIENTED_EDGE('',*,*,#4598,.T.);
#5993=ORIENTED_EDGE('',*,*,#4597,.T.);
#5994=ORIENTED_EDGE('',*,*,#4599,.F.);
#5995=ORIENTED_EDGE('',*,*,#4600,.F.);
#5996=ORIENTED_EDGE('',*,*,#4601,.T.);
#5997=ORIENTED_EDGE('',*,*,#4600,.T.);
#5998=ORIENTED_EDGE('',*,*,#4602,.F.);
#5999=ORIENTED_EDGE('',*,*,#4603,.F.);
#6000=ORIENTED_EDGE('',*,*,#4604,.T.);
#6001=ORIENTED_EDGE('',*,*,#4603,.T.);
#6002=ORIENTED_EDGE('',*,*,#4605,.F.);
#6003=ORIENTED_EDGE('',*,*,#4606,.F.);
#6004=ORIENTED_EDGE('',*,*,#4607,.T.);
#6005=ORIENTED_EDGE('',*,*,#4606,.T.);
#6006=ORIENTED_EDGE('',*,*,#4608,.F.);
#6007=ORIENTED_EDGE('',*,*,#4609,.F.);
#6008=ORIENTED_EDGE('',*,*,#4610,.T.);
#6009=ORIENTED_EDGE('',*,*,#4609,.T.);
#6010=ORIENTED_EDGE('',*,*,#4611,.F.);
#6011=ORIENTED_EDGE('',*,*,#4612,.F.);
#6012=ORIENTED_EDGE('',*,*,#4613,.T.);
#6013=ORIENTED_EDGE('',*,*,#4612,.T.);
#6014=ORIENTED_EDGE('',*,*,#4614,.F.);
#6015=ORIENTED_EDGE('',*,*,#4615,.F.);
#6016=ORIENTED_EDGE('',*,*,#4616,.T.);
#6017=ORIENTED_EDGE('',*,*,#4615,.T.);
#6018=ORIENTED_EDGE('',*,*,#4617,.F.);
#6019=ORIENTED_EDGE('',*,*,#4618,.F.);
#6020=ORIENTED_EDGE('',*,*,#4619,.T.);
#6021=ORIENTED_EDGE('',*,*,#4618,.T.);
#6022=ORIENTED_EDGE('',*,*,#4620,.F.);
#6023=ORIENTED_EDGE('',*,*,#4621,.F.);
#6024=ORIENTED_EDGE('',*,*,#4622,.T.);
#6025=ORIENTED_EDGE('',*,*,#4621,.T.);
#6026=ORIENTED_EDGE('',*,*,#4623,.F.);
#6027=ORIENTED_EDGE('',*,*,#4624,.F.);
#6028=ORIENTED_EDGE('',*,*,#4625,.T.);
#6029=ORIENTED_EDGE('',*,*,#4624,.T.);
#6030=ORIENTED_EDGE('',*,*,#4626,.F.);
#6031=ORIENTED_EDGE('',*,*,#4627,.F.);
#6032=ORIENTED_EDGE('',*,*,#4628,.T.);
#6033=ORIENTED_EDGE('',*,*,#4627,.T.);
#6034=ORIENTED_EDGE('',*,*,#4629,.F.);
#6035=ORIENTED_EDGE('',*,*,#4630,.F.);
#6036=ORIENTED_EDGE('',*,*,#4631,.T.);
#6037=ORIENTED_EDGE('',*,*,#4630,.T.);
#6038=ORIENTED_EDGE('',*,*,#4632,.F.);
#6039=ORIENTED_EDGE('',*,*,#4633,.F.);
#6040=ORIENTED_EDGE('',*,*,#4634,.T.);
#6041=ORIENTED_EDGE('',*,*,#4633,.T.);
#6042=ORIENTED_EDGE('',*,*,#4635,.F.);
#6043=ORIENTED_EDGE('',*,*,#4636,.F.);
#6044=ORIENTED_EDGE('',*,*,#4637,.T.);
#6045=ORIENTED_EDGE('',*,*,#4636,.T.);
#6046=ORIENTED_EDGE('',*,*,#4638,.F.);
#6047=ORIENTED_EDGE('',*,*,#4639,.F.);
#6048=ORIENTED_EDGE('',*,*,#4640,.T.);
#6049=ORIENTED_EDGE('',*,*,#4639,.T.);
#6050=ORIENTED_EDGE('',*,*,#4641,.F.);
#6051=ORIENTED_EDGE('',*,*,#4642,.F.);
#6052=ORIENTED_EDGE('',*,*,#4643,.T.);
#6053=ORIENTED_EDGE('',*,*,#4642,.T.);
#6054=ORIENTED_EDGE('',*,*,#4644,.F.);
#6055=ORIENTED_EDGE('',*,*,#4645,.F.);
#6056=ORIENTED_EDGE('',*,*,#4646,.T.);
#6057=ORIENTED_EDGE('',*,*,#4645,.T.);
#6058=ORIENTED_EDGE('',*,*,#4647,.F.);
#6059=ORIENTED_EDGE('',*,*,#4648,.F.);
#6060=ORIENTED_EDGE('',*,*,#4649,.T.);
#6061=ORIENTED_EDGE('',*,*,#4648,.T.);
#6062=ORIENTED_EDGE('',*,*,#4650,.F.);
#6063=ORIENTED_EDGE('',*,*,#4651,.F.);
#6064=ORIENTED_EDGE('',*,*,#4652,.T.);
#6065=ORIENTED_EDGE('',*,*,#4651,.T.);
#6066=ORIENTED_EDGE('',*,*,#4653,.F.);
#6067=ORIENTED_EDGE('',*,*,#4654,.F.);
#6068=ORIENTED_EDGE('',*,*,#4655,.T.);
#6069=ORIENTED_EDGE('',*,*,#4654,.T.);
#6070=ORIENTED_EDGE('',*,*,#4656,.F.);
#6071=ORIENTED_EDGE('',*,*,#4657,.F.);
#6072=ORIENTED_EDGE('',*,*,#4658,.T.);
#6073=ORIENTED_EDGE('',*,*,#4657,.T.);
#6074=ORIENTED_EDGE('',*,*,#4659,.F.);
#6075=ORIENTED_EDGE('',*,*,#4660,.F.);
#6076=ORIENTED_EDGE('',*,*,#4661,.T.);
#6077=ORIENTED_EDGE('',*,*,#4660,.T.);
#6078=ORIENTED_EDGE('',*,*,#4662,.F.);
#6079=ORIENTED_EDGE('',*,*,#4663,.F.);
#6080=ORIENTED_EDGE('',*,*,#4664,.T.);
#6081=ORIENTED_EDGE('',*,*,#4663,.T.);
#6082=ORIENTED_EDGE('',*,*,#4665,.F.);
#6083=ORIENTED_EDGE('',*,*,#4666,.F.);
#6084=ORIENTED_EDGE('',*,*,#4667,.T.);
#6085=ORIENTED_EDGE('',*,*,#4666,.T.);
#6086=ORIENTED_EDGE('',*,*,#4668,.F.);
#6087=ORIENTED_EDGE('',*,*,#4669,.F.);
#6088=ORIENTED_EDGE('',*,*,#4670,.T.);
#6089=ORIENTED_EDGE('',*,*,#4669,.T.);
#6090=ORIENTED_EDGE('',*,*,#4671,.F.);
#6091=ORIENTED_EDGE('',*,*,#4672,.F.);
#6092=ORIENTED_EDGE('',*,*,#4673,.T.);
#6093=ORIENTED_EDGE('',*,*,#4672,.T.);
#6094=ORIENTED_EDGE('',*,*,#4674,.F.);
#6095=ORIENTED_EDGE('',*,*,#4675,.F.);
#6096=ORIENTED_EDGE('',*,*,#4676,.T.);
#6097=ORIENTED_EDGE('',*,*,#4675,.T.);
#6098=ORIENTED_EDGE('',*,*,#4677,.F.);
#6099=ORIENTED_EDGE('',*,*,#4678,.F.);
#6100=ORIENTED_EDGE('',*,*,#4679,.T.);
#6101=ORIENTED_EDGE('',*,*,#4678,.T.);
#6102=ORIENTED_EDGE('',*,*,#4680,.F.);
#6103=ORIENTED_EDGE('',*,*,#4681,.F.);
#6104=ORIENTED_EDGE('',*,*,#4682,.T.);
#6105=ORIENTED_EDGE('',*,*,#4681,.T.);
#6106=ORIENTED_EDGE('',*,*,#4683,.F.);
#6107=ORIENTED_EDGE('',*,*,#4684,.F.);
#6108=ORIENTED_EDGE('',*,*,#4685,.T.);
#6109=ORIENTED_EDGE('',*,*,#4684,.T.);
#6110=ORIENTED_EDGE('',*,*,#4686,.F.);
#6111=ORIENTED_EDGE('',*,*,#4687,.F.);
#6112=ORIENTED_EDGE('',*,*,#4688,.T.);
#6113=ORIENTED_EDGE('',*,*,#4687,.T.);
#6114=ORIENTED_EDGE('',*,*,#4689,.F.);
#6115=ORIENTED_EDGE('',*,*,#4690,.F.);
#6116=ORIENTED_EDGE('',*,*,#4691,.T.);
#6117=ORIENTED_EDGE('',*,*,#4690,.T.);
#6118=ORIENTED_EDGE('',*,*,#4692,.F.);
#6119=ORIENTED_EDGE('',*,*,#4693,.F.);
#6120=ORIENTED_EDGE('',*,*,#4694,.T.);
#6121=ORIENTED_EDGE('',*,*,#4693,.T.);
#6122=ORIENTED_EDGE('',*,*,#4695,.F.);
#6123=ORIENTED_EDGE('',*,*,#4696,.F.);
#6124=ORIENTED_EDGE('',*,*,#4697,.T.);
#6125=ORIENTED_EDGE('',*,*,#4696,.T.);
#6126=ORIENTED_EDGE('',*,*,#4698,.F.);
#6127=ORIENTED_EDGE('',*,*,#4699,.F.);
#6128=ORIENTED_EDGE('',*,*,#4700,.T.);
#6129=ORIENTED_EDGE('',*,*,#4699,.T.);
#6130=ORIENTED_EDGE('',*,*,#4701,.F.);
#6131=ORIENTED_EDGE('',*,*,#4702,.F.);
#6132=ORIENTED_EDGE('',*,*,#4703,.T.);
#6133=ORIENTED_EDGE('',*,*,#4702,.T.);
#6134=ORIENTED_EDGE('',*,*,#4704,.F.);
#6135=ORIENTED_EDGE('',*,*,#4705,.F.);
#6136=ORIENTED_EDGE('',*,*,#4706,.T.);
#6137=ORIENTED_EDGE('',*,*,#4705,.T.);
#6138=ORIENTED_EDGE('',*,*,#4707,.F.);
#6139=ORIENTED_EDGE('',*,*,#4708,.F.);
#6140=ORIENTED_EDGE('',*,*,#4709,.T.);
#6141=ORIENTED_EDGE('',*,*,#4708,.T.);
#6142=ORIENTED_EDGE('',*,*,#4710,.F.);
#6143=ORIENTED_EDGE('',*,*,#4711,.F.);
#6144=ORIENTED_EDGE('',*,*,#4712,.T.);
#6145=ORIENTED_EDGE('',*,*,#4711,.T.);
#6146=ORIENTED_EDGE('',*,*,#4713,.F.);
#6147=ORIENTED_EDGE('',*,*,#4714,.F.);
#6148=ORIENTED_EDGE('',*,*,#4715,.T.);
#6149=ORIENTED_EDGE('',*,*,#4714,.T.);
#6150=ORIENTED_EDGE('',*,*,#4716,.F.);
#6151=ORIENTED_EDGE('',*,*,#4717,.F.);
#6152=ORIENTED_EDGE('',*,*,#4718,.T.);
#6153=ORIENTED_EDGE('',*,*,#4717,.T.);
#6154=ORIENTED_EDGE('',*,*,#4719,.F.);
#6155=ORIENTED_EDGE('',*,*,#4720,.F.);
#6156=ORIENTED_EDGE('',*,*,#4721,.T.);
#6157=ORIENTED_EDGE('',*,*,#4720,.T.);
#6158=ORIENTED_EDGE('',*,*,#4722,.F.);
#6159=ORIENTED_EDGE('',*,*,#4723,.F.);
#6160=ORIENTED_EDGE('',*,*,#4724,.T.);
#6161=ORIENTED_EDGE('',*,*,#4723,.T.);
#6162=ORIENTED_EDGE('',*,*,#4725,.F.);
#6163=ORIENTED_EDGE('',*,*,#4726,.F.);
#6164=ORIENTED_EDGE('',*,*,#4727,.T.);
#6165=ORIENTED_EDGE('',*,*,#4726,.T.);
#6166=ORIENTED_EDGE('',*,*,#4728,.F.);
#6167=ORIENTED_EDGE('',*,*,#4729,.F.);
#6168=ORIENTED_EDGE('',*,*,#4730,.T.);
#6169=ORIENTED_EDGE('',*,*,#4729,.T.);
#6170=ORIENTED_EDGE('',*,*,#4731,.F.);
#6171=ORIENTED_EDGE('',*,*,#4732,.F.);
#6172=ORIENTED_EDGE('',*,*,#4733,.T.);
#6173=ORIENTED_EDGE('',*,*,#4732,.T.);
#6174=ORIENTED_EDGE('',*,*,#4734,.F.);
#6175=ORIENTED_EDGE('',*,*,#4735,.F.);
#6176=ORIENTED_EDGE('',*,*,#4736,.T.);
#6177=ORIENTED_EDGE('',*,*,#4735,.T.);
#6178=ORIENTED_EDGE('',*,*,#4737,.F.);
#6179=ORIENTED_EDGE('',*,*,#4738,.F.);
#6180=ORIENTED_EDGE('',*,*,#4739,.T.);
#6181=ORIENTED_EDGE('',*,*,#4738,.T.);
#6182=ORIENTED_EDGE('',*,*,#4740,.F.);
#6183=ORIENTED_EDGE('',*,*,#4741,.F.);
#6184=ORIENTED_EDGE('',*,*,#4742,.T.);
#6185=ORIENTED_EDGE('',*,*,#4741,.T.);
#6186=ORIENTED_EDGE('',*,*,#4743,.F.);
#6187=ORIENTED_EDGE('',*,*,#4744,.F.);
#6188=ORIENTED_EDGE('',*,*,#4745,.T.);
#6189=ORIENTED_EDGE('',*,*,#4744,.T.);
#6190=ORIENTED_EDGE('',*,*,#4746,.F.);
#6191=ORIENTED_EDGE('',*,*,#4747,.F.);
#6192=ORIENTED_EDGE('',*,*,#4748,.T.);
#6193=ORIENTED_EDGE('',*,*,#4747,.T.);
#6194=ORIENTED_EDGE('',*,*,#4749,.F.);
#6195=ORIENTED_EDGE('',*,*,#4750,.F.);
#6196=ORIENTED_EDGE('',*,*,#4751,.T.);
#6197=ORIENTED_EDGE('',*,*,#4750,.T.);
#6198=ORIENTED_EDGE('',*,*,#4752,.F.);
#6199=ORIENTED_EDGE('',*,*,#4753,.F.);
#6200=ORIENTED_EDGE('',*,*,#4754,.T.);
#6201=ORIENTED_EDGE('',*,*,#4753,.T.);
#6202=ORIENTED_EDGE('',*,*,#4755,.F.);
#6203=ORIENTED_EDGE('',*,*,#4756,.F.);
#6204=ORIENTED_EDGE('',*,*,#4757,.T.);
#6205=ORIENTED_EDGE('',*,*,#4756,.T.);
#6206=ORIENTED_EDGE('',*,*,#4758,.F.);
#6207=ORIENTED_EDGE('',*,*,#4759,.F.);
#6208=ORIENTED_EDGE('',*,*,#4760,.T.);
#6209=ORIENTED_EDGE('',*,*,#4759,.T.);
#6210=ORIENTED_EDGE('',*,*,#4761,.F.);
#6211=ORIENTED_EDGE('',*,*,#4762,.F.);
#6212=ORIENTED_EDGE('',*,*,#4763,.T.);
#6213=ORIENTED_EDGE('',*,*,#4762,.T.);
#6214=ORIENTED_EDGE('',*,*,#4764,.F.);
#6215=ORIENTED_EDGE('',*,*,#4765,.F.);
#6216=ORIENTED_EDGE('',*,*,#4766,.T.);
#6217=ORIENTED_EDGE('',*,*,#4765,.T.);
#6218=ORIENTED_EDGE('',*,*,#4767,.F.);
#6219=ORIENTED_EDGE('',*,*,#4768,.F.);
#6220=ORIENTED_EDGE('',*,*,#4769,.T.);
#6221=ORIENTED_EDGE('',*,*,#4768,.T.);
#6222=ORIENTED_EDGE('',*,*,#4770,.F.);
#6223=ORIENTED_EDGE('',*,*,#4771,.F.);
#6224=ORIENTED_EDGE('',*,*,#4772,.T.);
#6225=ORIENTED_EDGE('',*,*,#4771,.T.);
#6226=ORIENTED_EDGE('',*,*,#4773,.F.);
#6227=ORIENTED_EDGE('',*,*,#4774,.F.);
#6228=ORIENTED_EDGE('',*,*,#4775,.T.);
#6229=ORIENTED_EDGE('',*,*,#4774,.T.);
#6230=ORIENTED_EDGE('',*,*,#4776,.F.);
#6231=ORIENTED_EDGE('',*,*,#4777,.F.);
#6232=ORIENTED_EDGE('',*,*,#4778,.T.);
#6233=ORIENTED_EDGE('',*,*,#4777,.T.);
#6234=ORIENTED_EDGE('',*,*,#4779,.F.);
#6235=ORIENTED_EDGE('',*,*,#4780,.F.);
#6236=ORIENTED_EDGE('',*,*,#4781,.T.);
#6237=ORIENTED_EDGE('',*,*,#4780,.T.);
#6238=ORIENTED_EDGE('',*,*,#4782,.F.);
#6239=ORIENTED_EDGE('',*,*,#4783,.F.);
#6240=ORIENTED_EDGE('',*,*,#4784,.T.);
#6241=ORIENTED_EDGE('',*,*,#4783,.T.);
#6242=ORIENTED_EDGE('',*,*,#4785,.F.);
#6243=ORIENTED_EDGE('',*,*,#4786,.F.);
#6244=ORIENTED_EDGE('',*,*,#4787,.T.);
#6245=ORIENTED_EDGE('',*,*,#4786,.T.);
#6246=ORIENTED_EDGE('',*,*,#4788,.F.);
#6247=ORIENTED_EDGE('',*,*,#4789,.F.);
#6248=ORIENTED_EDGE('',*,*,#4790,.T.);
#6249=ORIENTED_EDGE('',*,*,#4789,.T.);
#6250=ORIENTED_EDGE('',*,*,#4791,.F.);
#6251=ORIENTED_EDGE('',*,*,#4792,.F.);
#6252=ORIENTED_EDGE('',*,*,#4793,.T.);
#6253=ORIENTED_EDGE('',*,*,#4792,.T.);
#6254=ORIENTED_EDGE('',*,*,#4794,.F.);
#6255=ORIENTED_EDGE('',*,*,#4795,.F.);
#6256=ORIENTED_EDGE('',*,*,#4796,.T.);
#6257=ORIENTED_EDGE('',*,*,#4795,.T.);
#6258=ORIENTED_EDGE('',*,*,#4797,.F.);
#6259=ORIENTED_EDGE('',*,*,#4798,.F.);
#6260=ORIENTED_EDGE('',*,*,#4799,.T.);
#6261=ORIENTED_EDGE('',*,*,#4798,.T.);
#6262=ORIENTED_EDGE('',*,*,#4800,.F.);
#6263=ORIENTED_EDGE('',*,*,#4801,.F.);
#6264=ORIENTED_EDGE('',*,*,#4802,.T.);
#6265=ORIENTED_EDGE('',*,*,#4801,.T.);
#6266=ORIENTED_EDGE('',*,*,#4803,.F.);
#6267=ORIENTED_EDGE('',*,*,#4804,.F.);
#6268=ORIENTED_EDGE('',*,*,#4805,.T.);
#6269=ORIENTED_EDGE('',*,*,#4804,.T.);
#6270=ORIENTED_EDGE('',*,*,#4806,.F.);
#6271=ORIENTED_EDGE('',*,*,#4807,.F.);
#6272=ORIENTED_EDGE('',*,*,#4808,.T.);
#6273=ORIENTED_EDGE('',*,*,#4807,.T.);
#6274=ORIENTED_EDGE('',*,*,#4809,.F.);
#6275=ORIENTED_EDGE('',*,*,#4810,.F.);
#6276=ORIENTED_EDGE('',*,*,#4811,.T.);
#6277=ORIENTED_EDGE('',*,*,#4810,.T.);
#6278=ORIENTED_EDGE('',*,*,#4812,.F.);
#6279=ORIENTED_EDGE('',*,*,#4813,.F.);
#6280=ORIENTED_EDGE('',*,*,#4814,.T.);
#6281=ORIENTED_EDGE('',*,*,#4813,.T.);
#6282=ORIENTED_EDGE('',*,*,#4815,.F.);
#6283=ORIENTED_EDGE('',*,*,#4816,.F.);
#6284=ORIENTED_EDGE('',*,*,#4817,.T.);
#6285=ORIENTED_EDGE('',*,*,#4816,.T.);
#6286=ORIENTED_EDGE('',*,*,#4818,.F.);
#6287=ORIENTED_EDGE('',*,*,#4819,.F.);
#6288=ORIENTED_EDGE('',*,*,#4820,.T.);
#6289=ORIENTED_EDGE('',*,*,#4819,.T.);
#6290=ORIENTED_EDGE('',*,*,#4821,.F.);
#6291=ORIENTED_EDGE('',*,*,#4822,.F.);
#6292=ORIENTED_EDGE('',*,*,#4823,.T.);
#6293=ORIENTED_EDGE('',*,*,#4822,.T.);
#6294=ORIENTED_EDGE('',*,*,#4824,.F.);
#6295=ORIENTED_EDGE('',*,*,#4825,.F.);
#6296=ORIENTED_EDGE('',*,*,#4826,.T.);
#6297=ORIENTED_EDGE('',*,*,#4825,.T.);
#6298=ORIENTED_EDGE('',*,*,#4827,.F.);
#6299=ORIENTED_EDGE('',*,*,#4828,.F.);
#6300=ORIENTED_EDGE('',*,*,#4829,.T.);
#6301=ORIENTED_EDGE('',*,*,#4828,.T.);
#6302=ORIENTED_EDGE('',*,*,#4830,.F.);
#6303=ORIENTED_EDGE('',*,*,#4831,.F.);
#6304=ORIENTED_EDGE('',*,*,#4832,.T.);
#6305=ORIENTED_EDGE('',*,*,#4831,.T.);
#6306=ORIENTED_EDGE('',*,*,#4833,.F.);
#6307=ORIENTED_EDGE('',*,*,#4834,.F.);
#6308=ORIENTED_EDGE('',*,*,#4835,.T.);
#6309=ORIENTED_EDGE('',*,*,#4834,.T.);
#6310=ORIENTED_EDGE('',*,*,#4836,.F.);
#6311=ORIENTED_EDGE('',*,*,#4837,.F.);
#6312=ORIENTED_EDGE('',*,*,#4838,.T.);
#6313=ORIENTED_EDGE('',*,*,#4837,.T.);
#6314=ORIENTED_EDGE('',*,*,#4839,.F.);
#6315=ORIENTED_EDGE('',*,*,#4840,.F.);
#6316=ORIENTED_EDGE('',*,*,#4841,.T.);
#6317=ORIENTED_EDGE('',*,*,#4840,.T.);
#6318=ORIENTED_EDGE('',*,*,#4842,.F.);
#6319=ORIENTED_EDGE('',*,*,#4843,.F.);
#6320=ORIENTED_EDGE('',*,*,#4844,.T.);
#6321=ORIENTED_EDGE('',*,*,#4843,.T.);
#6322=ORIENTED_EDGE('',*,*,#4845,.F.);
#6323=ORIENTED_EDGE('',*,*,#4846,.F.);
#6324=ORIENTED_EDGE('',*,*,#4847,.T.);
#6325=ORIENTED_EDGE('',*,*,#4846,.T.);
#6326=ORIENTED_EDGE('',*,*,#4848,.F.);
#6327=ORIENTED_EDGE('',*,*,#4849,.F.);
#6328=ORIENTED_EDGE('',*,*,#4850,.T.);
#6329=ORIENTED_EDGE('',*,*,#4849,.T.);
#6330=ORIENTED_EDGE('',*,*,#4851,.F.);
#6331=ORIENTED_EDGE('',*,*,#4852,.F.);
#6332=ORIENTED_EDGE('',*,*,#4853,.T.);
#6333=ORIENTED_EDGE('',*,*,#4852,.T.);
#6334=ORIENTED_EDGE('',*,*,#4854,.F.);
#6335=ORIENTED_EDGE('',*,*,#4855,.F.);
#6336=ORIENTED_EDGE('',*,*,#4856,.T.);
#6337=ORIENTED_EDGE('',*,*,#4855,.T.);
#6338=ORIENTED_EDGE('',*,*,#4857,.F.);
#6339=ORIENTED_EDGE('',*,*,#4858,.F.);
#6340=ORIENTED_EDGE('',*,*,#4859,.T.);
#6341=ORIENTED_EDGE('',*,*,#4858,.T.);
#6342=ORIENTED_EDGE('',*,*,#4860,.F.);
#6343=ORIENTED_EDGE('',*,*,#4861,.F.);
#6344=ORIENTED_EDGE('',*,*,#4862,.T.);
#6345=ORIENTED_EDGE('',*,*,#4861,.T.);
#6346=ORIENTED_EDGE('',*,*,#4863,.F.);
#6347=ORIENTED_EDGE('',*,*,#4864,.F.);
#6348=ORIENTED_EDGE('',*,*,#4865,.T.);
#6349=ORIENTED_EDGE('',*,*,#4864,.T.);
#6350=ORIENTED_EDGE('',*,*,#4866,.F.);
#6351=ORIENTED_EDGE('',*,*,#4867,.F.);
#6352=ORIENTED_EDGE('',*,*,#4868,.T.);
#6353=ORIENTED_EDGE('',*,*,#4867,.T.);
#6354=ORIENTED_EDGE('',*,*,#4869,.F.);
#6355=ORIENTED_EDGE('',*,*,#4870,.F.);
#6356=ORIENTED_EDGE('',*,*,#4871,.T.);
#6357=ORIENTED_EDGE('',*,*,#4870,.T.);
#6358=ORIENTED_EDGE('',*,*,#4872,.F.);
#6359=ORIENTED_EDGE('',*,*,#4873,.F.);
#6360=ORIENTED_EDGE('',*,*,#4874,.T.);
#6361=ORIENTED_EDGE('',*,*,#4873,.T.);
#6362=ORIENTED_EDGE('',*,*,#4875,.F.);
#6363=ORIENTED_EDGE('',*,*,#4876,.F.);
#6364=ORIENTED_EDGE('',*,*,#4877,.T.);
#6365=ORIENTED_EDGE('',*,*,#4876,.T.);
#6366=ORIENTED_EDGE('',*,*,#4878,.F.);
#6367=ORIENTED_EDGE('',*,*,#4879,.F.);
#6368=ORIENTED_EDGE('',*,*,#4880,.T.);
#6369=ORIENTED_EDGE('',*,*,#4879,.T.);
#6370=ORIENTED_EDGE('',*,*,#4881,.F.);
#6371=ORIENTED_EDGE('',*,*,#4882,.F.);
#6372=ORIENTED_EDGE('',*,*,#4883,.T.);
#6373=ORIENTED_EDGE('',*,*,#4882,.T.);
#6374=ORIENTED_EDGE('',*,*,#4884,.F.);
#6375=ORIENTED_EDGE('',*,*,#4885,.F.);
#6376=ORIENTED_EDGE('',*,*,#4886,.T.);
#6377=ORIENTED_EDGE('',*,*,#4885,.T.);
#6378=ORIENTED_EDGE('',*,*,#4887,.F.);
#6379=ORIENTED_EDGE('',*,*,#4888,.F.);
#6380=ORIENTED_EDGE('',*,*,#4889,.T.);
#6381=ORIENTED_EDGE('',*,*,#4888,.T.);
#6382=ORIENTED_EDGE('',*,*,#4890,.F.);
#6383=ORIENTED_EDGE('',*,*,#4891,.F.);
#6384=ORIENTED_EDGE('',*,*,#4892,.T.);
#6385=ORIENTED_EDGE('',*,*,#4891,.T.);
#6386=ORIENTED_EDGE('',*,*,#4893,.F.);
#6387=ORIENTED_EDGE('',*,*,#4894,.F.);
#6388=ORIENTED_EDGE('',*,*,#4895,.T.);
#6389=ORIENTED_EDGE('',*,*,#4894,.T.);
#6390=ORIENTED_EDGE('',*,*,#4896,.F.);
#6391=ORIENTED_EDGE('',*,*,#4897,.F.);
#6392=ORIENTED_EDGE('',*,*,#4898,.T.);
#6393=ORIENTED_EDGE('',*,*,#4897,.T.);
#6394=ORIENTED_EDGE('',*,*,#4899,.F.);
#6395=ORIENTED_EDGE('',*,*,#4900,.F.);
#6396=ORIENTED_EDGE('',*,*,#4901,.T.);
#6397=ORIENTED_EDGE('',*,*,#4900,.T.);
#6398=ORIENTED_EDGE('',*,*,#4902,.F.);
#6399=ORIENTED_EDGE('',*,*,#4903,.F.);
#6400=ORIENTED_EDGE('',*,*,#4904,.T.);
#6401=ORIENTED_EDGE('',*,*,#4903,.T.);
#6402=ORIENTED_EDGE('',*,*,#4905,.F.);
#6403=ORIENTED_EDGE('',*,*,#4906,.F.);
#6404=ORIENTED_EDGE('',*,*,#4907,.T.);
#6405=ORIENTED_EDGE('',*,*,#4906,.T.);
#6406=ORIENTED_EDGE('',*,*,#4908,.F.);
#6407=ORIENTED_EDGE('',*,*,#4909,.F.);
#6408=ORIENTED_EDGE('',*,*,#4910,.T.);
#6409=ORIENTED_EDGE('',*,*,#4909,.T.);
#6410=ORIENTED_EDGE('',*,*,#4911,.F.);
#6411=ORIENTED_EDGE('',*,*,#4912,.F.);
#6412=ORIENTED_EDGE('',*,*,#4913,.T.);
#6413=ORIENTED_EDGE('',*,*,#4912,.T.);
#6414=ORIENTED_EDGE('',*,*,#4914,.F.);
#6415=ORIENTED_EDGE('',*,*,#4915,.F.);
#6416=ORIENTED_EDGE('',*,*,#4916,.T.);
#6417=ORIENTED_EDGE('',*,*,#4915,.T.);
#6418=ORIENTED_EDGE('',*,*,#4917,.F.);
#6419=ORIENTED_EDGE('',*,*,#4918,.F.);
#6420=ORIENTED_EDGE('',*,*,#4919,.T.);
#6421=ORIENTED_EDGE('',*,*,#4918,.T.);
#6422=ORIENTED_EDGE('',*,*,#4920,.F.);
#6423=ORIENTED_EDGE('',*,*,#4921,.F.);
#6424=ORIENTED_EDGE('',*,*,#4922,.T.);
#6425=ORIENTED_EDGE('',*,*,#4921,.T.);
#6426=ORIENTED_EDGE('',*,*,#4923,.F.);
#6427=ORIENTED_EDGE('',*,*,#4924,.F.);
#6428=ORIENTED_EDGE('',*,*,#4925,.T.);
#6429=ORIENTED_EDGE('',*,*,#4924,.T.);
#6430=ORIENTED_EDGE('',*,*,#4926,.F.);
#6431=ORIENTED_EDGE('',*,*,#4927,.F.);
#6432=ORIENTED_EDGE('',*,*,#4928,.T.);
#6433=ORIENTED_EDGE('',*,*,#4927,.T.);
#6434=ORIENTED_EDGE('',*,*,#4929,.F.);
#6435=ORIENTED_EDGE('',*,*,#4930,.F.);
#6436=ORIENTED_EDGE('',*,*,#4931,.T.);
#6437=ORIENTED_EDGE('',*,*,#4930,.T.);
#6438=ORIENTED_EDGE('',*,*,#4932,.F.);
#6439=ORIENTED_EDGE('',*,*,#4933,.F.);
#6440=ORIENTED_EDGE('',*,*,#4934,.T.);
#6441=ORIENTED_EDGE('',*,*,#4933,.T.);
#6442=ORIENTED_EDGE('',*,*,#4935,.F.);
#6443=ORIENTED_EDGE('',*,*,#4936,.F.);
#6444=ORIENTED_EDGE('',*,*,#4937,.T.);
#6445=ORIENTED_EDGE('',*,*,#4936,.T.);
#6446=ORIENTED_EDGE('',*,*,#4938,.F.);
#6447=ORIENTED_EDGE('',*,*,#4939,.F.);
#6448=ORIENTED_EDGE('',*,*,#4940,.T.);
#6449=ORIENTED_EDGE('',*,*,#4939,.T.);
#6450=ORIENTED_EDGE('',*,*,#4941,.F.);
#6451=ORIENTED_EDGE('',*,*,#4942,.F.);
#6452=ORIENTED_EDGE('',*,*,#4943,.T.);
#6453=ORIENTED_EDGE('',*,*,#4942,.T.);
#6454=ORIENTED_EDGE('',*,*,#4944,.F.);
#6455=ORIENTED_EDGE('',*,*,#4945,.F.);
#6456=ORIENTED_EDGE('',*,*,#4946,.T.);
#6457=ORIENTED_EDGE('',*,*,#4945,.T.);
#6458=ORIENTED_EDGE('',*,*,#4947,.F.);
#6459=ORIENTED_EDGE('',*,*,#4948,.F.);
#6460=ORIENTED_EDGE('',*,*,#4949,.T.);
#6461=ORIENTED_EDGE('',*,*,#4948,.T.);
#6462=ORIENTED_EDGE('',*,*,#4950,.F.);
#6463=ORIENTED_EDGE('',*,*,#4951,.F.);
#6464=ORIENTED_EDGE('',*,*,#4952,.T.);
#6465=ORIENTED_EDGE('',*,*,#4951,.T.);
#6466=ORIENTED_EDGE('',*,*,#4953,.F.);
#6467=ORIENTED_EDGE('',*,*,#4954,.F.);
#6468=ORIENTED_EDGE('',*,*,#4955,.T.);
#6469=ORIENTED_EDGE('',*,*,#4954,.T.);
#6470=ORIENTED_EDGE('',*,*,#4956,.F.);
#6471=ORIENTED_EDGE('',*,*,#4957,.F.);
#6472=ORIENTED_EDGE('',*,*,#4958,.T.);
#6473=ORIENTED_EDGE('',*,*,#4957,.T.);
#6474=ORIENTED_EDGE('',*,*,#4959,.F.);
#6475=ORIENTED_EDGE('',*,*,#4960,.F.);
#6476=ORIENTED_EDGE('',*,*,#4961,.T.);
#6477=ORIENTED_EDGE('',*,*,#4960,.T.);
#6478=ORIENTED_EDGE('',*,*,#4962,.F.);
#6479=ORIENTED_EDGE('',*,*,#4963,.F.);
#6480=ORIENTED_EDGE('',*,*,#4964,.T.);
#6481=ORIENTED_EDGE('',*,*,#4963,.T.);
#6482=ORIENTED_EDGE('',*,*,#4965,.F.);
#6483=ORIENTED_EDGE('',*,*,#4966,.F.);
#6484=ORIENTED_EDGE('',*,*,#4967,.T.);
#6485=ORIENTED_EDGE('',*,*,#4966,.T.);
#6486=ORIENTED_EDGE('',*,*,#4968,.F.);
#6487=ORIENTED_EDGE('',*,*,#4969,.F.);
#6488=ORIENTED_EDGE('',*,*,#4970,.T.);
#6489=ORIENTED_EDGE('',*,*,#4969,.T.);
#6490=ORIENTED_EDGE('',*,*,#4971,.F.);
#6491=ORIENTED_EDGE('',*,*,#4972,.F.);
#6492=ORIENTED_EDGE('',*,*,#4973,.T.);
#6493=ORIENTED_EDGE('',*,*,#4972,.T.);
#6494=ORIENTED_EDGE('',*,*,#4974,.F.);
#6495=ORIENTED_EDGE('',*,*,#4975,.F.);
#6496=ORIENTED_EDGE('',*,*,#4976,.T.);
#6497=ORIENTED_EDGE('',*,*,#4975,.T.);
#6498=ORIENTED_EDGE('',*,*,#4977,.F.);
#6499=ORIENTED_EDGE('',*,*,#4978,.F.);
#6500=ORIENTED_EDGE('',*,*,#4979,.T.);
#6501=ORIENTED_EDGE('',*,*,#4978,.T.);
#6502=ORIENTED_EDGE('',*,*,#4980,.F.);
#6503=ORIENTED_EDGE('',*,*,#4981,.F.);
#6504=ORIENTED_EDGE('',*,*,#4982,.T.);
#6505=ORIENTED_EDGE('',*,*,#4981,.T.);
#6506=ORIENTED_EDGE('',*,*,#4983,.F.);
#6507=ORIENTED_EDGE('',*,*,#4984,.F.);
#6508=ORIENTED_EDGE('',*,*,#4985,.T.);
#6509=ORIENTED_EDGE('',*,*,#4984,.T.);
#6510=ORIENTED_EDGE('',*,*,#4986,.F.);
#6511=ORIENTED_EDGE('',*,*,#4987,.F.);
#6512=ORIENTED_EDGE('',*,*,#4988,.T.);
#6513=ORIENTED_EDGE('',*,*,#4987,.T.);
#6514=ORIENTED_EDGE('',*,*,#4989,.F.);
#6515=ORIENTED_EDGE('',*,*,#4990,.F.);
#6516=ORIENTED_EDGE('',*,*,#4991,.T.);
#6517=ORIENTED_EDGE('',*,*,#4990,.T.);
#6518=ORIENTED_EDGE('',*,*,#4992,.F.);
#6519=ORIENTED_EDGE('',*,*,#4993,.F.);
#6520=ORIENTED_EDGE('',*,*,#4994,.T.);
#6521=ORIENTED_EDGE('',*,*,#4993,.T.);
#6522=ORIENTED_EDGE('',*,*,#4995,.F.);
#6523=ORIENTED_EDGE('',*,*,#4996,.F.);
#6524=ORIENTED_EDGE('',*,*,#4997,.T.);
#6525=ORIENTED_EDGE('',*,*,#4996,.T.);
#6526=ORIENTED_EDGE('',*,*,#4998,.F.);
#6527=ORIENTED_EDGE('',*,*,#4999,.F.);
#6528=ORIENTED_EDGE('',*,*,#5000,.T.);
#6529=ORIENTED_EDGE('',*,*,#4999,.T.);
#6530=ORIENTED_EDGE('',*,*,#5001,.F.);
#6531=ORIENTED_EDGE('',*,*,#5002,.F.);
#6532=ORIENTED_EDGE('',*,*,#5003,.T.);
#6533=ORIENTED_EDGE('',*,*,#5002,.T.);
#6534=ORIENTED_EDGE('',*,*,#5004,.F.);
#6535=ORIENTED_EDGE('',*,*,#5005,.F.);
#6536=ORIENTED_EDGE('',*,*,#5006,.T.);
#6537=ORIENTED_EDGE('',*,*,#5005,.T.);
#6538=ORIENTED_EDGE('',*,*,#5007,.F.);
#6539=ORIENTED_EDGE('',*,*,#5008,.F.);
#6540=ORIENTED_EDGE('',*,*,#5009,.T.);
#6541=ORIENTED_EDGE('',*,*,#5008,.T.);
#6542=ORIENTED_EDGE('',*,*,#5010,.F.);
#6543=ORIENTED_EDGE('',*,*,#5011,.F.);
#6544=ORIENTED_EDGE('',*,*,#5012,.T.);
#6545=ORIENTED_EDGE('',*,*,#5011,.T.);
#6546=ORIENTED_EDGE('',*,*,#5013,.F.);
#6547=ORIENTED_EDGE('',*,*,#5014,.F.);
#6548=ORIENTED_EDGE('',*,*,#5015,.T.);
#6549=ORIENTED_EDGE('',*,*,#5014,.T.);
#6550=ORIENTED_EDGE('',*,*,#5016,.F.);
#6551=ORIENTED_EDGE('',*,*,#5017,.F.);
#6552=ORIENTED_EDGE('',*,*,#5018,.T.);
#6553=ORIENTED_EDGE('',*,*,#5017,.T.);
#6554=ORIENTED_EDGE('',*,*,#5019,.F.);
#6555=ORIENTED_EDGE('',*,*,#5020,.F.);
#6556=ORIENTED_EDGE('',*,*,#5021,.T.);
#6557=ORIENTED_EDGE('',*,*,#5020,.T.);
#6558=ORIENTED_EDGE('',*,*,#5022,.F.);
#6559=ORIENTED_EDGE('',*,*,#5023,.F.);
#6560=ORIENTED_EDGE('',*,*,#5024,.T.);
#6561=ORIENTED_EDGE('',*,*,#5023,.T.);
#6562=ORIENTED_EDGE('',*,*,#5025,.F.);
#6563=ORIENTED_EDGE('',*,*,#5026,.F.);
#6564=ORIENTED_EDGE('',*,*,#5027,.T.);
#6565=ORIENTED_EDGE('',*,*,#5026,.T.);
#6566=ORIENTED_EDGE('',*,*,#5028,.F.);
#6567=ORIENTED_EDGE('',*,*,#5029,.F.);
#6568=ORIENTED_EDGE('',*,*,#5030,.T.);
#6569=ORIENTED_EDGE('',*,*,#5029,.T.);
#6570=ORIENTED_EDGE('',*,*,#5031,.F.);
#6571=ORIENTED_EDGE('',*,*,#5032,.F.);
#6572=ORIENTED_EDGE('',*,*,#5033,.T.);
#6573=ORIENTED_EDGE('',*,*,#5032,.T.);
#6574=ORIENTED_EDGE('',*,*,#5034,.F.);
#6575=ORIENTED_EDGE('',*,*,#5035,.F.);
#6576=ORIENTED_EDGE('',*,*,#5036,.T.);
#6577=ORIENTED_EDGE('',*,*,#5035,.T.);
#6578=ORIENTED_EDGE('',*,*,#5037,.F.);
#6579=ORIENTED_EDGE('',*,*,#5038,.F.);
#6580=ORIENTED_EDGE('',*,*,#5039,.T.);
#6581=ORIENTED_EDGE('',*,*,#5038,.T.);
#6582=ORIENTED_EDGE('',*,*,#5040,.F.);
#6583=ORIENTED_EDGE('',*,*,#5041,.F.);
#6584=ORIENTED_EDGE('',*,*,#5042,.T.);
#6585=ORIENTED_EDGE('',*,*,#5041,.T.);
#6586=ORIENTED_EDGE('',*,*,#5043,.F.);
#6587=ORIENTED_EDGE('',*,*,#5044,.F.);
#6588=ORIENTED_EDGE('',*,*,#5045,.T.);
#6589=ORIENTED_EDGE('',*,*,#5044,.T.);
#6590=ORIENTED_EDGE('',*,*,#5046,.F.);
#6591=ORIENTED_EDGE('',*,*,#5047,.F.);
#6592=ORIENTED_EDGE('',*,*,#5048,.T.);
#6593=ORIENTED_EDGE('',*,*,#5047,.T.);
#6594=ORIENTED_EDGE('',*,*,#5049,.F.);
#6595=ORIENTED_EDGE('',*,*,#5050,.F.);
#6596=ORIENTED_EDGE('',*,*,#5051,.T.);
#6597=ORIENTED_EDGE('',*,*,#5050,.T.);
#6598=ORIENTED_EDGE('',*,*,#5052,.F.);
#6599=ORIENTED_EDGE('',*,*,#5053,.F.);
#6600=ORIENTED_EDGE('',*,*,#5054,.T.);
#6601=ORIENTED_EDGE('',*,*,#5053,.T.);
#6602=ORIENTED_EDGE('',*,*,#5055,.F.);
#6603=ORIENTED_EDGE('',*,*,#5056,.F.);
#6604=ORIENTED_EDGE('',*,*,#5057,.T.);
#6605=ORIENTED_EDGE('',*,*,#5056,.T.);
#6606=ORIENTED_EDGE('',*,*,#5058,.F.);
#6607=ORIENTED_EDGE('',*,*,#5059,.F.);
#6608=ORIENTED_EDGE('',*,*,#5060,.T.);
#6609=ORIENTED_EDGE('',*,*,#5059,.T.);
#6610=ORIENTED_EDGE('',*,*,#5061,.F.);
#6611=ORIENTED_EDGE('',*,*,#5062,.F.);
#6612=ORIENTED_EDGE('',*,*,#5063,.T.);
#6613=ORIENTED_EDGE('',*,*,#5062,.T.);
#6614=ORIENTED_EDGE('',*,*,#5064,.F.);
#6615=ORIENTED_EDGE('',*,*,#5065,.F.);
#6616=ORIENTED_EDGE('',*,*,#5066,.T.);
#6617=ORIENTED_EDGE('',*,*,#5065,.T.);
#6618=ORIENTED_EDGE('',*,*,#5067,.F.);
#6619=ORIENTED_EDGE('',*,*,#5068,.F.);
#6620=ORIENTED_EDGE('',*,*,#5069,.T.);
#6621=ORIENTED_EDGE('',*,*,#5068,.T.);
#6622=ORIENTED_EDGE('',*,*,#5070,.F.);
#6623=ORIENTED_EDGE('',*,*,#5071,.F.);
#6624=ORIENTED_EDGE('',*,*,#5072,.T.);
#6625=ORIENTED_EDGE('',*,*,#5071,.T.);
#6626=ORIENTED_EDGE('',*,*,#5073,.F.);
#6627=ORIENTED_EDGE('',*,*,#5074,.F.);
#6628=ORIENTED_EDGE('',*,*,#5075,.T.);
#6629=ORIENTED_EDGE('',*,*,#5074,.T.);
#6630=ORIENTED_EDGE('',*,*,#5076,.F.);
#6631=ORIENTED_EDGE('',*,*,#5077,.F.);
#6632=ORIENTED_EDGE('',*,*,#5078,.T.);
#6633=ORIENTED_EDGE('',*,*,#5077,.T.);
#6634=ORIENTED_EDGE('',*,*,#5079,.F.);
#6635=ORIENTED_EDGE('',*,*,#5080,.F.);
#6636=ORIENTED_EDGE('',*,*,#5081,.T.);
#6637=ORIENTED_EDGE('',*,*,#5080,.T.);
#6638=ORIENTED_EDGE('',*,*,#5082,.F.);
#6639=ORIENTED_EDGE('',*,*,#5083,.F.);
#6640=ORIENTED_EDGE('',*,*,#5084,.T.);
#6641=ORIENTED_EDGE('',*,*,#5083,.T.);
#6642=ORIENTED_EDGE('',*,*,#5085,.F.);
#6643=ORIENTED_EDGE('',*,*,#5086,.F.);
#6644=ORIENTED_EDGE('',*,*,#5087,.T.);
#6645=ORIENTED_EDGE('',*,*,#5086,.T.);
#6646=ORIENTED_EDGE('',*,*,#5088,.F.);
#6647=ORIENTED_EDGE('',*,*,#5089,.F.);
#6648=ORIENTED_EDGE('',*,*,#5090,.T.);
#6649=ORIENTED_EDGE('',*,*,#5089,.T.);
#6650=ORIENTED_EDGE('',*,*,#5091,.F.);
#6651=ORIENTED_EDGE('',*,*,#3941,.F.);
#6652=ORIENTED_EDGE('',*,*,#5091,.T.);
#6653=ORIENTED_EDGE('',*,*,#5088,.T.);
#6654=ORIENTED_EDGE('',*,*,#5085,.T.);
#6655=ORIENTED_EDGE('',*,*,#5082,.T.);
#6656=ORIENTED_EDGE('',*,*,#5079,.T.);
#6657=ORIENTED_EDGE('',*,*,#5076,.T.);
#6658=ORIENTED_EDGE('',*,*,#5073,.T.);
#6659=ORIENTED_EDGE('',*,*,#5070,.T.);
#6660=ORIENTED_EDGE('',*,*,#5067,.T.);
#6661=ORIENTED_EDGE('',*,*,#5064,.T.);
#6662=ORIENTED_EDGE('',*,*,#5061,.T.);
#6663=ORIENTED_EDGE('',*,*,#5058,.T.);
#6664=ORIENTED_EDGE('',*,*,#5055,.T.);
#6665=ORIENTED_EDGE('',*,*,#5052,.T.);
#6666=ORIENTED_EDGE('',*,*,#5049,.T.);
#6667=ORIENTED_EDGE('',*,*,#5046,.T.);
#6668=ORIENTED_EDGE('',*,*,#5043,.T.);
#6669=ORIENTED_EDGE('',*,*,#5040,.T.);
#6670=ORIENTED_EDGE('',*,*,#5037,.T.);
#6671=ORIENTED_EDGE('',*,*,#5034,.T.);
#6672=ORIENTED_EDGE('',*,*,#5031,.T.);
#6673=ORIENTED_EDGE('',*,*,#5028,.T.);
#6674=ORIENTED_EDGE('',*,*,#5025,.T.);
#6675=ORIENTED_EDGE('',*,*,#5022,.T.);
#6676=ORIENTED_EDGE('',*,*,#5019,.T.);
#6677=ORIENTED_EDGE('',*,*,#5016,.T.);
#6678=ORIENTED_EDGE('',*,*,#5013,.T.);
#6679=ORIENTED_EDGE('',*,*,#5010,.T.);
#6680=ORIENTED_EDGE('',*,*,#5007,.T.);
#6681=ORIENTED_EDGE('',*,*,#5004,.T.);
#6682=ORIENTED_EDGE('',*,*,#5001,.T.);
#6683=ORIENTED_EDGE('',*,*,#4998,.T.);
#6684=ORIENTED_EDGE('',*,*,#4995,.T.);
#6685=ORIENTED_EDGE('',*,*,#4992,.T.);
#6686=ORIENTED_EDGE('',*,*,#4989,.T.);
#6687=ORIENTED_EDGE('',*,*,#4986,.T.);
#6688=ORIENTED_EDGE('',*,*,#4983,.T.);
#6689=ORIENTED_EDGE('',*,*,#4980,.T.);
#6690=ORIENTED_EDGE('',*,*,#4977,.T.);
#6691=ORIENTED_EDGE('',*,*,#4974,.T.);
#6692=ORIENTED_EDGE('',*,*,#4971,.T.);
#6693=ORIENTED_EDGE('',*,*,#4968,.T.);
#6694=ORIENTED_EDGE('',*,*,#4965,.T.);
#6695=ORIENTED_EDGE('',*,*,#4962,.T.);
#6696=ORIENTED_EDGE('',*,*,#4959,.T.);
#6697=ORIENTED_EDGE('',*,*,#4956,.T.);
#6698=ORIENTED_EDGE('',*,*,#4953,.T.);
#6699=ORIENTED_EDGE('',*,*,#4950,.T.);
#6700=ORIENTED_EDGE('',*,*,#4947,.T.);
#6701=ORIENTED_EDGE('',*,*,#4944,.T.);
#6702=ORIENTED_EDGE('',*,*,#4941,.T.);
#6703=ORIENTED_EDGE('',*,*,#4938,.T.);
#6704=ORIENTED_EDGE('',*,*,#4935,.T.);
#6705=ORIENTED_EDGE('',*,*,#4932,.T.);
#6706=ORIENTED_EDGE('',*,*,#4929,.T.);
#6707=ORIENTED_EDGE('',*,*,#4926,.T.);
#6708=ORIENTED_EDGE('',*,*,#4923,.T.);
#6709=ORIENTED_EDGE('',*,*,#4920,.T.);
#6710=ORIENTED_EDGE('',*,*,#4917,.T.);
#6711=ORIENTED_EDGE('',*,*,#4914,.T.);
#6712=ORIENTED_EDGE('',*,*,#4911,.T.);
#6713=ORIENTED_EDGE('',*,*,#4908,.T.);
#6714=ORIENTED_EDGE('',*,*,#4905,.T.);
#6715=ORIENTED_EDGE('',*,*,#4902,.T.);
#6716=ORIENTED_EDGE('',*,*,#4899,.T.);
#6717=ORIENTED_EDGE('',*,*,#4896,.T.);
#6718=ORIENTED_EDGE('',*,*,#4893,.T.);
#6719=ORIENTED_EDGE('',*,*,#4890,.T.);
#6720=ORIENTED_EDGE('',*,*,#4887,.T.);
#6721=ORIENTED_EDGE('',*,*,#4884,.T.);
#6722=ORIENTED_EDGE('',*,*,#4881,.T.);
#6723=ORIENTED_EDGE('',*,*,#4878,.T.);
#6724=ORIENTED_EDGE('',*,*,#4875,.T.);
#6725=ORIENTED_EDGE('',*,*,#4872,.T.);
#6726=ORIENTED_EDGE('',*,*,#4869,.T.);
#6727=ORIENTED_EDGE('',*,*,#4866,.T.);
#6728=ORIENTED_EDGE('',*,*,#4863,.T.);
#6729=ORIENTED_EDGE('',*,*,#4860,.T.);
#6730=ORIENTED_EDGE('',*,*,#4857,.T.);
#6731=ORIENTED_EDGE('',*,*,#4854,.T.);
#6732=ORIENTED_EDGE('',*,*,#4851,.T.);
#6733=ORIENTED_EDGE('',*,*,#4848,.T.);
#6734=ORIENTED_EDGE('',*,*,#4845,.T.);
#6735=ORIENTED_EDGE('',*,*,#4842,.T.);
#6736=ORIENTED_EDGE('',*,*,#4839,.T.);
#6737=ORIENTED_EDGE('',*,*,#4836,.T.);
#6738=ORIENTED_EDGE('',*,*,#4833,.T.);
#6739=ORIENTED_EDGE('',*,*,#4830,.T.);
#6740=ORIENTED_EDGE('',*,*,#4827,.T.);
#6741=ORIENTED_EDGE('',*,*,#4824,.T.);
#6742=ORIENTED_EDGE('',*,*,#4821,.T.);
#6743=ORIENTED_EDGE('',*,*,#4818,.T.);
#6744=ORIENTED_EDGE('',*,*,#4815,.T.);
#6745=ORIENTED_EDGE('',*,*,#4812,.T.);
#6746=ORIENTED_EDGE('',*,*,#4809,.T.);
#6747=ORIENTED_EDGE('',*,*,#4806,.T.);
#6748=ORIENTED_EDGE('',*,*,#4803,.T.);
#6749=ORIENTED_EDGE('',*,*,#4800,.T.);
#6750=ORIENTED_EDGE('',*,*,#4797,.T.);
#6751=ORIENTED_EDGE('',*,*,#4794,.T.);
#6752=ORIENTED_EDGE('',*,*,#4791,.T.);
#6753=ORIENTED_EDGE('',*,*,#4788,.T.);
#6754=ORIENTED_EDGE('',*,*,#4785,.T.);
#6755=ORIENTED_EDGE('',*,*,#4782,.T.);
#6756=ORIENTED_EDGE('',*,*,#4779,.T.);
#6757=ORIENTED_EDGE('',*,*,#4776,.T.);
#6758=ORIENTED_EDGE('',*,*,#4773,.T.);
#6759=ORIENTED_EDGE('',*,*,#4770,.T.);
#6760=ORIENTED_EDGE('',*,*,#4767,.T.);
#6761=ORIENTED_EDGE('',*,*,#4764,.T.);
#6762=ORIENTED_EDGE('',*,*,#4761,.T.);
#6763=ORIENTED_EDGE('',*,*,#4758,.T.);
#6764=ORIENTED_EDGE('',*,*,#4755,.T.);
#6765=ORIENTED_EDGE('',*,*,#4752,.T.);
#6766=ORIENTED_EDGE('',*,*,#4749,.T.);
#6767=ORIENTED_EDGE('',*,*,#4746,.T.);
#6768=ORIENTED_EDGE('',*,*,#4743,.T.);
#6769=ORIENTED_EDGE('',*,*,#4740,.T.);
#6770=ORIENTED_EDGE('',*,*,#4737,.T.);
#6771=ORIENTED_EDGE('',*,*,#4734,.T.);
#6772=ORIENTED_EDGE('',*,*,#4731,.T.);
#6773=ORIENTED_EDGE('',*,*,#4728,.T.);
#6774=ORIENTED_EDGE('',*,*,#4725,.T.);
#6775=ORIENTED_EDGE('',*,*,#4722,.T.);
#6776=ORIENTED_EDGE('',*,*,#4719,.T.);
#6777=ORIENTED_EDGE('',*,*,#4716,.T.);
#6778=ORIENTED_EDGE('',*,*,#4713,.T.);
#6779=ORIENTED_EDGE('',*,*,#4710,.T.);
#6780=ORIENTED_EDGE('',*,*,#4707,.T.);
#6781=ORIENTED_EDGE('',*,*,#4704,.T.);
#6782=ORIENTED_EDGE('',*,*,#4701,.T.);
#6783=ORIENTED_EDGE('',*,*,#4698,.T.);
#6784=ORIENTED_EDGE('',*,*,#4695,.T.);
#6785=ORIENTED_EDGE('',*,*,#4692,.T.);
#6786=ORIENTED_EDGE('',*,*,#4689,.T.);
#6787=ORIENTED_EDGE('',*,*,#4686,.T.);
#6788=ORIENTED_EDGE('',*,*,#4683,.T.);
#6789=ORIENTED_EDGE('',*,*,#4680,.T.);
#6790=ORIENTED_EDGE('',*,*,#4677,.T.);
#6791=ORIENTED_EDGE('',*,*,#4674,.T.);
#6792=ORIENTED_EDGE('',*,*,#4671,.T.);
#6793=ORIENTED_EDGE('',*,*,#4668,.T.);
#6794=ORIENTED_EDGE('',*,*,#4665,.T.);
#6795=ORIENTED_EDGE('',*,*,#4662,.T.);
#6796=ORIENTED_EDGE('',*,*,#4659,.T.);
#6797=ORIENTED_EDGE('',*,*,#4656,.T.);
#6798=ORIENTED_EDGE('',*,*,#4653,.T.);
#6799=ORIENTED_EDGE('',*,*,#4650,.T.);
#6800=ORIENTED_EDGE('',*,*,#4647,.T.);
#6801=ORIENTED_EDGE('',*,*,#4644,.T.);
#6802=ORIENTED_EDGE('',*,*,#4641,.T.);
#6803=ORIENTED_EDGE('',*,*,#4638,.T.);
#6804=ORIENTED_EDGE('',*,*,#4635,.T.);
#6805=ORIENTED_EDGE('',*,*,#4632,.T.);
#6806=ORIENTED_EDGE('',*,*,#4629,.T.);
#6807=ORIENTED_EDGE('',*,*,#4626,.T.);
#6808=ORIENTED_EDGE('',*,*,#4623,.T.);
#6809=ORIENTED_EDGE('',*,*,#4620,.T.);
#6810=ORIENTED_EDGE('',*,*,#4617,.T.);
#6811=ORIENTED_EDGE('',*,*,#4614,.T.);
#6812=ORIENTED_EDGE('',*,*,#4611,.T.);
#6813=ORIENTED_EDGE('',*,*,#4608,.T.);
#6814=ORIENTED_EDGE('',*,*,#4605,.T.);
#6815=ORIENTED_EDGE('',*,*,#4602,.T.);
#6816=ORIENTED_EDGE('',*,*,#4599,.T.);
#6817=ORIENTED_EDGE('',*,*,#4596,.T.);
#6818=ORIENTED_EDGE('',*,*,#4593,.T.);
#6819=ORIENTED_EDGE('',*,*,#4590,.T.);
#6820=ORIENTED_EDGE('',*,*,#4587,.T.);
#6821=ORIENTED_EDGE('',*,*,#4584,.T.);
#6822=ORIENTED_EDGE('',*,*,#4581,.T.);
#6823=ORIENTED_EDGE('',*,*,#4578,.T.);
#6824=ORIENTED_EDGE('',*,*,#4575,.T.);
#6825=ORIENTED_EDGE('',*,*,#4572,.T.);
#6826=ORIENTED_EDGE('',*,*,#4569,.T.);
#6827=ORIENTED_EDGE('',*,*,#4566,.T.);
#6828=ORIENTED_EDGE('',*,*,#4563,.T.);
#6829=ORIENTED_EDGE('',*,*,#4560,.T.);
#6830=ORIENTED_EDGE('',*,*,#4557,.T.);
#6831=ORIENTED_EDGE('',*,*,#4554,.T.);
#6832=ORIENTED_EDGE('',*,*,#4551,.T.);
#6833=ORIENTED_EDGE('',*,*,#4548,.T.);
#6834=ORIENTED_EDGE('',*,*,#4545,.T.);
#6835=ORIENTED_EDGE('',*,*,#4542,.T.);
#6836=ORIENTED_EDGE('',*,*,#4539,.T.);
#6837=ORIENTED_EDGE('',*,*,#4536,.T.);
#6838=ORIENTED_EDGE('',*,*,#4533,.T.);
#6839=ORIENTED_EDGE('',*,*,#4530,.T.);
#6840=ORIENTED_EDGE('',*,*,#4527,.T.);
#6841=ORIENTED_EDGE('',*,*,#4524,.T.);
#6842=ORIENTED_EDGE('',*,*,#4521,.T.);
#6843=ORIENTED_EDGE('',*,*,#4518,.T.);
#6844=ORIENTED_EDGE('',*,*,#4515,.T.);
#6845=ORIENTED_EDGE('',*,*,#4512,.T.);
#6846=ORIENTED_EDGE('',*,*,#4509,.T.);
#6847=ORIENTED_EDGE('',*,*,#4506,.T.);
#6848=ORIENTED_EDGE('',*,*,#4503,.T.);
#6849=ORIENTED_EDGE('',*,*,#4500,.T.);
#6850=ORIENTED_EDGE('',*,*,#4497,.T.);
#6851=ORIENTED_EDGE('',*,*,#4494,.T.);
#6852=ORIENTED_EDGE('',*,*,#4491,.T.);
#6853=ORIENTED_EDGE('',*,*,#4488,.T.);
#6854=ORIENTED_EDGE('',*,*,#4485,.T.);
#6855=ORIENTED_EDGE('',*,*,#4482,.T.);
#6856=ORIENTED_EDGE('',*,*,#4479,.T.);
#6857=ORIENTED_EDGE('',*,*,#4476,.T.);
#6858=ORIENTED_EDGE('',*,*,#4473,.T.);
#6859=ORIENTED_EDGE('',*,*,#4470,.T.);
#6860=ORIENTED_EDGE('',*,*,#4467,.T.);
#6861=ORIENTED_EDGE('',*,*,#4464,.T.);
#6862=ORIENTED_EDGE('',*,*,#4461,.T.);
#6863=ORIENTED_EDGE('',*,*,#4458,.T.);
#6864=ORIENTED_EDGE('',*,*,#4455,.T.);
#6865=ORIENTED_EDGE('',*,*,#4452,.T.);
#6866=ORIENTED_EDGE('',*,*,#4449,.T.);
#6867=ORIENTED_EDGE('',*,*,#4446,.T.);
#6868=ORIENTED_EDGE('',*,*,#4443,.T.);
#6869=ORIENTED_EDGE('',*,*,#4440,.T.);
#6870=ORIENTED_EDGE('',*,*,#4437,.T.);
#6871=ORIENTED_EDGE('',*,*,#4434,.T.);
#6872=ORIENTED_EDGE('',*,*,#4431,.T.);
#6873=ORIENTED_EDGE('',*,*,#4428,.T.);
#6874=ORIENTED_EDGE('',*,*,#4425,.T.);
#6875=ORIENTED_EDGE('',*,*,#4422,.T.);
#6876=ORIENTED_EDGE('',*,*,#4419,.T.);
#6877=ORIENTED_EDGE('',*,*,#4416,.T.);
#6878=ORIENTED_EDGE('',*,*,#4413,.T.);
#6879=ORIENTED_EDGE('',*,*,#4410,.T.);
#6880=ORIENTED_EDGE('',*,*,#4407,.T.);
#6881=ORIENTED_EDGE('',*,*,#4404,.T.);
#6882=ORIENTED_EDGE('',*,*,#4401,.T.);
#6883=ORIENTED_EDGE('',*,*,#4398,.T.);
#6884=ORIENTED_EDGE('',*,*,#4395,.T.);
#6885=ORIENTED_EDGE('',*,*,#4392,.T.);
#6886=ORIENTED_EDGE('',*,*,#4389,.T.);
#6887=ORIENTED_EDGE('',*,*,#4386,.T.);
#6888=ORIENTED_EDGE('',*,*,#4383,.T.);
#6889=ORIENTED_EDGE('',*,*,#4380,.T.);
#6890=ORIENTED_EDGE('',*,*,#4377,.T.);
#6891=ORIENTED_EDGE('',*,*,#4374,.T.);
#6892=ORIENTED_EDGE('',*,*,#4371,.T.);
#6893=ORIENTED_EDGE('',*,*,#4368,.T.);
#6894=ORIENTED_EDGE('',*,*,#4365,.T.);
#6895=ORIENTED_EDGE('',*,*,#4362,.T.);
#6896=ORIENTED_EDGE('',*,*,#4359,.T.);
#6897=ORIENTED_EDGE('',*,*,#4356,.T.);
#6898=ORIENTED_EDGE('',*,*,#4353,.T.);
#6899=ORIENTED_EDGE('',*,*,#4350,.T.);
#6900=ORIENTED_EDGE('',*,*,#4347,.T.);
#6901=ORIENTED_EDGE('',*,*,#4344,.T.);
#6902=ORIENTED_EDGE('',*,*,#4341,.T.);
#6903=ORIENTED_EDGE('',*,*,#4338,.T.);
#6904=ORIENTED_EDGE('',*,*,#4335,.T.);
#6905=ORIENTED_EDGE('',*,*,#4332,.T.);
#6906=ORIENTED_EDGE('',*,*,#4329,.T.);
#6907=ORIENTED_EDGE('',*,*,#4326,.T.);
#6908=ORIENTED_EDGE('',*,*,#4323,.T.);
#6909=ORIENTED_EDGE('',*,*,#4320,.T.);
#6910=ORIENTED_EDGE('',*,*,#4317,.T.);
#6911=ORIENTED_EDGE('',*,*,#4314,.T.);
#6912=ORIENTED_EDGE('',*,*,#4311,.T.);
#6913=ORIENTED_EDGE('',*,*,#4308,.T.);
#6914=ORIENTED_EDGE('',*,*,#4305,.T.);
#6915=ORIENTED_EDGE('',*,*,#4302,.T.);
#6916=ORIENTED_EDGE('',*,*,#4299,.T.);
#6917=ORIENTED_EDGE('',*,*,#4296,.T.);
#6918=ORIENTED_EDGE('',*,*,#4293,.T.);
#6919=ORIENTED_EDGE('',*,*,#4290,.T.);
#6920=ORIENTED_EDGE('',*,*,#4287,.T.);
#6921=ORIENTED_EDGE('',*,*,#4284,.T.);
#6922=ORIENTED_EDGE('',*,*,#4281,.T.);
#6923=ORIENTED_EDGE('',*,*,#4278,.T.);
#6924=ORIENTED_EDGE('',*,*,#4275,.T.);
#6925=ORIENTED_EDGE('',*,*,#4272,.T.);
#6926=ORIENTED_EDGE('',*,*,#4269,.T.);
#6927=ORIENTED_EDGE('',*,*,#4266,.T.);
#6928=ORIENTED_EDGE('',*,*,#4263,.T.);
#6929=ORIENTED_EDGE('',*,*,#4260,.T.);
#6930=ORIENTED_EDGE('',*,*,#4257,.T.);
#6931=ORIENTED_EDGE('',*,*,#4254,.T.);
#6932=ORIENTED_EDGE('',*,*,#4251,.T.);
#6933=ORIENTED_EDGE('',*,*,#4248,.T.);
#6934=ORIENTED_EDGE('',*,*,#4245,.T.);
#6935=ORIENTED_EDGE('',*,*,#4242,.T.);
#6936=ORIENTED_EDGE('',*,*,#4239,.T.);
#6937=ORIENTED_EDGE('',*,*,#4236,.T.);
#6938=ORIENTED_EDGE('',*,*,#4233,.T.);
#6939=ORIENTED_EDGE('',*,*,#4230,.T.);
#6940=ORIENTED_EDGE('',*,*,#4227,.T.);
#6941=ORIENTED_EDGE('',*,*,#4224,.T.);
#6942=ORIENTED_EDGE('',*,*,#4221,.T.);
#6943=ORIENTED_EDGE('',*,*,#4218,.T.);
#6944=ORIENTED_EDGE('',*,*,#4215,.T.);
#6945=ORIENTED_EDGE('',*,*,#4212,.T.);
#6946=ORIENTED_EDGE('',*,*,#4209,.T.);
#6947=ORIENTED_EDGE('',*,*,#4206,.T.);
#6948=ORIENTED_EDGE('',*,*,#4203,.T.);
#6949=ORIENTED_EDGE('',*,*,#4200,.T.);
#6950=ORIENTED_EDGE('',*,*,#4197,.T.);
#6951=ORIENTED_EDGE('',*,*,#4194,.T.);
#6952=ORIENTED_EDGE('',*,*,#4191,.T.);
#6953=ORIENTED_EDGE('',*,*,#4188,.T.);
#6954=ORIENTED_EDGE('',*,*,#4185,.T.);
#6955=ORIENTED_EDGE('',*,*,#4182,.T.);
#6956=ORIENTED_EDGE('',*,*,#4179,.T.);
#6957=ORIENTED_EDGE('',*,*,#4176,.T.);
#6958=ORIENTED_EDGE('',*,*,#4173,.T.);
#6959=ORIENTED_EDGE('',*,*,#4170,.T.);
#6960=ORIENTED_EDGE('',*,*,#4167,.T.);
#6961=ORIENTED_EDGE('',*,*,#4164,.T.);
#6962=ORIENTED_EDGE('',*,*,#4161,.T.);
#6963=ORIENTED_EDGE('',*,*,#4158,.T.);
#6964=ORIENTED_EDGE('',*,*,#4155,.T.);
#6965=ORIENTED_EDGE('',*,*,#4152,.T.);
#6966=ORIENTED_EDGE('',*,*,#4149,.T.);
#6967=ORIENTED_EDGE('',*,*,#4146,.T.);
#6968=ORIENTED_EDGE('',*,*,#4143,.T.);
#6969=ORIENTED_EDGE('',*,*,#4140,.T.);
#6970=ORIENTED_EDGE('',*,*,#4137,.T.);
#6971=ORIENTED_EDGE('',*,*,#4134,.T.);
#6972=ORIENTED_EDGE('',*,*,#4131,.T.);
#6973=ORIENTED_EDGE('',*,*,#4128,.T.);
#6974=ORIENTED_EDGE('',*,*,#4125,.T.);
#6975=ORIENTED_EDGE('',*,*,#4122,.T.);
#6976=ORIENTED_EDGE('',*,*,#4119,.T.);
#6977=ORIENTED_EDGE('',*,*,#4116,.T.);
#6978=ORIENTED_EDGE('',*,*,#4113,.T.);
#6979=ORIENTED_EDGE('',*,*,#4110,.T.);
#6980=ORIENTED_EDGE('',*,*,#4107,.T.);
#6981=ORIENTED_EDGE('',*,*,#4104,.T.);
#6982=ORIENTED_EDGE('',*,*,#4101,.T.);
#6983=ORIENTED_EDGE('',*,*,#4098,.T.);
#6984=ORIENTED_EDGE('',*,*,#4095,.T.);
#6985=ORIENTED_EDGE('',*,*,#4092,.T.);
#6986=ORIENTED_EDGE('',*,*,#4089,.T.);
#6987=ORIENTED_EDGE('',*,*,#4086,.T.);
#6988=ORIENTED_EDGE('',*,*,#4083,.T.);
#6989=ORIENTED_EDGE('',*,*,#4080,.T.);
#6990=ORIENTED_EDGE('',*,*,#4077,.T.);
#6991=ORIENTED_EDGE('',*,*,#4074,.T.);
#6992=ORIENTED_EDGE('',*,*,#4071,.T.);
#6993=ORIENTED_EDGE('',*,*,#4068,.T.);
#6994=ORIENTED_EDGE('',*,*,#4065,.T.);
#6995=ORIENTED_EDGE('',*,*,#4062,.T.);
#6996=ORIENTED_EDGE('',*,*,#4059,.T.);
#6997=ORIENTED_EDGE('',*,*,#4056,.T.);
#6998=ORIENTED_EDGE('',*,*,#4053,.T.);
#6999=ORIENTED_EDGE('',*,*,#4050,.T.);
#7000=ORIENTED_EDGE('',*,*,#4047,.T.);
#7001=ORIENTED_EDGE('',*,*,#4044,.T.);
#7002=ORIENTED_EDGE('',*,*,#4041,.T.);
#7003=ORIENTED_EDGE('',*,*,#4038,.T.);
#7004=ORIENTED_EDGE('',*,*,#4035,.T.);
#7005=ORIENTED_EDGE('',*,*,#4032,.T.);
#7006=ORIENTED_EDGE('',*,*,#4029,.T.);
#7007=ORIENTED_EDGE('',*,*,#4026,.T.);
#7008=ORIENTED_EDGE('',*,*,#4023,.T.);
#7009=ORIENTED_EDGE('',*,*,#4020,.T.);
#7010=ORIENTED_EDGE('',*,*,#4017,.T.);
#7011=ORIENTED_EDGE('',*,*,#4014,.T.);
#7012=ORIENTED_EDGE('',*,*,#4011,.T.);
#7013=ORIENTED_EDGE('',*,*,#4008,.T.);
#7014=ORIENTED_EDGE('',*,*,#4005,.T.);
#7015=ORIENTED_EDGE('',*,*,#4002,.T.);
#7016=ORIENTED_EDGE('',*,*,#3999,.T.);
#7017=ORIENTED_EDGE('',*,*,#3996,.T.);
#7018=ORIENTED_EDGE('',*,*,#3993,.T.);
#7019=ORIENTED_EDGE('',*,*,#3990,.T.);
#7020=ORIENTED_EDGE('',*,*,#3987,.T.);
#7021=ORIENTED_EDGE('',*,*,#3984,.T.);
#7022=ORIENTED_EDGE('',*,*,#3981,.T.);
#7023=ORIENTED_EDGE('',*,*,#3978,.T.);
#7024=ORIENTED_EDGE('',*,*,#3975,.T.);
#7025=ORIENTED_EDGE('',*,*,#3972,.T.);
#7026=ORIENTED_EDGE('',*,*,#3969,.T.);
#7027=ORIENTED_EDGE('',*,*,#3966,.T.);
#7028=ORIENTED_EDGE('',*,*,#3963,.T.);
#7029=ORIENTED_EDGE('',*,*,#3960,.T.);
#7030=ORIENTED_EDGE('',*,*,#3957,.T.);
#7031=ORIENTED_EDGE('',*,*,#3954,.T.);
#7032=ORIENTED_EDGE('',*,*,#3951,.T.);
#7033=ORIENTED_EDGE('',*,*,#3948,.T.);
#7034=ORIENTED_EDGE('',*,*,#3945,.T.);
#7035=ORIENTED_EDGE('',*,*,#3942,.T.);
#7036=ORIENTED_EDGE('',*,*,#3935,.T.);
#7037=ORIENTED_EDGE('',*,*,#3938,.T.);
#7038=ORIENTED_EDGE('',*,*,#3932,.T.);
#7039=ORIENTED_EDGE('',*,*,#3922,.T.);
#7040=ORIENTED_EDGE('',*,*,#3926,.T.);
#7041=ORIENTED_EDGE('',*,*,#3929,.T.);
#7042=ORIENTED_EDGE('',*,*,#5090,.F.);
#7043=ORIENTED_EDGE('',*,*,#3940,.F.);
#7044=ORIENTED_EDGE('',*,*,#3944,.F.);
#7045=ORIENTED_EDGE('',*,*,#3947,.F.);
#7046=ORIENTED_EDGE('',*,*,#3950,.F.);
#7047=ORIENTED_EDGE('',*,*,#3953,.F.);
#7048=ORIENTED_EDGE('',*,*,#3956,.F.);
#7049=ORIENTED_EDGE('',*,*,#3959,.F.);
#7050=ORIENTED_EDGE('',*,*,#3962,.F.);
#7051=ORIENTED_EDGE('',*,*,#3965,.F.);
#7052=ORIENTED_EDGE('',*,*,#3968,.F.);
#7053=ORIENTED_EDGE('',*,*,#3971,.F.);
#7054=ORIENTED_EDGE('',*,*,#3974,.F.);
#7055=ORIENTED_EDGE('',*,*,#3977,.F.);
#7056=ORIENTED_EDGE('',*,*,#3980,.F.);
#7057=ORIENTED_EDGE('',*,*,#3983,.F.);
#7058=ORIENTED_EDGE('',*,*,#3986,.F.);
#7059=ORIENTED_EDGE('',*,*,#3989,.F.);
#7060=ORIENTED_EDGE('',*,*,#3992,.F.);
#7061=ORIENTED_EDGE('',*,*,#3995,.F.);
#7062=ORIENTED_EDGE('',*,*,#3998,.F.);
#7063=ORIENTED_EDGE('',*,*,#4001,.F.);
#7064=ORIENTED_EDGE('',*,*,#4004,.F.);
#7065=ORIENTED_EDGE('',*,*,#4007,.F.);
#7066=ORIENTED_EDGE('',*,*,#4010,.F.);
#7067=ORIENTED_EDGE('',*,*,#4013,.F.);
#7068=ORIENTED_EDGE('',*,*,#4016,.F.);
#7069=ORIENTED_EDGE('',*,*,#4019,.F.);
#7070=ORIENTED_EDGE('',*,*,#4022,.F.);
#7071=ORIENTED_EDGE('',*,*,#4025,.F.);
#7072=ORIENTED_EDGE('',*,*,#4028,.F.);
#7073=ORIENTED_EDGE('',*,*,#4031,.F.);
#7074=ORIENTED_EDGE('',*,*,#4034,.F.);
#7075=ORIENTED_EDGE('',*,*,#4037,.F.);
#7076=ORIENTED_EDGE('',*,*,#4040,.F.);
#7077=ORIENTED_EDGE('',*,*,#4043,.F.);
#7078=ORIENTED_EDGE('',*,*,#4046,.F.);
#7079=ORIENTED_EDGE('',*,*,#4049,.F.);
#7080=ORIENTED_EDGE('',*,*,#4052,.F.);
#7081=ORIENTED_EDGE('',*,*,#4055,.F.);
#7082=ORIENTED_EDGE('',*,*,#4058,.F.);
#7083=ORIENTED_EDGE('',*,*,#4061,.F.);
#7084=ORIENTED_EDGE('',*,*,#4064,.F.);
#7085=ORIENTED_EDGE('',*,*,#4067,.F.);
#7086=ORIENTED_EDGE('',*,*,#4070,.F.);
#7087=ORIENTED_EDGE('',*,*,#4073,.F.);
#7088=ORIENTED_EDGE('',*,*,#4076,.F.);
#7089=ORIENTED_EDGE('',*,*,#4079,.F.);
#7090=ORIENTED_EDGE('',*,*,#4082,.F.);
#7091=ORIENTED_EDGE('',*,*,#4085,.F.);
#7092=ORIENTED_EDGE('',*,*,#4088,.F.);
#7093=ORIENTED_EDGE('',*,*,#4091,.F.);
#7094=ORIENTED_EDGE('',*,*,#4094,.F.);
#7095=ORIENTED_EDGE('',*,*,#4097,.F.);
#7096=ORIENTED_EDGE('',*,*,#4100,.F.);
#7097=ORIENTED_EDGE('',*,*,#4103,.F.);
#7098=ORIENTED_EDGE('',*,*,#4106,.F.);
#7099=ORIENTED_EDGE('',*,*,#4109,.F.);
#7100=ORIENTED_EDGE('',*,*,#4112,.F.);
#7101=ORIENTED_EDGE('',*,*,#4115,.F.);
#7102=ORIENTED_EDGE('',*,*,#4118,.F.);
#7103=ORIENTED_EDGE('',*,*,#4121,.F.);
#7104=ORIENTED_EDGE('',*,*,#4124,.F.);
#7105=ORIENTED_EDGE('',*,*,#4127,.F.);
#7106=ORIENTED_EDGE('',*,*,#4130,.F.);
#7107=ORIENTED_EDGE('',*,*,#4133,.F.);
#7108=ORIENTED_EDGE('',*,*,#4136,.F.);
#7109=ORIENTED_EDGE('',*,*,#4139,.F.);
#7110=ORIENTED_EDGE('',*,*,#4142,.F.);
#7111=ORIENTED_EDGE('',*,*,#4145,.F.);
#7112=ORIENTED_EDGE('',*,*,#4148,.F.);
#7113=ORIENTED_EDGE('',*,*,#4151,.F.);
#7114=ORIENTED_EDGE('',*,*,#4154,.F.);
#7115=ORIENTED_EDGE('',*,*,#4157,.F.);
#7116=ORIENTED_EDGE('',*,*,#4160,.F.);
#7117=ORIENTED_EDGE('',*,*,#4163,.F.);
#7118=ORIENTED_EDGE('',*,*,#4166,.F.);
#7119=ORIENTED_EDGE('',*,*,#4169,.F.);
#7120=ORIENTED_EDGE('',*,*,#4172,.F.);
#7121=ORIENTED_EDGE('',*,*,#4175,.F.);
#7122=ORIENTED_EDGE('',*,*,#4178,.F.);
#7123=ORIENTED_EDGE('',*,*,#4181,.F.);
#7124=ORIENTED_EDGE('',*,*,#4184,.F.);
#7125=ORIENTED_EDGE('',*,*,#4187,.F.);
#7126=ORIENTED_EDGE('',*,*,#4190,.F.);
#7127=ORIENTED_EDGE('',*,*,#4193,.F.);
#7128=ORIENTED_EDGE('',*,*,#4196,.F.);
#7129=ORIENTED_EDGE('',*,*,#4199,.F.);
#7130=ORIENTED_EDGE('',*,*,#4202,.F.);
#7131=ORIENTED_EDGE('',*,*,#4205,.F.);
#7132=ORIENTED_EDGE('',*,*,#4208,.F.);
#7133=ORIENTED_EDGE('',*,*,#4211,.F.);
#7134=ORIENTED_EDGE('',*,*,#4214,.F.);
#7135=ORIENTED_EDGE('',*,*,#4217,.F.);
#7136=ORIENTED_EDGE('',*,*,#4220,.F.);
#7137=ORIENTED_EDGE('',*,*,#4223,.F.);
#7138=ORIENTED_EDGE('',*,*,#4226,.F.);
#7139=ORIENTED_EDGE('',*,*,#4229,.F.);
#7140=ORIENTED_EDGE('',*,*,#4232,.F.);
#7141=ORIENTED_EDGE('',*,*,#4235,.F.);
#7142=ORIENTED_EDGE('',*,*,#4238,.F.);
#7143=ORIENTED_EDGE('',*,*,#4241,.F.);
#7144=ORIENTED_EDGE('',*,*,#4244,.F.);
#7145=ORIENTED_EDGE('',*,*,#4247,.F.);
#7146=ORIENTED_EDGE('',*,*,#4250,.F.);
#7147=ORIENTED_EDGE('',*,*,#4253,.F.);
#7148=ORIENTED_EDGE('',*,*,#4256,.F.);
#7149=ORIENTED_EDGE('',*,*,#4259,.F.);
#7150=ORIENTED_EDGE('',*,*,#4262,.F.);
#7151=ORIENTED_EDGE('',*,*,#4265,.F.);
#7152=ORIENTED_EDGE('',*,*,#4268,.F.);
#7153=ORIENTED_EDGE('',*,*,#4271,.F.);
#7154=ORIENTED_EDGE('',*,*,#4274,.F.);
#7155=ORIENTED_EDGE('',*,*,#4277,.F.);
#7156=ORIENTED_EDGE('',*,*,#4280,.F.);
#7157=ORIENTED_EDGE('',*,*,#4283,.F.);
#7158=ORIENTED_EDGE('',*,*,#4286,.F.);
#7159=ORIENTED_EDGE('',*,*,#4289,.F.);
#7160=ORIENTED_EDGE('',*,*,#4292,.F.);
#7161=ORIENTED_EDGE('',*,*,#4295,.F.);
#7162=ORIENTED_EDGE('',*,*,#4298,.F.);
#7163=ORIENTED_EDGE('',*,*,#4301,.F.);
#7164=ORIENTED_EDGE('',*,*,#4304,.F.);
#7165=ORIENTED_EDGE('',*,*,#4307,.F.);
#7166=ORIENTED_EDGE('',*,*,#4310,.F.);
#7167=ORIENTED_EDGE('',*,*,#4313,.F.);
#7168=ORIENTED_EDGE('',*,*,#4316,.F.);
#7169=ORIENTED_EDGE('',*,*,#4319,.F.);
#7170=ORIENTED_EDGE('',*,*,#4322,.F.);
#7171=ORIENTED_EDGE('',*,*,#4325,.F.);
#7172=ORIENTED_EDGE('',*,*,#4328,.F.);
#7173=ORIENTED_EDGE('',*,*,#4331,.F.);
#7174=ORIENTED_EDGE('',*,*,#4334,.F.);
#7175=ORIENTED_EDGE('',*,*,#4337,.F.);
#7176=ORIENTED_EDGE('',*,*,#4340,.F.);
#7177=ORIENTED_EDGE('',*,*,#4343,.F.);
#7178=ORIENTED_EDGE('',*,*,#4346,.F.);
#7179=ORIENTED_EDGE('',*,*,#4349,.F.);
#7180=ORIENTED_EDGE('',*,*,#4352,.F.);
#7181=ORIENTED_EDGE('',*,*,#4355,.F.);
#7182=ORIENTED_EDGE('',*,*,#4358,.F.);
#7183=ORIENTED_EDGE('',*,*,#4361,.F.);
#7184=ORIENTED_EDGE('',*,*,#4364,.F.);
#7185=ORIENTED_EDGE('',*,*,#4367,.F.);
#7186=ORIENTED_EDGE('',*,*,#4370,.F.);
#7187=ORIENTED_EDGE('',*,*,#4373,.F.);
#7188=ORIENTED_EDGE('',*,*,#4376,.F.);
#7189=ORIENTED_EDGE('',*,*,#4379,.F.);
#7190=ORIENTED_EDGE('',*,*,#4382,.F.);
#7191=ORIENTED_EDGE('',*,*,#4385,.F.);
#7192=ORIENTED_EDGE('',*,*,#4388,.F.);
#7193=ORIENTED_EDGE('',*,*,#4391,.F.);
#7194=ORIENTED_EDGE('',*,*,#4394,.F.);
#7195=ORIENTED_EDGE('',*,*,#4397,.F.);
#7196=ORIENTED_EDGE('',*,*,#4400,.F.);
#7197=ORIENTED_EDGE('',*,*,#4403,.F.);
#7198=ORIENTED_EDGE('',*,*,#4406,.F.);
#7199=ORIENTED_EDGE('',*,*,#4409,.F.);
#7200=ORIENTED_EDGE('',*,*,#4412,.F.);
#7201=ORIENTED_EDGE('',*,*,#4415,.F.);
#7202=ORIENTED_EDGE('',*,*,#4418,.F.);
#7203=ORIENTED_EDGE('',*,*,#4421,.F.);
#7204=ORIENTED_EDGE('',*,*,#4424,.F.);
#7205=ORIENTED_EDGE('',*,*,#4427,.F.);
#7206=ORIENTED_EDGE('',*,*,#4430,.F.);
#7207=ORIENTED_EDGE('',*,*,#4433,.F.);
#7208=ORIENTED_EDGE('',*,*,#4436,.F.);
#7209=ORIENTED_EDGE('',*,*,#4439,.F.);
#7210=ORIENTED_EDGE('',*,*,#4442,.F.);
#7211=ORIENTED_EDGE('',*,*,#4445,.F.);
#7212=ORIENTED_EDGE('',*,*,#4448,.F.);
#7213=ORIENTED_EDGE('',*,*,#4451,.F.);
#7214=ORIENTED_EDGE('',*,*,#4454,.F.);
#7215=ORIENTED_EDGE('',*,*,#4457,.F.);
#7216=ORIENTED_EDGE('',*,*,#4460,.F.);
#7217=ORIENTED_EDGE('',*,*,#4463,.F.);
#7218=ORIENTED_EDGE('',*,*,#4466,.F.);
#7219=ORIENTED_EDGE('',*,*,#4469,.F.);
#7220=ORIENTED_EDGE('',*,*,#4472,.F.);
#7221=ORIENTED_EDGE('',*,*,#4475,.F.);
#7222=ORIENTED_EDGE('',*,*,#4478,.F.);
#7223=ORIENTED_EDGE('',*,*,#4481,.F.);
#7224=ORIENTED_EDGE('',*,*,#4484,.F.);
#7225=ORIENTED_EDGE('',*,*,#4487,.F.);
#7226=ORIENTED_EDGE('',*,*,#4490,.F.);
#7227=ORIENTED_EDGE('',*,*,#4493,.F.);
#7228=ORIENTED_EDGE('',*,*,#4496,.F.);
#7229=ORIENTED_EDGE('',*,*,#4499,.F.);
#7230=ORIENTED_EDGE('',*,*,#4502,.F.);
#7231=ORIENTED_EDGE('',*,*,#4505,.F.);
#7232=ORIENTED_EDGE('',*,*,#4508,.F.);
#7233=ORIENTED_EDGE('',*,*,#4511,.F.);
#7234=ORIENTED_EDGE('',*,*,#4514,.F.);
#7235=ORIENTED_EDGE('',*,*,#4517,.F.);
#7236=ORIENTED_EDGE('',*,*,#4520,.F.);
#7237=ORIENTED_EDGE('',*,*,#4523,.F.);
#7238=ORIENTED_EDGE('',*,*,#4526,.F.);
#7239=ORIENTED_EDGE('',*,*,#4529,.F.);
#7240=ORIENTED_EDGE('',*,*,#4532,.F.);
#7241=ORIENTED_EDGE('',*,*,#4535,.F.);
#7242=ORIENTED_EDGE('',*,*,#4538,.F.);
#7243=ORIENTED_EDGE('',*,*,#4541,.F.);
#7244=ORIENTED_EDGE('',*,*,#4544,.F.);
#7245=ORIENTED_EDGE('',*,*,#4547,.F.);
#7246=ORIENTED_EDGE('',*,*,#4550,.F.);
#7247=ORIENTED_EDGE('',*,*,#4553,.F.);
#7248=ORIENTED_EDGE('',*,*,#4556,.F.);
#7249=ORIENTED_EDGE('',*,*,#4559,.F.);
#7250=ORIENTED_EDGE('',*,*,#4562,.F.);
#7251=ORIENTED_EDGE('',*,*,#4565,.F.);
#7252=ORIENTED_EDGE('',*,*,#4568,.F.);
#7253=ORIENTED_EDGE('',*,*,#4571,.F.);
#7254=ORIENTED_EDGE('',*,*,#4574,.F.);
#7255=ORIENTED_EDGE('',*,*,#4577,.F.);
#7256=ORIENTED_EDGE('',*,*,#4580,.F.);
#7257=ORIENTED_EDGE('',*,*,#4583,.F.);
#7258=ORIENTED_EDGE('',*,*,#4586,.F.);
#7259=ORIENTED_EDGE('',*,*,#4589,.F.);
#7260=ORIENTED_EDGE('',*,*,#4592,.F.);
#7261=ORIENTED_EDGE('',*,*,#4595,.F.);
#7262=ORIENTED_EDGE('',*,*,#4598,.F.);
#7263=ORIENTED_EDGE('',*,*,#4601,.F.);
#7264=ORIENTED_EDGE('',*,*,#4604,.F.);
#7265=ORIENTED_EDGE('',*,*,#4607,.F.);
#7266=ORIENTED_EDGE('',*,*,#4610,.F.);
#7267=ORIENTED_EDGE('',*,*,#4613,.F.);
#7268=ORIENTED_EDGE('',*,*,#4616,.F.);
#7269=ORIENTED_EDGE('',*,*,#4619,.F.);
#7270=ORIENTED_EDGE('',*,*,#4622,.F.);
#7271=ORIENTED_EDGE('',*,*,#4625,.F.);
#7272=ORIENTED_EDGE('',*,*,#4628,.F.);
#7273=ORIENTED_EDGE('',*,*,#4631,.F.);
#7274=ORIENTED_EDGE('',*,*,#4634,.F.);
#7275=ORIENTED_EDGE('',*,*,#4637,.F.);
#7276=ORIENTED_EDGE('',*,*,#4640,.F.);
#7277=ORIENTED_EDGE('',*,*,#4643,.F.);
#7278=ORIENTED_EDGE('',*,*,#4646,.F.);
#7279=ORIENTED_EDGE('',*,*,#4649,.F.);
#7280=ORIENTED_EDGE('',*,*,#4652,.F.);
#7281=ORIENTED_EDGE('',*,*,#4655,.F.);
#7282=ORIENTED_EDGE('',*,*,#4658,.F.);
#7283=ORIENTED_EDGE('',*,*,#4661,.F.);
#7284=ORIENTED_EDGE('',*,*,#4664,.F.);
#7285=ORIENTED_EDGE('',*,*,#4667,.F.);
#7286=ORIENTED_EDGE('',*,*,#4670,.F.);
#7287=ORIENTED_EDGE('',*,*,#4673,.F.);
#7288=ORIENTED_EDGE('',*,*,#4676,.F.);
#7289=ORIENTED_EDGE('',*,*,#4679,.F.);
#7290=ORIENTED_EDGE('',*,*,#4682,.F.);
#7291=ORIENTED_EDGE('',*,*,#4685,.F.);
#7292=ORIENTED_EDGE('',*,*,#4688,.F.);
#7293=ORIENTED_EDGE('',*,*,#4691,.F.);
#7294=ORIENTED_EDGE('',*,*,#4694,.F.);
#7295=ORIENTED_EDGE('',*,*,#4697,.F.);
#7296=ORIENTED_EDGE('',*,*,#4700,.F.);
#7297=ORIENTED_EDGE('',*,*,#4703,.F.);
#7298=ORIENTED_EDGE('',*,*,#4706,.F.);
#7299=ORIENTED_EDGE('',*,*,#4709,.F.);
#7300=ORIENTED_EDGE('',*,*,#4712,.F.);
#7301=ORIENTED_EDGE('',*,*,#4715,.F.);
#7302=ORIENTED_EDGE('',*,*,#4718,.F.);
#7303=ORIENTED_EDGE('',*,*,#4721,.F.);
#7304=ORIENTED_EDGE('',*,*,#4724,.F.);
#7305=ORIENTED_EDGE('',*,*,#4727,.F.);
#7306=ORIENTED_EDGE('',*,*,#4730,.F.);
#7307=ORIENTED_EDGE('',*,*,#4733,.F.);
#7308=ORIENTED_EDGE('',*,*,#4736,.F.);
#7309=ORIENTED_EDGE('',*,*,#4739,.F.);
#7310=ORIENTED_EDGE('',*,*,#4742,.F.);
#7311=ORIENTED_EDGE('',*,*,#4745,.F.);
#7312=ORIENTED_EDGE('',*,*,#4748,.F.);
#7313=ORIENTED_EDGE('',*,*,#4751,.F.);
#7314=ORIENTED_EDGE('',*,*,#4754,.F.);
#7315=ORIENTED_EDGE('',*,*,#4757,.F.);
#7316=ORIENTED_EDGE('',*,*,#4760,.F.);
#7317=ORIENTED_EDGE('',*,*,#4763,.F.);
#7318=ORIENTED_EDGE('',*,*,#4766,.F.);
#7319=ORIENTED_EDGE('',*,*,#4769,.F.);
#7320=ORIENTED_EDGE('',*,*,#4772,.F.);
#7321=ORIENTED_EDGE('',*,*,#4775,.F.);
#7322=ORIENTED_EDGE('',*,*,#4778,.F.);
#7323=ORIENTED_EDGE('',*,*,#4781,.F.);
#7324=ORIENTED_EDGE('',*,*,#4784,.F.);
#7325=ORIENTED_EDGE('',*,*,#4787,.F.);
#7326=ORIENTED_EDGE('',*,*,#4790,.F.);
#7327=ORIENTED_EDGE('',*,*,#4793,.F.);
#7328=ORIENTED_EDGE('',*,*,#4796,.F.);
#7329=ORIENTED_EDGE('',*,*,#4799,.F.);
#7330=ORIENTED_EDGE('',*,*,#4802,.F.);
#7331=ORIENTED_EDGE('',*,*,#4805,.F.);
#7332=ORIENTED_EDGE('',*,*,#4808,.F.);
#7333=ORIENTED_EDGE('',*,*,#4811,.F.);
#7334=ORIENTED_EDGE('',*,*,#4814,.F.);
#7335=ORIENTED_EDGE('',*,*,#4817,.F.);
#7336=ORIENTED_EDGE('',*,*,#4820,.F.);
#7337=ORIENTED_EDGE('',*,*,#4823,.F.);
#7338=ORIENTED_EDGE('',*,*,#4826,.F.);
#7339=ORIENTED_EDGE('',*,*,#4829,.F.);
#7340=ORIENTED_EDGE('',*,*,#4832,.F.);
#7341=ORIENTED_EDGE('',*,*,#4835,.F.);
#7342=ORIENTED_EDGE('',*,*,#4838,.F.);
#7343=ORIENTED_EDGE('',*,*,#4841,.F.);
#7344=ORIENTED_EDGE('',*,*,#4844,.F.);
#7345=ORIENTED_EDGE('',*,*,#4847,.F.);
#7346=ORIENTED_EDGE('',*,*,#4850,.F.);
#7347=ORIENTED_EDGE('',*,*,#4853,.F.);
#7348=ORIENTED_EDGE('',*,*,#4856,.F.);
#7349=ORIENTED_EDGE('',*,*,#4859,.F.);
#7350=ORIENTED_EDGE('',*,*,#4862,.F.);
#7351=ORIENTED_EDGE('',*,*,#4865,.F.);
#7352=ORIENTED_EDGE('',*,*,#4868,.F.);
#7353=ORIENTED_EDGE('',*,*,#4871,.F.);
#7354=ORIENTED_EDGE('',*,*,#4874,.F.);
#7355=ORIENTED_EDGE('',*,*,#4877,.F.);
#7356=ORIENTED_EDGE('',*,*,#4880,.F.);
#7357=ORIENTED_EDGE('',*,*,#4883,.F.);
#7358=ORIENTED_EDGE('',*,*,#4886,.F.);
#7359=ORIENTED_EDGE('',*,*,#4889,.F.);
#7360=ORIENTED_EDGE('',*,*,#4892,.F.);
#7361=ORIENTED_EDGE('',*,*,#4895,.F.);
#7362=ORIENTED_EDGE('',*,*,#4898,.F.);
#7363=ORIENTED_EDGE('',*,*,#4901,.F.);
#7364=ORIENTED_EDGE('',*,*,#4904,.F.);
#7365=ORIENTED_EDGE('',*,*,#4907,.F.);
#7366=ORIENTED_EDGE('',*,*,#4910,.F.);
#7367=ORIENTED_EDGE('',*,*,#4913,.F.);
#7368=ORIENTED_EDGE('',*,*,#4916,.F.);
#7369=ORIENTED_EDGE('',*,*,#4919,.F.);
#7370=ORIENTED_EDGE('',*,*,#4922,.F.);
#7371=ORIENTED_EDGE('',*,*,#4925,.F.);
#7372=ORIENTED_EDGE('',*,*,#4928,.F.);
#7373=ORIENTED_EDGE('',*,*,#4931,.F.);
#7374=ORIENTED_EDGE('',*,*,#4934,.F.);
#7375=ORIENTED_EDGE('',*,*,#4937,.F.);
#7376=ORIENTED_EDGE('',*,*,#4940,.F.);
#7377=ORIENTED_EDGE('',*,*,#4943,.F.);
#7378=ORIENTED_EDGE('',*,*,#4946,.F.);
#7379=ORIENTED_EDGE('',*,*,#4949,.F.);
#7380=ORIENTED_EDGE('',*,*,#4952,.F.);
#7381=ORIENTED_EDGE('',*,*,#4955,.F.);
#7382=ORIENTED_EDGE('',*,*,#4958,.F.);
#7383=ORIENTED_EDGE('',*,*,#4961,.F.);
#7384=ORIENTED_EDGE('',*,*,#4964,.F.);
#7385=ORIENTED_EDGE('',*,*,#4967,.F.);
#7386=ORIENTED_EDGE('',*,*,#4970,.F.);
#7387=ORIENTED_EDGE('',*,*,#4973,.F.);
#7388=ORIENTED_EDGE('',*,*,#4976,.F.);
#7389=ORIENTED_EDGE('',*,*,#4979,.F.);
#7390=ORIENTED_EDGE('',*,*,#4982,.F.);
#7391=ORIENTED_EDGE('',*,*,#4985,.F.);
#7392=ORIENTED_EDGE('',*,*,#4988,.F.);
#7393=ORIENTED_EDGE('',*,*,#4991,.F.);
#7394=ORIENTED_EDGE('',*,*,#4994,.F.);
#7395=ORIENTED_EDGE('',*,*,#4997,.F.);
#7396=ORIENTED_EDGE('',*,*,#5000,.F.);
#7397=ORIENTED_EDGE('',*,*,#5003,.F.);
#7398=ORIENTED_EDGE('',*,*,#5006,.F.);
#7399=ORIENTED_EDGE('',*,*,#5009,.F.);
#7400=ORIENTED_EDGE('',*,*,#5012,.F.);
#7401=ORIENTED_EDGE('',*,*,#5015,.F.);
#7402=ORIENTED_EDGE('',*,*,#5018,.F.);
#7403=ORIENTED_EDGE('',*,*,#5021,.F.);
#7404=ORIENTED_EDGE('',*,*,#5024,.F.);
#7405=ORIENTED_EDGE('',*,*,#5027,.F.);
#7406=ORIENTED_EDGE('',*,*,#5030,.F.);
#7407=ORIENTED_EDGE('',*,*,#5033,.F.);
#7408=ORIENTED_EDGE('',*,*,#5036,.F.);
#7409=ORIENTED_EDGE('',*,*,#5039,.F.);
#7410=ORIENTED_EDGE('',*,*,#5042,.F.);
#7411=ORIENTED_EDGE('',*,*,#5045,.F.);
#7412=ORIENTED_EDGE('',*,*,#5048,.F.);
#7413=ORIENTED_EDGE('',*,*,#5051,.F.);
#7414=ORIENTED_EDGE('',*,*,#5054,.F.);
#7415=ORIENTED_EDGE('',*,*,#5057,.F.);
#7416=ORIENTED_EDGE('',*,*,#5060,.F.);
#7417=ORIENTED_EDGE('',*,*,#5063,.F.);
#7418=ORIENTED_EDGE('',*,*,#5066,.F.);
#7419=ORIENTED_EDGE('',*,*,#5069,.F.);
#7420=ORIENTED_EDGE('',*,*,#5072,.F.);
#7421=ORIENTED_EDGE('',*,*,#5075,.F.);
#7422=ORIENTED_EDGE('',*,*,#5078,.F.);
#7423=ORIENTED_EDGE('',*,*,#5081,.F.);
#7424=ORIENTED_EDGE('',*,*,#5084,.F.);
#7425=ORIENTED_EDGE('',*,*,#5087,.F.);
#7426=ORIENTED_EDGE('',*,*,#3936,.T.);
#7427=ORIENTED_EDGE('',*,*,#3930,.T.);
#7428=ORIENTED_EDGE('',*,*,#3927,.T.);
#7429=ORIENTED_EDGE('',*,*,#3924,.T.);
#7430=ORIENTED_EDGE('',*,*,#3934,.T.);
#7431=ORIENTED_EDGE('',*,*,#3939,.T.);
#7432=PLANE('',#8229);
#7433=PLANE('',#8230);
#7434=PLANE('',#8231);
#7435=PLANE('',#8232);
#7436=PLANE('',#8233);
#7437=PLANE('',#8237);
#7438=PLANE('',#8238);
#7439=PLANE('',#8239);
#7440=PLANE('',#8240);
#7441=PLANE('',#8241);
#7442=PLANE('',#8242);
#7443=PLANE('',#8243);
#7444=PLANE('',#8244);
#7445=PLANE('',#8245);
#7446=PLANE('',#8246);
#7447=PLANE('',#8247);
#7448=PLANE('',#8248);
#7449=PLANE('',#8249);
#7450=PLANE('',#8250);
#7451=PLANE('',#8251);
#7452=PLANE('',#8252);
#7453=PLANE('',#8253);
#7454=PLANE('',#8254);
#7455=PLANE('',#8255);
#7456=PLANE('',#8256);
#7457=PLANE('',#8257);
#7458=PLANE('',#8258);
#7459=PLANE('',#8259);
#7460=PLANE('',#8260);
#7461=PLANE('',#8261);
#7462=PLANE('',#8262);
#7463=PLANE('',#8263);
#7464=PLANE('',#8264);
#7465=PLANE('',#8265);
#7466=PLANE('',#8266);
#7467=PLANE('',#8267);
#7468=PLANE('',#8268);
#7469=PLANE('',#8269);
#7470=PLANE('',#8270);
#7471=PLANE('',#8271);
#7472=PLANE('',#8272);
#7473=PLANE('',#8273);
#7474=PLANE('',#8274);
#7475=PLANE('',#8275);
#7476=PLANE('',#8276);
#7477=PLANE('',#8277);
#7478=PLANE('',#8278);
#7479=PLANE('',#8279);
#7480=PLANE('',#8280);
#7481=PLANE('',#8281);
#7482=PLANE('',#8282);
#7483=PLANE('',#8283);
#7484=PLANE('',#8284);
#7485=PLANE('',#8285);
#7486=PLANE('',#8286);
#7487=PLANE('',#8287);
#7488=PLANE('',#8288);
#7489=PLANE('',#8289);
#7490=PLANE('',#8290);
#7491=PLANE('',#8291);
#7492=PLANE('',#8292);
#7493=PLANE('',#8293);
#7494=PLANE('',#8294);
#7495=PLANE('',#8295);
#7496=PLANE('',#8296);
#7497=PLANE('',#8297);
#7498=PLANE('',#8298);
#7499=PLANE('',#8299);
#7500=PLANE('',#8300);
#7501=PLANE('',#8301);
#7502=PLANE('',#8302);
#7503=PLANE('',#8303);
#7504=PLANE('',#8304);
#7505=PLANE('',#8305);
#7506=PLANE('',#8306);
#7507=PLANE('',#8307);
#7508=PLANE('',#8308);
#7509=PLANE('',#8309);
#7510=PLANE('',#8310);
#7511=PLANE('',#8311);
#7512=PLANE('',#8312);
#7513=PLANE('',#8313);
#7514=PLANE('',#8314);
#7515=PLANE('',#8315);
#7516=PLANE('',#8316);
#7517=PLANE('',#8317);
#7518=PLANE('',#8318);
#7519=PLANE('',#8319);
#7520=PLANE('',#8320);
#7521=PLANE('',#8321);
#7522=PLANE('',#8322);
#7523=PLANE('',#8323);
#7524=PLANE('',#8324);
#7525=PLANE('',#8325);
#7526=PLANE('',#8326);
#7527=PLANE('',#8327);
#7528=PLANE('',#8328);
#7529=PLANE('',#8329);
#7530=PLANE('',#8330);
#7531=PLANE('',#8331);
#7532=PLANE('',#8332);
#7533=PLANE('',#8333);
#7534=PLANE('',#8334);
#7535=PLANE('',#8335);
#7536=PLANE('',#8336);
#7537=PLANE('',#8337);
#7538=PLANE('',#8338);
#7539=PLANE('',#8339);
#7540=PLANE('',#8340);
#7541=PLANE('',#8341);
#7542=PLANE('',#8342);
#7543=PLANE('',#8343);
#7544=PLANE('',#8344);
#7545=PLANE('',#8345);
#7546=PLANE('',#8346);
#7547=PLANE('',#8347);
#7548=PLANE('',#8348);
#7549=PLANE('',#8349);
#7550=PLANE('',#8350);
#7551=PLANE('',#8351);
#7552=PLANE('',#8352);
#7553=PLANE('',#8353);
#7554=PLANE('',#8354);
#7555=PLANE('',#8355);
#7556=PLANE('',#8356);
#7557=PLANE('',#8357);
#7558=PLANE('',#8358);
#7559=PLANE('',#8359);
#7560=PLANE('',#8360);
#7561=PLANE('',#8361);
#7562=PLANE('',#8362);
#7563=PLANE('',#8363);
#7564=PLANE('',#8364);
#7565=PLANE('',#8365);
#7566=PLANE('',#8366);
#7567=PLANE('',#8367);
#7568=PLANE('',#8368);
#7569=PLANE('',#8369);
#7570=PLANE('',#8370);
#7571=PLANE('',#8371);
#7572=PLANE('',#8372);
#7573=PLANE('',#8373);
#7574=PLANE('',#8374);
#7575=PLANE('',#8375);
#7576=PLANE('',#8376);
#7577=PLANE('',#8377);
#7578=PLANE('',#8378);
#7579=PLANE('',#8379);
#7580=PLANE('',#8380);
#7581=PLANE('',#8381);
#7582=PLANE('',#8382);
#7583=PLANE('',#8383);
#7584=PLANE('',#8384);
#7585=PLANE('',#8385);
#7586=PLANE('',#8386);
#7587=PLANE('',#8387);
#7588=PLANE('',#8388);
#7589=PLANE('',#8389);
#7590=PLANE('',#8390);
#7591=PLANE('',#8391);
#7592=PLANE('',#8392);
#7593=PLANE('',#8393);
#7594=PLANE('',#8394);
#7595=PLANE('',#8395);
#7596=PLANE('',#8396);
#7597=PLANE('',#8397);
#7598=PLANE('',#8398);
#7599=PLANE('',#8399);
#7600=PLANE('',#8400);
#7601=PLANE('',#8401);
#7602=PLANE('',#8402);
#7603=PLANE('',#8403);
#7604=PLANE('',#8404);
#7605=PLANE('',#8405);
#7606=PLANE('',#8406);
#7607=PLANE('',#8407);
#7608=PLANE('',#8408);
#7609=PLANE('',#8409);
#7610=PLANE('',#8410);
#7611=PLANE('',#8411);
#7612=PLANE('',#8412);
#7613=PLANE('',#8413);
#7614=PLANE('',#8414);
#7615=PLANE('',#8415);
#7616=PLANE('',#8416);
#7617=PLANE('',#8417);
#7618=PLANE('',#8418);
#7619=PLANE('',#8419);
#7620=PLANE('',#8420);
#7621=PLANE('',#8421);
#7622=PLANE('',#8422);
#7623=PLANE('',#8423);
#7624=PLANE('',#8424);
#7625=PLANE('',#8425);
#7626=PLANE('',#8426);
#7627=PLANE('',#8427);
#7628=PLANE('',#8428);
#7629=PLANE('',#8429);
#7630=PLANE('',#8430);
#7631=PLANE('',#8431);
#7632=PLANE('',#8432);
#7633=PLANE('',#8433);
#7634=PLANE('',#8434);
#7635=PLANE('',#8435);
#7636=PLANE('',#8436);
#7637=PLANE('',#8437);
#7638=PLANE('',#8438);
#7639=PLANE('',#8439);
#7640=PLANE('',#8440);
#7641=PLANE('',#8441);
#7642=PLANE('',#8442);
#7643=PLANE('',#8443);
#7644=PLANE('',#8444);
#7645=PLANE('',#8445);
#7646=PLANE('',#8446);
#7647=PLANE('',#8447);
#7648=PLANE('',#8448);
#7649=PLANE('',#8449);
#7650=PLANE('',#8450);
#7651=PLANE('',#8451);
#7652=PLANE('',#8452);
#7653=PLANE('',#8453);
#7654=PLANE('',#8454);
#7655=PLANE('',#8455);
#7656=PLANE('',#8456);
#7657=PLANE('',#8457);
#7658=PLANE('',#8458);
#7659=PLANE('',#8459);
#7660=PLANE('',#8460);
#7661=PLANE('',#8461);
#7662=PLANE('',#8462);
#7663=PLANE('',#8463);
#7664=PLANE('',#8464);
#7665=PLANE('',#8465);
#7666=PLANE('',#8466);
#7667=PLANE('',#8467);
#7668=PLANE('',#8468);
#7669=PLANE('',#8469);
#7670=PLANE('',#8470);
#7671=PLANE('',#8471);
#7672=PLANE('',#8472);
#7673=PLANE('',#8473);
#7674=PLANE('',#8474);
#7675=PLANE('',#8475);
#7676=PLANE('',#8476);
#7677=PLANE('',#8477);
#7678=PLANE('',#8478);
#7679=PLANE('',#8479);
#7680=PLANE('',#8480);
#7681=PLANE('',#8481);
#7682=PLANE('',#8482);
#7683=PLANE('',#8483);
#7684=PLANE('',#8484);
#7685=PLANE('',#8485);
#7686=PLANE('',#8486);
#7687=PLANE('',#8487);
#7688=PLANE('',#8488);
#7689=PLANE('',#8489);
#7690=PLANE('',#8490);
#7691=PLANE('',#8491);
#7692=PLANE('',#8492);
#7693=PLANE('',#8493);
#7694=PLANE('',#8494);
#7695=PLANE('',#8495);
#7696=PLANE('',#8496);
#7697=PLANE('',#8497);
#7698=PLANE('',#8498);
#7699=PLANE('',#8499);
#7700=PLANE('',#8500);
#7701=PLANE('',#8501);
#7702=PLANE('',#8502);
#7703=PLANE('',#8503);
#7704=PLANE('',#8504);
#7705=PLANE('',#8505);
#7706=PLANE('',#8506);
#7707=PLANE('',#8507);
#7708=PLANE('',#8508);
#7709=PLANE('',#8509);
#7710=PLANE('',#8510);
#7711=PLANE('',#8511);
#7712=PLANE('',#8512);
#7713=PLANE('',#8513);
#7714=PLANE('',#8514);
#7715=PLANE('',#8515);
#7716=PLANE('',#8516);
#7717=PLANE('',#8517);
#7718=PLANE('',#8518);
#7719=PLANE('',#8519);
#7720=PLANE('',#8520);
#7721=PLANE('',#8521);
#7722=PLANE('',#8522);
#7723=PLANE('',#8523);
#7724=PLANE('',#8524);
#7725=PLANE('',#8525);
#7726=PLANE('',#8526);
#7727=PLANE('',#8527);
#7728=PLANE('',#8528);
#7729=PLANE('',#8529);
#7730=PLANE('',#8530);
#7731=PLANE('',#8531);
#7732=PLANE('',#8532);
#7733=PLANE('',#8533);
#7734=PLANE('',#8534);
#7735=PLANE('',#8535);
#7736=PLANE('',#8536);
#7737=PLANE('',#8537);
#7738=PLANE('',#8538);
#7739=PLANE('',#8539);
#7740=PLANE('',#8540);
#7741=PLANE('',#8541);
#7742=PLANE('',#8542);
#7743=PLANE('',#8543);
#7744=PLANE('',#8544);
#7745=PLANE('',#8545);
#7746=PLANE('',#8546);
#7747=PLANE('',#8547);
#7748=PLANE('',#8548);
#7749=PLANE('',#8549);
#7750=PLANE('',#8550);
#7751=PLANE('',#8551);
#7752=PLANE('',#8552);
#7753=PLANE('',#8553);
#7754=PLANE('',#8554);
#7755=PLANE('',#8555);
#7756=PLANE('',#8556);
#7757=PLANE('',#8557);
#7758=PLANE('',#8558);
#7759=PLANE('',#8559);
#7760=PLANE('',#8560);
#7761=PLANE('',#8561);
#7762=PLANE('',#8562);
#7763=PLANE('',#8563);
#7764=PLANE('',#8564);
#7765=PLANE('',#8565);
#7766=PLANE('',#8566);
#7767=PLANE('',#8567);
#7768=PLANE('',#8568);
#7769=PLANE('',#8569);
#7770=PLANE('',#8570);
#7771=PLANE('',#8571);
#7772=PLANE('',#8572);
#7773=PLANE('',#8573);
#7774=PLANE('',#8574);
#7775=PLANE('',#8575);
#7776=PLANE('',#8576);
#7777=PLANE('',#8577);
#7778=PLANE('',#8578);
#7779=PLANE('',#8579);
#7780=PLANE('',#8580);
#7781=PLANE('',#8581);
#7782=PLANE('',#8582);
#7783=PLANE('',#8583);
#7784=PLANE('',#8584);
#7785=PLANE('',#8585);
#7786=PLANE('',#8586);
#7787=PLANE('',#8587);
#7788=PLANE('',#8588);
#7789=PLANE('',#8589);
#7790=PLANE('',#8590);
#7791=PLANE('',#8591);
#7792=PLANE('',#8592);
#7793=PLANE('',#8593);
#7794=PLANE('',#8594);
#7795=PLANE('',#8595);
#7796=PLANE('',#8596);
#7797=PLANE('',#8597);
#7798=PLANE('',#8598);
#7799=PLANE('',#8599);
#7800=PLANE('',#8600);
#7801=PLANE('',#8601);
#7802=PLANE('',#8602);
#7803=PLANE('',#8603);
#7804=PLANE('',#8604);
#7805=PLANE('',#8605);
#7806=PLANE('',#8606);
#7807=PLANE('',#8607);
#7808=PLANE('',#8608);
#7809=PLANE('',#8609);
#7810=PLANE('',#8610);
#7811=PLANE('',#8611);
#7812=PLANE('',#8612);
#7813=PLANE('',#8613);
#7814=PLANE('',#8614);
#7815=PLANE('',#8615);
#7816=PLANE('',#8616);
#7817=PLANE('',#8617);
#7818=PLANE('',#8618);
#7819=PLANE('',#8619);
#7820=PLANE('',#8620);
#7821=PLANE('',#8621);
#7822=PLANE('',#8622);
#7823=ADVANCED_FACE('',(#20),#7432,.T.);
#7824=ADVANCED_FACE('',(#21),#7433,.F.);
#7825=ADVANCED_FACE('',(#22),#7434,.T.);
#7826=ADVANCED_FACE('',(#23),#7435,.T.);
#7827=ADVANCED_FACE('',(#24),#7436,.T.);
#7828=ADVANCED_FACE('',(#25),#19,.F.);
#7829=ADVANCED_FACE('',(#26),#7437,.T.);
#7830=ADVANCED_FACE('',(#27),#7438,.T.);
#7831=ADVANCED_FACE('',(#28),#7439,.T.);
#7832=ADVANCED_FACE('',(#29),#7440,.T.);
#7833=ADVANCED_FACE('',(#30),#7441,.T.);
#7834=ADVANCED_FACE('',(#31),#7442,.T.);
#7835=ADVANCED_FACE('',(#32),#7443,.T.);
#7836=ADVANCED_FACE('',(#33),#7444,.T.);
#7837=ADVANCED_FACE('',(#34),#7445,.T.);
#7838=ADVANCED_FACE('',(#35),#7446,.T.);
#7839=ADVANCED_FACE('',(#36),#7447,.T.);
#7840=ADVANCED_FACE('',(#37),#7448,.T.);
#7841=ADVANCED_FACE('',(#38),#7449,.T.);
#7842=ADVANCED_FACE('',(#39),#7450,.T.);
#7843=ADVANCED_FACE('',(#40),#7451,.T.);
#7844=ADVANCED_FACE('',(#41),#7452,.T.);
#7845=ADVANCED_FACE('',(#42),#7453,.T.);
#7846=ADVANCED_FACE('',(#43),#7454,.T.);
#7847=ADVANCED_FACE('',(#44),#7455,.T.);
#7848=ADVANCED_FACE('',(#45),#7456,.T.);
#7849=ADVANCED_FACE('',(#46),#7457,.T.);
#7850=ADVANCED_FACE('',(#47),#7458,.T.);
#7851=ADVANCED_FACE('',(#48),#7459,.T.);
#7852=ADVANCED_FACE('',(#49),#7460,.T.);
#7853=ADVANCED_FACE('',(#50),#7461,.T.);
#7854=ADVANCED_FACE('',(#51),#7462,.T.);
#7855=ADVANCED_FACE('',(#52),#7463,.T.);
#7856=ADVANCED_FACE('',(#53),#7464,.T.);
#7857=ADVANCED_FACE('',(#54),#7465,.T.);
#7858=ADVANCED_FACE('',(#55),#7466,.T.);
#7859=ADVANCED_FACE('',(#56),#7467,.T.);
#7860=ADVANCED_FACE('',(#57),#7468,.T.);
#7861=ADVANCED_FACE('',(#58),#7469,.T.);
#7862=ADVANCED_FACE('',(#59),#7470,.T.);
#7863=ADVANCED_FACE('',(#60),#7471,.T.);
#7864=ADVANCED_FACE('',(#61),#7472,.T.);
#7865=ADVANCED_FACE('',(#62),#7473,.T.);
#7866=ADVANCED_FACE('',(#63),#7474,.T.);
#7867=ADVANCED_FACE('',(#64),#7475,.T.);
#7868=ADVANCED_FACE('',(#65),#7476,.T.);
#7869=ADVANCED_FACE('',(#66),#7477,.T.);
#7870=ADVANCED_FACE('',(#67),#7478,.T.);
#7871=ADVANCED_FACE('',(#68),#7479,.T.);
#7872=ADVANCED_FACE('',(#69),#7480,.T.);
#7873=ADVANCED_FACE('',(#70),#7481,.T.);
#7874=ADVANCED_FACE('',(#71),#7482,.T.);
#7875=ADVANCED_FACE('',(#72),#7483,.T.);
#7876=ADVANCED_FACE('',(#73),#7484,.T.);
#7877=ADVANCED_FACE('',(#74),#7485,.T.);
#7878=ADVANCED_FACE('',(#75),#7486,.T.);
#7879=ADVANCED_FACE('',(#76),#7487,.T.);
#7880=ADVANCED_FACE('',(#77),#7488,.T.);
#7881=ADVANCED_FACE('',(#78),#7489,.T.);
#7882=ADVANCED_FACE('',(#79),#7490,.T.);
#7883=ADVANCED_FACE('',(#80),#7491,.T.);
#7884=ADVANCED_FACE('',(#81),#7492,.T.);
#7885=ADVANCED_FACE('',(#82),#7493,.T.);
#7886=ADVANCED_FACE('',(#83),#7494,.T.);
#7887=ADVANCED_FACE('',(#84),#7495,.T.);
#7888=ADVANCED_FACE('',(#85),#7496,.T.);
#7889=ADVANCED_FACE('',(#86),#7497,.T.);
#7890=ADVANCED_FACE('',(#87),#7498,.T.);
#7891=ADVANCED_FACE('',(#88),#7499,.T.);
#7892=ADVANCED_FACE('',(#89),#7500,.T.);
#7893=ADVANCED_FACE('',(#90),#7501,.T.);
#7894=ADVANCED_FACE('',(#91),#7502,.T.);
#7895=ADVANCED_FACE('',(#92),#7503,.T.);
#7896=ADVANCED_FACE('',(#93),#7504,.T.);
#7897=ADVANCED_FACE('',(#94),#7505,.T.);
#7898=ADVANCED_FACE('',(#95),#7506,.T.);
#7899=ADVANCED_FACE('',(#96),#7507,.T.);
#7900=ADVANCED_FACE('',(#97),#7508,.T.);
#7901=ADVANCED_FACE('',(#98),#7509,.T.);
#7902=ADVANCED_FACE('',(#99),#7510,.T.);
#7903=ADVANCED_FACE('',(#100),#7511,.T.);
#7904=ADVANCED_FACE('',(#101),#7512,.T.);
#7905=ADVANCED_FACE('',(#102),#7513,.T.);
#7906=ADVANCED_FACE('',(#103),#7514,.T.);
#7907=ADVANCED_FACE('',(#104),#7515,.T.);
#7908=ADVANCED_FACE('',(#105),#7516,.T.);
#7909=ADVANCED_FACE('',(#106),#7517,.T.);
#7910=ADVANCED_FACE('',(#107),#7518,.T.);
#7911=ADVANCED_FACE('',(#108),#7519,.T.);
#7912=ADVANCED_FACE('',(#109),#7520,.T.);
#7913=ADVANCED_FACE('',(#110),#7521,.T.);
#7914=ADVANCED_FACE('',(#111),#7522,.T.);
#7915=ADVANCED_FACE('',(#112),#7523,.T.);
#7916=ADVANCED_FACE('',(#113),#7524,.T.);
#7917=ADVANCED_FACE('',(#114),#7525,.T.);
#7918=ADVANCED_FACE('',(#115),#7526,.T.);
#7919=ADVANCED_FACE('',(#116),#7527,.T.);
#7920=ADVANCED_FACE('',(#117),#7528,.T.);
#7921=ADVANCED_FACE('',(#118),#7529,.T.);
#7922=ADVANCED_FACE('',(#119),#7530,.T.);
#7923=ADVANCED_FACE('',(#120),#7531,.T.);
#7924=ADVANCED_FACE('',(#121),#7532,.T.);
#7925=ADVANCED_FACE('',(#122),#7533,.T.);
#7926=ADVANCED_FACE('',(#123),#7534,.T.);
#7927=ADVANCED_FACE('',(#124),#7535,.T.);
#7928=ADVANCED_FACE('',(#125),#7536,.T.);
#7929=ADVANCED_FACE('',(#126),#7537,.T.);
#7930=ADVANCED_FACE('',(#127),#7538,.T.);
#7931=ADVANCED_FACE('',(#128),#7539,.T.);
#7932=ADVANCED_FACE('',(#129),#7540,.T.);
#7933=ADVANCED_FACE('',(#130),#7541,.T.);
#7934=ADVANCED_FACE('',(#131),#7542,.T.);
#7935=ADVANCED_FACE('',(#132),#7543,.T.);
#7936=ADVANCED_FACE('',(#133),#7544,.T.);
#7937=ADVANCED_FACE('',(#134),#7545,.T.);
#7938=ADVANCED_FACE('',(#135),#7546,.T.);
#7939=ADVANCED_FACE('',(#136),#7547,.T.);
#7940=ADVANCED_FACE('',(#137),#7548,.T.);
#7941=ADVANCED_FACE('',(#138),#7549,.T.);
#7942=ADVANCED_FACE('',(#139),#7550,.T.);
#7943=ADVANCED_FACE('',(#140),#7551,.T.);
#7944=ADVANCED_FACE('',(#141),#7552,.T.);
#7945=ADVANCED_FACE('',(#142),#7553,.T.);
#7946=ADVANCED_FACE('',(#143),#7554,.T.);
#7947=ADVANCED_FACE('',(#144),#7555,.T.);
#7948=ADVANCED_FACE('',(#145),#7556,.T.);
#7949=ADVANCED_FACE('',(#146),#7557,.T.);
#7950=ADVANCED_FACE('',(#147),#7558,.T.);
#7951=ADVANCED_FACE('',(#148),#7559,.T.);
#7952=ADVANCED_FACE('',(#149),#7560,.T.);
#7953=ADVANCED_FACE('',(#150),#7561,.T.);
#7954=ADVANCED_FACE('',(#151),#7562,.T.);
#7955=ADVANCED_FACE('',(#152),#7563,.T.);
#7956=ADVANCED_FACE('',(#153),#7564,.T.);
#7957=ADVANCED_FACE('',(#154),#7565,.T.);
#7958=ADVANCED_FACE('',(#155),#7566,.T.);
#7959=ADVANCED_FACE('',(#156),#7567,.T.);
#7960=ADVANCED_FACE('',(#157),#7568,.T.);
#7961=ADVANCED_FACE('',(#158),#7569,.T.);
#7962=ADVANCED_FACE('',(#159),#7570,.T.);
#7963=ADVANCED_FACE('',(#160),#7571,.T.);
#7964=ADVANCED_FACE('',(#161),#7572,.T.);
#7965=ADVANCED_FACE('',(#162),#7573,.T.);
#7966=ADVANCED_FACE('',(#163),#7574,.T.);
#7967=ADVANCED_FACE('',(#164),#7575,.T.);
#7968=ADVANCED_FACE('',(#165),#7576,.T.);
#7969=ADVANCED_FACE('',(#166),#7577,.T.);
#7970=ADVANCED_FACE('',(#167),#7578,.T.);
#7971=ADVANCED_FACE('',(#168),#7579,.T.);
#7972=ADVANCED_FACE('',(#169),#7580,.T.);
#7973=ADVANCED_FACE('',(#170),#7581,.T.);
#7974=ADVANCED_FACE('',(#171),#7582,.T.);
#7975=ADVANCED_FACE('',(#172),#7583,.T.);
#7976=ADVANCED_FACE('',(#173),#7584,.T.);
#7977=ADVANCED_FACE('',(#174),#7585,.T.);
#7978=ADVANCED_FACE('',(#175),#7586,.T.);
#7979=ADVANCED_FACE('',(#176),#7587,.T.);
#7980=ADVANCED_FACE('',(#177),#7588,.T.);
#7981=ADVANCED_FACE('',(#178),#7589,.T.);
#7982=ADVANCED_FACE('',(#179),#7590,.T.);
#7983=ADVANCED_FACE('',(#180),#7591,.T.);
#7984=ADVANCED_FACE('',(#181),#7592,.T.);
#7985=ADVANCED_FACE('',(#182),#7593,.T.);
#7986=ADVANCED_FACE('',(#183),#7594,.T.);
#7987=ADVANCED_FACE('',(#184),#7595,.T.);
#7988=ADVANCED_FACE('',(#185),#7596,.T.);
#7989=ADVANCED_FACE('',(#186),#7597,.T.);
#7990=ADVANCED_FACE('',(#187),#7598,.T.);
#7991=ADVANCED_FACE('',(#188),#7599,.T.);
#7992=ADVANCED_FACE('',(#189),#7600,.T.);
#7993=ADVANCED_FACE('',(#190),#7601,.T.);
#7994=ADVANCED_FACE('',(#191),#7602,.T.);
#7995=ADVANCED_FACE('',(#192),#7603,.T.);
#7996=ADVANCED_FACE('',(#193),#7604,.T.);
#7997=ADVANCED_FACE('',(#194),#7605,.T.);
#7998=ADVANCED_FACE('',(#195),#7606,.T.);
#7999=ADVANCED_FACE('',(#196),#7607,.T.);
#8000=ADVANCED_FACE('',(#197),#7608,.T.);
#8001=ADVANCED_FACE('',(#198),#7609,.T.);
#8002=ADVANCED_FACE('',(#199),#7610,.T.);
#8003=ADVANCED_FACE('',(#200),#7611,.T.);
#8004=ADVANCED_FACE('',(#201),#7612,.T.);
#8005=ADVANCED_FACE('',(#202),#7613,.T.);
#8006=ADVANCED_FACE('',(#203),#7614,.T.);
#8007=ADVANCED_FACE('',(#204),#7615,.T.);
#8008=ADVANCED_FACE('',(#205),#7616,.T.);
#8009=ADVANCED_FACE('',(#206),#7617,.T.);
#8010=ADVANCED_FACE('',(#207),#7618,.T.);
#8011=ADVANCED_FACE('',(#208),#7619,.T.);
#8012=ADVANCED_FACE('',(#209),#7620,.T.);
#8013=ADVANCED_FACE('',(#210),#7621,.T.);
#8014=ADVANCED_FACE('',(#211),#7622,.T.);
#8015=ADVANCED_FACE('',(#212),#7623,.T.);
#8016=ADVANCED_FACE('',(#213),#7624,.T.);
#8017=ADVANCED_FACE('',(#214),#7625,.T.);
#8018=ADVANCED_FACE('',(#215),#7626,.T.);
#8019=ADVANCED_FACE('',(#216),#7627,.T.);
#8020=ADVANCED_FACE('',(#217),#7628,.T.);
#8021=ADVANCED_FACE('',(#218),#7629,.T.);
#8022=ADVANCED_FACE('',(#219),#7630,.T.);
#8023=ADVANCED_FACE('',(#220),#7631,.T.);
#8024=ADVANCED_FACE('',(#221),#7632,.T.);
#8025=ADVANCED_FACE('',(#222),#7633,.T.);
#8026=ADVANCED_FACE('',(#223),#7634,.T.);
#8027=ADVANCED_FACE('',(#224),#7635,.T.);
#8028=ADVANCED_FACE('',(#225),#7636,.T.);
#8029=ADVANCED_FACE('',(#226),#7637,.T.);
#8030=ADVANCED_FACE('',(#227),#7638,.T.);
#8031=ADVANCED_FACE('',(#228),#7639,.T.);
#8032=ADVANCED_FACE('',(#229),#7640,.T.);
#8033=ADVANCED_FACE('',(#230),#7641,.T.);
#8034=ADVANCED_FACE('',(#231),#7642,.T.);
#8035=ADVANCED_FACE('',(#232),#7643,.T.);
#8036=ADVANCED_FACE('',(#233),#7644,.T.);
#8037=ADVANCED_FACE('',(#234),#7645,.T.);
#8038=ADVANCED_FACE('',(#235),#7646,.T.);
#8039=ADVANCED_FACE('',(#236),#7647,.T.);
#8040=ADVANCED_FACE('',(#237),#7648,.T.);
#8041=ADVANCED_FACE('',(#238),#7649,.T.);
#8042=ADVANCED_FACE('',(#239),#7650,.T.);
#8043=ADVANCED_FACE('',(#240),#7651,.T.);
#8044=ADVANCED_FACE('',(#241),#7652,.T.);
#8045=ADVANCED_FACE('',(#242),#7653,.T.);
#8046=ADVANCED_FACE('',(#243),#7654,.T.);
#8047=ADVANCED_FACE('',(#244),#7655,.T.);
#8048=ADVANCED_FACE('',(#245),#7656,.T.);
#8049=ADVANCED_FACE('',(#246),#7657,.T.);
#8050=ADVANCED_FACE('',(#247),#7658,.T.);
#8051=ADVANCED_FACE('',(#248),#7659,.T.);
#8052=ADVANCED_FACE('',(#249),#7660,.T.);
#8053=ADVANCED_FACE('',(#250),#7661,.T.);
#8054=ADVANCED_FACE('',(#251),#7662,.T.);
#8055=ADVANCED_FACE('',(#252),#7663,.T.);
#8056=ADVANCED_FACE('',(#253),#7664,.T.);
#8057=ADVANCED_FACE('',(#254),#7665,.T.);
#8058=ADVANCED_FACE('',(#255),#7666,.T.);
#8059=ADVANCED_FACE('',(#256),#7667,.T.);
#8060=ADVANCED_FACE('',(#257),#7668,.T.);
#8061=ADVANCED_FACE('',(#258),#7669,.T.);
#8062=ADVANCED_FACE('',(#259),#7670,.T.);
#8063=ADVANCED_FACE('',(#260),#7671,.T.);
#8064=ADVANCED_FACE('',(#261),#7672,.T.);
#8065=ADVANCED_FACE('',(#262),#7673,.T.);
#8066=ADVANCED_FACE('',(#263),#7674,.T.);
#8067=ADVANCED_FACE('',(#264),#7675,.T.);
#8068=ADVANCED_FACE('',(#265),#7676,.T.);
#8069=ADVANCED_FACE('',(#266),#7677,.T.);
#8070=ADVANCED_FACE('',(#267),#7678,.T.);
#8071=ADVANCED_FACE('',(#268),#7679,.T.);
#8072=ADVANCED_FACE('',(#269),#7680,.T.);
#8073=ADVANCED_FACE('',(#270),#7681,.T.);
#8074=ADVANCED_FACE('',(#271),#7682,.T.);
#8075=ADVANCED_FACE('',(#272),#7683,.T.);
#8076=ADVANCED_FACE('',(#273),#7684,.T.);
#8077=ADVANCED_FACE('',(#274),#7685,.T.);
#8078=ADVANCED_FACE('',(#275),#7686,.T.);
#8079=ADVANCED_FACE('',(#276),#7687,.T.);
#8080=ADVANCED_FACE('',(#277),#7688,.T.);
#8081=ADVANCED_FACE('',(#278),#7689,.T.);
#8082=ADVANCED_FACE('',(#279),#7690,.T.);
#8083=ADVANCED_FACE('',(#280),#7691,.T.);
#8084=ADVANCED_FACE('',(#281),#7692,.T.);
#8085=ADVANCED_FACE('',(#282),#7693,.T.);
#8086=ADVANCED_FACE('',(#283),#7694,.T.);
#8087=ADVANCED_FACE('',(#284),#7695,.T.);
#8088=ADVANCED_FACE('',(#285),#7696,.T.);
#8089=ADVANCED_FACE('',(#286),#7697,.T.);
#8090=ADVANCED_FACE('',(#287),#7698,.T.);
#8091=ADVANCED_FACE('',(#288),#7699,.T.);
#8092=ADVANCED_FACE('',(#289),#7700,.T.);
#8093=ADVANCED_FACE('',(#290),#7701,.T.);
#8094=ADVANCED_FACE('',(#291),#7702,.T.);
#8095=ADVANCED_FACE('',(#292),#7703,.T.);
#8096=ADVANCED_FACE('',(#293),#7704,.T.);
#8097=ADVANCED_FACE('',(#294),#7705,.T.);
#8098=ADVANCED_FACE('',(#295),#7706,.T.);
#8099=ADVANCED_FACE('',(#296),#7707,.T.);
#8100=ADVANCED_FACE('',(#297),#7708,.T.);
#8101=ADVANCED_FACE('',(#298),#7709,.T.);
#8102=ADVANCED_FACE('',(#299),#7710,.T.);
#8103=ADVANCED_FACE('',(#300),#7711,.T.);
#8104=ADVANCED_FACE('',(#301),#7712,.T.);
#8105=ADVANCED_FACE('',(#302),#7713,.T.);
#8106=ADVANCED_FACE('',(#303),#7714,.T.);
#8107=ADVANCED_FACE('',(#304),#7715,.T.);
#8108=ADVANCED_FACE('',(#305),#7716,.T.);
#8109=ADVANCED_FACE('',(#306),#7717,.T.);
#8110=ADVANCED_FACE('',(#307),#7718,.T.);
#8111=ADVANCED_FACE('',(#308),#7719,.T.);
#8112=ADVANCED_FACE('',(#309),#7720,.T.);
#8113=ADVANCED_FACE('',(#310),#7721,.T.);
#8114=ADVANCED_FACE('',(#311),#7722,.T.);
#8115=ADVANCED_FACE('',(#312),#7723,.T.);
#8116=ADVANCED_FACE('',(#313),#7724,.T.);
#8117=ADVANCED_FACE('',(#314),#7725,.T.);
#8118=ADVANCED_FACE('',(#315),#7726,.T.);
#8119=ADVANCED_FACE('',(#316),#7727,.T.);
#8120=ADVANCED_FACE('',(#317),#7728,.T.);
#8121=ADVANCED_FACE('',(#318),#7729,.T.);
#8122=ADVANCED_FACE('',(#319),#7730,.T.);
#8123=ADVANCED_FACE('',(#320),#7731,.T.);
#8124=ADVANCED_FACE('',(#321),#7732,.T.);
#8125=ADVANCED_FACE('',(#322),#7733,.T.);
#8126=ADVANCED_FACE('',(#323),#7734,.T.);
#8127=ADVANCED_FACE('',(#324),#7735,.T.);
#8128=ADVANCED_FACE('',(#325),#7736,.T.);
#8129=ADVANCED_FACE('',(#326),#7737,.T.);
#8130=ADVANCED_FACE('',(#327),#7738,.T.);
#8131=ADVANCED_FACE('',(#328),#7739,.T.);
#8132=ADVANCED_FACE('',(#329),#7740,.T.);
#8133=ADVANCED_FACE('',(#330),#7741,.T.);
#8134=ADVANCED_FACE('',(#331),#7742,.T.);
#8135=ADVANCED_FACE('',(#332),#7743,.T.);
#8136=ADVANCED_FACE('',(#333),#7744,.T.);
#8137=ADVANCED_FACE('',(#334),#7745,.T.);
#8138=ADVANCED_FACE('',(#335),#7746,.T.);
#8139=ADVANCED_FACE('',(#336),#7747,.T.);
#8140=ADVANCED_FACE('',(#337),#7748,.T.);
#8141=ADVANCED_FACE('',(#338),#7749,.T.);
#8142=ADVANCED_FACE('',(#339),#7750,.T.);
#8143=ADVANCED_FACE('',(#340),#7751,.T.);
#8144=ADVANCED_FACE('',(#341),#7752,.T.);
#8145=ADVANCED_FACE('',(#342),#7753,.T.);
#8146=ADVANCED_FACE('',(#343),#7754,.T.);
#8147=ADVANCED_FACE('',(#344),#7755,.T.);
#8148=ADVANCED_FACE('',(#345),#7756,.T.);
#8149=ADVANCED_FACE('',(#346),#7757,.T.);
#8150=ADVANCED_FACE('',(#347),#7758,.T.);
#8151=ADVANCED_FACE('',(#348),#7759,.T.);
#8152=ADVANCED_FACE('',(#349),#7760,.T.);
#8153=ADVANCED_FACE('',(#350),#7761,.T.);
#8154=ADVANCED_FACE('',(#351),#7762,.T.);
#8155=ADVANCED_FACE('',(#352),#7763,.T.);
#8156=ADVANCED_FACE('',(#353),#7764,.T.);
#8157=ADVANCED_FACE('',(#354),#7765,.T.);
#8158=ADVANCED_FACE('',(#355),#7766,.T.);
#8159=ADVANCED_FACE('',(#356),#7767,.T.);
#8160=ADVANCED_FACE('',(#357),#7768,.T.);
#8161=ADVANCED_FACE('',(#358),#7769,.T.);
#8162=ADVANCED_FACE('',(#359),#7770,.T.);
#8163=ADVANCED_FACE('',(#360),#7771,.T.);
#8164=ADVANCED_FACE('',(#361),#7772,.T.);
#8165=ADVANCED_FACE('',(#362),#7773,.T.);
#8166=ADVANCED_FACE('',(#363),#7774,.T.);
#8167=ADVANCED_FACE('',(#364),#7775,.T.);
#8168=ADVANCED_FACE('',(#365),#7776,.T.);
#8169=ADVANCED_FACE('',(#366),#7777,.T.);
#8170=ADVANCED_FACE('',(#367),#7778,.T.);
#8171=ADVANCED_FACE('',(#368),#7779,.T.);
#8172=ADVANCED_FACE('',(#369),#7780,.T.);
#8173=ADVANCED_FACE('',(#370),#7781,.T.);
#8174=ADVANCED_FACE('',(#371),#7782,.T.);
#8175=ADVANCED_FACE('',(#372),#7783,.T.);
#8176=ADVANCED_FACE('',(#373),#7784,.T.);
#8177=ADVANCED_FACE('',(#374),#7785,.T.);
#8178=ADVANCED_FACE('',(#375),#7786,.T.);
#8179=ADVANCED_FACE('',(#376),#7787,.T.);
#8180=ADVANCED_FACE('',(#377),#7788,.T.);
#8181=ADVANCED_FACE('',(#378),#7789,.T.);
#8182=ADVANCED_FACE('',(#379),#7790,.T.);
#8183=ADVANCED_FACE('',(#380),#7791,.T.);
#8184=ADVANCED_FACE('',(#381),#7792,.T.);
#8185=ADVANCED_FACE('',(#382),#7793,.T.);
#8186=ADVANCED_FACE('',(#383),#7794,.T.);
#8187=ADVANCED_FACE('',(#384),#7795,.T.);
#8188=ADVANCED_FACE('',(#385),#7796,.T.);
#8189=ADVANCED_FACE('',(#386),#7797,.T.);
#8190=ADVANCED_FACE('',(#387),#7798,.T.);
#8191=ADVANCED_FACE('',(#388),#7799,.T.);
#8192=ADVANCED_FACE('',(#389),#7800,.T.);
#8193=ADVANCED_FACE('',(#390),#7801,.T.);
#8194=ADVANCED_FACE('',(#391),#7802,.T.);
#8195=ADVANCED_FACE('',(#392),#7803,.T.);
#8196=ADVANCED_FACE('',(#393),#7804,.T.);
#8197=ADVANCED_FACE('',(#394),#7805,.T.);
#8198=ADVANCED_FACE('',(#395),#7806,.T.);
#8199=ADVANCED_FACE('',(#396),#7807,.T.);
#8200=ADVANCED_FACE('',(#397),#7808,.T.);
#8201=ADVANCED_FACE('',(#398),#7809,.T.);
#8202=ADVANCED_FACE('',(#399),#7810,.T.);
#8203=ADVANCED_FACE('',(#400),#7811,.T.);
#8204=ADVANCED_FACE('',(#401),#7812,.T.);
#8205=ADVANCED_FACE('',(#402),#7813,.T.);
#8206=ADVANCED_FACE('',(#403),#7814,.T.);
#8207=ADVANCED_FACE('',(#404),#7815,.T.);
#8208=ADVANCED_FACE('',(#405),#7816,.T.);
#8209=ADVANCED_FACE('',(#406),#7817,.T.);
#8210=ADVANCED_FACE('',(#407),#7818,.T.);
#8211=ADVANCED_FACE('',(#408),#7819,.T.);
#8212=ADVANCED_FACE('',(#409),#7820,.T.);
#8213=ADVANCED_FACE('',(#410,#15),#7821,.T.);
#8214=ADVANCED_FACE('',(#411,#16),#7822,.F.);
#8215=CLOSED_SHELL('',(#7823,#7824,#7825,#7826,#7827,#7828,#7829,#7830,
#7831,#7832,#7833,#7834,#7835,#7836,#7837,#7838,#7839,#7840,#7841,#7842,
#7843,#7844,#7845,#7846,#7847,#7848,#7849,#7850,#7851,#7852,#7853,#7854,
#7855,#7856,#7857,#7858,#7859,#7860,#7861,#7862,#7863,#7864,#7865,#7866,
#7867,#7868,#7869,#7870,#7871,#7872,#7873,#7874,#7875,#7876,#7877,#7878,
#7879,#7880,#7881,#7882,#7883,#7884,#7885,#7886,#7887,#7888,#7889,#7890,
#7891,#7892,#7893,#7894,#7895,#7896,#7897,#7898,#7899,#7900,#7901,#7902,
#7903,#7904,#7905,#7906,#7907,#7908,#7909,#7910,#7911,#7912,#7913,#7914,
#7915,#7916,#7917,#7918,#7919,#7920,#7921,#7922,#7923,#7924,#7925,#7926,
#7927,#7928,#7929,#7930,#7931,#7932,#7933,#7934,#7935,#7936,#7937,#7938,
#7939,#7940,#7941,#7942,#7943,#7944,#7945,#7946,#7947,#7948,#7949,#7950,
#7951,#7952,#7953,#7954,#7955,#7956,#7957,#7958,#7959,#7960,#7961,#7962,
#7963,#7964,#7965,#7966,#7967,#7968,#7969,#7970,#7971,#7972,#7973,#7974,
#7975,#7976,#7977,#7978,#7979,#7980,#7981,#7982,#7983,#7984,#7985,#7986,
#7987,#7988,#7989,#7990,#7991,#7992,#7993,#7994,#7995,#7996,#7997,#7998,
#7999,#8000,#8001,#8002,#8003,#8004,#8005,#8006,#8007,#8008,#8009,#8010,
#8011,#8012,#8013,#8014,#8015,#8016,#8017,#8018,#8019,#8020,#8021,#8022,
#8023,#8024,#8025,#8026,#8027,#8028,#8029,#8030,#8031,#8032,#8033,#8034,
#8035,#8036,#8037,#8038,#8039,#8040,#8041,#8042,#8043,#8044,#8045,#8046,
#8047,#8048,#8049,#8050,#8051,#8052,#8053,#8054,#8055,#8056,#8057,#8058,
#8059,#8060,#8061,#8062,#8063,#8064,#8065,#8066,#8067,#8068,#8069,#8070,
#8071,#8072,#8073,#8074,#8075,#8076,#8077,#8078,#8079,#8080,#8081,#8082,
#8083,#8084,#8085,#8086,#8087,#8088,#8089,#8090,#8091,#8092,#8093,#8094,
#8095,#8096,#8097,#8098,#8099,#8100,#8101,#8102,#8103,#8104,#8105,#8106,
#8107,#8108,#8109,#8110,#8111,#8112,#8113,#8114,#8115,#8116,#8117,#8118,
#8119,#8120,#8121,#8122,#8123,#8124,#8125,#8126,#8127,#8128,#8129,#8130,
#8131,#8132,#8133,#8134,#8135,#8136,#8137,#8138,#8139,#8140,#8141,#8142,
#8143,#8144,#8145,#8146,#8147,#8148,#8149,#8150,#8151,#8152,#8153,#8154,
#8155,#8156,#8157,#8158,#8159,#8160,#8161,#8162,#8163,#8164,#8165,#8166,
#8167,#8168,#8169,#8170,#8171,#8172,#8173,#8174,#8175,#8176,#8177,#8178,
#8179,#8180,#8181,#8182,#8183,#8184,#8185,#8186,#8187,#8188,#8189,#8190,
#8191,#8192,#8193,#8194,#8195,#8196,#8197,#8198,#8199,#8200,#8201,#8202,
#8203,#8204,#8205,#8206,#8207,#8208,#8209,#8210,#8211,#8212,#8213,#8214));
#8216=DERIVED_UNIT_ELEMENT(#8218,1.);
#8217=DERIVED_UNIT_ELEMENT(#12929,-3.);
#8218=(
MASS_UNIT()
NAMED_UNIT(*)
SI_UNIT(.KILO.,.GRAM.)
);
#8219=DERIVED_UNIT((#8216,#8217));
#8220=MEASURE_REPRESENTATION_ITEM('density measure',
POSITIVE_RATIO_MEASURE(7850.),#8219);
#8221=PROPERTY_DEFINITION_REPRESENTATION(#8226,#8223);
#8222=PROPERTY_DEFINITION_REPRESENTATION(#8227,#8224);
#8223=REPRESENTATION('material name',(#8225),#12926);
#8224=REPRESENTATION('density',(#8220),#12926);
#8225=DESCRIPTIVE_REPRESENTATION_ITEM('Steel','Steel');
#8226=PROPERTY_DEFINITION('material property','material name',#12936);
#8227=PROPERTY_DEFINITION('material property','density of part',#12936);
#8228=AXIS2_PLACEMENT_3D('',#10581,#8623,#8624);
#8229=AXIS2_PLACEMENT_3D('',#10582,#8625,#8626);
#8230=AXIS2_PLACEMENT_3D('',#10591,#8631,#8632);
#8231=AXIS2_PLACEMENT_3D('',#10597,#8636,#8637);
#8232=AXIS2_PLACEMENT_3D('',#10603,#8641,#8642);
#8233=AXIS2_PLACEMENT_3D('',#10609,#8646,#8647);
#8234=AXIS2_PLACEMENT_3D('',#10615,#8651,#8652);
#8235=AXIS2_PLACEMENT_3D('',#10616,#8653,#8654);
#8236=AXIS2_PLACEMENT_3D('',#10617,#8655,#8656);
#8237=AXIS2_PLACEMENT_3D('',#10618,#8657,#8658);
#8238=AXIS2_PLACEMENT_3D('',#10627,#8663,#8664);
#8239=AXIS2_PLACEMENT_3D('',#10633,#8668,#8669);
#8240=AXIS2_PLACEMENT_3D('',#10639,#8673,#8674);
#8241=AXIS2_PLACEMENT_3D('',#10645,#8678,#8679);
#8242=AXIS2_PLACEMENT_3D('',#10651,#8683,#8684);
#8243=AXIS2_PLACEMENT_3D('',#10657,#8688,#8689);
#8244=AXIS2_PLACEMENT_3D('',#10663,#8693,#8694);
#8245=AXIS2_PLACEMENT_3D('',#10669,#8698,#8699);
#8246=AXIS2_PLACEMENT_3D('',#10675,#8703,#8704);
#8247=AXIS2_PLACEMENT_3D('',#10681,#8708,#8709);
#8248=AXIS2_PLACEMENT_3D('',#10687,#8713,#8714);
#8249=AXIS2_PLACEMENT_3D('',#10693,#8718,#8719);
#8250=AXIS2_PLACEMENT_3D('',#10699,#8723,#8724);
#8251=AXIS2_PLACEMENT_3D('',#10705,#8728,#8729);
#8252=AXIS2_PLACEMENT_3D('',#10711,#8733,#8734);
#8253=AXIS2_PLACEMENT_3D('',#10717,#8738,#8739);
#8254=AXIS2_PLACEMENT_3D('',#10723,#8743,#8744);
#8255=AXIS2_PLACEMENT_3D('',#10729,#8748,#8749);
#8256=AXIS2_PLACEMENT_3D('',#10735,#8753,#8754);
#8257=AXIS2_PLACEMENT_3D('',#10741,#8758,#8759);
#8258=AXIS2_PLACEMENT_3D('',#10747,#8763,#8764);
#8259=AXIS2_PLACEMENT_3D('',#10753,#8768,#8769);
#8260=AXIS2_PLACEMENT_3D('',#10759,#8773,#8774);
#8261=AXIS2_PLACEMENT_3D('',#10765,#8778,#8779);
#8262=AXIS2_PLACEMENT_3D('',#10771,#8783,#8784);
#8263=AXIS2_PLACEMENT_3D('',#10777,#8788,#8789);
#8264=AXIS2_PLACEMENT_3D('',#10783,#8793,#8794);
#8265=AXIS2_PLACEMENT_3D('',#10789,#8798,#8799);
#8266=AXIS2_PLACEMENT_3D('',#10795,#8803,#8804);
#8267=AXIS2_PLACEMENT_3D('',#10801,#8808,#8809);
#8268=AXIS2_PLACEMENT_3D('',#10807,#8813,#8814);
#8269=AXIS2_PLACEMENT_3D('',#10813,#8818,#8819);
#8270=AXIS2_PLACEMENT_3D('',#10819,#8823,#8824);
#8271=AXIS2_PLACEMENT_3D('',#10825,#8828,#8829);
#8272=AXIS2_PLACEMENT_3D('',#10831,#8833,#8834);
#8273=AXIS2_PLACEMENT_3D('',#10837,#8838,#8839);
#8274=AXIS2_PLACEMENT_3D('',#10843,#8843,#8844);
#8275=AXIS2_PLACEMENT_3D('',#10849,#8848,#8849);
#8276=AXIS2_PLACEMENT_3D('',#10855,#8853,#8854);
#8277=AXIS2_PLACEMENT_3D('',#10861,#8858,#8859);
#8278=AXIS2_PLACEMENT_3D('',#10867,#8863,#8864);
#8279=AXIS2_PLACEMENT_3D('',#10873,#8868,#8869);
#8280=AXIS2_PLACEMENT_3D('',#10879,#8873,#8874);
#8281=AXIS2_PLACEMENT_3D('',#10885,#8878,#8879);
#8282=AXIS2_PLACEMENT_3D('',#10891,#8883,#8884);
#8283=AXIS2_PLACEMENT_3D('',#10897,#8888,#8889);
#8284=AXIS2_PLACEMENT_3D('',#10903,#8893,#8894);
#8285=AXIS2_PLACEMENT_3D('',#10909,#8898,#8899);
#8286=AXIS2_PLACEMENT_3D('',#10915,#8903,#8904);
#8287=AXIS2_PLACEMENT_3D('',#10921,#8908,#8909);
#8288=AXIS2_PLACEMENT_3D('',#10927,#8913,#8914);
#8289=AXIS2_PLACEMENT_3D('',#10933,#8918,#8919);
#8290=AXIS2_PLACEMENT_3D('',#10939,#8923,#8924);
#8291=AXIS2_PLACEMENT_3D('',#10945,#8928,#8929);
#8292=AXIS2_PLACEMENT_3D('',#10951,#8933,#8934);
#8293=AXIS2_PLACEMENT_3D('',#10957,#8938,#8939);
#8294=AXIS2_PLACEMENT_3D('',#10963,#8943,#8944);
#8295=AXIS2_PLACEMENT_3D('',#10969,#8948,#8949);
#8296=AXIS2_PLACEMENT_3D('',#10975,#8953,#8954);
#8297=AXIS2_PLACEMENT_3D('',#10981,#8958,#8959);
#8298=AXIS2_PLACEMENT_3D('',#10987,#8963,#8964);
#8299=AXIS2_PLACEMENT_3D('',#10993,#8968,#8969);
#8300=AXIS2_PLACEMENT_3D('',#10999,#8973,#8974);
#8301=AXIS2_PLACEMENT_3D('',#11005,#8978,#8979);
#8302=AXIS2_PLACEMENT_3D('',#11011,#8983,#8984);
#8303=AXIS2_PLACEMENT_3D('',#11017,#8988,#8989);
#8304=AXIS2_PLACEMENT_3D('',#11023,#8993,#8994);
#8305=AXIS2_PLACEMENT_3D('',#11029,#8998,#8999);
#8306=AXIS2_PLACEMENT_3D('',#11035,#9003,#9004);
#8307=AXIS2_PLACEMENT_3D('',#11041,#9008,#9009);
#8308=AXIS2_PLACEMENT_3D('',#11047,#9013,#9014);
#8309=AXIS2_PLACEMENT_3D('',#11053,#9018,#9019);
#8310=AXIS2_PLACEMENT_3D('',#11059,#9023,#9024);
#8311=AXIS2_PLACEMENT_3D('',#11065,#9028,#9029);
#8312=AXIS2_PLACEMENT_3D('',#11071,#9033,#9034);
#8313=AXIS2_PLACEMENT_3D('',#11077,#9038,#9039);
#8314=AXIS2_PLACEMENT_3D('',#11083,#9043,#9044);
#8315=AXIS2_PLACEMENT_3D('',#11089,#9048,#9049);
#8316=AXIS2_PLACEMENT_3D('',#11095,#9053,#9054);
#8317=AXIS2_PLACEMENT_3D('',#11101,#9058,#9059);
#8318=AXIS2_PLACEMENT_3D('',#11107,#9063,#9064);
#8319=AXIS2_PLACEMENT_3D('',#11113,#9068,#9069);
#8320=AXIS2_PLACEMENT_3D('',#11119,#9073,#9074);
#8321=AXIS2_PLACEMENT_3D('',#11125,#9078,#9079);
#8322=AXIS2_PLACEMENT_3D('',#11131,#9083,#9084);
#8323=AXIS2_PLACEMENT_3D('',#11137,#9088,#9089);
#8324=AXIS2_PLACEMENT_3D('',#11143,#9093,#9094);
#8325=AXIS2_PLACEMENT_3D('',#11149,#9098,#9099);
#8326=AXIS2_PLACEMENT_3D('',#11155,#9103,#9104);
#8327=AXIS2_PLACEMENT_3D('',#11161,#9108,#9109);
#8328=AXIS2_PLACEMENT_3D('',#11167,#9113,#9114);
#8329=AXIS2_PLACEMENT_3D('',#11173,#9118,#9119);
#8330=AXIS2_PLACEMENT_3D('',#11179,#9123,#9124);
#8331=AXIS2_PLACEMENT_3D('',#11185,#9128,#9129);
#8332=AXIS2_PLACEMENT_3D('',#11191,#9133,#9134);
#8333=AXIS2_PLACEMENT_3D('',#11197,#9138,#9139);
#8334=AXIS2_PLACEMENT_3D('',#11203,#9143,#9144);
#8335=AXIS2_PLACEMENT_3D('',#11209,#9148,#9149);
#8336=AXIS2_PLACEMENT_3D('',#11215,#9153,#9154);
#8337=AXIS2_PLACEMENT_3D('',#11221,#9158,#9159);
#8338=AXIS2_PLACEMENT_3D('',#11227,#9163,#9164);
#8339=AXIS2_PLACEMENT_3D('',#11233,#9168,#9169);
#8340=AXIS2_PLACEMENT_3D('',#11239,#9173,#9174);
#8341=AXIS2_PLACEMENT_3D('',#11245,#9178,#9179);
#8342=AXIS2_PLACEMENT_3D('',#11251,#9183,#9184);
#8343=AXIS2_PLACEMENT_3D('',#11257,#9188,#9189);
#8344=AXIS2_PLACEMENT_3D('',#11263,#9193,#9194);
#8345=AXIS2_PLACEMENT_3D('',#11269,#9198,#9199);
#8346=AXIS2_PLACEMENT_3D('',#11275,#9203,#9204);
#8347=AXIS2_PLACEMENT_3D('',#11281,#9208,#9209);
#8348=AXIS2_PLACEMENT_3D('',#11287,#9213,#9214);
#8349=AXIS2_PLACEMENT_3D('',#11293,#9218,#9219);
#8350=AXIS2_PLACEMENT_3D('',#11299,#9223,#9224);
#8351=AXIS2_PLACEMENT_3D('',#11305,#9228,#9229);
#8352=AXIS2_PLACEMENT_3D('',#11311,#9233,#9234);
#8353=AXIS2_PLACEMENT_3D('',#11317,#9238,#9239);
#8354=AXIS2_PLACEMENT_3D('',#11323,#9243,#9244);
#8355=AXIS2_PLACEMENT_3D('',#11329,#9248,#9249);
#8356=AXIS2_PLACEMENT_3D('',#11335,#9253,#9254);
#8357=AXIS2_PLACEMENT_3D('',#11341,#9258,#9259);
#8358=AXIS2_PLACEMENT_3D('',#11347,#9263,#9264);
#8359=AXIS2_PLACEMENT_3D('',#11353,#9268,#9269);
#8360=AXIS2_PLACEMENT_3D('',#11359,#9273,#9274);
#8361=AXIS2_PLACEMENT_3D('',#11365,#9278,#9279);
#8362=AXIS2_PLACEMENT_3D('',#11371,#9283,#9284);
#8363=AXIS2_PLACEMENT_3D('',#11377,#9288,#9289);
#8364=AXIS2_PLACEMENT_3D('',#11383,#9293,#9294);
#8365=AXIS2_PLACEMENT_3D('',#11389,#9298,#9299);
#8366=AXIS2_PLACEMENT_3D('',#11395,#9303,#9304);
#8367=AXIS2_PLACEMENT_3D('',#11401,#9308,#9309);
#8368=AXIS2_PLACEMENT_3D('',#11407,#9313,#9314);
#8369=AXIS2_PLACEMENT_3D('',#11413,#9318,#9319);
#8370=AXIS2_PLACEMENT_3D('',#11419,#9323,#9324);
#8371=AXIS2_PLACEMENT_3D('',#11425,#9328,#9329);
#8372=AXIS2_PLACEMENT_3D('',#11431,#9333,#9334);
#8373=AXIS2_PLACEMENT_3D('',#11437,#9338,#9339);
#8374=AXIS2_PLACEMENT_3D('',#11443,#9343,#9344);
#8375=AXIS2_PLACEMENT_3D('',#11449,#9348,#9349);
#8376=AXIS2_PLACEMENT_3D('',#11455,#9353,#9354);
#8377=AXIS2_PLACEMENT_3D('',#11461,#9358,#9359);
#8378=AXIS2_PLACEMENT_3D('',#11467,#9363,#9364);
#8379=AXIS2_PLACEMENT_3D('',#11473,#9368,#9369);
#8380=AXIS2_PLACEMENT_3D('',#11479,#9373,#9374);
#8381=AXIS2_PLACEMENT_3D('',#11485,#9378,#9379);
#8382=AXIS2_PLACEMENT_3D('',#11491,#9383,#9384);
#8383=AXIS2_PLACEMENT_3D('',#11497,#9388,#9389);
#8384=AXIS2_PLACEMENT_3D('',#11503,#9393,#9394);
#8385=AXIS2_PLACEMENT_3D('',#11509,#9398,#9399);
#8386=AXIS2_PLACEMENT_3D('',#11515,#9403,#9404);
#8387=AXIS2_PLACEMENT_3D('',#11521,#9408,#9409);
#8388=AXIS2_PLACEMENT_3D('',#11527,#9413,#9414);
#8389=AXIS2_PLACEMENT_3D('',#11533,#9418,#9419);
#8390=AXIS2_PLACEMENT_3D('',#11539,#9423,#9424);
#8391=AXIS2_PLACEMENT_3D('',#11545,#9428,#9429);
#8392=AXIS2_PLACEMENT_3D('',#11551,#9433,#9434);
#8393=AXIS2_PLACEMENT_3D('',#11557,#9438,#9439);
#8394=AXIS2_PLACEMENT_3D('',#11563,#9443,#9444);
#8395=AXIS2_PLACEMENT_3D('',#11569,#9448,#9449);
#8396=AXIS2_PLACEMENT_3D('',#11575,#9453,#9454);
#8397=AXIS2_PLACEMENT_3D('',#11581,#9458,#9459);
#8398=AXIS2_PLACEMENT_3D('',#11587,#9463,#9464);
#8399=AXIS2_PLACEMENT_3D('',#11593,#9468,#9469);
#8400=AXIS2_PLACEMENT_3D('',#11599,#9473,#9474);
#8401=AXIS2_PLACEMENT_3D('',#11605,#9478,#9479);
#8402=AXIS2_PLACEMENT_3D('',#11611,#9483,#9484);
#8403=AXIS2_PLACEMENT_3D('',#11617,#9488,#9489);
#8404=AXIS2_PLACEMENT_3D('',#11623,#9493,#9494);
#8405=AXIS2_PLACEMENT_3D('',#11629,#9498,#9499);
#8406=AXIS2_PLACEMENT_3D('',#11635,#9503,#9504);
#8407=AXIS2_PLACEMENT_3D('',#11641,#9508,#9509);
#8408=AXIS2_PLACEMENT_3D('',#11647,#9513,#9514);
#8409=AXIS2_PLACEMENT_3D('',#11653,#9518,#9519);
#8410=AXIS2_PLACEMENT_3D('',#11659,#9523,#9524);
#8411=AXIS2_PLACEMENT_3D('',#11665,#9528,#9529);
#8412=AXIS2_PLACEMENT_3D('',#11671,#9533,#9534);
#8413=AXIS2_PLACEMENT_3D('',#11677,#9538,#9539);
#8414=AXIS2_PLACEMENT_3D('',#11683,#9543,#9544);
#8415=AXIS2_PLACEMENT_3D('',#11689,#9548,#9549);
#8416=AXIS2_PLACEMENT_3D('',#11695,#9553,#9554);
#8417=AXIS2_PLACEMENT_3D('',#11701,#9558,#9559);
#8418=AXIS2_PLACEMENT_3D('',#11707,#9563,#9564);
#8419=AXIS2_PLACEMENT_3D('',#11713,#9568,#9569);
#8420=AXIS2_PLACEMENT_3D('',#11719,#9573,#9574);
#8421=AXIS2_PLACEMENT_3D('',#11725,#9578,#9579);
#8422=AXIS2_PLACEMENT_3D('',#11731,#9583,#9584);
#8423=AXIS2_PLACEMENT_3D('',#11737,#9588,#9589);
#8424=AXIS2_PLACEMENT_3D('',#11743,#9593,#9594);
#8425=AXIS2_PLACEMENT_3D('',#11749,#9598,#9599);
#8426=AXIS2_PLACEMENT_3D('',#11755,#9603,#9604);
#8427=AXIS2_PLACEMENT_3D('',#11761,#9608,#9609);
#8428=AXIS2_PLACEMENT_3D('',#11767,#9613,#9614);
#8429=AXIS2_PLACEMENT_3D('',#11773,#9618,#9619);
#8430=AXIS2_PLACEMENT_3D('',#11779,#9623,#9624);
#8431=AXIS2_PLACEMENT_3D('',#11785,#9628,#9629);
#8432=AXIS2_PLACEMENT_3D('',#11791,#9633,#9634);
#8433=AXIS2_PLACEMENT_3D('',#11797,#9638,#9639);
#8434=AXIS2_PLACEMENT_3D('',#11803,#9643,#9644);
#8435=AXIS2_PLACEMENT_3D('',#11809,#9648,#9649);
#8436=AXIS2_PLACEMENT_3D('',#11815,#9653,#9654);
#8437=AXIS2_PLACEMENT_3D('',#11821,#9658,#9659);
#8438=AXIS2_PLACEMENT_3D('',#11827,#9663,#9664);
#8439=AXIS2_PLACEMENT_3D('',#11833,#9668,#9669);
#8440=AXIS2_PLACEMENT_3D('',#11839,#9673,#9674);
#8441=AXIS2_PLACEMENT_3D('',#11845,#9678,#9679);
#8442=AXIS2_PLACEMENT_3D('',#11851,#9683,#9684);
#8443=AXIS2_PLACEMENT_3D('',#11857,#9688,#9689);
#8444=AXIS2_PLACEMENT_3D('',#11863,#9693,#9694);
#8445=AXIS2_PLACEMENT_3D('',#11869,#9698,#9699);
#8446=AXIS2_PLACEMENT_3D('',#11875,#9703,#9704);
#8447=AXIS2_PLACEMENT_3D('',#11881,#9708,#9709);
#8448=AXIS2_PLACEMENT_3D('',#11887,#9713,#9714);
#8449=AXIS2_PLACEMENT_3D('',#11893,#9718,#9719);
#8450=AXIS2_PLACEMENT_3D('',#11899,#9723,#9724);
#8451=AXIS2_PLACEMENT_3D('',#11905,#9728,#9729);
#8452=AXIS2_PLACEMENT_3D('',#11911,#9733,#9734);
#8453=AXIS2_PLACEMENT_3D('',#11917,#9738,#9739);
#8454=AXIS2_PLACEMENT_3D('',#11923,#9743,#9744);
#8455=AXIS2_PLACEMENT_3D('',#11929,#9748,#9749);
#8456=AXIS2_PLACEMENT_3D('',#11935,#9753,#9754);
#8457=AXIS2_PLACEMENT_3D('',#11941,#9758,#9759);
#8458=AXIS2_PLACEMENT_3D('',#11947,#9763,#9764);
#8459=AXIS2_PLACEMENT_3D('',#11953,#9768,#9769);
#8460=AXIS2_PLACEMENT_3D('',#11959,#9773,#9774);
#8461=AXIS2_PLACEMENT_3D('',#11965,#9778,#9779);
#8462=AXIS2_PLACEMENT_3D('',#11971,#9783,#9784);
#8463=AXIS2_PLACEMENT_3D('',#11977,#9788,#9789);
#8464=AXIS2_PLACEMENT_3D('',#11983,#9793,#9794);
#8465=AXIS2_PLACEMENT_3D('',#11989,#9798,#9799);
#8466=AXIS2_PLACEMENT_3D('',#11995,#9803,#9804);
#8467=AXIS2_PLACEMENT_3D('',#12001,#9808,#9809);
#8468=AXIS2_PLACEMENT_3D('',#12007,#9813,#9814);
#8469=AXIS2_PLACEMENT_3D('',#12013,#9818,#9819);
#8470=AXIS2_PLACEMENT_3D('',#12019,#9823,#9824);
#8471=AXIS2_PLACEMENT_3D('',#12025,#9828,#9829);
#8472=AXIS2_PLACEMENT_3D('',#12031,#9833,#9834);
#8473=AXIS2_PLACEMENT_3D('',#12037,#9838,#9839);
#8474=AXIS2_PLACEMENT_3D('',#12043,#9843,#9844);
#8475=AXIS2_PLACEMENT_3D('',#12049,#9848,#9849);
#8476=AXIS2_PLACEMENT_3D('',#12055,#9853,#9854);
#8477=AXIS2_PLACEMENT_3D('',#12061,#9858,#9859);
#8478=AXIS2_PLACEMENT_3D('',#12067,#9863,#9864);
#8479=AXIS2_PLACEMENT_3D('',#12073,#9868,#9869);
#8480=AXIS2_PLACEMENT_3D('',#12079,#9873,#9874);
#8481=AXIS2_PLACEMENT_3D('',#12085,#9878,#9879);
#8482=AXIS2_PLACEMENT_3D('',#12091,#9883,#9884);
#8483=AXIS2_PLACEMENT_3D('',#12097,#9888,#9889);
#8484=AXIS2_PLACEMENT_3D('',#12103,#9893,#9894);
#8485=AXIS2_PLACEMENT_3D('',#12109,#9898,#9899);
#8486=AXIS2_PLACEMENT_3D('',#12115,#9903,#9904);
#8487=AXIS2_PLACEMENT_3D('',#12121,#9908,#9909);
#8488=AXIS2_PLACEMENT_3D('',#12127,#9913,#9914);
#8489=AXIS2_PLACEMENT_3D('',#12133,#9918,#9919);
#8490=AXIS2_PLACEMENT_3D('',#12139,#9923,#9924);
#8491=AXIS2_PLACEMENT_3D('',#12145,#9928,#9929);
#8492=AXIS2_PLACEMENT_3D('',#12151,#9933,#9934);
#8493=AXIS2_PLACEMENT_3D('',#12157,#9938,#9939);
#8494=AXIS2_PLACEMENT_3D('',#12163,#9943,#9944);
#8495=AXIS2_PLACEMENT_3D('',#12169,#9948,#9949);
#8496=AXIS2_PLACEMENT_3D('',#12175,#9953,#9954);
#8497=AXIS2_PLACEMENT_3D('',#12181,#9958,#9959);
#8498=AXIS2_PLACEMENT_3D('',#12187,#9963,#9964);
#8499=AXIS2_PLACEMENT_3D('',#12193,#9968,#9969);
#8500=AXIS2_PLACEMENT_3D('',#12199,#9973,#9974);
#8501=AXIS2_PLACEMENT_3D('',#12205,#9978,#9979);
#8502=AXIS2_PLACEMENT_3D('',#12211,#9983,#9984);
#8503=AXIS2_PLACEMENT_3D('',#12217,#9988,#9989);
#8504=AXIS2_PLACEMENT_3D('',#12223,#9993,#9994);
#8505=AXIS2_PLACEMENT_3D('',#12229,#9998,#9999);
#8506=AXIS2_PLACEMENT_3D('',#12235,#10003,#10004);
#8507=AXIS2_PLACEMENT_3D('',#12241,#10008,#10009);
#8508=AXIS2_PLACEMENT_3D('',#12247,#10013,#10014);
#8509=AXIS2_PLACEMENT_3D('',#12253,#10018,#10019);
#8510=AXIS2_PLACEMENT_3D('',#12259,#10023,#10024);
#8511=AXIS2_PLACEMENT_3D('',#12265,#10028,#10029);
#8512=AXIS2_PLACEMENT_3D('',#12271,#10033,#10034);
#8513=AXIS2_PLACEMENT_3D('',#12277,#10038,#10039);
#8514=AXIS2_PLACEMENT_3D('',#12283,#10043,#10044);
#8515=AXIS2_PLACEMENT_3D('',#12289,#10048,#10049);
#8516=AXIS2_PLACEMENT_3D('',#12295,#10053,#10054);
#8517=AXIS2_PLACEMENT_3D('',#12301,#10058,#10059);
#8518=AXIS2_PLACEMENT_3D('',#12307,#10063,#10064);
#8519=AXIS2_PLACEMENT_3D('',#12313,#10068,#10069);
#8520=AXIS2_PLACEMENT_3D('',#12319,#10073,#10074);
#8521=AXIS2_PLACEMENT_3D('',#12325,#10078,#10079);
#8522=AXIS2_PLACEMENT_3D('',#12331,#10083,#10084);
#8523=AXIS2_PLACEMENT_3D('',#12337,#10088,#10089);
#8524=AXIS2_PLACEMENT_3D('',#12343,#10093,#10094);
#8525=AXIS2_PLACEMENT_3D('',#12349,#10098,#10099);
#8526=AXIS2_PLACEMENT_3D('',#12355,#10103,#10104);
#8527=AXIS2_PLACEMENT_3D('',#12361,#10108,#10109);
#8528=AXIS2_PLACEMENT_3D('',#12367,#10113,#10114);
#8529=AXIS2_PLACEMENT_3D('',#12373,#10118,#10119);
#8530=AXIS2_PLACEMENT_3D('',#12379,#10123,#10124);
#8531=AXIS2_PLACEMENT_3D('',#12385,#10128,#10129);
#8532=AXIS2_PLACEMENT_3D('',#12391,#10133,#10134);
#8533=AXIS2_PLACEMENT_3D('',#12397,#10138,#10139);
#8534=AXIS2_PLACEMENT_3D('',#12403,#10143,#10144);
#8535=AXIS2_PLACEMENT_3D('',#12409,#10148,#10149);
#8536=AXIS2_PLACEMENT_3D('',#12415,#10153,#10154);
#8537=AXIS2_PLACEMENT_3D('',#12421,#10158,#10159);
#8538=AXIS2_PLACEMENT_3D('',#12427,#10163,#10164);
#8539=AXIS2_PLACEMENT_3D('',#12433,#10168,#10169);
#8540=AXIS2_PLACEMENT_3D('',#12439,#10173,#10174);
#8541=AXIS2_PLACEMENT_3D('',#12445,#10178,#10179);
#8542=AXIS2_PLACEMENT_3D('',#12451,#10183,#10184);
#8543=AXIS2_PLACEMENT_3D('',#12457,#10188,#10189);
#8544=AXIS2_PLACEMENT_3D('',#12463,#10193,#10194);
#8545=AXIS2_PLACEMENT_3D('',#12469,#10198,#10199);
#8546=AXIS2_PLACEMENT_3D('',#12475,#10203,#10204);
#8547=AXIS2_PLACEMENT_3D('',#12481,#10208,#10209);
#8548=AXIS2_PLACEMENT_3D('',#12487,#10213,#10214);
#8549=AXIS2_PLACEMENT_3D('',#12493,#10218,#10219);
#8550=AXIS2_PLACEMENT_3D('',#12499,#10223,#10224);
#8551=AXIS2_PLACEMENT_3D('',#12505,#10228,#10229);
#8552=AXIS2_PLACEMENT_3D('',#12511,#10233,#10234);
#8553=AXIS2_PLACEMENT_3D('',#12517,#10238,#10239);
#8554=AXIS2_PLACEMENT_3D('',#12523,#10243,#10244);
#8555=AXIS2_PLACEMENT_3D('',#12529,#10248,#10249);
#8556=AXIS2_PLACEMENT_3D('',#12535,#10253,#10254);
#8557=AXIS2_PLACEMENT_3D('',#12541,#10258,#10259);
#8558=AXIS2_PLACEMENT_3D('',#12547,#10263,#10264);
#8559=AXIS2_PLACEMENT_3D('',#12553,#10268,#10269);
#8560=AXIS2_PLACEMENT_3D('',#12559,#10273,#10274);
#8561=AXIS2_PLACEMENT_3D('',#12565,#10278,#10279);
#8562=AXIS2_PLACEMENT_3D('',#12571,#10283,#10284);
#8563=AXIS2_PLACEMENT_3D('',#12577,#10288,#10289);
#8564=AXIS2_PLACEMENT_3D('',#12583,#10293,#10294);
#8565=AXIS2_PLACEMENT_3D('',#12589,#10298,#10299);
#8566=AXIS2_PLACEMENT_3D('',#12595,#10303,#10304);
#8567=AXIS2_PLACEMENT_3D('',#12601,#10308,#10309);
#8568=AXIS2_PLACEMENT_3D('',#12607,#10313,#10314);
#8569=AXIS2_PLACEMENT_3D('',#12613,#10318,#10319);
#8570=AXIS2_PLACEMENT_3D('',#12619,#10323,#10324);
#8571=AXIS2_PLACEMENT_3D('',#12625,#10328,#10329);
#8572=AXIS2_PLACEMENT_3D('',#12631,#10333,#10334);
#8573=AXIS2_PLACEMENT_3D('',#12637,#10338,#10339);
#8574=AXIS2_PLACEMENT_3D('',#12643,#10343,#10344);
#8575=AXIS2_PLACEMENT_3D('',#12649,#10348,#10349);
#8576=AXIS2_PLACEMENT_3D('',#12655,#10353,#10354);
#8577=AXIS2_PLACEMENT_3D('',#12661,#10358,#10359);
#8578=AXIS2_PLACEMENT_3D('',#12667,#10363,#10364);
#8579=AXIS2_PLACEMENT_3D('',#12673,#10368,#10369);
#8580=AXIS2_PLACEMENT_3D('',#12679,#10373,#10374);
#8581=AXIS2_PLACEMENT_3D('',#12685,#10378,#10379);
#8582=AXIS2_PLACEMENT_3D('',#12691,#10383,#10384);
#8583=AXIS2_PLACEMENT_3D('',#12697,#10388,#10389);
#8584=AXIS2_PLACEMENT_3D('',#12703,#10393,#10394);
#8585=AXIS2_PLACEMENT_3D('',#12709,#10398,#10399);
#8586=AXIS2_PLACEMENT_3D('',#12715,#10403,#10404);
#8587=AXIS2_PLACEMENT_3D('',#12721,#10408,#10409);
#8588=AXIS2_PLACEMENT_3D('',#12727,#10413,#10414);
#8589=AXIS2_PLACEMENT_3D('',#12733,#10418,#10419);
#8590=AXIS2_PLACEMENT_3D('',#12739,#10423,#10424);
#8591=AXIS2_PLACEMENT_3D('',#12745,#10428,#10429);
#8592=AXIS2_PLACEMENT_3D('',#12751,#10433,#10434);
#8593=AXIS2_PLACEMENT_3D('',#12757,#10438,#10439);
#8594=AXIS2_PLACEMENT_3D('',#12763,#10443,#10444);
#8595=AXIS2_PLACEMENT_3D('',#12769,#10448,#10449);
#8596=AXIS2_PLACEMENT_3D('',#12775,#10453,#10454);
#8597=AXIS2_PLACEMENT_3D('',#12781,#10458,#10459);
#8598=AXIS2_PLACEMENT_3D('',#12787,#10463,#10464);
#8599=AXIS2_PLACEMENT_3D('',#12793,#10468,#10469);
#8600=AXIS2_PLACEMENT_3D('',#12799,#10473,#10474);
#8601=AXIS2_PLACEMENT_3D('',#12805,#10478,#10479);
#8602=AXIS2_PLACEMENT_3D('',#12811,#10483,#10484);
#8603=AXIS2_PLACEMENT_3D('',#12817,#10488,#10489);
#8604=AXIS2_PLACEMENT_3D('',#12823,#10493,#10494);
#8605=AXIS2_PLACEMENT_3D('',#12829,#10498,#10499);
#8606=AXIS2_PLACEMENT_3D('',#12835,#10503,#10504);
#8607=AXIS2_PLACEMENT_3D('',#12841,#10508,#10509);
#8608=AXIS2_PLACEMENT_3D('',#12847,#10513,#10514);
#8609=AXIS2_PLACEMENT_3D('',#12853,#10518,#10519);
#8610=AXIS2_PLACEMENT_3D('',#12859,#10523,#10524);
#8611=AXIS2_PLACEMENT_3D('',#12865,#10528,#10529);
#8612=AXIS2_PLACEMENT_3D('',#12871,#10533,#10534);
#8613=AXIS2_PLACEMENT_3D('',#12877,#10538,#10539);
#8614=AXIS2_PLACEMENT_3D('',#12883,#10543,#10544);
#8615=AXIS2_PLACEMENT_3D('',#12889,#10548,#10549);
#8616=AXIS2_PLACEMENT_3D('',#12895,#10553,#10554);
#8617=AXIS2_PLACEMENT_3D('',#12901,#10558,#10559);
#8618=AXIS2_PLACEMENT_3D('',#12907,#10563,#10564);
#8619=AXIS2_PLACEMENT_3D('',#12913,#10568,#10569);
#8620=AXIS2_PLACEMENT_3D('',#12919,#10573,#10574);
#8621=AXIS2_PLACEMENT_3D('',#12922,#10577,#10578);
#8622=AXIS2_PLACEMENT_3D('',#12923,#10579,#10580);
#8623=DIRECTION('axis',(0.,0.,1.));
#8624=DIRECTION('refdir',(1.,0.,0.));
#8625=DIRECTION('center_axis',(0.,1.,0.));
#8626=DIRECTION('ref_axis',(0.,0.,1.));
#8627=DIRECTION('',(0.,0.,1.));
#8628=DIRECTION('',(-1.,0.,0.));
#8629=DIRECTION('',(0.,0.,-1.));
#8630=DIRECTION('',(1.,0.,0.));
#8631=DIRECTION('center_axis',(0.,0.,1.));
#8632=DIRECTION('ref_axis',(1.,0.,0.));
#8633=DIRECTION('',(0.,1.,0.));
#8634=DIRECTION('',(-3.99616568398743E-32,-1.,0.));
#8635=DIRECTION('',(-1.,0.,0.));
#8636=DIRECTION('center_axis',(0.,-1.,0.));
#8637=DIRECTION('ref_axis',(0.,0.,-1.));
#8638=DIRECTION('',(0.,0.,-1.));
#8639=DIRECTION('',(0.,0.,1.));
#8640=DIRECTION('',(1.,0.,0.));
#8641=DIRECTION('center_axis',(0.,0.,1.));
#8642=DIRECTION('ref_axis',(1.,0.,0.));
#8643=DIRECTION('',(0.,-1.,0.));
#8644=DIRECTION('',(-1.,0.,0.));
#8645=DIRECTION('',(3.99616568398743E-32,1.,0.));
#8646=DIRECTION('center_axis',(0.,0.,1.));
#8647=DIRECTION('ref_axis',(1.,0.,0.));
#8648=DIRECTION('',(0.,-1.,0.));
#8649=DIRECTION('',(3.99616568398743E-32,1.,0.));
#8650=DIRECTION('',(1.,0.,0.));
#8651=DIRECTION('center_axis',(1.,0.,0.));
#8652=DIRECTION('ref_axis',(0.,0.,-1.));
#8653=DIRECTION('center_axis',(-1.,0.,0.));
#8654=DIRECTION('ref_axis',(0.,0.,-1.));
#8655=DIRECTION('center_axis',(1.,-3.99616568398743E-32,0.));
#8656=DIRECTION('ref_axis',(0.,0.,-1.));
#8657=DIRECTION('center_axis',(0.,0.275990357779669,0.961160404101548));
#8658=DIRECTION('ref_axis',(-3.8409562236781E-32,-0.961160404101548,0.275990357779669));
#8659=DIRECTION('',(-3.8409562236781E-32,-0.961160404101548,0.275990357779669));
#8660=DIRECTION('',(1.,0.,0.));
#8661=DIRECTION('',(-3.8409562236781E-32,-0.961160404101548,0.275990357779669));
#8662=DIRECTION('',(1.,0.,0.));
#8663=DIRECTION('center_axis',(0.,0.401063549756189,0.916050232824033));
#8664=DIRECTION('ref_axis',(-3.6606885052201E-32,-0.916050232824033,0.401063549756189));
#8665=DIRECTION('',(-3.6606885052201E-32,-0.916050232824033,0.401063549756189));
#8666=DIRECTION('',(-3.6606885052201E-32,-0.916050232824033,0.401063549756189));
#8667=DIRECTION('',(1.,0.,0.));
#8668=DIRECTION('center_axis',(0.,0.500042644820254,0.866000781386002));
#8669=DIRECTION('ref_axis',(-3.46068260488104E-32,-0.866000781386002,0.500042644820254));
#8670=DIRECTION('',(-3.46068260488104E-32,-0.866000781386002,0.500042644820254));
#8671=DIRECTION('',(-3.46068260488104E-32,-0.866000781386002,0.500042644820254));
#8672=DIRECTION('',(1.,0.,0.));
#8673=DIRECTION('center_axis',(0.,0.56221905869028,0.826988349401257));
#8674=DIRECTION('ref_axis',(-3.30478246293471E-32,-0.826988349401257,0.56221905869028));
#8675=DIRECTION('',(-3.30478246293471E-32,-0.826988349401257,0.56221905869028));
#8676=DIRECTION('',(-3.30478246293471E-32,-0.826988349401257,0.56221905869028));
#8677=DIRECTION('',(1.,0.,0.));
#8678=DIRECTION('center_axis',(0.,0.610980233253464,0.791645851737721));
#8679=DIRECTION('ref_axis',(-3.16354798658529E-32,-0.791645851737721,0.610980233253464));
#8680=DIRECTION('',(-3.16354798658529E-32,-0.791645851737721,0.610980233253464));
#8681=DIRECTION('',(-3.16354798658529E-32,-0.791645851737721,0.610980233253464));
#8682=DIRECTION('',(1.,0.,0.));
#8683=DIRECTION('center_axis',(0.,0.651849112604703,0.758348689190178));
#8684=DIRECTION('ref_axis',(-3.03048700823864E-32,-0.758348689190178,0.651849112604703));
#8685=DIRECTION('',(-3.03048700823864E-32,-0.758348689190178,0.651849112604703));
#8686=DIRECTION('',(-3.03048700823864E-32,-0.758348689190178,0.651849112604703));
#8687=DIRECTION('',(1.,0.,0.));
#8688=DIRECTION('center_axis',(0.,0.687287395433256,0.72638559737826));
#8689=DIRECTION('ref_axis',(-2.90275719758571E-32,-0.72638559737826,0.687287395433256));
#8690=DIRECTION('',(-2.90275719758571E-32,-0.726385597378259,0.687287395433256));
#8691=DIRECTION('',(-2.90275719758571E-32,-0.726385597378259,0.687287395433256));
#8692=DIRECTION('',(1.,0.,0.));
#8693=DIRECTION('center_axis',(0.,0.718651603805679,0.695370313104842));
#8694=DIRECTION('ref_axis',(-2.77881498289317E-32,-0.695370313104842,0.718651603805679));
#8695=DIRECTION('',(-2.77881498289317E-32,-0.695370313104842,0.718651603805679));
#8696=DIRECTION('',(-2.77881498289317E-32,-0.695370313104842,0.718651603805679));
#8697=DIRECTION('',(1.,0.,0.));
#8698=DIRECTION('center_axis',(0.,0.746783821310608,0.665066856961559));
#8699=DIRECTION('ref_axis',(-2.65771735134716E-32,-0.665066856961559,0.746783821310608));
#8700=DIRECTION('',(-2.65771735134716E-32,-0.665066856961559,0.746783821310608));
#8701=DIRECTION('',(-2.65771735134716E-32,-0.665066856961559,0.746783821310608));
#8702=DIRECTION('',(1.,0.,0.));
#8703=DIRECTION('center_axis',(0.,0.772249070027353,0.635319898824119));
#8704=DIRECTION('ref_axis',(-2.53884357803531E-32,-0.635319898824119,0.772249070027353));
#8705=DIRECTION('',(-2.53884357803531E-32,-0.635319898824119,0.772249070027353));
#8706=DIRECTION('',(-2.53884357803531E-32,-0.635319898824119,0.772249070027353));
#8707=DIRECTION('',(1.,0.,0.));
#8708=DIRECTION('center_axis',(0.,0.795447987592689,0.606021863495651));
#8709=DIRECTION('ref_axis',(-2.42176377464744E-32,-0.606021863495651,0.795447987592689));
#8710=DIRECTION('',(-2.42176377464744E-32,-0.606021863495651,0.795447987592689));
#8711=DIRECTION('',(-2.42176377464744E-32,-0.606021863495651,0.795447987592689));
#8712=DIRECTION('',(1.,0.,0.));
#8713=DIRECTION('center_axis',(0.,0.923879532511291,-0.382683432365079));
#8714=DIRECTION('ref_axis',(1.52926640024785E-32,0.382683432365079,0.923879532511291));
#8715=DIRECTION('',(1.52926640024785E-32,0.382683432365079,0.923879532511291));
#8716=DIRECTION('',(1.52926640024785E-32,0.382683432365079,0.923879532511291));
#8717=DIRECTION('',(1.,0.,0.));
#8718=DIRECTION('center_axis',(0.,0.133944496882895,-0.990988835333067));
#8719=DIRECTION('ref_axis',(3.96015557697268E-32,0.990988835333067,0.133944496882895));
#8720=DIRECTION('',(3.96015557697268E-32,0.990988835333067,0.133944496882895));
#8721=DIRECTION('',(3.96015557697268E-32,0.990988835333067,0.133944496882895));
#8722=DIRECTION('',(1.,0.,0.));
#8723=DIRECTION('center_axis',(0.,0.0968235455000007,-0.995301562862638));
#8724=DIRECTION('ref_axis',(3.97738995073074E-32,0.995301562862638,0.0968235455000007));
#8725=DIRECTION('',(3.97738995073074E-32,0.995301562862638,0.0968235455000007));
#8726=DIRECTION('',(3.97738995073074E-32,0.995301562862638,0.0968235455000007));
#8727=DIRECTION('',(1.,0.,0.));
#8728=DIRECTION('center_axis',(0.,0.0577826196291159,-0.99832918862908));
#8729=DIRECTION('ref_axis',(3.98948884492255E-32,0.99832918862908,0.0577826196291159));
#8730=DIRECTION('',(3.98948884492255E-32,0.99832918862908,0.0577826196291159));
#8731=DIRECTION('',(3.98948884492255E-32,0.99832918862908,0.0577826196291159));
#8732=DIRECTION('',(1.,0.,0.));
#8733=DIRECTION('center_axis',(0.,0.0164623585293898,-0.999864486193829));
#8734=DIRECTION('ref_axis',(3.99562414836551E-32,0.999864486193829,0.0164623585293898));
#8735=DIRECTION('',(3.99562414836551E-32,0.999864486193829,0.0164623585293898));
#8736=DIRECTION('',(3.99562414836551E-32,0.999864486193829,0.0164623585293898));
#8737=DIRECTION('',(1.,0.,0.));
#8738=DIRECTION('center_axis',(0.,-0.0276466037274532,-0.999617759597306));
#8739=DIRECTION('ref_axis',(3.99463818800715E-32,0.999617759597306,-0.0276466037274532));
#8740=DIRECTION('',(3.99463818800715E-32,0.999617759597306,-0.0276466037274532));
#8741=DIRECTION('',(3.99463818800715E-32,0.999617759597306,-0.0276466037274532));
#8742=DIRECTION('',(1.,0.,0.));
#8743=DIRECTION('center_axis',(0.,-0.0753065727970273,-0.997160428463528));
#8744=DIRECTION('ref_axis',(3.98481828565616E-32,0.997160428463528,-0.0753065727970273));
#8745=DIRECTION('',(3.98481828565616E-32,0.997160428463528,-0.0753065727970273));
#8746=DIRECTION('',(3.98481828565616E-32,0.997160428463528,-0.0753065727970273));
#8747=DIRECTION('',(1.,0.,0.));
#8748=DIRECTION('center_axis',(0.,-0.127749883957555,-0.991806416166397));
#8749=DIRECTION('ref_axis',(3.96342276544271E-32,0.991806416166397,-0.127749883957555));
#8750=DIRECTION('',(3.96342276544271E-32,0.991806416166397,-0.127749883957555));
#8751=DIRECTION('',(3.96342276544271E-32,0.991806416166397,-0.127749883957555));
#8752=DIRECTION('',(1.,0.,0.));
#8753=DIRECTION('center_axis',(0.,-0.187220160911568,-0.982317978736135));
#8754=DIRECTION('ref_axis',(3.92550539738924E-32,0.982317978736135,-0.187220160911568));
#8755=DIRECTION('',(3.92550539738924E-32,0.982317978736135,-0.187220160911568));
#8756=DIRECTION('',(3.92550539738924E-32,0.982317978736135,-0.187220160911568));
#8757=DIRECTION('',(1.,0.,0.));
#8758=DIRECTION('center_axis',(0.,-0.258771479996085,-0.965938570065734));
#8759=DIRECTION('ref_axis',(3.86005056653658E-32,0.965938570065734,-0.258771479996085));
#8760=DIRECTION('',(3.86005056653658E-32,0.965938570065734,-0.258771479996085));
#8761=DIRECTION('',(3.86005056653658E-32,0.965938570065734,-0.258771479996085));
#8762=DIRECTION('',(1.,0.,0.));
#8763=DIRECTION('center_axis',(0.,-0.364150575818035,-0.931340087256741));
#8764=DIRECTION('ref_axis',(3.72178929681725E-32,0.931340087256741,-0.364150575818035));
#8765=DIRECTION('',(3.72178929681725E-32,0.931340087256741,-0.364150575818035));
#8766=DIRECTION('',(3.72178929681725E-32,0.931340087256741,-0.364150575818035));
#8767=DIRECTION('',(1.,0.,0.));
#8768=DIRECTION('center_axis',(0.,-0.484488386020116,-0.874797693076304));
#8769=DIRECTION('ref_axis',(3.4958365215029E-32,0.874797693076304,-0.484488386020116));
#8770=DIRECTION('',(3.4958365215029E-32,0.874797693076304,-0.484488386020116));
#8771=DIRECTION('',(3.4958365215029E-32,0.874797693076304,-0.484488386020116));
#8772=DIRECTION('',(1.,0.,0.));
#8773=DIRECTION('center_axis',(0.,0.831469612302546,-0.5555702330196));
#8774=DIRECTION('ref_axis',(2.22015070023783E-32,0.5555702330196,0.831469612302546));
#8775=DIRECTION('',(2.22015070023783E-32,0.5555702330196,0.831469612302546));
#8776=DIRECTION('',(2.22015070023783E-32,0.5555702330196,0.831469612302546));
#8777=DIRECTION('',(1.,0.,0.));
#8778=DIRECTION('center_axis',(0.,0.622802005218109,0.782379487394898));
#8779=DIRECTION('ref_axis',(-3.12651805938317E-32,-0.782379487394897,0.622802005218109));
#8780=DIRECTION('',(-3.12651805938317E-32,-0.782379487394897,0.622802005218109));
#8781=DIRECTION('',(-3.12651805938317E-32,-0.782379487394897,0.622802005218109));
#8782=DIRECTION('',(1.,0.,0.));
#8783=DIRECTION('center_axis',(0.,0.721091652171946,0.69283968504116));
#8784=DIRECTION('ref_axis',(-2.76870217386615E-32,-0.69283968504116,0.721091652171946));
#8785=DIRECTION('',(-2.76870217386615E-32,-0.69283968504116,0.721091652171946));
#8786=DIRECTION('',(-2.76870217386615E-32,-0.69283968504116,0.721091652171946));
#8787=DIRECTION('',(1.,0.,0.));
#8788=DIRECTION('center_axis',(0.,0.793383316383885,0.608722361412581));
#8789=DIRECTION('ref_axis',(-2.43255541175275E-32,-0.608722361412581,0.793383316383885));
#8790=DIRECTION('',(-2.43255541175275E-32,-0.608722361412581,0.793383316383885));
#8791=DIRECTION('',(-2.43255541175275E-32,-0.608722361412581,0.793383316383885));
#8792=DIRECTION('',(1.,0.,0.));
#8793=DIRECTION('center_axis',(0.,0.835897421186548,0.548885690516412));
#8794=DIRECTION('ref_axis',(-2.19343816087343E-32,-0.548885690516412,0.835897421186548));
#8795=DIRECTION('',(-2.19343816087343E-32,-0.548885690516412,0.835897421186548));
#8796=DIRECTION('',(-2.19343816087343E-32,-0.548885690516412,0.835897421186548));
#8797=DIRECTION('',(1.,0.,0.));
#8798=DIRECTION('center_axis',(0.,0.867421884032417,0.497573386649299));
#8799=DIRECTION('ref_axis',(-1.98838569299334E-32,-0.497573386649299,0.867421884032417));
#8800=DIRECTION('',(-1.98838569299334E-32,-0.497573386649299,0.867421884032417));
#8801=DIRECTION('',(-1.98838569299334E-32,-0.497573386649299,0.867421884032417));
#8802=DIRECTION('',(1.,0.,0.));
#8803=DIRECTION('center_axis',(0.,0.892437532730005,0.451170976653842));
#8804=DIRECTION('ref_axis',(-1.80295397451518E-32,-0.451170976653842,0.892437532730005));
#8805=DIRECTION('',(-1.80295397451518E-32,-0.451170976653842,0.892437532730005));
#8806=DIRECTION('',(-1.80295397451518E-32,-0.451170976653842,0.892437532730005));
#8807=DIRECTION('',(1.,0.,0.));
#8808=DIRECTION('center_axis',(0.,0.912946491219063,0.40807928662308));
#8809=DIRECTION('ref_axis',(-1.63075244154922E-32,-0.40807928662308,0.912946491219063));
#8810=DIRECTION('',(-1.63075244154922E-32,-0.40807928662308,0.912946491219063));
#8811=DIRECTION('',(-1.63075244154922E-32,-0.40807928662308,0.912946491219063));
#8812=DIRECTION('',(1.,0.,0.));
#8813=DIRECTION('center_axis',(0.,0.930054205946235,0.367422337374469));
#8814=DIRECTION('ref_axis',(-1.46828053614631E-32,-0.367422337374469,0.930054205946235));
#8815=DIRECTION('',(-1.46828053614631E-32,-0.367422337374469,0.930054205946235));
#8816=DIRECTION('',(-1.46828053614631E-32,-0.367422337374469,0.930054205946235));
#8817=DIRECTION('',(1.,0.,0.));
#8818=DIRECTION('center_axis',(0.,0.944448355293724,0.328659860924604));
#8819=DIRECTION('ref_axis',(-1.31337925793099E-32,-0.328659860924604,0.944448355293724));
#8820=DIRECTION('',(-1.31337925793099E-32,-0.328659860924604,0.944448355293724));
#8821=DIRECTION('',(-1.31337925793099E-32,-0.328659860924604,0.944448355293724));
#8822=DIRECTION('',(1.,0.,0.));
#8823=DIRECTION('center_axis',(0.,0.956591509331001,0.291432126361933));
#8824=DIRECTION('ref_axis',(-1.16461106257905E-32,-0.291432126361933,0.956591509331001));
#8825=DIRECTION('',(-1.16461106257905E-32,-0.291432126361933,0.956591509331001));
#8826=DIRECTION('',(-1.16461106257905E-32,-0.291432126361933,0.956591509331001));
#8827=DIRECTION('',(1.,0.,0.));
#8828=DIRECTION('center_axis',(0.,0.966812641724999,0.255486429778037));
#8829=DIRECTION('ref_axis',(-1.02096610340346E-32,-0.255486429778037,0.966812641725));
#8830=DIRECTION('',(-1.02096610340346E-32,-0.255486429778037,0.966812641725));
#8831=DIRECTION('',(-1.02096610340346E-32,-0.255486429778037,0.966812641725));
#8832=DIRECTION('',(1.,0.,0.));
#8833=DIRECTION('center_axis',(0.,0.707106781186543,-0.707106781186552));
#8834=DIRECTION('ref_axis',(2.82571585389251E-32,0.707106781186552,0.707106781186543));
#8835=DIRECTION('',(2.82571585389251E-32,0.707106781186552,0.707106781186543));
#8836=DIRECTION('',(2.82571585389251E-32,0.707106781186552,0.707106781186543));
#8837=DIRECTION('',(1.,0.,0.));
#8838=DIRECTION('center_axis',(0.,-0.255486429778006,-0.966812641725008));
#8839=DIRECTION('ref_axis',(3.86354350170671E-32,0.966812641725008,-0.255486429778006));
#8840=DIRECTION('',(3.86354350170671E-32,0.966812641725008,-0.255486429778006));
#8841=DIRECTION('',(3.86354350170671E-32,0.966812641725008,-0.255486429778006));
#8842=DIRECTION('',(1.,0.,0.));
#8843=DIRECTION('center_axis',(0.,-0.291432126362007,-0.956591509330978));
#8844=DIRECTION('ref_axis',(3.8226981631822E-32,0.956591509330978,-0.291432126362007));
#8845=DIRECTION('',(3.8226981631822E-32,0.956591509330978,-0.291432126362007));
#8846=DIRECTION('',(3.8226981631822E-32,0.956591509330978,-0.291432126362007));
#8847=DIRECTION('',(1.,0.,0.));
#8848=DIRECTION('center_axis',(0.,-0.328659860924538,-0.944448355293747));
#8849=DIRECTION('ref_axis',(3.77417210772324E-32,0.944448355293747,-0.328659860924538));
#8850=DIRECTION('',(3.77417210772324E-32,0.944448355293747,-0.328659860924538));
#8851=DIRECTION('',(3.77417210772324E-32,0.944448355293747,-0.328659860924538));
#8852=DIRECTION('',(1.,0.,0.));
#8853=DIRECTION('center_axis',(0.,-0.367422337374523,-0.930054205946214));
#8854=DIRECTION('ref_axis',(3.71665070205044E-32,0.930054205946214,-0.367422337374523));
#8855=DIRECTION('',(3.71665070205044E-32,0.930054205946214,-0.367422337374523));
#8856=DIRECTION('',(3.71665070205044E-32,0.930054205946214,-0.367422337374523));
#8857=DIRECTION('',(1.,0.,0.));
#8858=DIRECTION('center_axis',(0.,-0.408079286623089,-0.912946491219059));
#8859=DIRECTION('ref_axis',(3.64828543952634E-32,0.912946491219059,-0.408079286623089));
#8860=DIRECTION('',(3.64828543952634E-32,0.912946491219059,-0.408079286623089));
#8861=DIRECTION('',(3.64828543952634E-32,0.912946491219059,-0.408079286623089));
#8862=DIRECTION('',(1.,0.,0.));
#8863=DIRECTION('center_axis',(0.,-0.451170976653823,-0.892437532730014));
#8864=DIRECTION('ref_axis',(3.5663282433981E-32,0.892437532730014,-0.451170976653823));
#8865=DIRECTION('',(3.5663282433981E-32,0.892437532730014,-0.451170976653823));
#8866=DIRECTION('',(3.5663282433981E-32,0.892437532730014,-0.451170976653823));
#8867=DIRECTION('',(1.,0.,0.));
#8868=DIRECTION('center_axis',(0.,-0.497573386649333,-0.867421884032397));
#8869=DIRECTION('ref_axis',(3.46636156650999E-32,0.867421884032397,-0.497573386649333));
#8870=DIRECTION('',(3.46636156650999E-32,0.867421884032397,-0.497573386649333));
#8871=DIRECTION('',(3.46636156650999E-32,0.867421884032397,-0.497573386649333));
#8872=DIRECTION('',(1.,0.,0.));
#8873=DIRECTION('center_axis',(0.,-0.548885690516343,-0.835897421186594));
#8874=DIRECTION('ref_axis',(3.34038458987946E-32,0.835897421186594,-0.548885690516343));
#8875=DIRECTION('',(3.34038458987946E-32,0.835897421186594,-0.548885690516343));
#8876=DIRECTION('',(3.34038458987946E-32,0.835897421186594,-0.548885690516343));
#8877=DIRECTION('',(1.,0.,0.));
#8878=DIRECTION('center_axis',(0.,-0.608722361412641,-0.793383316383839));
#8879=DIRECTION('ref_axis',(3.17049118318124E-32,0.793383316383839,-0.608722361412641));
#8880=DIRECTION('',(3.17049118318124E-32,0.793383316383839,-0.608722361412641));
#8881=DIRECTION('',(3.17049118318124E-32,0.793383316383839,-0.608722361412641));
#8882=DIRECTION('',(1.,0.,0.));
#8883=DIRECTION('center_axis',(0.,-0.692839685041056,-0.721091652172045));
#8884=DIRECTION('ref_axis',(2.88160171541973E-32,0.721091652172045,-0.692839685041056));
#8885=DIRECTION('',(2.88160171541973E-32,0.721091652172045,-0.692839685041056));
#8886=DIRECTION('',(2.88160171541973E-32,0.721091652172045,-0.692839685041056));
#8887=DIRECTION('',(1.,0.,0.));
#8888=DIRECTION('center_axis',(0.,-0.782379487394909,-0.622802005218094));
#8889=DIRECTION('ref_axis',(2.48882000117111E-32,0.622802005218094,-0.782379487394909));
#8890=DIRECTION('',(2.48882000117111E-32,0.622802005218094,-0.782379487394909));
#8891=DIRECTION('',(2.48882000117111E-32,0.622802005218094,-0.782379487394909));
#8892=DIRECTION('',(1.,0.,0.));
#8893=DIRECTION('center_axis',(0.,0.555570233019596,-0.831469612302549));
#8894=DIRECTION('ref_axis',(3.32269033196178E-32,0.831469612302549,0.555570233019596));
#8895=DIRECTION('',(3.32269033196178E-32,0.831469612302549,0.555570233019596));
#8896=DIRECTION('',(3.32269033196178E-32,0.831469612302549,0.555570233019596));
#8897=DIRECTION('',(1.,0.,0.));
#8898=DIRECTION('center_axis',(0.,0.87479769307632,0.484488386020087));
#8899=DIRECTION('ref_axis',(-1.93609586250393E-32,-0.484488386020087,0.87479769307632));
#8900=DIRECTION('',(-1.93609586250393E-32,-0.484488386020087,0.87479769307632));
#8901=DIRECTION('',(-1.93609586250393E-32,-0.484488386020087,0.87479769307632));
#8902=DIRECTION('',(1.,0.,0.));
#8903=DIRECTION('center_axis',(0.,0.931340087256719,0.364150575818092));
#8904=DIRECTION('ref_axis',(-1.45520603488852E-32,-0.364150575818092,0.931340087256719));
#8905=DIRECTION('',(-1.45520603488852E-32,-0.364150575818092,0.931340087256719));
#8906=DIRECTION('',(-1.45520603488852E-32,-0.364150575818092,0.931340087256719));
#8907=DIRECTION('',(1.,0.,0.));
#8908=DIRECTION('center_axis',(0.,0.965938570065745,0.258771479996046));
#8909=DIRECTION('ref_axis',(-1.03409370835484E-32,-0.258771479996046,0.965938570065745));
#8910=DIRECTION('',(-1.03409370835484E-32,-0.258771479996046,0.965938570065745));
#8911=DIRECTION('',(-1.03409370835484E-32,-0.258771479996046,0.965938570065745));
#8912=DIRECTION('',(1.,0.,0.));
#8913=DIRECTION('center_axis',(0.,0.982317978736114,0.187220160911679));
#8914=DIRECTION('ref_axis',(-7.48162782385855E-33,-0.187220160911679,0.982317978736114));
#8915=DIRECTION('',(-7.48162782385855E-33,-0.187220160911679,0.982317978736114));
#8916=DIRECTION('',(-7.48162782385855E-33,-0.187220160911679,0.982317978736114));
#8917=DIRECTION('',(1.,0.,0.));
#8918=DIRECTION('center_axis',(0.,0.991806416166401,0.127749883957517));
#8919=DIRECTION('ref_axis',(-5.10509702404407E-33,-0.127749883957517,0.991806416166401));
#8920=DIRECTION('',(-5.10509702404407E-33,-0.127749883957517,0.991806416166401));
#8921=DIRECTION('',(-5.10509702404407E-33,-0.127749883957517,0.991806416166401));
#8922=DIRECTION('',(1.,0.,0.));
#8923=DIRECTION('center_axis',(0.,0.99716042846353,0.0753065727969998));
#8924=DIRECTION('ref_axis',(-3.00937541990072E-33,-0.0753065727969998,0.99716042846353));
#8925=DIRECTION('',(-3.00937541990072E-33,-0.0753065727969998,0.99716042846353));
#8926=DIRECTION('',(-3.00937541990072E-33,-0.0753065727969998,0.99716042846353));
#8927=DIRECTION('',(1.,0.,0.));
#8928=DIRECTION('center_axis',(0.,0.999617759597304,0.0276466037275343));
#8929=DIRECTION('ref_axis',(-1.10480409094772E-33,-0.0276466037275343,0.999617759597304));
#8930=DIRECTION('',(-1.10480409094772E-33,-0.0276466037275343,0.999617759597304));
#8931=DIRECTION('',(-1.10480409094772E-33,-0.0276466037275343,0.999617759597304));
#8932=DIRECTION('',(1.,0.,0.));
#8933=DIRECTION('center_axis',(0.,0.999864486193829,-0.0164623585293718));
#8934=DIRECTION('ref_axis',(6.57863122325734E-34,0.0164623585293718,0.999864486193829));
#8935=DIRECTION('',(6.57863122325734E-34,0.0164623585293718,0.999864486193829));
#8936=DIRECTION('',(6.57863122325734E-34,0.0164623585293718,0.999864486193829));
#8937=DIRECTION('',(1.,0.,0.));
#8938=DIRECTION('center_axis',(0.,0.99832918862908,-0.0577826196291053));
#8939=DIRECTION('ref_axis',(2.30908921692729E-33,0.0577826196291053,0.998329188629081));
#8940=DIRECTION('',(2.30908921692729E-33,0.0577826196291053,0.998329188629081));
#8941=DIRECTION('',(2.30908921692729E-33,0.0577826196291053,0.998329188629081));
#8942=DIRECTION('',(1.,0.,0.));
#8943=DIRECTION('center_axis',(0.,0.995301562862631,-0.0968235455000736));
#8944=DIRECTION('ref_axis',(3.8692292992939E-33,0.0968235455000736,0.995301562862631));
#8945=DIRECTION('',(3.8692292992939E-33,0.0968235455000736,0.995301562862631));
#8946=DIRECTION('',(3.8692292992939E-33,0.0968235455000736,0.995301562862631));
#8947=DIRECTION('',(1.,0.,0.));
#8948=DIRECTION('center_axis',(0.,0.99098883533306,-0.133944496882943));
#8949=DIRECTION('ref_axis',(5.35264402002579E-33,0.133944496882943,0.99098883533306));
#8950=DIRECTION('',(5.35264402002579E-33,0.133944496882943,0.99098883533306));
#8951=DIRECTION('',(5.35264402002579E-33,0.133944496882943,0.99098883533306));
#8952=DIRECTION('',(1.,0.,0.));
#8953=DIRECTION('center_axis',(0.,0.38268343236506,-0.923879532511299));
#8954=DIRECTION('ref_axis',(3.69197568396001E-32,0.923879532511299,0.38268343236506));
#8955=DIRECTION('',(3.69197568396001E-32,0.923879532511299,0.38268343236506));
#8956=DIRECTION('',(3.69197568396001E-32,0.923879532511299,0.38268343236506));
#8957=DIRECTION('',(1.,0.,0.));
#8958=DIRECTION('center_axis',(0.,-0.60602186349554,-0.795447987592773));
#8959=DIRECTION('ref_axis',(3.1787419514151E-32,0.795447987592773,-0.60602186349554));
#8960=DIRECTION('',(3.1787419514151E-32,0.795447987592773,-0.60602186349554));
#8961=DIRECTION('',(3.1787419514151E-32,0.795447987592773,-0.60602186349554));
#8962=DIRECTION('',(1.,0.,0.));
#8963=DIRECTION('center_axis',(0.,-0.635319898824128,-0.772249070027345));
#8964=DIRECTION('ref_axis',(3.08603523313449E-32,0.772249070027345,-0.635319898824128));
#8965=DIRECTION('',(3.08603523313449E-32,0.772249070027345,-0.635319898824128));
#8966=DIRECTION('',(3.08603523313449E-32,0.772249070027345,-0.635319898824128));
#8967=DIRECTION('',(1.,0.,0.));
#8968=DIRECTION('center_axis',(0.,-0.665066856961671,-0.746783821310508));
#8969=DIRECTION('ref_axis',(2.98427188007806E-32,0.746783821310508,-0.665066856961671));
#8970=DIRECTION('',(2.98427188007806E-32,0.746783821310508,-0.665066856961671));
#8971=DIRECTION('',(2.98427188007806E-32,0.746783821310508,-0.665066856961671));
#8972=DIRECTION('',(1.,0.,0.));
#8973=DIRECTION('center_axis',(0.,-0.69537031310479,-0.718651603805729));
#8974=DIRECTION('ref_axis',(2.87185087787099E-32,0.718651603805729,-0.69537031310479));
#8975=DIRECTION('',(2.87185087787099E-32,0.718651603805729,-0.69537031310479));
#8976=DIRECTION('',(2.87185087787099E-32,0.718651603805729,-0.69537031310479));
#8977=DIRECTION('',(1.,0.,0.));
#8978=DIRECTION('center_axis',(0.,-0.726385597378303,-0.68728739543321));
#8979=DIRECTION('ref_axis',(2.7465143046673E-32,0.68728739543321,-0.726385597378303));
#8980=DIRECTION('',(2.7465143046673E-32,0.68728739543321,-0.726385597378303));
#8981=DIRECTION('',(2.7465143046673E-32,0.68728739543321,-0.726385597378303));
#8982=DIRECTION('',(1.,0.,0.));
#8983=DIRECTION('center_axis',(0.,-0.758348689190096,-0.651849112604799));
#8984=DIRECTION('ref_axis',(2.60489705492896E-32,0.651849112604798,-0.758348689190096));
#8985=DIRECTION('',(2.60489705492896E-32,0.651849112604798,-0.758348689190096));
#8986=DIRECTION('',(2.60489705492896E-32,0.651849112604798,-0.758348689190096));
#8987=DIRECTION('',(1.,0.,0.));
#8988=DIRECTION('center_axis',(0.,-0.791645851737714,-0.610980233253475));
#8989=DIRECTION('ref_axis',(2.44157824172217E-32,0.610980233253475,-0.791645851737714));
#8990=DIRECTION('',(2.44157824172217E-32,0.610980233253475,-0.791645851737714));
#8991=DIRECTION('',(2.44157824172217E-32,0.610980233253475,-0.791645851737714));
#8992=DIRECTION('',(1.,0.,0.));
#8993=DIRECTION('center_axis',(0.,-0.826988349401245,-0.562219058690298));
#8994=DIRECTION('ref_axis',(2.24672050922189E-32,0.562219058690298,-0.826988349401245));
#8995=DIRECTION('',(2.24672050922189E-32,0.562219058690298,-0.826988349401245));
#8996=DIRECTION('',(2.24672050922189E-32,0.562219058690298,-0.826988349401245));
#8997=DIRECTION('',(1.,0.,0.));
#8998=DIRECTION('center_axis',(0.,-0.86600078138604,-0.500042644820188));
#8999=DIRECTION('ref_axis',(1.99825325776075E-32,0.500042644820188,-0.86600078138604));
#9000=DIRECTION('',(1.99825325776075E-32,0.500042644820188,-0.86600078138604));
#9001=DIRECTION('',(1.99825325776075E-32,0.500042644820188,-0.86600078138604));
#9002=DIRECTION('',(1.,0.,0.));
#9003=DIRECTION('center_axis',(0.,-0.916050232824035,-0.401063549756185));
#9004=DIRECTION('ref_axis',(1.60271639463385E-32,0.401063549756185,-0.916050232824035));
#9005=DIRECTION('',(1.60271639463385E-32,0.401063549756185,-0.916050232824035));
#9006=DIRECTION('',(1.60271639463385E-32,0.401063549756185,-0.916050232824035));
#9007=DIRECTION('',(1.,0.,0.));
#9008=DIRECTION('center_axis',(0.,-0.961160404101548,-0.275990357779669));
#9009=DIRECTION('ref_axis',(1.10290319687053E-32,0.275990357779669,-0.961160404101548));
#9010=DIRECTION('',(1.10290319687053E-32,0.275990357779669,-0.961160404101548));
#9011=DIRECTION('',(1.10290319687053E-32,0.275990357779669,-0.961160404101548));
#9012=DIRECTION('',(1.,0.,0.));
#9013=DIRECTION('center_axis',(0.,0.195090322016123,-0.980785280403232));
#9014=DIRECTION('ref_axis',(3.91938048090739E-32,0.980785280403232,0.195090322016123));
#9015=DIRECTION('',(3.91938048090739E-32,0.980785280403232,0.195090322016123));
#9016=DIRECTION('',(3.91938048090739E-32,0.980785280403232,0.195090322016123));
#9017=DIRECTION('',(1.,0.,0.));
#9018=DIRECTION('center_axis',(0.,0.99361336222449,0.112838319771894));
#9019=DIRECTION('ref_axis',(-4.50920621311244E-33,-0.112838319771894,0.99361336222449));
#9020=DIRECTION('',(-4.50920621311244E-33,-0.112838319771894,0.99361336222449));
#9021=DIRECTION('',(-4.50920621311244E-33,-0.112838319771894,0.99361336222449));
#9022=DIRECTION('',(1.,0.,0.));
#9023=DIRECTION('center_axis',(0.,0.999800436675549,-0.0199771575401026));
#9024=DIRECTION('ref_axis',(7.98320314253687E-34,0.0199771575401026,0.999800436675549));
#9025=DIRECTION('',(7.98320314253687E-34,0.0199771575401026,0.999800436675549));
#9026=DIRECTION('',(7.98320314253687E-34,0.0199771575401026,0.999800436675549));
#9027=DIRECTION('',(1.,0.,0.));
#9028=DIRECTION('center_axis',(0.,0.991438432710045,-0.130575013480564));
#9029=DIRECTION('ref_axis',(5.21799388057227E-33,0.130575013480564,0.991438432710045));
#9030=DIRECTION('',(5.21799388057227E-33,0.130575013480564,0.991438432710045));
#9031=DIRECTION('',(5.21799388057227E-33,0.130575013480564,0.991438432710045));
#9032=DIRECTION('',(1.,0.,0.));
#9033=DIRECTION('center_axis',(0.,0.979189528757772,-0.202947941036937));
#9034=DIRECTION('ref_axis',(8.11013597607711E-33,0.202947941036937,0.979189528757772));
#9035=DIRECTION('',(8.11013597607711E-33,0.202947941036937,0.979189528757772));
#9036=DIRECTION('',(8.11013597607711E-33,0.202947941036937,0.979189528757772));
#9037=DIRECTION('',(1.,0.,0.));
#9038=DIRECTION('center_axis',(0.,0.965197412186617,-0.261522380511224));
#9039=DIRECTION('ref_axis',(1.04508676259366E-32,0.261522380511224,0.965197412186617));
#9040=DIRECTION('',(1.04508676259366E-32,0.261522380511224,0.965197412186617));
#9041=DIRECTION('',(1.04508676259366E-32,0.261522380511224,0.965197412186617));
#9042=DIRECTION('',(1.,0.,0.));
#9043=DIRECTION('center_axis',(0.,0.950074688245252,-0.312022574112333));
#9044=DIRECTION('ref_axis',(1.24689390329713E-32,0.312022574112333,0.950074688245252));
#9045=DIRECTION('',(1.24689390329713E-32,0.312022574112333,0.950074688245252));
#9046=DIRECTION('',(1.24689390329713E-32,0.312022574112333,0.950074688245252));
#9047=DIRECTION('',(1.,0.,0.));
#9048=DIRECTION('center_axis',(0.,0.934106285634419,-0.356995023968499));
#9049=DIRECTION('ref_axis',(1.42661126413719E-32,0.356995023968499,0.934106285634419));
#9050=DIRECTION('',(1.42661126413719E-32,0.356995023968499,0.934106285634419));
#9051=DIRECTION('',(1.42661126413719E-32,0.356995023968499,0.934106285634419));
#9052=DIRECTION('',(1.,0.,0.));
#9053=DIRECTION('center_axis',(0.,0.917454462212541,-0.397840809578777));
#9054=DIRECTION('ref_axis',(1.58983779092849E-32,0.397840809578777,0.917454462212541));
#9055=DIRECTION('',(1.58983779092849E-32,0.397840809578777,0.917454462212541));
#9056=DIRECTION('',(1.58983779092849E-32,0.397840809578777,0.917454462212541));
#9057=DIRECTION('',(1.,0.,0.));
#9058=DIRECTION('center_axis',(0.,0.900223452872307,-0.435428220145022));
#9059=DIRECTION('ref_axis',(1.74004331118326E-32,0.435428220145022,0.900223452872307));
#9060=DIRECTION('',(1.74004331118326E-32,0.435428220145022,0.900223452872307));
#9061=DIRECTION('',(1.74004331118326E-32,0.435428220145022,0.900223452872307));
#9062=DIRECTION('',(1.,0.,0.));
#9063=DIRECTION('center_axis',(0.,0.882485975879572,-0.470338710267271));
#9064=DIRECTION('ref_axis',(1.87955141382098E-32,0.470338710267271,0.882485975879572));
#9065=DIRECTION('',(1.87955141382098E-32,0.470338710267271,0.882485975879572));
#9066=DIRECTION('',(1.87955141382098E-32,0.470338710267271,0.882485975879572));
#9067=DIRECTION('',(1.,0.,0.));
#9068=DIRECTION('center_axis',(0.,0.864295962097811,-0.502983588103449));
#9069=DIRECTION('ref_axis',(2.01000575438787E-32,0.502983588103449,0.864295962097811));
#9070=DIRECTION('',(2.01000575438787E-32,0.502983588103449,0.864295962097811));
#9071=DIRECTION('',(2.01000575438787E-32,0.502983588103449,0.864295962097811));
#9072=DIRECTION('',(1.,0.,0.));
#9073=DIRECTION('center_axis',(0.,0.,-1.));
#9074=DIRECTION('ref_axis',(3.99616568398743E-32,1.,0.));
#9075=DIRECTION('',(3.99616568398743E-32,1.,0.));
#9076=DIRECTION('',(3.99616568398743E-32,1.,0.));
#9077=DIRECTION('',(1.,0.,0.));
#9078=DIRECTION('center_axis',(0.,-0.864295962097811,-0.502983588103449));
#9079=DIRECTION('ref_axis',(2.01000575438787E-32,0.502983588103449,-0.864295962097811));
#9080=DIRECTION('',(2.01000575438787E-32,0.502983588103449,-0.864295962097811));
#9081=DIRECTION('',(2.01000575438787E-32,0.502983588103449,-0.864295962097811));
#9082=DIRECTION('',(1.,0.,0.));
#9083=DIRECTION('center_axis',(0.,-0.882485975879572,-0.470338710267271));
#9084=DIRECTION('ref_axis',(1.87955141382098E-32,0.470338710267271,-0.882485975879572));
#9085=DIRECTION('',(1.87955141382098E-32,0.470338710267271,-0.882485975879572));
#9086=DIRECTION('',(1.87955141382098E-32,0.470338710267271,-0.882485975879572));
#9087=DIRECTION('',(1.,0.,0.));
#9088=DIRECTION('center_axis',(0.,-0.900223452872307,-0.435428220145021));
#9089=DIRECTION('ref_axis',(1.74004331118326E-32,0.435428220145021,-0.900223452872307));
#9090=DIRECTION('',(1.74004331118326E-32,0.435428220145021,-0.900223452872307));
#9091=DIRECTION('',(1.74004331118326E-32,0.435428220145021,-0.900223452872307));
#9092=DIRECTION('',(1.,0.,0.));
#9093=DIRECTION('center_axis',(0.,-0.917454462212541,-0.397840809578777));
#9094=DIRECTION('ref_axis',(1.58983779092849E-32,0.397840809578777,-0.917454462212541));
#9095=DIRECTION('',(1.58983779092849E-32,0.397840809578777,-0.917454462212541));
#9096=DIRECTION('',(1.58983779092849E-32,0.397840809578777,-0.917454462212541));
#9097=DIRECTION('',(1.,0.,0.));
#9098=DIRECTION('center_axis',(0.,-0.934106285634419,-0.356995023968499));
#9099=DIRECTION('ref_axis',(1.42661126413719E-32,0.356995023968499,-0.934106285634419));
#9100=DIRECTION('',(1.42661126413719E-32,0.356995023968499,-0.934106285634419));
#9101=DIRECTION('',(1.42661126413719E-32,0.356995023968499,-0.934106285634419));
#9102=DIRECTION('',(1.,0.,0.));
#9103=DIRECTION('center_axis',(0.,-0.950074688245252,-0.312022574112333));
#9104=DIRECTION('ref_axis',(1.24689390329713E-32,0.312022574112333,-0.950074688245252));
#9105=DIRECTION('',(1.24689390329713E-32,0.312022574112333,-0.950074688245252));
#9106=DIRECTION('',(1.24689390329713E-32,0.312022574112333,-0.950074688245252));
#9107=DIRECTION('',(1.,0.,0.));
#9108=DIRECTION('center_axis',(0.,-0.965197412186617,-0.261522380511224));
#9109=DIRECTION('ref_axis',(1.04508676259366E-32,0.261522380511224,-0.965197412186617));
#9110=DIRECTION('',(1.04508676259366E-32,0.261522380511224,-0.965197412186617));
#9111=DIRECTION('',(1.04508676259366E-32,0.261522380511224,-0.965197412186617));
#9112=DIRECTION('',(1.,0.,0.));
#9113=DIRECTION('center_axis',(0.,-0.979189528757772,-0.202947941036936));
#9114=DIRECTION('ref_axis',(8.11013597607709E-33,0.202947941036936,-0.979189528757772));
#9115=DIRECTION('',(8.11013597607709E-33,0.202947941036936,-0.979189528757772));
#9116=DIRECTION('',(8.11013597607709E-33,0.202947941036936,-0.979189528757772));
#9117=DIRECTION('',(1.,0.,0.));
#9118=DIRECTION('center_axis',(0.,-0.991438432710045,-0.130575013480564));
#9119=DIRECTION('ref_axis',(5.21799388057225E-33,0.130575013480564,-0.991438432710045));
#9120=DIRECTION('',(5.21799388057225E-33,0.130575013480564,-0.991438432710045));
#9121=DIRECTION('',(5.21799388057225E-33,0.130575013480564,-0.991438432710045));
#9122=DIRECTION('',(1.,0.,0.));
#9123=DIRECTION('center_axis',(0.,-0.999800436675549,-0.0199771575401026));
#9124=DIRECTION('ref_axis',(7.98320314253687E-34,0.0199771575401026,-0.999800436675549));
#9125=DIRECTION('',(7.98320314253687E-34,0.0199771575401026,-0.999800436675549));
#9126=DIRECTION('',(7.98320314253687E-34,0.0199771575401026,-0.999800436675549));
#9127=DIRECTION('',(1.,0.,0.));
#9128=DIRECTION('center_axis',(0.,-0.99361336222449,0.112838319771895));
#9129=DIRECTION('ref_axis',(-4.50920621311246E-33,-0.112838319771895,-0.99361336222449));
#9130=DIRECTION('',(-4.50920621311246E-33,-0.112838319771895,-0.99361336222449));
#9131=DIRECTION('',(-4.50920621311246E-33,-0.112838319771895,-0.99361336222449));
#9132=DIRECTION('',(1.,0.,0.));
#9133=DIRECTION('center_axis',(0.,-0.195090322016123,-0.980785280403232));
#9134=DIRECTION('ref_axis',(3.91938048090739E-32,0.980785280403232,-0.195090322016123));
#9135=DIRECTION('',(3.91938048090739E-32,0.980785280403232,-0.195090322016123));
#9136=DIRECTION('',(3.91938048090739E-32,0.980785280403232,-0.195090322016123));
#9137=DIRECTION('',(1.,0.,0.));
#9138=DIRECTION('center_axis',(0.,0.961160404101548,-0.275990357779669));
#9139=DIRECTION('ref_axis',(1.10290319687053E-32,0.275990357779669,0.961160404101548));
#9140=DIRECTION('',(1.10290319687053E-32,0.275990357779669,0.961160404101548));
#9141=DIRECTION('',(1.10290319687053E-32,0.275990357779669,0.961160404101548));
#9142=DIRECTION('',(1.,0.,0.));
#9143=DIRECTION('center_axis',(0.,0.916050232824035,-0.401063549756185));
#9144=DIRECTION('ref_axis',(1.60271639463385E-32,0.401063549756185,0.916050232824035));
#9145=DIRECTION('',(1.60271639463385E-32,0.401063549756185,0.916050232824035));
#9146=DIRECTION('',(1.60271639463385E-32,0.401063549756185,0.916050232824035));
#9147=DIRECTION('',(1.,0.,0.));
#9148=DIRECTION('center_axis',(0.,0.866000781386041,-0.500042644820186));
#9149=DIRECTION('ref_axis',(1.99825325776074E-32,0.500042644820186,0.866000781386041));
#9150=DIRECTION('',(1.99825325776074E-32,0.500042644820186,0.866000781386041));
#9151=DIRECTION('',(1.99825325776074E-32,0.500042644820186,0.866000781386041));
#9152=DIRECTION('',(1.,0.,0.));
#9153=DIRECTION('center_axis',(0.,0.826988349401244,-0.5622190586903));
#9154=DIRECTION('ref_axis',(2.24672050922189E-32,0.562219058690299,0.826988349401244));
#9155=DIRECTION('',(2.24672050922189E-32,0.562219058690299,0.826988349401244));
#9156=DIRECTION('',(2.24672050922189E-32,0.562219058690299,0.826988349401244));
#9157=DIRECTION('',(1.,0.,0.));
#9158=DIRECTION('center_axis',(0.,0.791645851737712,-0.610980233253476));
#9159=DIRECTION('ref_axis',(2.44157824172218E-32,0.610980233253476,0.791645851737712));
#9160=DIRECTION('',(2.44157824172218E-32,0.610980233253476,0.791645851737712));
#9161=DIRECTION('',(2.44157824172218E-32,0.610980233253476,0.791645851737712));
#9162=DIRECTION('',(1.,0.,0.));
#9163=DIRECTION('center_axis',(0.,0.758348689190098,-0.651849112604796));
#9164=DIRECTION('ref_axis',(2.60489705492895E-32,0.651849112604796,0.758348689190098));
#9165=DIRECTION('',(2.60489705492895E-32,0.651849112604796,0.758348689190098));
#9166=DIRECTION('',(2.60489705492895E-32,0.651849112604796,0.758348689190098));
#9167=DIRECTION('',(1.,0.,0.));
#9168=DIRECTION('center_axis',(0.,0.726385597378301,-0.687287395433213));
#9169=DIRECTION('ref_axis',(2.74651430466731E-32,0.687287395433213,0.726385597378301));
#9170=DIRECTION('',(2.74651430466731E-32,0.687287395433213,0.726385597378301));
#9171=DIRECTION('',(2.74651430466731E-32,0.687287395433213,0.726385597378301));
#9172=DIRECTION('',(1.,0.,0.));
#9173=DIRECTION('center_axis',(0.,0.695370313104794,-0.718651603805726));
#9174=DIRECTION('ref_axis',(2.87185087787097E-32,0.718651603805725,0.695370313104793));
#9175=DIRECTION('',(2.87185087787097E-32,0.718651603805725,0.695370313104793));
#9176=DIRECTION('',(2.87185087787097E-32,0.718651603805725,0.695370313104793));
#9177=DIRECTION('',(1.,0.,0.));
#9178=DIRECTION('center_axis',(0.,0.665066856961669,-0.74678382131051));
#9179=DIRECTION('ref_axis',(2.98427188007806E-32,0.74678382131051,0.665066856961669));
#9180=DIRECTION('',(2.98427188007806E-32,0.74678382131051,0.665066856961669));
#9181=DIRECTION('',(2.98427188007806E-32,0.74678382131051,0.665066856961669));
#9182=DIRECTION('',(1.,0.,0.));
#9183=DIRECTION('center_axis',(0.,0.635319898824128,-0.772249070027345));
#9184=DIRECTION('ref_axis',(3.08603523313449E-32,0.772249070027345,0.635319898824128));
#9185=DIRECTION('',(3.08603523313449E-32,0.772249070027345,0.635319898824128));
#9186=DIRECTION('',(3.08603523313449E-32,0.772249070027345,0.635319898824128));
#9187=DIRECTION('',(1.,0.,0.));
#9188=DIRECTION('center_axis',(0.,0.606021863495538,-0.795447987592775));
#9189=DIRECTION('ref_axis',(3.17874195141511E-32,0.795447987592775,0.606021863495538));
#9190=DIRECTION('',(3.17874195141511E-32,0.795447987592775,0.606021863495538));
#9191=DIRECTION('',(3.17874195141511E-32,0.795447987592775,0.606021863495538));
#9192=DIRECTION('',(1.,0.,0.));
#9193=DIRECTION('center_axis',(0.,-0.38268343236506,-0.923879532511299));
#9194=DIRECTION('ref_axis',(3.69197568396001E-32,0.923879532511299,-0.38268343236506));
#9195=DIRECTION('',(3.69197568396001E-32,0.923879532511299,-0.38268343236506));
#9196=DIRECTION('',(3.69197568396001E-32,0.923879532511299,-0.38268343236506));
#9197=DIRECTION('',(1.,0.,0.));
#9198=DIRECTION('center_axis',(0.,-0.99098883533306,-0.133944496882943));
#9199=DIRECTION('ref_axis',(5.35264402002579E-33,0.133944496882943,-0.99098883533306));
#9200=DIRECTION('',(5.35264402002579E-33,0.133944496882943,-0.99098883533306));
#9201=DIRECTION('',(5.35264402002579E-33,0.133944496882943,-0.99098883533306));
#9202=DIRECTION('',(1.,0.,0.));
#9203=DIRECTION('center_axis',(0.,-0.995301562862631,-0.0968235455000736));
#9204=DIRECTION('ref_axis',(3.8692292992939E-33,0.0968235455000736,-0.995301562862631));
#9205=DIRECTION('',(3.8692292992939E-33,0.0968235455000736,-0.995301562862631));
#9206=DIRECTION('',(3.8692292992939E-33,0.0968235455000736,-0.995301562862631));
#9207=DIRECTION('',(1.,0.,0.));
#9208=DIRECTION('center_axis',(0.,-0.99832918862908,-0.0577826196291053));
#9209=DIRECTION('ref_axis',(2.30908921692729E-33,0.0577826196291053,-0.998329188629081));
#9210=DIRECTION('',(2.30908921692729E-33,0.0577826196291053,-0.998329188629081));
#9211=DIRECTION('',(2.30908921692729E-33,0.0577826196291053,-0.998329188629081));
#9212=DIRECTION('',(1.,0.,0.));
#9213=DIRECTION('center_axis',(0.,-0.999864486193829,-0.0164623585293718));
#9214=DIRECTION('ref_axis',(6.57863122325734E-34,0.0164623585293718,-0.999864486193829));
#9215=DIRECTION('',(6.57863122325734E-34,0.0164623585293718,-0.999864486193829));
#9216=DIRECTION('',(6.57863122325734E-34,0.0164623585293718,-0.999864486193829));
#9217=DIRECTION('',(1.,0.,0.));
#9218=DIRECTION('center_axis',(0.,-0.999617759597303,0.0276466037275388));
#9219=DIRECTION('ref_axis',(-1.1048040909479E-33,-0.0276466037275388,-0.999617759597304));
#9220=DIRECTION('',(-1.1048040909479E-33,-0.0276466037275388,-0.999617759597304));
#9221=DIRECTION('',(-1.1048040909479E-33,-0.0276466037275388,-0.999617759597304));
#9222=DIRECTION('',(1.,0.,0.));
#9223=DIRECTION('center_axis',(0.,-0.99716042846353,0.0753065727969998));
#9224=DIRECTION('ref_axis',(-3.00937541990072E-33,-0.0753065727969998,-0.99716042846353));
#9225=DIRECTION('',(-3.00937541990072E-33,-0.0753065727969998,-0.99716042846353));
#9226=DIRECTION('',(-3.00937541990072E-33,-0.0753065727969998,-0.99716042846353));
#9227=DIRECTION('',(1.,0.,0.));
#9228=DIRECTION('center_axis',(0.,-0.991806416166401,0.127749883957517));
#9229=DIRECTION('ref_axis',(-5.10509702404407E-33,-0.127749883957517,-0.991806416166401));
#9230=DIRECTION('',(-5.10509702404407E-33,-0.127749883957517,-0.991806416166401));
#9231=DIRECTION('',(-5.10509702404407E-33,-0.127749883957517,-0.991806416166401));
#9232=DIRECTION('',(1.,0.,0.));
#9233=DIRECTION('center_axis',(0.,-0.982317978736115,0.187220160911674));
#9234=DIRECTION('ref_axis',(-7.48162782385837E-33,-0.187220160911674,-0.982317978736115));
#9235=DIRECTION('',(-7.48162782385837E-33,-0.187220160911674,-0.982317978736115));
#9236=DIRECTION('',(-7.48162782385837E-33,-0.187220160911674,-0.982317978736115));
#9237=DIRECTION('',(1.,0.,0.));
#9238=DIRECTION('center_axis',(0.,-0.965938570065744,0.258771479996051));
#9239=DIRECTION('ref_axis',(-1.03409370835486E-32,-0.258771479996051,-0.965938570065744));
#9240=DIRECTION('',(-1.03409370835486E-32,-0.258771479996051,-0.965938570065744));
#9241=DIRECTION('',(-1.03409370835486E-32,-0.258771479996051,-0.965938570065744));
#9242=DIRECTION('',(1.,0.,0.));
#9243=DIRECTION('center_axis',(0.,-0.93134008725674,0.364150575818038));
#9244=DIRECTION('ref_axis',(-1.45520603488831E-32,-0.364150575818038,-0.93134008725674));
#9245=DIRECTION('',(-1.45520603488831E-32,-0.364150575818038,-0.93134008725674));
#9246=DIRECTION('',(-1.45520603488831E-32,-0.364150575818038,-0.93134008725674));
#9247=DIRECTION('',(1.,0.,0.));
#9248=DIRECTION('center_axis',(0.,-0.874797693076312,0.484488386020101));
#9249=DIRECTION('ref_axis',(-1.93609586250398E-32,-0.484488386020101,-0.874797693076312));
#9250=DIRECTION('',(-1.93609586250398E-32,-0.484488386020101,-0.874797693076312));
#9251=DIRECTION('',(-1.93609586250398E-32,-0.484488386020101,-0.874797693076312));
#9252=DIRECTION('',(1.,0.,0.));
#9253=DIRECTION('center_axis',(0.,-0.555570233019596,-0.831469612302549));
#9254=DIRECTION('ref_axis',(3.32269033196178E-32,0.831469612302549,-0.555570233019596));
#9255=DIRECTION('',(3.32269033196178E-32,0.831469612302549,-0.555570233019596));
#9256=DIRECTION('',(3.32269033196178E-32,0.831469612302549,-0.555570233019596));
#9257=DIRECTION('',(1.,0.,0.));
#9258=DIRECTION('center_axis',(0.,0.782379487394909,-0.622802005218094));
#9259=DIRECTION('ref_axis',(2.48882000117111E-32,0.622802005218094,0.782379487394909));
#9260=DIRECTION('',(2.48882000117111E-32,0.622802005218094,0.782379487394909));
#9261=DIRECTION('',(2.48882000117111E-32,0.622802005218094,0.782379487394909));
#9262=DIRECTION('',(1.,0.,0.));
#9263=DIRECTION('center_axis',(0.,0.692839685041056,-0.721091652172045));
#9264=DIRECTION('ref_axis',(2.88160171541973E-32,0.721091652172045,0.692839685041056));
#9265=DIRECTION('',(2.88160171541973E-32,0.721091652172045,0.692839685041056));
#9266=DIRECTION('',(2.88160171541973E-32,0.721091652172045,0.692839685041056));
#9267=DIRECTION('',(1.,0.,0.));
#9268=DIRECTION('center_axis',(0.,0.608722361412636,-0.793383316383843));
#9269=DIRECTION('ref_axis',(3.17049118318126E-32,0.793383316383843,0.608722361412636));
#9270=DIRECTION('',(3.17049118318126E-32,0.793383316383843,0.608722361412636));
#9271=DIRECTION('',(3.17049118318126E-32,0.793383316383843,0.608722361412636));
#9272=DIRECTION('',(1.,0.,0.));
#9273=DIRECTION('center_axis',(0.,0.548885690516345,-0.835897421186592));
#9274=DIRECTION('ref_axis',(3.34038458987945E-32,0.835897421186592,0.548885690516345));
#9275=DIRECTION('',(3.34038458987945E-32,0.835897421186592,0.548885690516345));
#9276=DIRECTION('',(3.34038458987945E-32,0.835897421186592,0.548885690516345));
#9277=DIRECTION('',(1.,0.,0.));
#9278=DIRECTION('center_axis',(0.,0.497573386649333,-0.867421884032397));
#9279=DIRECTION('ref_axis',(3.46636156650999E-32,0.867421884032397,0.497573386649333));
#9280=DIRECTION('',(3.46636156650999E-32,0.867421884032397,0.497573386649333));
#9281=DIRECTION('',(3.46636156650999E-32,0.867421884032397,0.497573386649333));
#9282=DIRECTION('',(1.,0.,0.));
#9283=DIRECTION('center_axis',(0.,0.451170976653823,-0.892437532730014));
#9284=DIRECTION('ref_axis',(3.5663282433981E-32,0.892437532730014,0.451170976653823));
#9285=DIRECTION('',(3.5663282433981E-32,0.892437532730014,0.451170976653823));
#9286=DIRECTION('',(3.5663282433981E-32,0.892437532730014,0.451170976653823));
#9287=DIRECTION('',(1.,0.,0.));
#9288=DIRECTION('center_axis',(0.,0.408079286623091,-0.912946491219058));
#9289=DIRECTION('ref_axis',(3.64828543952634E-32,0.912946491219058,0.408079286623091));
#9290=DIRECTION('',(3.64828543952633E-32,0.912946491219058,0.408079286623091));
#9291=DIRECTION('',(3.64828543952633E-32,0.912946491219058,0.408079286623091));
#9292=DIRECTION('',(1.,0.,0.));
#9293=DIRECTION('center_axis',(0.,0.367422337374519,-0.930054205946216));
#9294=DIRECTION('ref_axis',(3.71665070205045E-32,0.930054205946215,0.367422337374519));
#9295=DIRECTION('',(3.71665070205045E-32,0.930054205946215,0.367422337374519));
#9296=DIRECTION('',(3.71665070205045E-32,0.930054205946215,0.367422337374519));
#9297=DIRECTION('',(1.,0.,0.));
#9298=DIRECTION('center_axis',(0.,0.328659860924541,-0.944448355293746));
#9299=DIRECTION('ref_axis',(3.77417210772324E-32,0.944448355293746,0.328659860924541));
#9300=DIRECTION('',(3.77417210772324E-32,0.944448355293746,0.328659860924541));
#9301=DIRECTION('',(3.77417210772324E-32,0.944448355293746,0.328659860924541));
#9302=DIRECTION('',(1.,0.,0.));
#9303=DIRECTION('center_axis',(0.,0.291432126362007,-0.956591509330978));
#9304=DIRECTION('ref_axis',(3.8226981631822E-32,0.956591509330978,0.291432126362007));
#9305=DIRECTION('',(3.8226981631822E-32,0.956591509330978,0.291432126362007));
#9306=DIRECTION('',(3.8226981631822E-32,0.956591509330978,0.291432126362007));
#9307=DIRECTION('',(1.,0.,0.));
#9308=DIRECTION('center_axis',(0.,0.255486429778003,-0.966812641725008));
#9309=DIRECTION('ref_axis',(3.86354350170672E-32,0.966812641725008,0.255486429778003));
#9310=DIRECTION('',(3.86354350170672E-32,0.966812641725008,0.255486429778003));
#9311=DIRECTION('',(3.86354350170672E-32,0.966812641725008,0.255486429778003));
#9312=DIRECTION('',(1.,0.,0.));
#9313=DIRECTION('center_axis',(0.,-0.707106781186548,-0.707106781186548));
#9314=DIRECTION('ref_axis',(2.82571585389249E-32,0.707106781186548,-0.707106781186548));
#9315=DIRECTION('',(2.82571585389249E-32,0.707106781186548,-0.707106781186548));
#9316=DIRECTION('',(2.82571585389249E-32,0.707106781186548,-0.707106781186548));
#9317=DIRECTION('',(1.,0.,0.));
#9318=DIRECTION('center_axis',(0.,-0.966812641725004,0.255486429778021));
#9319=DIRECTION('ref_axis',(-1.02096610340339E-32,-0.255486429778021,-0.966812641725004));
#9320=DIRECTION('',(-1.02096610340339E-32,-0.255486429778021,-0.966812641725004));
#9321=DIRECTION('',(-1.02096610340339E-32,-0.255486429778021,-0.966812641725004));
#9322=DIRECTION('',(1.,0.,0.));
#9323=DIRECTION('center_axis',(0.,-0.956591509331014,0.291432126361891));
#9324=DIRECTION('ref_axis',(-1.16461106257888E-32,-0.291432126361891,-0.956591509331014));
#9325=DIRECTION('',(-1.16461106257888E-32,-0.291432126361891,-0.956591509331014));
#9326=DIRECTION('',(-1.16461106257888E-32,-0.291432126361891,-0.956591509331014));
#9327=DIRECTION('',(1.,0.,0.));
#9328=DIRECTION('center_axis',(0.,-0.944448355293709,0.328659860924648));
#9329=DIRECTION('ref_axis',(-1.31337925793116E-32,-0.328659860924648,-0.944448355293709));
#9330=DIRECTION('',(-1.31337925793116E-32,-0.328659860924648,-0.944448355293709));
#9331=DIRECTION('',(-1.31337925793116E-32,-0.328659860924648,-0.944448355293709));
#9332=DIRECTION('',(1.,0.,0.));
#9333=DIRECTION('center_axis',(0.,-0.93005420594623,0.367422337374481));
#9334=DIRECTION('ref_axis',(-1.46828053614635E-32,-0.367422337374481,-0.93005420594623));
#9335=DIRECTION('',(-1.46828053614635E-32,-0.367422337374481,-0.93005420594623));
#9336=DIRECTION('',(-1.46828053614635E-32,-0.367422337374481,-0.93005420594623));
#9337=DIRECTION('',(1.,0.,0.));
#9338=DIRECTION('center_axis',(0.,-0.912946491219059,0.408079286623087));
#9339=DIRECTION('ref_axis',(-1.63075244154925E-32,-0.408079286623087,-0.91294649121906));
#9340=DIRECTION('',(-1.63075244154925E-32,-0.408079286623087,-0.91294649121906));
#9341=DIRECTION('',(-1.63075244154925E-32,-0.408079286623087,-0.91294649121906));
#9342=DIRECTION('',(1.,0.,0.));
#9343=DIRECTION('center_axis',(0.,-0.892437532730012,0.451170976653827));
#9344=DIRECTION('ref_axis',(-1.80295397451512E-32,-0.451170976653827,-0.892437532730012));
#9345=DIRECTION('',(-1.80295397451512E-32,-0.451170976653827,-0.892437532730012));
#9346=DIRECTION('',(-1.80295397451512E-32,-0.451170976653827,-0.892437532730012));
#9347=DIRECTION('',(1.,0.,0.));
#9348=DIRECTION('center_axis',(0.,-0.867421884032421,0.497573386649292));
#9349=DIRECTION('ref_axis',(-1.98838569299331E-32,-0.497573386649291,-0.867421884032421));
#9350=DIRECTION('',(-1.98838569299331E-32,-0.497573386649291,-0.867421884032421));
#9351=DIRECTION('',(-1.98838569299331E-32,-0.497573386649291,-0.867421884032421));
#9352=DIRECTION('',(1.,0.,0.));
#9353=DIRECTION('center_axis',(0.,-0.835897421186544,0.548885690516418));
#9354=DIRECTION('ref_axis',(-2.19343816087346E-32,-0.548885690516418,-0.835897421186544));
#9355=DIRECTION('',(-2.19343816087346E-32,-0.548885690516418,-0.835897421186544));
#9356=DIRECTION('',(-2.19343816087346E-32,-0.548885690516418,-0.835897421186544));
#9357=DIRECTION('',(1.,0.,0.));
#9358=DIRECTION('center_axis',(0.,-0.793383316383887,0.608722361412578));
#9359=DIRECTION('ref_axis',(-2.43255541175274E-32,-0.608722361412578,-0.793383316383887));
#9360=DIRECTION('',(-2.43255541175274E-32,-0.608722361412578,-0.793383316383887));
#9361=DIRECTION('',(-2.43255541175274E-32,-0.608722361412578,-0.793383316383887));
#9362=DIRECTION('',(1.,0.,0.));
#9363=DIRECTION('center_axis',(0.,-0.721091652171943,0.692839685041162));
#9364=DIRECTION('ref_axis',(-2.76870217386616E-32,-0.692839685041162,-0.721091652171943));
#9365=DIRECTION('',(-2.76870217386616E-32,-0.692839685041162,-0.721091652171943));
#9366=DIRECTION('',(-2.76870217386616E-32,-0.692839685041162,-0.721091652171943));
#9367=DIRECTION('',(1.,0.,0.));
#9368=DIRECTION('center_axis',(0.,-0.622802005218109,0.782379487394897));
#9369=DIRECTION('ref_axis',(-3.12651805938317E-32,-0.782379487394897,-0.622802005218109));
#9370=DIRECTION('',(-3.12651805938317E-32,-0.782379487394897,-0.622802005218109));
#9371=DIRECTION('',(-3.12651805938317E-32,-0.782379487394897,-0.622802005218109));
#9372=DIRECTION('',(1.,0.,0.));
#9373=DIRECTION('center_axis',(0.,-0.831469612302546,-0.5555702330196));
#9374=DIRECTION('ref_axis',(2.22015070023783E-32,0.5555702330196,-0.831469612302546));
#9375=DIRECTION('',(2.22015070023783E-32,0.5555702330196,-0.831469612302546));
#9376=DIRECTION('',(2.22015070023783E-32,0.5555702330196,-0.831469612302546));
#9377=DIRECTION('',(1.,0.,0.));
#9378=DIRECTION('center_axis',(0.,0.484488386020115,-0.874797693076304));
#9379=DIRECTION('ref_axis',(3.4958365215029E-32,0.874797693076304,0.484488386020115));
#9380=DIRECTION('',(3.4958365215029E-32,0.874797693076304,0.484488386020115));
#9381=DIRECTION('',(3.4958365215029E-32,0.874797693076304,0.484488386020115));
#9382=DIRECTION('',(1.,0.,0.));
#9383=DIRECTION('center_axis',(0.,0.36415057581804,-0.931340087256739));
#9384=DIRECTION('ref_axis',(3.72178929681724E-32,0.931340087256739,0.36415057581804));
#9385=DIRECTION('',(3.72178929681724E-32,0.931340087256739,0.36415057581804));
#9386=DIRECTION('',(3.72178929681724E-32,0.931340087256739,0.36415057581804));
#9387=DIRECTION('',(1.,0.,0.));
#9388=DIRECTION('center_axis',(0.,0.258771479995938,-0.965938570065774));
#9389=DIRECTION('ref_axis',(3.86005056653674E-32,0.965938570065774,0.258771479995938));
#9390=DIRECTION('',(3.86005056653674E-32,0.965938570065774,0.258771479995938));
#9391=DIRECTION('',(3.86005056653674E-32,0.965938570065774,0.258771479995938));
#9392=DIRECTION('',(1.,0.,0.));
#9393=DIRECTION('center_axis',(0.,0.187220160911717,-0.982317978736107));
#9394=DIRECTION('ref_axis',(3.92550539738913E-32,0.982317978736107,0.187220160911717));
#9395=DIRECTION('',(3.92550539738913E-32,0.982317978736107,0.187220160911717));
#9396=DIRECTION('',(3.92550539738913E-32,0.982317978736107,0.187220160911717));
#9397=DIRECTION('',(1.,0.,0.));
#9398=DIRECTION('center_axis',(0.,0.127749883957554,-0.991806416166397));
#9399=DIRECTION('ref_axis',(3.96342276544271E-32,0.991806416166397,0.127749883957554));
#9400=DIRECTION('',(3.96342276544271E-32,0.991806416166397,0.127749883957554));
#9401=DIRECTION('',(3.96342276544271E-32,0.991806416166397,0.127749883957554));
#9402=DIRECTION('',(1.,0.,0.));
#9403=DIRECTION('center_axis',(0.,0.0753065727970266,-0.997160428463528));
#9404=DIRECTION('ref_axis',(3.98481828565616E-32,0.997160428463528,0.0753065727970266));
#9405=DIRECTION('',(3.98481828565616E-32,0.997160428463528,0.0753065727970266));
#9406=DIRECTION('',(3.98481828565616E-32,0.997160428463528,0.0753065727970266));
#9407=DIRECTION('',(1.,0.,0.));
#9408=DIRECTION('center_axis',(0.,0.0276466037274532,-0.999617759597306));
#9409=DIRECTION('ref_axis',(3.99463818800715E-32,0.999617759597306,0.0276466037274532));
#9410=DIRECTION('',(3.99463818800715E-32,0.999617759597306,0.0276466037274532));
#9411=DIRECTION('',(3.99463818800715E-32,0.999617759597306,0.0276466037274532));
#9412=DIRECTION('',(1.,0.,0.));
#9413=DIRECTION('center_axis',(0.,-0.0164623585293899,-0.999864486193829));
#9414=DIRECTION('ref_axis',(3.99562414836551E-32,0.999864486193829,-0.0164623585293899));
#9415=DIRECTION('',(3.99562414836551E-32,0.999864486193829,-0.0164623585293899));
#9416=DIRECTION('',(3.99562414836551E-32,0.999864486193829,-0.0164623585293899));
#9417=DIRECTION('',(1.,0.,0.));
#9418=DIRECTION('center_axis',(0.,-0.0577826196291159,-0.99832918862908));
#9419=DIRECTION('ref_axis',(3.98948884492255E-32,0.99832918862908,-0.0577826196291159));
#9420=DIRECTION('',(3.98948884492255E-32,0.99832918862908,-0.0577826196291159));
#9421=DIRECTION('',(3.98948884492255E-32,0.99832918862908,-0.0577826196291159));
#9422=DIRECTION('',(1.,0.,0.));
#9423=DIRECTION('center_axis',(0.,-0.0968235455000007,-0.995301562862638));
#9424=DIRECTION('ref_axis',(3.97738995073074E-32,0.995301562862638,-0.0968235455000007));
#9425=DIRECTION('',(3.97738995073074E-32,0.995301562862638,-0.0968235455000007));
#9426=DIRECTION('',(3.97738995073074E-32,0.995301562862638,-0.0968235455000007));
#9427=DIRECTION('',(1.,0.,0.));
#9428=DIRECTION('center_axis',(0.,-0.133944496883026,-0.990988835333049));
#9429=DIRECTION('ref_axis',(3.96015557697261E-32,0.990988835333049,-0.133944496883026));
#9430=DIRECTION('',(3.96015557697261E-32,0.990988835333049,-0.133944496883026));
#9431=DIRECTION('',(3.96015557697261E-32,0.990988835333049,-0.133944496883026));
#9432=DIRECTION('',(1.,0.,0.));
#9433=DIRECTION('center_axis',(0.,-0.923879532511289,-0.382683432365086));
#9434=DIRECTION('ref_axis',(1.52926640024788E-32,0.382683432365086,-0.923879532511289));
#9435=DIRECTION('',(1.52926640024788E-32,0.382683432365086,-0.923879532511289));
#9436=DIRECTION('',(1.52926640024788E-32,0.382683432365086,-0.923879532511289));
#9437=DIRECTION('',(1.,0.,0.));
#9438=DIRECTION('center_axis',(0.,-0.795447987592697,0.60602186349564));
#9439=DIRECTION('ref_axis',(-2.4217637746474E-32,-0.60602186349564,-0.795447987592697));
#9440=DIRECTION('',(-2.4217637746474E-32,-0.60602186349564,-0.795447987592697));
#9441=DIRECTION('',(-2.4217637746474E-32,-0.60602186349564,-0.795447987592697));
#9442=DIRECTION('',(1.,0.,0.));
#9443=DIRECTION('center_axis',(0.,-0.772249070027404,0.635319898824057));
#9444=DIRECTION('ref_axis',(-2.53884357803507E-32,-0.635319898824057,-0.772249070027404));
#9445=DIRECTION('',(-2.53884357803507E-32,-0.635319898824057,-0.772249070027404));
#9446=DIRECTION('',(-2.53884357803507E-32,-0.635319898824057,-0.772249070027404));
#9447=DIRECTION('',(1.,0.,0.));
#9448=DIRECTION('center_axis',(0.,-0.746783821310546,0.665066856961628));
#9449=DIRECTION('ref_axis',(-2.65771735134744E-32,-0.665066856961628,-0.746783821310546));
#9450=DIRECTION('',(-2.65771735134744E-32,-0.665066856961628,-0.746783821310546));
#9451=DIRECTION('',(-2.65771735134744E-32,-0.665066856961628,-0.746783821310546));
#9452=DIRECTION('',(1.,0.,0.));
#9453=DIRECTION('center_axis',(0.,-0.718651603805679,0.695370313104842));
#9454=DIRECTION('ref_axis',(-2.77881498289317E-32,-0.695370313104842,-0.718651603805679));
#9455=DIRECTION('',(-2.77881498289317E-32,-0.695370313104842,-0.718651603805679));
#9456=DIRECTION('',(-2.77881498289317E-32,-0.695370313104842,-0.718651603805679));
#9457=DIRECTION('',(1.,0.,0.));
#9458=DIRECTION('center_axis',(0.,-0.687287395433252,0.726385597378264));
#9459=DIRECTION('ref_axis',(-2.90275719758573E-32,-0.726385597378264,-0.687287395433252));
#9460=DIRECTION('',(-2.90275719758573E-32,-0.726385597378264,-0.687287395433252));
#9461=DIRECTION('',(-2.90275719758573E-32,-0.726385597378264,-0.687287395433252));
#9462=DIRECTION('',(1.,0.,0.));
#9463=DIRECTION('center_axis',(0.,-0.651849112604792,0.758348689190102));
#9464=DIRECTION('ref_axis',(-3.03048700823834E-32,-0.758348689190102,-0.651849112604792));
#9465=DIRECTION('',(-3.03048700823834E-32,-0.758348689190102,-0.651849112604792));
#9466=DIRECTION('',(-3.03048700823834E-32,-0.758348689190102,-0.651849112604792));
#9467=DIRECTION('',(1.,0.,0.));
#9468=DIRECTION('center_axis',(0.,-0.610980233253469,0.791645851737718));
#9469=DIRECTION('ref_axis',(-3.16354798658527E-32,-0.791645851737718,-0.610980233253469));
#9470=DIRECTION('',(-3.16354798658527E-32,-0.791645851737718,-0.610980233253469));
#9471=DIRECTION('',(-3.16354798658527E-32,-0.791645851737718,-0.610980233253469));
#9472=DIRECTION('',(1.,0.,0.));
#9473=DIRECTION('center_axis',(0.,-0.562219058690171,0.826988349401331));
#9474=DIRECTION('ref_axis',(-3.30478246293501E-32,-0.826988349401331,-0.562219058690171));
#9475=DIRECTION('',(-3.30478246293501E-32,-0.826988349401331,-0.562219058690171));
#9476=DIRECTION('',(-3.30478246293501E-32,-0.826988349401331,-0.562219058690171));
#9477=DIRECTION('',(1.,0.,0.));
#9478=DIRECTION('center_axis',(0.,-0.500042644820374,0.866000781385932));
#9479=DIRECTION('ref_axis',(-3.46068260488077E-32,-0.866000781385932,-0.500042644820374));
#9480=DIRECTION('',(-3.46068260488077E-32,-0.866000781385932,-0.500042644820374));
#9481=DIRECTION('',(-3.46068260488077E-32,-0.866000781385932,-0.500042644820374));
#9482=DIRECTION('',(1.,0.,0.));
#9483=DIRECTION('center_axis',(0.,-0.401063549756052,0.916050232824093));
#9484=DIRECTION('ref_axis',(-3.66068850522034E-32,-0.916050232824093,-0.401063549756052));
#9485=DIRECTION('',(-3.66068850522034E-32,-0.916050232824093,-0.401063549756052));
#9486=DIRECTION('',(-3.66068850522034E-32,-0.916050232824093,-0.401063549756052));
#9487=DIRECTION('',(1.,0.,0.));
#9488=DIRECTION('center_axis',(0.,-0.275990357779669,0.961160404101548));
#9489=DIRECTION('ref_axis',(-3.8409562236781E-32,-0.961160404101548,-0.275990357779669));
#9490=DIRECTION('',(-3.8409562236781E-32,-0.961160404101548,-0.275990357779669));
#9491=DIRECTION('',(-3.8409562236781E-32,-0.961160404101548,-0.275990357779669));
#9492=DIRECTION('',(1.,0.,0.));
#9493=DIRECTION('center_axis',(0.,-0.98078528040323,-0.195090322016129));
#9494=DIRECTION('ref_axis',(7.79613250118911E-33,0.195090322016129,-0.98078528040323));
#9495=DIRECTION('',(7.79613250118911E-33,0.195090322016129,-0.98078528040323));
#9496=DIRECTION('',(7.79613250118911E-33,0.195090322016129,-0.98078528040323));
#9497=DIRECTION('',(1.,0.,0.));
#9498=DIRECTION('center_axis',(0.,0.112838319771901,-0.993613362224489));
#9499=DIRECTION('ref_axis',(3.97064362127288E-32,0.993613362224489,0.112838319771901));
#9500=DIRECTION('',(3.97064362127288E-32,0.993613362224489,0.112838319771901));
#9501=DIRECTION('',(3.97064362127288E-32,0.993613362224489,0.112838319771901));
#9502=DIRECTION('',(1.,0.,0.));
#9503=DIRECTION('center_axis',(0.,-0.0199771575401613,-0.999800436675548));
#9504=DIRECTION('ref_axis',(3.99536819587848E-32,0.999800436675548,-0.0199771575401613));
#9505=DIRECTION('',(3.99536819587848E-32,0.999800436675548,-0.0199771575401613));
#9506=DIRECTION('',(3.99536819587848E-32,0.999800436675548,-0.0199771575401613));
#9507=DIRECTION('',(1.,0.,0.));
#9508=DIRECTION('center_axis',(0.,-0.130575013480594,-0.991438432710041));
#9509=DIRECTION('ref_axis',(3.96195224258215E-32,0.991438432710041,-0.130575013480594));
#9510=DIRECTION('',(3.96195224258215E-32,0.991438432710041,-0.130575013480594));
#9511=DIRECTION('',(3.96195224258215E-32,0.991438432710041,-0.130575013480594));
#9512=DIRECTION('',(1.,0.,0.));
#9513=DIRECTION('center_axis',(0.,-0.202947941036943,-0.979189528757771));
#9514=DIRECTION('ref_axis',(3.91300359294163E-32,0.979189528757771,-0.202947941036943));
#9515=DIRECTION('',(3.91300359294163E-32,0.979189528757771,-0.202947941036943));
#9516=DIRECTION('',(3.91300359294163E-32,0.979189528757771,-0.202947941036943));
#9517=DIRECTION('',(1.,0.,0.));
#9518=DIRECTION('center_axis',(0.,-0.261522380511232,-0.965197412186615));
#9519=DIRECTION('ref_axis',(3.85708877685363E-32,0.965197412186615,-0.261522380511232));
#9520=DIRECTION('',(3.85708877685363E-32,0.965197412186615,-0.261522380511232));
#9521=DIRECTION('',(3.85708877685363E-32,0.965197412186615,-0.261522380511232));
#9522=DIRECTION('',(1.,0.,0.));
#9523=DIRECTION('center_axis',(0.,-0.312022574112346,-0.950074688245248));
#9524=DIRECTION('ref_axis',(3.79665586639072E-32,0.950074688245248,-0.312022574112346));
#9525=DIRECTION('',(3.79665586639072E-32,0.950074688245248,-0.312022574112346));
#9526=DIRECTION('',(3.79665586639072E-32,0.950074688245248,-0.312022574112346));
#9527=DIRECTION('',(1.,0.,0.));
#9528=DIRECTION('center_axis',(0.,-0.356995023968505,-0.934106285634417));
#9529=DIRECTION('ref_axis',(3.73284348384922E-32,0.934106285634417,-0.356995023968505));
#9530=DIRECTION('',(3.73284348384922E-32,0.934106285634417,-0.356995023968505));
#9531=DIRECTION('',(3.73284348384922E-32,0.934106285634417,-0.356995023968505));
#9532=DIRECTION('',(1.,0.,0.));
#9533=DIRECTION('center_axis',(0.,-0.397840809578709,-0.917454462212571));
#9534=DIRECTION('ref_axis',(3.66630003851502E-32,0.917454462212571,-0.397840809578709));
#9535=DIRECTION('',(3.66630003851502E-32,0.917454462212571,-0.397840809578709));
#9536=DIRECTION('',(3.66630003851502E-32,0.917454462212571,-0.397840809578709));
#9537=DIRECTION('',(1.,0.,0.));
#9538=DIRECTION('center_axis',(0.,-0.435428220145075,-0.900223452872281));
#9539=DIRECTION('ref_axis',(3.59744207028889E-32,0.900223452872281,-0.435428220145076));
#9540=DIRECTION('',(3.59744207028889E-32,0.900223452872281,-0.435428220145076));
#9541=DIRECTION('',(3.59744207028889E-32,0.900223452872281,-0.435428220145076));
#9542=DIRECTION('',(1.,0.,0.));
#9543=DIRECTION('center_axis',(0.,-0.470338710267255,-0.88248597587958));
#9544=DIRECTION('ref_axis',(3.52656017341014E-32,0.88248597587958,-0.470338710267255));
#9545=DIRECTION('',(3.52656017341014E-32,0.88248597587958,-0.470338710267255));
#9546=DIRECTION('',(3.52656017341014E-32,0.88248597587958,-0.470338710267255));
#9547=DIRECTION('',(1.,0.,0.));
#9548=DIRECTION('center_axis',(0.,-0.502983588103494,-0.864295962097784));
#9549=DIRECTION('ref_axis',(3.45386986454407E-32,0.864295962097784,-0.502983588103494));
#9550=DIRECTION('',(3.45386986454407E-32,0.864295962097784,-0.502983588103494));
#9551=DIRECTION('',(3.45386986454407E-32,0.864295962097784,-0.502983588103494));
#9552=DIRECTION('',(1.,0.,0.));
#9553=DIRECTION('center_axis',(0.,-1.,0.));
#9554=DIRECTION('ref_axis',(0.,0.,-1.));
#9555=DIRECTION('',(0.,0.,-1.));
#9556=DIRECTION('',(0.,0.,-1.));
#9557=DIRECTION('',(1.,0.,0.));
#9558=DIRECTION('center_axis',(0.,-0.502983588103494,0.864295962097784));
#9559=DIRECTION('ref_axis',(-3.45386986454407E-32,-0.864295962097784,-0.502983588103494));
#9560=DIRECTION('',(-3.45386986454407E-32,-0.864295962097784,-0.502983588103494));
#9561=DIRECTION('',(-3.45386986454407E-32,-0.864295962097784,-0.502983588103494));
#9562=DIRECTION('',(1.,0.,0.));
#9563=DIRECTION('center_axis',(0.,-0.470338710267251,0.882485975879582));
#9564=DIRECTION('ref_axis',(-3.52656017341015E-32,-0.882485975879582,-0.470338710267251));
#9565=DIRECTION('',(-3.52656017341015E-32,-0.882485975879582,-0.470338710267251));
#9566=DIRECTION('',(-3.52656017341015E-32,-0.882485975879582,-0.470338710267251));
#9567=DIRECTION('',(1.,0.,0.));
#9568=DIRECTION('center_axis',(0.,-0.435428220145079,0.900223452872279));
#9569=DIRECTION('ref_axis',(-3.59744207028888E-32,-0.900223452872279,-0.435428220145079));
#9570=DIRECTION('',(-3.59744207028888E-32,-0.900223452872279,-0.435428220145079));
#9571=DIRECTION('',(-3.59744207028888E-32,-0.900223452872279,-0.435428220145079));
#9572=DIRECTION('',(1.,0.,0.));
#9573=DIRECTION('center_axis',(0.,-0.397840809578709,0.917454462212571));
#9574=DIRECTION('ref_axis',(-3.66630003851502E-32,-0.917454462212571,-0.397840809578709));
#9575=DIRECTION('',(-3.66630003851502E-32,-0.917454462212571,-0.397840809578709));
#9576=DIRECTION('',(-3.66630003851502E-32,-0.917454462212571,-0.397840809578709));
#9577=DIRECTION('',(1.,0.,0.));
#9578=DIRECTION('center_axis',(0.,-0.356995023968505,0.934106285634417));
#9579=DIRECTION('ref_axis',(-3.73284348384922E-32,-0.934106285634417,-0.356995023968505));
#9580=DIRECTION('',(-3.73284348384922E-32,-0.934106285634417,-0.356995023968505));
#9581=DIRECTION('',(-3.73284348384922E-32,-0.934106285634417,-0.356995023968505));
#9582=DIRECTION('',(1.,0.,0.));
#9583=DIRECTION('center_axis',(0.,-0.312022574112343,0.950074688245249));
#9584=DIRECTION('ref_axis',(-3.79665586639072E-32,-0.950074688245249,-0.312022574112343));
#9585=DIRECTION('',(-3.79665586639072E-32,-0.950074688245249,-0.312022574112343));
#9586=DIRECTION('',(-3.79665586639072E-32,-0.950074688245249,-0.312022574112343));
#9587=DIRECTION('',(1.,0.,0.));
#9588=DIRECTION('center_axis',(0.,-0.261522380511234,0.965197412186614));
#9589=DIRECTION('ref_axis',(-3.85708877685362E-32,-0.965197412186614,-0.261522380511234));
#9590=DIRECTION('',(-3.85708877685362E-32,-0.965197412186614,-0.261522380511234));
#9591=DIRECTION('',(-3.85708877685362E-32,-0.965197412186614,-0.261522380511234));
#9592=DIRECTION('',(1.,0.,0.));
#9593=DIRECTION('center_axis',(0.,-0.202947941036941,0.979189528757771));
#9594=DIRECTION('ref_axis',(-3.91300359294163E-32,-0.979189528757771,-0.202947941036941));
#9595=DIRECTION('',(-3.91300359294163E-32,-0.979189528757771,-0.202947941036941));
#9596=DIRECTION('',(-3.91300359294163E-32,-0.979189528757771,-0.202947941036941));
#9597=DIRECTION('',(1.,0.,0.));
#9598=DIRECTION('center_axis',(0.,-0.130575013480595,0.991438432710041));
#9599=DIRECTION('ref_axis',(-3.96195224258215E-32,-0.991438432710041,-0.130575013480595));
#9600=DIRECTION('',(-3.96195224258215E-32,-0.991438432710041,-0.130575013480595));
#9601=DIRECTION('',(-3.96195224258215E-32,-0.991438432710041,-0.130575013480595));
#9602=DIRECTION('',(1.,0.,0.));
#9603=DIRECTION('center_axis',(0.,-0.0199771575401613,0.999800436675548));
#9604=DIRECTION('ref_axis',(-3.99536819587848E-32,-0.999800436675548,-0.0199771575401613));
#9605=DIRECTION('',(-3.99536819587848E-32,-0.999800436675548,-0.0199771575401613));
#9606=DIRECTION('',(-3.99536819587848E-32,-0.999800436675548,-0.0199771575401613));
#9607=DIRECTION('',(1.,0.,0.));
#9608=DIRECTION('center_axis',(0.,0.112838319771901,0.993613362224489));
#9609=DIRECTION('ref_axis',(-3.97064362127288E-32,-0.993613362224489,0.112838319771901));
#9610=DIRECTION('',(-3.97064362127288E-32,-0.993613362224489,0.112838319771901));
#9611=DIRECTION('',(-3.97064362127288E-32,-0.993613362224489,0.112838319771901));
#9612=DIRECTION('',(1.,0.,0.));
#9613=DIRECTION('center_axis',(0.,-0.98078528040323,0.195090322016129));
#9614=DIRECTION('ref_axis',(-7.79613250118914E-33,-0.195090322016129,-0.98078528040323));
#9615=DIRECTION('',(-7.79613250118914E-33,-0.195090322016129,-0.98078528040323));
#9616=DIRECTION('',(-7.79613250118914E-33,-0.195090322016129,-0.98078528040323));
#9617=DIRECTION('',(1.,0.,0.));
#9618=DIRECTION('center_axis',(0.,-0.275990357779669,-0.961160404101548));
#9619=DIRECTION('ref_axis',(3.8409562236781E-32,0.961160404101548,-0.275990357779669));
#9620=DIRECTION('',(3.8409562236781E-32,0.961160404101548,-0.275990357779669));
#9621=DIRECTION('',(3.8409562236781E-32,0.961160404101548,-0.275990357779669));
#9622=DIRECTION('',(1.,0.,0.));
#9623=DIRECTION('center_axis',(0.,-0.401063549756185,-0.916050232824035));
#9624=DIRECTION('ref_axis',(3.66068850522011E-32,0.916050232824035,-0.401063549756185));
#9625=DIRECTION('',(3.66068850522011E-32,0.916050232824035,-0.401063549756185));
#9626=DIRECTION('',(3.66068850522011E-32,0.916050232824035,-0.401063549756185));
#9627=DIRECTION('',(1.,0.,0.));
#9628=DIRECTION('center_axis',(0.,-0.500042644820254,-0.866000781386002));
#9629=DIRECTION('ref_axis',(3.46068260488104E-32,0.866000781386002,-0.500042644820254));
#9630=DIRECTION('',(3.46068260488104E-32,0.866000781386002,-0.500042644820254));
#9631=DIRECTION('',(3.46068260488104E-32,0.866000781386002,-0.500042644820254));
#9632=DIRECTION('',(1.,0.,0.));
#9633=DIRECTION('center_axis',(0.,-0.562219058690276,-0.82698834940126));
#9634=DIRECTION('ref_axis',(3.30478246293473E-32,0.82698834940126,-0.562219058690276));
#9635=DIRECTION('',(3.30478246293473E-32,0.82698834940126,-0.562219058690276));
#9636=DIRECTION('',(3.30478246293473E-32,0.82698834940126,-0.562219058690276));
#9637=DIRECTION('',(1.,0.,0.));
#9638=DIRECTION('center_axis',(0.,-0.61098023325338,-0.791645851737787));
#9639=DIRECTION('ref_axis',(3.16354798658555E-32,0.791645851737787,-0.61098023325338));
#9640=DIRECTION('',(3.16354798658555E-32,0.791645851737787,-0.61098023325338));
#9641=DIRECTION('',(3.16354798658555E-32,0.791645851737787,-0.61098023325338));
#9642=DIRECTION('',(1.,0.,0.));
#9643=DIRECTION('center_axis',(0.,-0.651849112604787,-0.758348689190106));
#9644=DIRECTION('ref_axis',(3.03048700823835E-32,0.758348689190106,-0.651849112604787));
#9645=DIRECTION('',(3.03048700823835E-32,0.758348689190106,-0.651849112604787));
#9646=DIRECTION('',(3.03048700823835E-32,0.758348689190106,-0.651849112604787));
#9647=DIRECTION('',(1.,0.,0.));
#9648=DIRECTION('center_axis',(0.,-0.687287395433256,-0.72638559737826));
#9649=DIRECTION('ref_axis',(2.90275719758571E-32,0.72638559737826,-0.687287395433256));
#9650=DIRECTION('',(2.90275719758571E-32,0.726385597378259,-0.687287395433256));
#9651=DIRECTION('',(2.90275719758571E-32,0.726385597378259,-0.687287395433256));
#9652=DIRECTION('',(1.,0.,0.));
#9653=DIRECTION('center_axis',(0.,-0.718651603805674,-0.695370313104846));
#9654=DIRECTION('ref_axis',(2.77881498289318E-32,0.695370313104846,-0.718651603805674));
#9655=DIRECTION('',(2.77881498289318E-32,0.695370313104846,-0.718651603805674));
#9656=DIRECTION('',(2.77881498289318E-32,0.695370313104846,-0.718651603805674));
#9657=DIRECTION('',(1.,0.,0.));
#9658=DIRECTION('center_axis',(0.,-0.746783821310546,-0.665066856961628));
#9659=DIRECTION('ref_axis',(2.65771735134744E-32,0.665066856961628,-0.746783821310546));
#9660=DIRECTION('',(2.65771735134744E-32,0.665066856961628,-0.746783821310546));
#9661=DIRECTION('',(2.65771735134744E-32,0.665066856961628,-0.746783821310546));
#9662=DIRECTION('',(1.,0.,0.));
#9663=DIRECTION('center_axis',(0.,-0.772249070027408,-0.635319898824052));
#9664=DIRECTION('ref_axis',(2.53884357803505E-32,0.635319898824052,-0.772249070027408));
#9665=DIRECTION('',(2.53884357803505E-32,0.635319898824052,-0.772249070027408));
#9666=DIRECTION('',(2.53884357803505E-32,0.635319898824052,-0.772249070027408));
#9667=DIRECTION('',(1.,0.,0.));
#9668=DIRECTION('center_axis',(0.,-0.795447987592693,-0.606021863495646));
#9669=DIRECTION('ref_axis',(2.42176377464742E-32,0.606021863495646,-0.795447987592693));
#9670=DIRECTION('',(2.42176377464742E-32,0.606021863495646,-0.795447987592693));
#9671=DIRECTION('',(2.42176377464742E-32,0.606021863495646,-0.795447987592693));
#9672=DIRECTION('',(1.,0.,0.));
#9673=DIRECTION('center_axis',(0.,-0.923879532511289,0.382683432365086));
#9674=DIRECTION('ref_axis',(-1.52926640024788E-32,-0.382683432365086,-0.923879532511289));
#9675=DIRECTION('',(-1.52926640024788E-32,-0.382683432365086,-0.923879532511289));
#9676=DIRECTION('',(-1.52926640024788E-32,-0.382683432365086,-0.923879532511289));
#9677=DIRECTION('',(1.,0.,0.));
#9678=DIRECTION('center_axis',(0.,-0.133944496883026,0.990988835333049));
#9679=DIRECTION('ref_axis',(-3.96015557697261E-32,-0.990988835333049,-0.133944496883026));
#9680=DIRECTION('',(-3.96015557697261E-32,-0.990988835333049,-0.133944496883026));
#9681=DIRECTION('',(-3.96015557697261E-32,-0.990988835333049,-0.133944496883026));
#9682=DIRECTION('',(1.,0.,0.));
#9683=DIRECTION('center_axis',(0.,-0.0968235454999999,0.995301562862638));
#9684=DIRECTION('ref_axis',(-3.97738995073074E-32,-0.995301562862638,-0.0968235454999999));
#9685=DIRECTION('',(-3.97738995073074E-32,-0.995301562862638,-0.0968235454999999));
#9686=DIRECTION('',(-3.97738995073074E-32,-0.995301562862638,-0.0968235454999999));
#9687=DIRECTION('',(1.,0.,0.));
#9688=DIRECTION('center_axis',(0.,-0.0577826196291159,0.99832918862908));
#9689=DIRECTION('ref_axis',(-3.98948884492255E-32,-0.99832918862908,-0.0577826196291159));
#9690=DIRECTION('',(-3.98948884492255E-32,-0.99832918862908,-0.0577826196291159));
#9691=DIRECTION('',(-3.98948884492255E-32,-0.99832918862908,-0.0577826196291159));
#9692=DIRECTION('',(1.,0.,0.));
#9693=DIRECTION('center_axis',(0.,-0.0164623585293899,0.999864486193829));
#9694=DIRECTION('ref_axis',(-3.99562414836551E-32,-0.999864486193829,-0.0164623585293899));
#9695=DIRECTION('',(-3.99562414836551E-32,-0.999864486193829,-0.0164623585293899));
#9696=DIRECTION('',(-3.99562414836551E-32,-0.999864486193829,-0.0164623585293899));
#9697=DIRECTION('',(1.,0.,0.));
#9698=DIRECTION('center_axis',(0.,0.0276466037274532,0.999617759597306));
#9699=DIRECTION('ref_axis',(-3.99463818800715E-32,-0.999617759597306,0.0276466037274532));
#9700=DIRECTION('',(-3.99463818800715E-32,-0.999617759597306,0.0276466037274532));
#9701=DIRECTION('',(-3.99463818800715E-32,-0.999617759597306,0.0276466037274532));
#9702=DIRECTION('',(1.,0.,0.));
#9703=DIRECTION('center_axis',(0.,0.0753065727970273,0.997160428463528));
#9704=DIRECTION('ref_axis',(-3.98481828565616E-32,-0.997160428463528,0.0753065727970273));
#9705=DIRECTION('',(-3.98481828565616E-32,-0.997160428463528,0.0753065727970273));
#9706=DIRECTION('',(-3.98481828565616E-32,-0.997160428463528,0.0753065727970273));
#9707=DIRECTION('',(1.,0.,0.));
#9708=DIRECTION('center_axis',(0.,0.127749883957553,0.991806416166397));
#9709=DIRECTION('ref_axis',(-3.96342276544272E-32,-0.991806416166397,0.127749883957553));
#9710=DIRECTION('',(-3.96342276544271E-32,-0.991806416166397,0.127749883957553));
#9711=DIRECTION('',(-3.96342276544271E-32,-0.991806416166397,0.127749883957553));
#9712=DIRECTION('',(1.,0.,0.));
#9713=DIRECTION('center_axis',(0.,0.187220160911572,0.982317978736135));
#9714=DIRECTION('ref_axis',(-3.92550539738924E-32,-0.982317978736135,0.187220160911572));
#9715=DIRECTION('',(-3.92550539738924E-32,-0.982317978736135,0.187220160911572));
#9716=DIRECTION('',(-3.92550539738924E-32,-0.982317978736135,0.187220160911572));
#9717=DIRECTION('',(1.,0.,0.));
#9718=DIRECTION('center_axis',(0.,0.258771479996083,0.965938570065735));
#9719=DIRECTION('ref_axis',(-3.86005056653658E-32,-0.965938570065735,0.258771479996083));
#9720=DIRECTION('',(-3.86005056653658E-32,-0.965938570065735,0.258771479996083));
#9721=DIRECTION('',(-3.86005056653658E-32,-0.965938570065735,0.258771479996083));
#9722=DIRECTION('',(1.,0.,0.));
#9723=DIRECTION('center_axis',(0.,0.364150575818037,0.93134008725674));
#9724=DIRECTION('ref_axis',(-3.72178929681725E-32,-0.93134008725674,0.364150575818037));
#9725=DIRECTION('',(-3.72178929681725E-32,-0.93134008725674,0.364150575818037));
#9726=DIRECTION('',(-3.72178929681725E-32,-0.93134008725674,0.364150575818037));
#9727=DIRECTION('',(1.,0.,0.));
#9728=DIRECTION('center_axis',(0.,0.484488386020116,0.874797693076304));
#9729=DIRECTION('ref_axis',(-3.4958365215029E-32,-0.874797693076304,0.484488386020116));
#9730=DIRECTION('',(-3.4958365215029E-32,-0.874797693076304,0.484488386020116));
#9731=DIRECTION('',(-3.4958365215029E-32,-0.874797693076304,0.484488386020116));
#9732=DIRECTION('',(1.,0.,0.));
#9733=DIRECTION('center_axis',(0.,-0.831469612302546,0.555570233019601));
#9734=DIRECTION('ref_axis',(-2.22015070023783E-32,-0.555570233019601,-0.831469612302546));
#9735=DIRECTION('',(-2.22015070023783E-32,-0.555570233019601,-0.831469612302546));
#9736=DIRECTION('',(-2.22015070023783E-32,-0.555570233019601,-0.831469612302546));
#9737=DIRECTION('',(1.,0.,0.));
#9738=DIRECTION('center_axis',(0.,-0.622802005218109,-0.782379487394897));
#9739=DIRECTION('ref_axis',(3.12651805938317E-32,0.782379487394897,-0.622802005218109));
#9740=DIRECTION('',(3.12651805938317E-32,0.782379487394897,-0.622802005218109));
#9741=DIRECTION('',(3.12651805938317E-32,0.782379487394897,-0.622802005218109));
#9742=DIRECTION('',(1.,0.,0.));
#9743=DIRECTION('center_axis',(0.,-0.721091652171938,-0.692839685041168));
#9744=DIRECTION('ref_axis',(2.76870217386618E-32,0.692839685041168,-0.721091652171938));
#9745=DIRECTION('',(2.76870217386618E-32,0.692839685041168,-0.721091652171938));
#9746=DIRECTION('',(2.76870217386618E-32,0.692839685041168,-0.721091652171938));
#9747=DIRECTION('',(1.,0.,0.));
#9748=DIRECTION('center_axis',(0.,-0.793383316383887,-0.608722361412578));
#9749=DIRECTION('ref_axis',(2.43255541175274E-32,0.608722361412578,-0.793383316383887));
#9750=DIRECTION('',(2.43255541175274E-32,0.608722361412578,-0.793383316383887));
#9751=DIRECTION('',(2.43255541175274E-32,0.608722361412578,-0.793383316383887));
#9752=DIRECTION('',(1.,0.,0.));
#9753=DIRECTION('center_axis',(0.,-0.835897421186546,-0.548885690516415));
#9754=DIRECTION('ref_axis',(2.19343816087345E-32,0.548885690516415,-0.835897421186546));
#9755=DIRECTION('',(2.19343816087345E-32,0.548885690516415,-0.835897421186546));
#9756=DIRECTION('',(2.19343816087345E-32,0.548885690516415,-0.835897421186546));
#9757=DIRECTION('',(1.,0.,0.));
#9758=DIRECTION('center_axis',(0.,-0.867421884032423,-0.497573386649288));
#9759=DIRECTION('ref_axis',(1.9883856929933E-32,0.497573386649288,-0.867421884032423));
#9760=DIRECTION('',(1.9883856929933E-32,0.497573386649288,-0.867421884032423));
#9761=DIRECTION('',(1.9883856929933E-32,0.497573386649288,-0.867421884032423));
#9762=DIRECTION('',(1.,0.,0.));
#9763=DIRECTION('center_axis',(0.,-0.892437532730012,-0.451170976653827));
#9764=DIRECTION('ref_axis',(1.80295397451512E-32,0.451170976653827,-0.892437532730012));
#9765=DIRECTION('',(1.80295397451512E-32,0.451170976653827,-0.892437532730012));
#9766=DIRECTION('',(1.80295397451512E-32,0.451170976653827,-0.892437532730012));
#9767=DIRECTION('',(1.,0.,0.));
#9768=DIRECTION('center_axis',(0.,-0.912946491219059,-0.408079286623087));
#9769=DIRECTION('ref_axis',(1.63075244154925E-32,0.408079286623087,-0.91294649121906));
#9770=DIRECTION('',(1.63075244154925E-32,0.408079286623087,-0.91294649121906));
#9771=DIRECTION('',(1.63075244154925E-32,0.408079286623087,-0.91294649121906));
#9772=DIRECTION('',(1.,0.,0.));
#9773=DIRECTION('center_axis',(0.,-0.930054205946229,-0.367422337374485));
#9774=DIRECTION('ref_axis',(1.46828053614637E-32,0.367422337374485,-0.930054205946229));
#9775=DIRECTION('',(1.46828053614637E-32,0.367422337374485,-0.930054205946229));
#9776=DIRECTION('',(1.46828053614637E-32,0.367422337374485,-0.930054205946229));
#9777=DIRECTION('',(1.,0.,0.));
#9778=DIRECTION('center_axis',(0.,-0.944448355293726,-0.328659860924597));
#9779=DIRECTION('ref_axis',(1.31337925793096E-32,0.328659860924597,-0.944448355293726));
#9780=DIRECTION('',(1.31337925793096E-32,0.328659860924597,-0.944448355293726));
#9781=DIRECTION('',(1.31337925793096E-32,0.328659860924597,-0.944448355293726));
#9782=DIRECTION('',(1.,0.,0.));
#9783=DIRECTION('center_axis',(0.,-0.956591509331001,-0.291432126361933));
#9784=DIRECTION('ref_axis',(1.16461106257905E-32,0.291432126361933,-0.956591509331001));
#9785=DIRECTION('',(1.16461106257905E-32,0.291432126361933,-0.956591509331001));
#9786=DIRECTION('',(1.16461106257905E-32,0.291432126361933,-0.956591509331001));
#9787=DIRECTION('',(1.,0.,0.));
#9788=DIRECTION('center_axis',(0.,-0.966812641725003,-0.255486429778025));
#9789=DIRECTION('ref_axis',(1.02096610340341E-32,0.255486429778025,-0.966812641725003));
#9790=DIRECTION('',(1.02096610340341E-32,0.255486429778025,-0.966812641725003));
#9791=DIRECTION('',(1.02096610340341E-32,0.255486429778025,-0.966812641725003));
#9792=DIRECTION('',(1.,0.,0.));
#9793=DIRECTION('center_axis',(0.,-0.707106781186548,0.707106781186548));
#9794=DIRECTION('ref_axis',(-2.82571585389249E-32,-0.707106781186548,-0.707106781186548));
#9795=DIRECTION('',(-2.82571585389249E-32,-0.707106781186548,-0.707106781186548));
#9796=DIRECTION('',(-2.82571585389249E-32,-0.707106781186548,-0.707106781186548));
#9797=DIRECTION('',(1.,0.,0.));
#9798=DIRECTION('center_axis',(0.,0.255486429778003,0.966812641725008));
#9799=DIRECTION('ref_axis',(-3.86354350170672E-32,-0.966812641725008,0.255486429778003));
#9800=DIRECTION('',(-3.86354350170672E-32,-0.966812641725008,0.255486429778003));
#9801=DIRECTION('',(-3.86354350170672E-32,-0.966812641725008,0.255486429778003));
#9802=DIRECTION('',(1.,0.,0.));
#9803=DIRECTION('center_axis',(0.,0.291432126362005,0.956591509330979));
#9804=DIRECTION('ref_axis',(-3.8226981631822E-32,-0.956591509330979,0.291432126362005));
#9805=DIRECTION('',(-3.8226981631822E-32,-0.956591509330979,0.291432126362005));
#9806=DIRECTION('',(-3.8226981631822E-32,-0.956591509330979,0.291432126362005));
#9807=DIRECTION('',(1.,0.,0.));
#9808=DIRECTION('center_axis',(0.,0.328659860924538,0.944448355293747));
#9809=DIRECTION('ref_axis',(-3.77417210772324E-32,-0.944448355293747,0.328659860924538));
#9810=DIRECTION('',(-3.77417210772324E-32,-0.944448355293747,0.328659860924538));
#9811=DIRECTION('',(-3.77417210772324E-32,-0.944448355293747,0.328659860924538));
#9812=DIRECTION('',(1.,0.,0.));
#9813=DIRECTION('center_axis',(0.,0.367422337374526,0.930054205946213));
#9814=DIRECTION('ref_axis',(-3.71665070205044E-32,-0.930054205946213,0.367422337374526));
#9815=DIRECTION('',(-3.71665070205044E-32,-0.930054205946213,0.367422337374526));
#9816=DIRECTION('',(-3.71665070205044E-32,-0.930054205946213,0.367422337374526));
#9817=DIRECTION('',(1.,0.,0.));
#9818=DIRECTION('center_axis',(0.,0.408079286623092,0.912946491219057));
#9819=DIRECTION('ref_axis',(-3.64828543952633E-32,-0.912946491219057,0.408079286623092));
#9820=DIRECTION('',(-3.64828543952633E-32,-0.912946491219057,0.408079286623092));
#9821=DIRECTION('',(-3.64828543952633E-32,-0.912946491219057,0.408079286623092));
#9822=DIRECTION('',(1.,0.,0.));
#9823=DIRECTION('center_axis',(0.,0.451170976653816,0.892437532730018));
#9824=DIRECTION('ref_axis',(-3.56632824339811E-32,-0.892437532730018,0.451170976653816));
#9825=DIRECTION('',(-3.56632824339811E-32,-0.892437532730018,0.451170976653816));
#9826=DIRECTION('',(-3.56632824339811E-32,-0.892437532730018,0.451170976653816));
#9827=DIRECTION('',(1.,0.,0.));
#9828=DIRECTION('center_axis',(0.,0.497573386649327,0.867421884032401));
#9829=DIRECTION('ref_axis',(-3.46636156651001E-32,-0.867421884032401,0.497573386649327));
#9830=DIRECTION('',(-3.46636156651001E-32,-0.867421884032401,0.497573386649327));
#9831=DIRECTION('',(-3.46636156651001E-32,-0.867421884032401,0.497573386649327));
#9832=DIRECTION('',(1.,0.,0.));
#9833=DIRECTION('center_axis',(0.,0.548885690516351,0.835897421186588));
#9834=DIRECTION('ref_axis',(-3.34038458987943E-32,-0.835897421186588,0.548885690516351));
#9835=DIRECTION('',(-3.34038458987943E-32,-0.835897421186588,0.548885690516351));
#9836=DIRECTION('',(-3.34038458987943E-32,-0.835897421186588,0.548885690516351));
#9837=DIRECTION('',(1.,0.,0.));
#9838=DIRECTION('center_axis',(0.,0.608722361412534,0.793383316383921));
#9839=DIRECTION('ref_axis',(-3.17049118318157E-32,-0.793383316383921,0.608722361412533));
#9840=DIRECTION('',(-3.17049118318157E-32,-0.793383316383921,0.608722361412533));
#9841=DIRECTION('',(-3.17049118318157E-32,-0.793383316383921,0.608722361412533));
#9842=DIRECTION('',(1.,0.,0.));
#9843=DIRECTION('center_axis',(0.,0.692839685041146,0.721091652171959));
#9844=DIRECTION('ref_axis',(-2.88160171541939E-32,-0.721091652171959,0.692839685041146));
#9845=DIRECTION('',(-2.88160171541939E-32,-0.721091652171959,0.692839685041146));
#9846=DIRECTION('',(-2.88160171541939E-32,-0.721091652171959,0.692839685041146));
#9847=DIRECTION('',(1.,0.,0.));
#9848=DIRECTION('center_axis',(0.,0.782379487394909,0.622802005218094));
#9849=DIRECTION('ref_axis',(-2.48882000117111E-32,-0.622802005218094,0.782379487394909));
#9850=DIRECTION('',(-2.48882000117111E-32,-0.622802005218094,0.782379487394909));
#9851=DIRECTION('',(-2.48882000117111E-32,-0.622802005218094,0.782379487394909));
#9852=DIRECTION('',(1.,0.,0.));
#9853=DIRECTION('center_axis',(0.,-0.555570233019595,0.83146961230255));
#9854=DIRECTION('ref_axis',(-3.32269033196179E-32,-0.83146961230255,-0.555570233019595));
#9855=DIRECTION('',(-3.32269033196179E-32,-0.83146961230255,-0.555570233019595));
#9856=DIRECTION('',(-3.32269033196179E-32,-0.83146961230255,-0.555570233019595));
#9857=DIRECTION('',(1.,0.,0.));
#9858=DIRECTION('center_axis',(0.,-0.87479769307632,-0.484488386020086));
#9859=DIRECTION('ref_axis',(1.93609586250392E-32,0.484488386020086,-0.87479769307632));
#9860=DIRECTION('',(1.93609586250392E-32,0.484488386020086,-0.87479769307632));
#9861=DIRECTION('',(1.93609586250392E-32,0.484488386020086,-0.87479769307632));
#9862=DIRECTION('',(1.,0.,0.));
#9863=DIRECTION('center_axis',(0.,-0.93134008725671,-0.364150575818113));
#9864=DIRECTION('ref_axis',(1.45520603488861E-32,0.364150575818113,-0.93134008725671));
#9865=DIRECTION('',(1.45520603488861E-32,0.364150575818113,-0.93134008725671));
#9866=DIRECTION('',(1.45520603488861E-32,0.364150575818113,-0.93134008725671));
#9867=DIRECTION('',(1.,0.,0.));
#9868=DIRECTION('center_axis',(0.,-0.96593857006575,-0.258771479996028));
#9869=DIRECTION('ref_axis',(1.03409370835477E-32,0.258771479996028,-0.96593857006575));
#9870=DIRECTION('',(1.03409370835477E-32,0.258771479996028,-0.96593857006575));
#9871=DIRECTION('',(1.03409370835477E-32,0.258771479996028,-0.96593857006575));
#9872=DIRECTION('',(1.,0.,0.));
#9873=DIRECTION('center_axis',(0.,-0.982317978736111,-0.187220160911697));
#9874=DIRECTION('ref_axis',(7.48162782385929E-33,0.187220160911697,-0.982317978736111));
#9875=DIRECTION('',(7.48162782385929E-33,0.187220160911697,-0.982317978736111));
#9876=DIRECTION('',(7.48162782385929E-33,0.187220160911697,-0.982317978736111));
#9877=DIRECTION('',(1.,0.,0.));
#9878=DIRECTION('center_axis',(0.,-0.991806416166404,-0.127749883957499));
#9879=DIRECTION('ref_axis',(5.10509702404334E-33,0.127749883957499,-0.991806416166404));
#9880=DIRECTION('',(5.10509702404334E-33,0.127749883957499,-0.991806416166404));
#9881=DIRECTION('',(5.10509702404334E-33,0.127749883957499,-0.991806416166404));
#9882=DIRECTION('',(1.,0.,0.));
#9883=DIRECTION('center_axis',(0.,-0.997160428463531,-0.075306572796977));
#9884=DIRECTION('ref_axis',(3.00937541989981E-33,0.075306572796977,-0.997160428463532));
#9885=DIRECTION('',(3.00937541989981E-33,0.075306572796977,-0.997160428463531));
#9886=DIRECTION('',(3.00937541989981E-33,0.075306572796977,-0.997160428463531));
#9887=DIRECTION('',(1.,0.,0.));
#9888=DIRECTION('center_axis',(0.,-0.999617759597303,-0.0276466037275388));
#9889=DIRECTION('ref_axis',(1.1048040909479E-33,0.0276466037275388,-0.999617759597304));
#9890=DIRECTION('',(1.1048040909479E-33,0.0276466037275388,-0.999617759597304));
#9891=DIRECTION('',(1.1048040909479E-33,0.0276466037275388,-0.999617759597304));
#9892=DIRECTION('',(1.,0.,0.));
#9893=DIRECTION('center_axis',(0.,-0.99986448619383,0.0164623585293541));
#9894=DIRECTION('ref_axis',(-6.57863122325027E-34,-0.0164623585293541,-0.99986448619383));
#9895=DIRECTION('',(-6.57863122325027E-34,-0.0164623585293541,-0.99986448619383));
#9896=DIRECTION('',(-6.57863122325027E-34,-0.0164623585293541,-0.99986448619383));
#9897=DIRECTION('',(1.,0.,0.));
#9898=DIRECTION('center_axis',(0.,-0.998329188629081,0.0577826196290972));
#9899=DIRECTION('ref_axis',(-2.30908921692697E-33,-0.0577826196290972,-0.998329188629081));
#9900=DIRECTION('',(-2.30908921692697E-33,-0.0577826196290972,-0.998329188629081));
#9901=DIRECTION('',(-2.30908921692697E-33,-0.0577826196290972,-0.998329188629081));
#9902=DIRECTION('',(1.,0.,0.));
#9903=DIRECTION('center_axis',(0.,-0.995301562862629,0.096823545500091));
#9904=DIRECTION('ref_axis',(-3.8692292992946E-33,-0.096823545500091,-0.995301562862629));
#9905=DIRECTION('',(-3.8692292992946E-33,-0.096823545500091,-0.995301562862629));
#9906=DIRECTION('',(-3.8692292992946E-33,-0.096823545500091,-0.995301562862629));
#9907=DIRECTION('',(1.,0.,0.));
#9908=DIRECTION('center_axis',(0.,-0.990988835333058,0.13394449688296));
#9909=DIRECTION('ref_axis',(-5.35264402002645E-33,-0.13394449688296,-0.990988835333058));
#9910=DIRECTION('',(-5.35264402002645E-33,-0.13394449688296,-0.990988835333058));
#9911=DIRECTION('',(-5.35264402002645E-33,-0.13394449688296,-0.990988835333058));
#9912=DIRECTION('',(1.,0.,0.));
#9913=DIRECTION('center_axis',(0.,-0.382683432365062,0.923879532511298));
#9914=DIRECTION('ref_axis',(-3.69197568396E-32,-0.923879532511298,-0.382683432365062));
#9915=DIRECTION('',(-3.69197568396E-32,-0.923879532511298,-0.382683432365062));
#9916=DIRECTION('',(-3.69197568396E-32,-0.923879532511298,-0.382683432365062));
#9917=DIRECTION('',(1.,0.,0.));
#9918=DIRECTION('center_axis',(0.,0.606021863495535,0.795447987592777));
#9919=DIRECTION('ref_axis',(-3.17874195141512E-32,-0.795447987592777,0.606021863495535));
#9920=DIRECTION('',(-3.17874195141512E-32,-0.795447987592777,0.606021863495535));
#9921=DIRECTION('',(-3.17874195141512E-32,-0.795447987592777,0.606021863495535));
#9922=DIRECTION('',(1.,0.,0.));
#9923=DIRECTION('center_axis',(0.,0.635319898824128,0.772249070027345));
#9924=DIRECTION('ref_axis',(-3.08603523313449E-32,-0.772249070027345,0.635319898824128));
#9925=DIRECTION('',(-3.08603523313449E-32,-0.772249070027345,0.635319898824128));
#9926=DIRECTION('',(-3.08603523313449E-32,-0.772249070027345,0.635319898824128));
#9927=DIRECTION('',(1.,0.,0.));
#9928=DIRECTION('center_axis',(0.,0.665066856961586,0.746783821310584));
#9929=DIRECTION('ref_axis',(-2.98427188007836E-32,-0.746783821310584,0.665066856961586));
#9930=DIRECTION('',(-2.98427188007836E-32,-0.746783821310584,0.665066856961586));
#9931=DIRECTION('',(-2.98427188007836E-32,-0.746783821310584,0.665066856961586));
#9932=DIRECTION('',(1.,0.,0.));
#9933=DIRECTION('center_axis',(0.,0.695370313104877,0.718651603805645));
#9934=DIRECTION('ref_axis',(-2.87185087787065E-32,-0.718651603805645,0.695370313104877));
#9935=DIRECTION('',(-2.87185087787065E-32,-0.718651603805645,0.695370313104877));
#9936=DIRECTION('',(-2.87185087787065E-32,-0.718651603805645,0.695370313104877));
#9937=DIRECTION('',(1.,0.,0.));
#9938=DIRECTION('center_axis',(0.,0.726385597378302,0.687287395433211));
#9939=DIRECTION('ref_axis',(-2.7465143046673E-32,-0.687287395433211,0.726385597378302));
#9940=DIRECTION('',(-2.7465143046673E-32,-0.687287395433211,0.726385597378302));
#9941=DIRECTION('',(-2.7465143046673E-32,-0.687287395433211,0.726385597378302));
#9942=DIRECTION('',(1.,0.,0.));
#9943=DIRECTION('center_axis',(0.,0.758348689190097,0.651849112604797));
#9944=DIRECTION('ref_axis',(-2.60489705492895E-32,-0.651849112604797,0.758348689190097));
#9945=DIRECTION('',(-2.60489705492895E-32,-0.651849112604797,0.758348689190097));
#9946=DIRECTION('',(-2.60489705492895E-32,-0.651849112604797,0.758348689190097));
#9947=DIRECTION('',(1.,0.,0.));
#9948=DIRECTION('center_axis',(0.,0.791645851737698,0.610980233253495));
#9949=DIRECTION('ref_axis',(-2.44157824172226E-32,-0.610980233253495,0.791645851737698));
#9950=DIRECTION('',(-2.44157824172226E-32,-0.610980233253495,0.791645851737698));
#9951=DIRECTION('',(-2.44157824172226E-32,-0.610980233253495,0.791645851737698));
#9952=DIRECTION('',(1.,0.,0.));
#9953=DIRECTION('center_axis',(0.,0.826988349401256,0.562219058690282));
#9954=DIRECTION('ref_axis',(-2.24672050922182E-32,-0.562219058690282,0.826988349401256));
#9955=DIRECTION('',(-2.24672050922182E-32,-0.562219058690282,0.826988349401256));
#9956=DIRECTION('',(-2.24672050922182E-32,-0.562219058690282,0.826988349401256));
#9957=DIRECTION('',(1.,0.,0.));
#9958=DIRECTION('center_axis',(0.,0.866000781386035,0.500042644820197));
#9959=DIRECTION('ref_axis',(-1.99825325776079E-32,-0.500042644820197,0.866000781386035));
#9960=DIRECTION('',(-1.99825325776079E-32,-0.500042644820197,0.866000781386035));
#9961=DIRECTION('',(-1.99825325776079E-32,-0.500042644820197,0.866000781386035));
#9962=DIRECTION('',(1.,0.,0.));
#9963=DIRECTION('center_axis',(0.,0.916050232824039,0.401063549756174));
#9964=DIRECTION('ref_axis',(-1.60271639463381E-32,-0.401063549756174,0.916050232824039));
#9965=DIRECTION('',(-1.60271639463381E-32,-0.401063549756174,0.916050232824039));
#9966=DIRECTION('',(-1.60271639463381E-32,-0.401063549756174,0.916050232824039));
#9967=DIRECTION('',(1.,0.,0.));
#9968=DIRECTION('center_axis',(0.,0.961160404101548,0.275990357779669));
#9969=DIRECTION('ref_axis',(-1.10290319687053E-32,-0.275990357779668,0.961160404101548));
#9970=DIRECTION('',(-1.10290319687053E-32,-0.275990357779668,0.961160404101548));
#9971=DIRECTION('',(-1.10290319687053E-32,-0.275990357779668,0.961160404101548));
#9972=DIRECTION('',(1.,0.,0.));
#9973=DIRECTION('center_axis',(0.,-0.195090322016124,0.980785280403231));
#9974=DIRECTION('ref_axis',(-3.91938048090739E-32,-0.980785280403231,-0.195090322016124));
#9975=DIRECTION('',(-3.91938048090739E-32,-0.980785280403231,-0.195090322016124));
#9976=DIRECTION('',(-3.91938048090739E-32,-0.980785280403231,-0.195090322016124));
#9977=DIRECTION('',(1.,0.,0.));
#9978=DIRECTION('center_axis',(0.,-0.99361336222449,-0.112838319771895));
#9979=DIRECTION('ref_axis',(4.50920621311246E-33,0.112838319771895,-0.99361336222449));
#9980=DIRECTION('',(4.50920621311246E-33,0.112838319771895,-0.99361336222449));
#9981=DIRECTION('',(4.50920621311246E-33,0.112838319771895,-0.99361336222449));
#9982=DIRECTION('',(1.,0.,0.));
#9983=DIRECTION('center_axis',(0.,-0.999800436675549,0.0199771575400914));
#9984=DIRECTION('ref_axis',(-7.98320314253242E-34,-0.0199771575400914,-0.999800436675549));
#9985=DIRECTION('',(-7.98320314253242E-34,-0.0199771575400914,-0.999800436675549));
#9986=DIRECTION('',(-7.98320314253242E-34,-0.0199771575400914,-0.999800436675549));
#9987=DIRECTION('',(1.,0.,0.));
#9988=DIRECTION('center_axis',(0.,-0.991438432710043,0.130575013480577));
#9989=DIRECTION('ref_axis',(-5.21799388057277E-33,-0.130575013480577,-0.991438432710043));
#9990=DIRECTION('',(-5.21799388057277E-33,-0.130575013480577,-0.991438432710043));
#9991=DIRECTION('',(-5.21799388057277E-33,-0.130575013480577,-0.991438432710043));
#9992=DIRECTION('',(1.,0.,0.));
#9993=DIRECTION('center_axis',(0.,-0.979189528757777,0.202947941036914));
#9994=DIRECTION('ref_axis',(-8.1101359760762E-33,-0.202947941036914,-0.979189528757777));
#9995=DIRECTION('',(-8.1101359760762E-33,-0.202947941036914,-0.979189528757777));
#9996=DIRECTION('',(-8.1101359760762E-33,-0.202947941036914,-0.979189528757777));
#9997=DIRECTION('',(1.,0.,0.));
#9998=DIRECTION('center_axis',(0.,-0.965197412186609,0.261522380511255));
#9999=DIRECTION('ref_axis',(-1.04508676259378E-32,-0.261522380511255,-0.965197412186609));
#10000=DIRECTION('',(-1.04508676259378E-32,-0.261522380511255,-0.965197412186609));
#10001=DIRECTION('',(-1.04508676259378E-32,-0.261522380511255,-0.965197412186609));
#10002=DIRECTION('',(1.,0.,0.));
#10003=DIRECTION('center_axis',(0.,-0.950074688245253,0.312022574112332));
#10004=DIRECTION('ref_axis',(-1.24689390329713E-32,-0.312022574112332,-0.950074688245253));
#10005=DIRECTION('',(-1.24689390329713E-32,-0.312022574112332,-0.950074688245253));
#10006=DIRECTION('',(-1.24689390329713E-32,-0.312022574112332,-0.950074688245253));
#10007=DIRECTION('',(1.,0.,0.));
#10008=DIRECTION('center_axis',(0.,-0.934106285634419,0.356995023968499));
#10009=DIRECTION('ref_axis',(-1.42661126413719E-32,-0.356995023968499,-0.934106285634419));
#10010=DIRECTION('',(-1.42661126413719E-32,-0.356995023968499,-0.934106285634419));
#10011=DIRECTION('',(-1.42661126413719E-32,-0.356995023968499,-0.934106285634419));
#10012=DIRECTION('',(1.,0.,0.));
#10013=DIRECTION('center_axis',(0.,-0.917454462212549,0.397840809578758));
#10014=DIRECTION('ref_axis',(-1.58983779092841E-32,-0.397840809578758,-0.91745446221255));
#10015=DIRECTION('',(-1.58983779092841E-32,-0.397840809578758,-0.917454462212549));
#10016=DIRECTION('',(-1.58983779092841E-32,-0.397840809578758,-0.917454462212549));
#10017=DIRECTION('',(1.,0.,0.));
#10018=DIRECTION('center_axis',(0.,-0.900223452872303,0.43542822014503));
#10019=DIRECTION('ref_axis',(-1.7400433111833E-32,-0.43542822014503,-0.900223452872303));
#10020=DIRECTION('',(-1.7400433111833E-32,-0.43542822014503,-0.900223452872303));
#10021=DIRECTION('',(-1.7400433111833E-32,-0.43542822014503,-0.900223452872303));
#10022=DIRECTION('',(1.,0.,0.));
#10023=DIRECTION('center_axis',(0.,-0.882485975879572,0.470338710267271));
#10024=DIRECTION('ref_axis',(-1.87955141382098E-32,-0.470338710267271,-0.882485975879572));
#10025=DIRECTION('',(-1.87955141382098E-32,-0.470338710267271,-0.882485975879572));
#10026=DIRECTION('',(-1.87955141382098E-32,-0.470338710267271,-0.882485975879572));
#10027=DIRECTION('',(1.,0.,0.));
#10028=DIRECTION('center_axis',(0.,-0.864295962097806,0.502983588103457));
#10029=DIRECTION('ref_axis',(-2.01000575438791E-32,-0.502983588103457,-0.864295962097806));
#10030=DIRECTION('',(-2.01000575438791E-32,-0.502983588103457,-0.864295962097806));
#10031=DIRECTION('',(-2.01000575438791E-32,-0.502983588103457,-0.864295962097806));
#10032=DIRECTION('',(1.,0.,0.));
#10033=DIRECTION('center_axis',(0.,0.,1.));
#10034=DIRECTION('ref_axis',(-3.99616568398743E-32,-1.,0.));
#10035=DIRECTION('',(-3.99616568398743E-32,-1.,0.));
#10036=DIRECTION('',(-3.99616568398743E-32,-1.,0.));
#10037=DIRECTION('',(1.,0.,0.));
#10038=DIRECTION('center_axis',(0.,0.864295962097806,0.502983588103457));
#10039=DIRECTION('ref_axis',(-2.01000575438791E-32,-0.502983588103457,0.864295962097806));
#10040=DIRECTION('',(-2.01000575438791E-32,-0.502983588103457,0.864295962097806));
#10041=DIRECTION('',(-2.01000575438791E-32,-0.502983588103457,0.864295962097806));
#10042=DIRECTION('',(1.,0.,0.));
#10043=DIRECTION('center_axis',(0.,0.882485975879572,0.470338710267271));
#10044=DIRECTION('ref_axis',(-1.87955141382098E-32,-0.470338710267271,0.882485975879572));
#10045=DIRECTION('',(-1.87955141382098E-32,-0.470338710267271,0.882485975879572));
#10046=DIRECTION('',(-1.87955141382098E-32,-0.470338710267271,0.882485975879572));
#10047=DIRECTION('',(1.,0.,0.));
#10048=DIRECTION('center_axis',(0.,0.900223452872303,0.43542822014503));
#10049=DIRECTION('ref_axis',(-1.7400433111833E-32,-0.43542822014503,0.900223452872303));
#10050=DIRECTION('',(-1.7400433111833E-32,-0.43542822014503,0.900223452872303));
#10051=DIRECTION('',(-1.7400433111833E-32,-0.43542822014503,0.900223452872303));
#10052=DIRECTION('',(1.,0.,0.));
#10053=DIRECTION('center_axis',(0.,0.917454462212549,0.397840809578758));
#10054=DIRECTION('ref_axis',(-1.58983779092841E-32,-0.397840809578758,0.91745446221255));
#10055=DIRECTION('',(-1.58983779092841E-32,-0.397840809578758,0.917454462212549));
#10056=DIRECTION('',(-1.58983779092841E-32,-0.397840809578758,0.917454462212549));
#10057=DIRECTION('',(1.,0.,0.));
#10058=DIRECTION('center_axis',(0.,0.934106285634419,0.356995023968498));
#10059=DIRECTION('ref_axis',(-1.42661126413718E-32,-0.356995023968498,0.934106285634419));
#10060=DIRECTION('',(-1.42661126413718E-32,-0.356995023968498,0.934106285634419));
#10061=DIRECTION('',(-1.42661126413718E-32,-0.356995023968498,0.934106285634419));
#10062=DIRECTION('',(1.,0.,0.));
#10063=DIRECTION('center_axis',(0.,0.950074688245252,0.312022574112333));
#10064=DIRECTION('ref_axis',(-1.24689390329713E-32,-0.312022574112333,0.950074688245252));
#10065=DIRECTION('',(-1.24689390329713E-32,-0.312022574112333,0.950074688245252));
#10066=DIRECTION('',(-1.24689390329713E-32,-0.312022574112333,0.950074688245252));
#10067=DIRECTION('',(1.,0.,0.));
#10068=DIRECTION('center_axis',(0.,0.965197412186609,0.261522380511255));
#10069=DIRECTION('ref_axis',(-1.04508676259378E-32,-0.261522380511255,0.965197412186609));
#10070=DIRECTION('',(-1.04508676259378E-32,-0.261522380511255,0.965197412186609));
#10071=DIRECTION('',(-1.04508676259378E-32,-0.261522380511255,0.965197412186609));
#10072=DIRECTION('',(1.,0.,0.));
#10073=DIRECTION('center_axis',(0.,0.979189528757777,0.202947941036914));
#10074=DIRECTION('ref_axis',(-8.11013597607622E-33,-0.202947941036914,0.979189528757777));
#10075=DIRECTION('',(-8.11013597607622E-33,-0.202947941036914,0.979189528757777));
#10076=DIRECTION('',(-8.11013597607622E-33,-0.202947941036914,0.979189528757777));
#10077=DIRECTION('',(1.,0.,0.));
#10078=DIRECTION('center_axis',(0.,0.991438432710044,0.130575013480574));
#10079=DIRECTION('ref_axis',(-5.21799388057268E-33,-0.130575013480574,0.991438432710044));
#10080=DIRECTION('',(-5.21799388057268E-33,-0.130575013480574,0.991438432710044));
#10081=DIRECTION('',(-5.21799388057268E-33,-0.130575013480574,0.991438432710044));
#10082=DIRECTION('',(1.,0.,0.));
#10083=DIRECTION('center_axis',(0.,0.999800436675549,0.0199771575400914));
#10084=DIRECTION('ref_axis',(-7.98320314253242E-34,-0.0199771575400914,
0.999800436675549));
#10085=DIRECTION('',(-7.98320314253242E-34,-0.0199771575400914,0.999800436675549));
#10086=DIRECTION('',(-7.98320314253242E-34,-0.0199771575400914,0.999800436675549));
#10087=DIRECTION('',(1.,0.,0.));
#10088=DIRECTION('center_axis',(0.,0.99361336222449,-0.112838319771895));
#10089=DIRECTION('ref_axis',(4.50920621311246E-33,0.112838319771895,0.99361336222449));
#10090=DIRECTION('',(4.50920621311246E-33,0.112838319771895,0.99361336222449));
#10091=DIRECTION('',(4.50920621311246E-33,0.112838319771895,0.99361336222449));
#10092=DIRECTION('',(1.,0.,0.));
#10093=DIRECTION('center_axis',(0.,0.195090322016124,0.980785280403231));
#10094=DIRECTION('ref_axis',(-3.91938048090739E-32,-0.980785280403231,0.195090322016124));
#10095=DIRECTION('',(-3.91938048090739E-32,-0.980785280403231,0.195090322016124));
#10096=DIRECTION('',(-3.91938048090739E-32,-0.980785280403231,0.195090322016124));
#10097=DIRECTION('',(1.,0.,0.));
#10098=DIRECTION('center_axis',(0.,-0.961160404101548,0.275990357779669));
#10099=DIRECTION('ref_axis',(-1.10290319687053E-32,-0.275990357779669,-0.961160404101548));
#10100=DIRECTION('',(-1.10290319687053E-32,-0.275990357779669,-0.961160404101548));
#10101=DIRECTION('',(-1.10290319687053E-32,-0.275990357779669,-0.961160404101548));
#10102=DIRECTION('',(1.,0.,0.));
#10103=DIRECTION('center_axis',(0.,-0.916050232824039,0.401063549756176));
#10104=DIRECTION('ref_axis',(-1.60271639463382E-32,-0.401063549756176,-0.916050232824039));
#10105=DIRECTION('',(-1.60271639463382E-32,-0.401063549756176,-0.916050232824039));
#10106=DIRECTION('',(-1.60271639463382E-32,-0.401063549756176,-0.916050232824039));
#10107=DIRECTION('',(1.,0.,0.));
#10108=DIRECTION('center_axis',(0.,-0.866000781386036,0.500042644820195));
#10109=DIRECTION('ref_axis',(-1.99825325776078E-32,-0.500042644820195,-0.866000781386036));
#10110=DIRECTION('',(-1.99825325776078E-32,-0.500042644820195,-0.866000781386036));
#10111=DIRECTION('',(-1.99825325776078E-32,-0.500042644820195,-0.866000781386036));
#10112=DIRECTION('',(1.,0.,0.));
#10113=DIRECTION('center_axis',(0.,-0.826988349401254,0.562219058690285));
#10114=DIRECTION('ref_axis',(-2.24672050922183E-32,-0.562219058690285,-0.826988349401254));
#10115=DIRECTION('',(-2.24672050922183E-32,-0.562219058690285,-0.826988349401254));
#10116=DIRECTION('',(-2.24672050922183E-32,-0.562219058690285,-0.826988349401254));
#10117=DIRECTION('',(1.,0.,0.));
#10118=DIRECTION('center_axis',(0.,-0.7916458517377,0.610980233253492));
#10119=DIRECTION('ref_axis',(-2.44157824172224E-32,-0.610980233253492,-0.7916458517377));
#10120=DIRECTION('',(-2.44157824172224E-32,-0.610980233253492,-0.7916458517377));
#10121=DIRECTION('',(-2.44157824172224E-32,-0.610980233253492,-0.7916458517377));
#10122=DIRECTION('',(1.,0.,0.));
#10123=DIRECTION('center_axis',(0.,-0.758348689190096,0.651849112604799));
#10124=DIRECTION('ref_axis',(-2.60489705492896E-32,-0.651849112604798,-0.758348689190096));
#10125=DIRECTION('',(-2.60489705492896E-32,-0.651849112604798,-0.758348689190096));
#10126=DIRECTION('',(-2.60489705492896E-32,-0.651849112604798,-0.758348689190096));
#10127=DIRECTION('',(1.,0.,0.));
#10128=DIRECTION('center_axis',(0.,-0.726385597378303,0.68728739543321));
#10129=DIRECTION('ref_axis',(-2.7465143046673E-32,-0.68728739543321,-0.726385597378303));
#10130=DIRECTION('',(-2.7465143046673E-32,-0.68728739543321,-0.726385597378303));
#10131=DIRECTION('',(-2.7465143046673E-32,-0.68728739543321,-0.726385597378303));
#10132=DIRECTION('',(1.,0.,0.));
#10133=DIRECTION('center_axis',(0.,-0.695370313104874,0.718651603805647));
#10134=DIRECTION('ref_axis',(-2.87185087787066E-32,-0.718651603805647,-0.695370313104874));
#10135=DIRECTION('',(-2.87185087787066E-32,-0.718651603805647,-0.695370313104874));
#10136=DIRECTION('',(-2.87185087787066E-32,-0.718651603805647,-0.695370313104874));
#10137=DIRECTION('',(1.,0.,0.));
#10138=DIRECTION('center_axis',(0.,-0.665066856961587,0.746783821310583));
#10139=DIRECTION('ref_axis',(-2.98427188007835E-32,-0.746783821310583,-0.665066856961587));
#10140=DIRECTION('',(-2.98427188007835E-32,-0.746783821310583,-0.665066856961587));
#10141=DIRECTION('',(-2.98427188007835E-32,-0.746783821310583,-0.665066856961587));
#10142=DIRECTION('',(1.,0.,0.));
#10143=DIRECTION('center_axis',(0.,-0.63531989882413,0.772249070027344));
#10144=DIRECTION('ref_axis',(-3.08603523313448E-32,-0.772249070027344,-0.63531989882413));
#10145=DIRECTION('',(-3.08603523313448E-32,-0.772249070027344,-0.63531989882413));
#10146=DIRECTION('',(-3.08603523313448E-32,-0.772249070027344,-0.63531989882413));
#10147=DIRECTION('',(1.,0.,0.));
#10148=DIRECTION('center_axis',(0.,-0.606021863495533,0.795447987592779));
#10149=DIRECTION('ref_axis',(-3.17874195141512E-32,-0.795447987592779,-0.606021863495533));
#10150=DIRECTION('',(-3.17874195141512E-32,-0.795447987592778,-0.606021863495533));
#10151=DIRECTION('',(-3.17874195141512E-32,-0.795447987592778,-0.606021863495533));
#10152=DIRECTION('',(1.,0.,0.));
#10153=DIRECTION('center_axis',(0.,0.38268343236506,0.923879532511299));
#10154=DIRECTION('ref_axis',(-3.69197568396001E-32,-0.923879532511299,0.38268343236506));
#10155=DIRECTION('',(-3.69197568396001E-32,-0.923879532511299,0.38268343236506));
#10156=DIRECTION('',(-3.69197568396001E-32,-0.923879532511299,0.38268343236506));
#10157=DIRECTION('',(1.,0.,0.));
#10158=DIRECTION('center_axis',(0.,0.990988835333059,0.133944496882951));
#10159=DIRECTION('ref_axis',(-5.35264402002612E-33,-0.133944496882951,0.990988835333059));
#10160=DIRECTION('',(-5.35264402002612E-33,-0.133944496882951,0.990988835333059));
#10161=DIRECTION('',(-5.35264402002612E-33,-0.133944496882951,0.990988835333059));
#10162=DIRECTION('',(1.,0.,0.));
#10163=DIRECTION('center_axis',(0.,0.995301562862631,0.0968235455000736));
#10164=DIRECTION('ref_axis',(-3.8692292992939E-33,-0.0968235455000736,0.995301562862631));
#10165=DIRECTION('',(-3.8692292992939E-33,-0.0968235455000736,0.995301562862631));
#10166=DIRECTION('',(-3.8692292992939E-33,-0.0968235455000736,0.995301562862631));
#10167=DIRECTION('',(1.,0.,0.));
#10168=DIRECTION('center_axis',(0.,0.99832918862908,0.0577826196291183));
#10169=DIRECTION('ref_axis',(-2.30908921692781E-33,-0.0577826196291183,
0.99832918862908));
#10170=DIRECTION('',(-2.30908921692781E-33,-0.0577826196291183,0.99832918862908));
#10171=DIRECTION('',(-2.30908921692781E-33,-0.0577826196291183,0.99832918862908));
#10172=DIRECTION('',(1.,0.,0.));
#10173=DIRECTION('center_axis',(0.,0.99986448619383,0.0164623585293497));
#10174=DIRECTION('ref_axis',(-6.5786312232485E-34,-0.0164623585293497,0.99986448619383));
#10175=DIRECTION('',(-6.5786312232485E-34,-0.0164623585293497,0.99986448619383));
#10176=DIRECTION('',(-6.5786312232485E-34,-0.0164623585293497,0.99986448619383));
#10177=DIRECTION('',(1.,0.,0.));
#10178=DIRECTION('center_axis',(0.,0.999617759597304,-0.0276466037275298));
#10179=DIRECTION('ref_axis',(1.10480409094754E-33,0.0276466037275298,0.999617759597304));
#10180=DIRECTION('',(1.10480409094754E-33,0.0276466037275298,0.999617759597304));
#10181=DIRECTION('',(1.10480409094754E-33,0.0276466037275298,0.999617759597304));
#10182=DIRECTION('',(1.,0.,0.));
#10183=DIRECTION('center_axis',(0.,0.997160428463529,-0.0753065727970043));
#10184=DIRECTION('ref_axis',(3.0093754199009E-33,0.0753065727970043,0.997160428463529));
#10185=DIRECTION('',(3.0093754199009E-33,0.0753065727970043,0.997160428463529));
#10186=DIRECTION('',(3.0093754199009E-33,0.0753065727970043,0.997160428463529));
#10187=DIRECTION('',(1.,0.,0.));
#10188=DIRECTION('center_axis',(0.,0.991806416166405,-0.12774988395749));
#10189=DIRECTION('ref_axis',(5.10509702404297E-33,0.12774988395749,0.991806416166405));
#10190=DIRECTION('',(5.10509702404297E-33,0.12774988395749,0.991806416166405));
#10191=DIRECTION('',(5.10509702404297E-33,0.12774988395749,0.991806416166405));
#10192=DIRECTION('',(1.,0.,0.));
#10193=DIRECTION('center_axis',(0.,0.982317978736111,-0.187220160911697));
#10194=DIRECTION('ref_axis',(7.48162782385929E-33,0.187220160911697,0.982317978736111));
#10195=DIRECTION('',(7.48162782385929E-33,0.187220160911697,0.982317978736111));
#10196=DIRECTION('',(7.48162782385929E-33,0.187220160911697,0.982317978736111));
#10197=DIRECTION('',(1.,0.,0.));
#10198=DIRECTION('center_axis',(0.,0.965938570065749,-0.258771479996033));
#10199=DIRECTION('ref_axis',(1.03409370835479E-32,0.258771479996032,0.965938570065748));
#10200=DIRECTION('',(1.03409370835479E-32,0.258771479996032,0.965938570065748));
#10201=DIRECTION('',(1.03409370835479E-32,0.258771479996032,0.965938570065748));
#10202=DIRECTION('',(1.,0.,0.));
#10203=DIRECTION('center_axis',(0.,0.931340087256714,-0.364150575818105));
#10204=DIRECTION('ref_axis',(1.45520603488857E-32,0.364150575818105,0.931340087256714));
#10205=DIRECTION('',(1.45520603488857E-32,0.364150575818105,0.931340087256714));
#10206=DIRECTION('',(1.45520603488857E-32,0.364150575818105,0.931340087256714));
#10207=DIRECTION('',(1.,0.,0.));
#10208=DIRECTION('center_axis',(0.,0.87479769307632,-0.484488386020087));
#10209=DIRECTION('ref_axis',(1.93609586250393E-32,0.484488386020087,0.87479769307632));
#10210=DIRECTION('',(1.93609586250393E-32,0.484488386020087,0.87479769307632));
#10211=DIRECTION('',(1.93609586250393E-32,0.484488386020087,0.87479769307632));
#10212=DIRECTION('',(1.,0.,0.));
#10213=DIRECTION('center_axis',(0.,0.555570233019596,0.831469612302549));
#10214=DIRECTION('ref_axis',(-3.32269033196178E-32,-0.831469612302549,0.555570233019596));
#10215=DIRECTION('',(-3.32269033196178E-32,-0.831469612302549,0.555570233019596));
#10216=DIRECTION('',(-3.32269033196178E-32,-0.831469612302549,0.555570233019596));
#10217=DIRECTION('',(1.,0.,0.));
#10218=DIRECTION('center_axis',(0.,-0.782379487394909,0.622802005218094));
#10219=DIRECTION('ref_axis',(-2.48882000117111E-32,-0.622802005218094,-0.782379487394909));
#10220=DIRECTION('',(-2.48882000117111E-32,-0.622802005218094,-0.782379487394909));
#10221=DIRECTION('',(-2.48882000117111E-32,-0.622802005218094,-0.782379487394909));
#10222=DIRECTION('',(1.,0.,0.));
#10223=DIRECTION('center_axis',(0.,-0.692839685041144,0.721091652171962));
#10224=DIRECTION('ref_axis',(-2.8816017154194E-32,-0.721091652171961,-0.692839685041143));
#10225=DIRECTION('',(-2.8816017154194E-32,-0.721091652171961,-0.692839685041143));
#10226=DIRECTION('',(-2.8816017154194E-32,-0.721091652171961,-0.692839685041143));
#10227=DIRECTION('',(1.,0.,0.));
#10228=DIRECTION('center_axis',(0.,-0.608722361412538,0.793383316383918));
#10229=DIRECTION('ref_axis',(-3.17049118318156E-32,-0.793383316383917,-0.608722361412538));
#10230=DIRECTION('',(-3.17049118318156E-32,-0.793383316383917,-0.608722361412538));
#10231=DIRECTION('',(-3.17049118318156E-32,-0.793383316383917,-0.608722361412538));
#10232=DIRECTION('',(1.,0.,0.));
#10233=DIRECTION('center_axis',(0.,-0.548885690516349,0.835897421186589));
#10234=DIRECTION('ref_axis',(-3.34038458987944E-32,-0.835897421186589,-0.548885690516349));
#10235=DIRECTION('',(-3.34038458987944E-32,-0.835897421186589,-0.548885690516349));
#10236=DIRECTION('',(-3.34038458987944E-32,-0.835897421186589,-0.548885690516349));
#10237=DIRECTION('',(1.,0.,0.));
#10238=DIRECTION('center_axis',(0.,-0.497573386649323,0.867421884032403));
#10239=DIRECTION('ref_axis',(-3.46636156651002E-32,-0.867421884032403,-0.497573386649323));
#10240=DIRECTION('',(-3.46636156651002E-32,-0.867421884032403,-0.497573386649323));
#10241=DIRECTION('',(-3.46636156651002E-32,-0.867421884032403,-0.497573386649323));
#10242=DIRECTION('',(1.,0.,0.));
#10243=DIRECTION('center_axis',(0.,-0.451170976653823,0.892437532730014));
#10244=DIRECTION('ref_axis',(-3.5663282433981E-32,-0.892437532730014,-0.451170976653823));
#10245=DIRECTION('',(-3.5663282433981E-32,-0.892437532730014,-0.451170976653823));
#10246=DIRECTION('',(-3.5663282433981E-32,-0.892437532730014,-0.451170976653823));
#10247=DIRECTION('',(1.,0.,0.));
#10248=DIRECTION('center_axis',(0.,-0.408079286623092,0.912946491219057));
#10249=DIRECTION('ref_axis',(-3.64828543952633E-32,-0.912946491219057,-0.408079286623092));
#10250=DIRECTION('',(-3.64828543952633E-32,-0.912946491219057,-0.408079286623092));
#10251=DIRECTION('',(-3.64828543952633E-32,-0.912946491219057,-0.408079286623092));
#10252=DIRECTION('',(1.,0.,0.));
#10253=DIRECTION('center_axis',(0.,-0.367422337374526,0.930054205946213));
#10254=DIRECTION('ref_axis',(-3.71665070205044E-32,-0.930054205946213,-0.367422337374526));
#10255=DIRECTION('',(-3.71665070205044E-32,-0.930054205946213,-0.367422337374526));
#10256=DIRECTION('',(-3.71665070205044E-32,-0.930054205946213,-0.367422337374526));
#10257=DIRECTION('',(1.,0.,0.));
#10258=DIRECTION('center_axis',(0.,-0.328659860924535,0.944448355293748));
#10259=DIRECTION('ref_axis',(-3.77417210772325E-32,-0.944448355293748,-0.328659860924535));
#10260=DIRECTION('',(-3.77417210772325E-32,-0.944448355293748,-0.328659860924535));
#10261=DIRECTION('',(-3.77417210772325E-32,-0.944448355293748,-0.328659860924535));
#10262=DIRECTION('',(1.,0.,0.));
#10263=DIRECTION('center_axis',(0.,-0.291432126362007,0.956591509330978));
#10264=DIRECTION('ref_axis',(-3.8226981631822E-32,-0.956591509330978,-0.291432126362007));
#10265=DIRECTION('',(-3.8226981631822E-32,-0.956591509330978,-0.291432126362007));
#10266=DIRECTION('',(-3.8226981631822E-32,-0.956591509330978,-0.291432126362007));
#10267=DIRECTION('',(1.,0.,0.));
#10268=DIRECTION('center_axis',(0.,-0.255486429778003,0.966812641725008));
#10269=DIRECTION('ref_axis',(-3.86354350170672E-32,-0.966812641725008,-0.255486429778003));
#10270=DIRECTION('',(-3.86354350170672E-32,-0.966812641725008,-0.255486429778003));
#10271=DIRECTION('',(-3.86354350170672E-32,-0.966812641725008,-0.255486429778003));
#10272=DIRECTION('',(1.,0.,0.));
#10273=DIRECTION('center_axis',(0.,0.707106781186544,0.707106781186551));
#10274=DIRECTION('ref_axis',(-2.82571585389251E-32,-0.707106781186551,0.707106781186544));
#10275=DIRECTION('',(-2.82571585389251E-32,-0.707106781186551,0.707106781186544));
#10276=DIRECTION('',(-2.82571585389251E-32,-0.707106781186551,0.707106781186544));
#10277=DIRECTION('',(1.,0.,0.));
#10278=DIRECTION('center_axis',(0.,0.966812641725002,-0.255486429778029));
#10279=DIRECTION('ref_axis',(1.02096610340343E-32,0.255486429778029,0.966812641725001));
#10280=DIRECTION('',(1.02096610340343E-32,0.255486429778029,0.966812641725001));
#10281=DIRECTION('',(1.02096610340343E-32,0.255486429778029,0.966812641725001));
#10282=DIRECTION('',(1.,0.,0.));
#10283=DIRECTION('center_axis',(0.,0.956591509331011,-0.291432126361899));
#10284=DIRECTION('ref_axis',(1.16461106257891E-32,0.291432126361899,0.956591509331011));
#10285=DIRECTION('',(1.16461106257891E-32,0.291432126361899,0.956591509331011));
#10286=DIRECTION('',(1.16461106257891E-32,0.291432126361899,0.956591509331011));
#10287=DIRECTION('',(1.,0.,0.));
#10288=DIRECTION('center_axis',(0.,0.944448355293713,-0.328659860924636));
#10289=DIRECTION('ref_axis',(1.31337925793111E-32,0.328659860924636,0.944448355293713));
#10290=DIRECTION('',(1.31337925793111E-32,0.328659860924636,0.944448355293713));
#10291=DIRECTION('',(1.31337925793111E-32,0.328659860924636,0.944448355293713));
#10292=DIRECTION('',(1.,0.,0.));
#10293=DIRECTION('center_axis',(0.,0.93005420594623,-0.367422337374481));
#10294=DIRECTION('ref_axis',(1.46828053614635E-32,0.367422337374481,0.93005420594623));
#10295=DIRECTION('',(1.46828053614635E-32,0.367422337374481,0.93005420594623));
#10296=DIRECTION('',(1.46828053614635E-32,0.367422337374481,0.93005420594623));
#10297=DIRECTION('',(1.,0.,0.));
#10298=DIRECTION('center_axis',(0.,0.912946491219059,-0.408079286623087));
#10299=DIRECTION('ref_axis',(1.63075244154925E-32,0.408079286623087,0.91294649121906));
#10300=DIRECTION('',(1.63075244154925E-32,0.408079286623087,0.91294649121906));
#10301=DIRECTION('',(1.63075244154925E-32,0.408079286623087,0.91294649121906));
#10302=DIRECTION('',(1.,0.,0.));
#10303=DIRECTION('center_axis',(0.,0.892437532730007,-0.451170976653838));
#10304=DIRECTION('ref_axis',(1.80295397451516E-32,0.451170976653838,0.892437532730007));
#10305=DIRECTION('',(1.80295397451516E-32,0.451170976653838,0.892437532730007));
#10306=DIRECTION('',(1.80295397451516E-32,0.451170976653838,0.892437532730007));
#10307=DIRECTION('',(1.,0.,0.));
#10308=DIRECTION('center_axis',(0.,0.867421884032421,-0.497573386649292));
#10309=DIRECTION('ref_axis',(1.98838569299331E-32,0.497573386649291,0.867421884032421));
#10310=DIRECTION('',(1.98838569299331E-32,0.497573386649291,0.867421884032421));
#10311=DIRECTION('',(1.98838569299331E-32,0.497573386649291,0.867421884032421));
#10312=DIRECTION('',(1.,0.,0.));
#10313=DIRECTION('center_axis',(0.,0.835897421186548,-0.548885690516412));
#10314=DIRECTION('ref_axis',(2.19343816087343E-32,0.548885690516412,0.835897421186548));
#10315=DIRECTION('',(2.19343816087343E-32,0.548885690516412,0.835897421186548));
#10316=DIRECTION('',(2.19343816087343E-32,0.548885690516412,0.835897421186548));
#10317=DIRECTION('',(1.,0.,0.));
#10318=DIRECTION('center_axis',(0.,0.793383316383882,-0.608722361412584));
#10319=DIRECTION('ref_axis',(2.43255541175276E-32,0.608722361412584,0.793383316383882));
#10320=DIRECTION('',(2.43255541175276E-32,0.608722361412584,0.793383316383882));
#10321=DIRECTION('',(2.43255541175276E-32,0.608722361412584,0.793383316383882));
#10322=DIRECTION('',(1.,0.,0.));
#10323=DIRECTION('center_axis',(0.,0.721091652171948,-0.692839685041157));
#10324=DIRECTION('ref_axis',(2.76870217386614E-32,0.692839685041157,0.721091652171948));
#10325=DIRECTION('',(2.76870217386614E-32,0.692839685041157,0.721091652171948));
#10326=DIRECTION('',(2.76870217386614E-32,0.692839685041157,0.721091652171948));
#10327=DIRECTION('',(1.,0.,0.));
#10328=DIRECTION('center_axis',(0.,0.622802005218109,-0.782379487394898));
#10329=DIRECTION('ref_axis',(3.12651805938317E-32,0.782379487394898,0.622802005218108));
#10330=DIRECTION('',(3.12651805938317E-32,0.782379487394898,0.622802005218108));
#10331=DIRECTION('',(3.12651805938317E-32,0.782379487394898,0.622802005218108));
#10332=DIRECTION('',(1.,0.,0.));
#10333=DIRECTION('center_axis',(0.,0.831469612302547,0.5555702330196));
#10334=DIRECTION('ref_axis',(-2.22015070023783E-32,-0.5555702330196,0.831469612302547));
#10335=DIRECTION('',(-2.22015070023783E-32,-0.5555702330196,0.831469612302547));
#10336=DIRECTION('',(-2.22015070023783E-32,-0.5555702330196,0.831469612302547));
#10337=DIRECTION('',(1.,0.,0.));
#10338=DIRECTION('center_axis',(0.,-0.484488386020115,0.874797693076304));
#10339=DIRECTION('ref_axis',(-3.4958365215029E-32,-0.874797693076304,-0.484488386020115));
#10340=DIRECTION('',(-3.4958365215029E-32,-0.874797693076304,-0.484488386020115));
#10341=DIRECTION('',(-3.4958365215029E-32,-0.874797693076304,-0.484488386020115));
#10342=DIRECTION('',(1.,0.,0.));
#10343=DIRECTION('center_axis',(0.,-0.364150575818037,0.93134008725674));
#10344=DIRECTION('ref_axis',(-3.72178929681725E-32,-0.93134008725674,-0.364150575818037));
#10345=DIRECTION('',(-3.72178929681725E-32,-0.93134008725674,-0.364150575818037));
#10346=DIRECTION('',(-3.72178929681725E-32,-0.93134008725674,-0.364150575818037));
#10347=DIRECTION('',(1.,0.,0.));
#10348=DIRECTION('center_axis',(0.,-0.258771479996085,0.965938570065734));
#10349=DIRECTION('ref_axis',(-3.86005056653658E-32,-0.965938570065734,-0.258771479996085));
#10350=DIRECTION('',(-3.86005056653658E-32,-0.965938570065734,-0.258771479996085));
#10351=DIRECTION('',(-3.86005056653658E-32,-0.965938570065734,-0.258771479996085));
#10352=DIRECTION('',(1.,0.,0.));
#10353=DIRECTION('center_axis',(0.,-0.18722016091157,0.982317978736135));
#10354=DIRECTION('ref_axis',(-3.92550539738924E-32,-0.982317978736135,-0.18722016091157));
#10355=DIRECTION('',(-3.92550539738924E-32,-0.982317978736135,-0.18722016091157));
#10356=DIRECTION('',(-3.92550539738924E-32,-0.982317978736135,-0.18722016091157));
#10357=DIRECTION('',(1.,0.,0.));
#10358=DIRECTION('center_axis',(0.,-0.127749883957553,0.991806416166397));
#10359=DIRECTION('ref_axis',(-3.96342276544272E-32,-0.991806416166397,-0.127749883957553));
#10360=DIRECTION('',(-3.96342276544271E-32,-0.991806416166397,-0.127749883957553));
#10361=DIRECTION('',(-3.96342276544271E-32,-0.991806416166397,-0.127749883957553));
#10362=DIRECTION('',(1.,0.,0.));
#10363=DIRECTION('center_axis',(0.,-0.0753065727970273,0.997160428463528));
#10364=DIRECTION('ref_axis',(-3.98481828565616E-32,-0.997160428463528,-0.0753065727970273));
#10365=DIRECTION('',(-3.98481828565616E-32,-0.997160428463528,-0.0753065727970273));
#10366=DIRECTION('',(-3.98481828565616E-32,-0.997160428463528,-0.0753065727970273));
#10367=DIRECTION('',(1.,0.,0.));
#10368=DIRECTION('center_axis',(0.,-0.0276466037274532,0.999617759597306));
#10369=DIRECTION('ref_axis',(-3.99463818800715E-32,-0.999617759597306,-0.0276466037274532));
#10370=DIRECTION('',(-3.99463818800715E-32,-0.999617759597306,-0.0276466037274532));
#10371=DIRECTION('',(-3.99463818800715E-32,-0.999617759597306,-0.0276466037274532));
#10372=DIRECTION('',(1.,0.,0.));
#10373=DIRECTION('center_axis',(0.,0.0164623585293901,0.999864486193829));
#10374=DIRECTION('ref_axis',(-3.99562414836551E-32,-0.999864486193829,0.0164623585293901));
#10375=DIRECTION('',(-3.99562414836551E-32,-0.999864486193829,0.0164623585293901));
#10376=DIRECTION('',(-3.99562414836551E-32,-0.999864486193829,0.0164623585293901));
#10377=DIRECTION('',(1.,0.,0.));
#10378=DIRECTION('center_axis',(0.,0.0577826196291159,0.99832918862908));
#10379=DIRECTION('ref_axis',(-3.98948884492255E-32,-0.99832918862908,0.0577826196291159));
#10380=DIRECTION('',(-3.98948884492255E-32,-0.99832918862908,0.0577826196291159));
#10381=DIRECTION('',(-3.98948884492255E-32,-0.99832918862908,0.0577826196291159));
#10382=DIRECTION('',(1.,0.,0.));
#10383=DIRECTION('center_axis',(0.,0.0968235454999991,0.995301562862638));
#10384=DIRECTION('ref_axis',(-3.97738995073074E-32,-0.995301562862638,0.0968235454999991));
#10385=DIRECTION('',(-3.97738995073074E-32,-0.995301562862638,0.0968235454999991));
#10386=DIRECTION('',(-3.97738995073074E-32,-0.995301562862638,0.0968235454999991));
#10387=DIRECTION('',(1.,0.,0.));
#10388=DIRECTION('center_axis',(0.,0.133944496882895,0.990988835333067));
#10389=DIRECTION('ref_axis',(-3.96015557697268E-32,-0.990988835333067,0.133944496882895));
#10390=DIRECTION('',(-3.96015557697268E-32,-0.990988835333067,0.133944496882895));
#10391=DIRECTION('',(-3.96015557697268E-32,-0.990988835333067,0.133944496882895));
#10392=DIRECTION('',(1.,0.,0.));
#10393=DIRECTION('center_axis',(0.,0.923879532511292,0.382683432365077));
#10394=DIRECTION('ref_axis',(-1.52926640024785E-32,-0.382683432365077,0.923879532511292));
#10395=DIRECTION('',(-1.52926640024785E-32,-0.382683432365077,0.923879532511292));
#10396=DIRECTION('',(-1.52926640024785E-32,-0.382683432365077,0.923879532511292));
#10397=DIRECTION('',(1.,0.,0.));
#10398=DIRECTION('center_axis',(0.,0.795447987592742,-0.606021863495581));
#10399=DIRECTION('ref_axis',(2.42176377464716E-32,0.606021863495581,0.795447987592742));
#10400=DIRECTION('',(2.42176377464716E-32,0.606021863495581,0.795447987592742));
#10401=DIRECTION('',(2.42176377464716E-32,0.606021863495581,0.795447987592742));
#10402=DIRECTION('',(1.,0.,0.));
#10403=DIRECTION('center_axis',(0.,0.772249070027353,-0.635319898824119));
#10404=DIRECTION('ref_axis',(2.53884357803531E-32,0.635319898824119,0.772249070027353));
#10405=DIRECTION('',(2.53884357803531E-32,0.635319898824119,0.772249070027353));
#10406=DIRECTION('',(2.53884357803531E-32,0.635319898824119,0.772249070027353));
#10407=DIRECTION('',(1.,0.,0.));
#10408=DIRECTION('center_axis',(0.,0.746783821310546,-0.665066856961628));
#10409=DIRECTION('ref_axis',(2.65771735134744E-32,0.665066856961628,0.746783821310546));
#10410=DIRECTION('',(2.65771735134744E-32,0.665066856961628,0.746783821310546));
#10411=DIRECTION('',(2.65771735134744E-32,0.665066856961628,0.746783821310546));
#10412=DIRECTION('',(1.,0.,0.));
#10413=DIRECTION('center_axis',(0.,0.718651603805674,-0.695370313104846));
#10414=DIRECTION('ref_axis',(2.77881498289318E-32,0.695370313104846,0.718651603805674));
#10415=DIRECTION('',(2.77881498289318E-32,0.695370313104846,0.718651603805674));
#10416=DIRECTION('',(2.77881498289318E-32,0.695370313104846,0.718651603805674));
#10417=DIRECTION('',(1.,0.,0.));
#10418=DIRECTION('center_axis',(0.,0.687287395433256,-0.72638559737826));
#10419=DIRECTION('ref_axis',(2.90275719758571E-32,0.72638559737826,0.687287395433256));
#10420=DIRECTION('',(2.90275719758571E-32,0.726385597378259,0.687287395433256));
#10421=DIRECTION('',(2.90275719758571E-32,0.726385597378259,0.687287395433256));
#10422=DIRECTION('',(1.,0.,0.));
#10423=DIRECTION('center_axis',(0.,0.651849112604783,-0.75834868919011));
#10424=DIRECTION('ref_axis',(3.03048700823837E-32,0.75834868919011,0.651849112604782));
#10425=DIRECTION('',(3.03048700823837E-32,0.75834868919011,0.651849112604783));
#10426=DIRECTION('',(3.03048700823837E-32,0.75834868919011,0.651849112604783));
#10427=DIRECTION('',(1.,0.,0.));
#10428=DIRECTION('center_axis',(0.,0.610980233253473,-0.791645851737714));
#10429=DIRECTION('ref_axis',(3.16354798658526E-32,0.791645851737714,0.610980233253473));
#10430=DIRECTION('',(3.16354798658526E-32,0.791645851737714,0.610980233253473));
#10431=DIRECTION('',(3.16354798658526E-32,0.791645851737714,0.610980233253473));
#10432=DIRECTION('',(1.,0.,0.));
#10433=DIRECTION('center_axis',(0.,0.562219058690171,-0.826988349401331));
#10434=DIRECTION('ref_axis',(3.30478246293501E-32,0.826988349401331,0.562219058690171));
#10435=DIRECTION('',(3.30478246293501E-32,0.826988349401331,0.562219058690171));
#10436=DIRECTION('',(3.30478246293501E-32,0.826988349401331,0.562219058690171));
#10437=DIRECTION('',(1.,0.,0.));
#10438=DIRECTION('center_axis',(0.,0.500042644820254,-0.866000781386002));
#10439=DIRECTION('ref_axis',(3.46068260488104E-32,0.866000781386002,0.500042644820254));
#10440=DIRECTION('',(3.46068260488104E-32,0.866000781386002,0.500042644820254));
#10441=DIRECTION('',(3.46068260488104E-32,0.866000781386002,0.500042644820254));
#10442=DIRECTION('',(1.,0.,0.));
#10443=DIRECTION('center_axis',(0.,0.401063549756189,-0.916050232824033));
#10444=DIRECTION('ref_axis',(3.6606885052201E-32,0.916050232824033,0.401063549756189));
#10445=DIRECTION('',(3.6606885052201E-32,0.916050232824033,0.401063549756189));
#10446=DIRECTION('',(3.6606885052201E-32,0.916050232824033,0.401063549756189));
#10447=DIRECTION('',(1.,0.,0.));
#10448=DIRECTION('center_axis',(0.,0.275990357779669,-0.961160404101548));
#10449=DIRECTION('ref_axis',(3.8409562236781E-32,0.961160404101548,0.275990357779669));
#10450=DIRECTION('',(3.8409562236781E-32,0.961160404101548,0.275990357779669));
#10451=DIRECTION('',(3.8409562236781E-32,0.961160404101548,0.275990357779669));
#10452=DIRECTION('',(1.,0.,0.));
#10453=DIRECTION('center_axis',(0.,0.98078528040323,0.195090322016129));
#10454=DIRECTION('ref_axis',(-7.79613250118911E-33,-0.195090322016129,0.98078528040323));
#10455=DIRECTION('',(-7.79613250118911E-33,-0.195090322016129,0.98078528040323));
#10456=DIRECTION('',(-7.79613250118911E-33,-0.195090322016129,0.98078528040323));
#10457=DIRECTION('',(1.,0.,0.));
#10458=DIRECTION('center_axis',(0.,-0.112838319771901,0.993613362224489));
#10459=DIRECTION('ref_axis',(-3.97064362127288E-32,-0.993613362224489,-0.112838319771901));
#10460=DIRECTION('',(-3.97064362127288E-32,-0.993613362224489,-0.112838319771901));
#10461=DIRECTION('',(-3.97064362127288E-32,-0.993613362224489,-0.112838319771901));
#10462=DIRECTION('',(1.,0.,0.));
#10463=DIRECTION('center_axis',(0.,0.0199771575401613,0.999800436675548));
#10464=DIRECTION('ref_axis',(-3.99536819587848E-32,-0.999800436675548,0.0199771575401613));
#10465=DIRECTION('',(-3.99536819587848E-32,-0.999800436675548,0.0199771575401613));
#10466=DIRECTION('',(-3.99536819587848E-32,-0.999800436675548,0.0199771575401613));
#10467=DIRECTION('',(1.,0.,0.));
#10468=DIRECTION('center_axis',(0.,0.130575013480594,0.991438432710041));
#10469=DIRECTION('ref_axis',(-3.96195224258215E-32,-0.991438432710041,0.130575013480594));
#10470=DIRECTION('',(-3.96195224258215E-32,-0.991438432710041,0.130575013480594));
#10471=DIRECTION('',(-3.96195224258215E-32,-0.991438432710041,0.130575013480594));
#10472=DIRECTION('',(1.,0.,0.));
#10473=DIRECTION('center_axis',(0.,0.202947941036943,0.979189528757771));
#10474=DIRECTION('ref_axis',(-3.91300359294163E-32,-0.979189528757771,0.202947941036943));
#10475=DIRECTION('',(-3.91300359294163E-32,-0.979189528757771,0.202947941036943));
#10476=DIRECTION('',(-3.91300359294163E-32,-0.979189528757771,0.202947941036943));
#10477=DIRECTION('',(1.,0.,0.));
#10478=DIRECTION('center_axis',(0.,0.261522380511232,0.965197412186615));
#10479=DIRECTION('ref_axis',(-3.85708877685363E-32,-0.965197412186615,0.261522380511232));
#10480=DIRECTION('',(-3.85708877685363E-32,-0.965197412186615,0.261522380511232));
#10481=DIRECTION('',(-3.85708877685363E-32,-0.965197412186615,0.261522380511232));
#10482=DIRECTION('',(1.,0.,0.));
#10483=DIRECTION('center_axis',(0.,0.312022574112346,0.950074688245248));
#10484=DIRECTION('ref_axis',(-3.79665586639072E-32,-0.950074688245248,0.312022574112346));
#10485=DIRECTION('',(-3.79665586639072E-32,-0.950074688245248,0.312022574112346));
#10486=DIRECTION('',(-3.79665586639072E-32,-0.950074688245248,0.312022574112346));
#10487=DIRECTION('',(1.,0.,0.));
#10488=DIRECTION('center_axis',(0.,0.356995023968505,0.934106285634417));
#10489=DIRECTION('ref_axis',(-3.73284348384922E-32,-0.934106285634417,0.356995023968505));
#10490=DIRECTION('',(-3.73284348384922E-32,-0.934106285634417,0.356995023968505));
#10491=DIRECTION('',(-3.73284348384922E-32,-0.934106285634417,0.356995023968505));
#10492=DIRECTION('',(1.,0.,0.));
#10493=DIRECTION('center_axis',(0.,0.397840809578709,0.917454462212571));
#10494=DIRECTION('ref_axis',(-3.66630003851502E-32,-0.917454462212571,0.397840809578709));
#10495=DIRECTION('',(-3.66630003851502E-32,-0.917454462212571,0.397840809578709));
#10496=DIRECTION('',(-3.66630003851502E-32,-0.917454462212571,0.397840809578709));
#10497=DIRECTION('',(1.,0.,0.));
#10498=DIRECTION('center_axis',(0.,0.435428220145079,0.900223452872279));
#10499=DIRECTION('ref_axis',(-3.59744207028888E-32,-0.900223452872279,0.435428220145079));
#10500=DIRECTION('',(-3.59744207028888E-32,-0.900223452872279,0.435428220145079));
#10501=DIRECTION('',(-3.59744207028888E-32,-0.900223452872279,0.435428220145079));
#10502=DIRECTION('',(1.,0.,0.));
#10503=DIRECTION('center_axis',(0.,0.470338710267251,0.882485975879582));
#10504=DIRECTION('ref_axis',(-3.52656017341015E-32,-0.882485975879582,0.470338710267251));
#10505=DIRECTION('',(-3.52656017341015E-32,-0.882485975879582,0.470338710267251));
#10506=DIRECTION('',(-3.52656017341015E-32,-0.882485975879582,0.470338710267251));
#10507=DIRECTION('',(1.,0.,0.));
#10508=DIRECTION('center_axis',(0.,0.502983588103494,0.864295962097784));
#10509=DIRECTION('ref_axis',(-3.45386986454407E-32,-0.864295962097784,0.502983588103494));
#10510=DIRECTION('',(-3.45386986454407E-32,-0.864295962097784,0.502983588103494));
#10511=DIRECTION('',(-3.45386986454407E-32,-0.864295962097784,0.502983588103494));
#10512=DIRECTION('',(1.,0.,0.));
#10513=DIRECTION('center_axis',(0.,1.,0.));
#10514=DIRECTION('ref_axis',(0.,0.,1.));
#10515=DIRECTION('',(0.,0.,1.));
#10516=DIRECTION('',(0.,0.,1.));
#10517=DIRECTION('',(1.,0.,0.));
#10518=DIRECTION('center_axis',(0.,0.502983588103494,-0.864295962097784));
#10519=DIRECTION('ref_axis',(3.45386986454407E-32,0.864295962097784,0.502983588103494));
#10520=DIRECTION('',(3.45386986454407E-32,0.864295962097784,0.502983588103494));
#10521=DIRECTION('',(3.45386986454407E-32,0.864295962097784,0.502983588103494));
#10522=DIRECTION('',(1.,0.,0.));
#10523=DIRECTION('center_axis',(0.,0.470338710267251,-0.882485975879582));
#10524=DIRECTION('ref_axis',(3.52656017341015E-32,0.882485975879582,0.470338710267251));
#10525=DIRECTION('',(3.52656017341015E-32,0.882485975879582,0.470338710267251));
#10526=DIRECTION('',(3.52656017341015E-32,0.882485975879582,0.470338710267251));
#10527=DIRECTION('',(1.,0.,0.));
#10528=DIRECTION('center_axis',(0.,0.435428220145079,-0.900223452872279));
#10529=DIRECTION('ref_axis',(3.59744207028888E-32,0.900223452872279,0.435428220145079));
#10530=DIRECTION('',(3.59744207028888E-32,0.900223452872279,0.435428220145079));
#10531=DIRECTION('',(3.59744207028888E-32,0.900223452872279,0.435428220145079));
#10532=DIRECTION('',(1.,0.,0.));
#10533=DIRECTION('center_axis',(0.,0.397840809578709,-0.917454462212571));
#10534=DIRECTION('ref_axis',(3.66630003851502E-32,0.917454462212571,0.397840809578709));
#10535=DIRECTION('',(3.66630003851502E-32,0.917454462212571,0.397840809578709));
#10536=DIRECTION('',(3.66630003851502E-32,0.917454462212571,0.397840809578709));
#10537=DIRECTION('',(1.,0.,0.));
#10538=DIRECTION('center_axis',(0.,0.356995023968505,-0.934106285634417));
#10539=DIRECTION('ref_axis',(3.73284348384922E-32,0.934106285634417,0.356995023968505));
#10540=DIRECTION('',(3.73284348384922E-32,0.934106285634417,0.356995023968505));
#10541=DIRECTION('',(3.73284348384922E-32,0.934106285634417,0.356995023968505));
#10542=DIRECTION('',(1.,0.,0.));
#10543=DIRECTION('center_axis',(0.,0.312022574112346,-0.950074688245248));
#10544=DIRECTION('ref_axis',(3.79665586639072E-32,0.950074688245248,0.312022574112346));
#10545=DIRECTION('',(3.79665586639072E-32,0.950074688245248,0.312022574112346));
#10546=DIRECTION('',(3.79665586639072E-32,0.950074688245248,0.312022574112346));
#10547=DIRECTION('',(1.,0.,0.));
#10548=DIRECTION('center_axis',(0.,0.261522380511232,-0.965197412186615));
#10549=DIRECTION('ref_axis',(3.85708877685363E-32,0.965197412186615,0.261522380511232));
#10550=DIRECTION('',(3.85708877685363E-32,0.965197412186615,0.261522380511232));
#10551=DIRECTION('',(3.85708877685363E-32,0.965197412186615,0.261522380511232));
#10552=DIRECTION('',(1.,0.,0.));
#10553=DIRECTION('center_axis',(0.,0.202947941036943,-0.979189528757771));
#10554=DIRECTION('ref_axis',(3.91300359294163E-32,0.979189528757771,0.202947941036943));
#10555=DIRECTION('',(3.91300359294163E-32,0.979189528757771,0.202947941036943));
#10556=DIRECTION('',(3.91300359294163E-32,0.979189528757771,0.202947941036943));
#10557=DIRECTION('',(1.,0.,0.));
#10558=DIRECTION('center_axis',(0.,0.130575013480594,-0.991438432710041));
#10559=DIRECTION('ref_axis',(3.96195224258215E-32,0.991438432710041,0.130575013480594));
#10560=DIRECTION('',(3.96195224258215E-32,0.991438432710041,0.130575013480594));
#10561=DIRECTION('',(3.96195224258215E-32,0.991438432710041,0.130575013480594));
#10562=DIRECTION('',(1.,0.,0.));
#10563=DIRECTION('center_axis',(0.,0.0199771575401613,-0.999800436675548));
#10564=DIRECTION('ref_axis',(3.99536819587848E-32,0.999800436675548,0.0199771575401613));
#10565=DIRECTION('',(3.99536819587848E-32,0.999800436675548,0.0199771575401613));
#10566=DIRECTION('',(3.99536819587848E-32,0.999800436675548,0.0199771575401613));
#10567=DIRECTION('',(1.,0.,0.));
#10568=DIRECTION('center_axis',(0.,-0.112838319771901,-0.993613362224489));
#10569=DIRECTION('ref_axis',(3.97064362127288E-32,0.993613362224489,-0.112838319771901));
#10570=DIRECTION('',(3.97064362127288E-32,0.993613362224489,-0.112838319771901));
#10571=DIRECTION('',(3.97064362127288E-32,0.993613362224489,-0.112838319771901));
#10572=DIRECTION('',(1.,0.,0.));
#10573=DIRECTION('center_axis',(0.,0.98078528040323,-0.195090322016129));
#10574=DIRECTION('ref_axis',(7.79613250118914E-33,0.195090322016129,0.98078528040323));
#10575=DIRECTION('',(7.79613250118914E-33,0.195090322016129,0.98078528040323));
#10576=DIRECTION('',(7.79613250118914E-33,0.195090322016129,0.98078528040323));
#10577=DIRECTION('center_axis',(1.,0.,0.));
#10578=DIRECTION('ref_axis',(0.,0.,-1.));
#10579=DIRECTION('center_axis',(1.,-3.99616568398743E-32,0.));
#10580=DIRECTION('ref_axis',(0.,0.,-1.));
#10581=CARTESIAN_POINT('',(0.,0.,0.));
#10582=CARTESIAN_POINT('Origin',(678.,-3.,242.55));
#10583=CARTESIAN_POINT('',(682.,-3.,241.9));
#10584=CARTESIAN_POINT('',(682.,-3.,243.2));
#10585=CARTESIAN_POINT('',(682.,-3.,241.275));
#10586=CARTESIAN_POINT('',(674.,-3.,241.9));
#10587=CARTESIAN_POINT('',(678.,-3.,241.9));
#10588=CARTESIAN_POINT('',(674.,-3.,243.2));
#10589=CARTESIAN_POINT('',(674.,-3.,241.275));
#10590=CARTESIAN_POINT('',(678.,-3.,243.2));
#10591=CARTESIAN_POINT('Origin',(678.,0.,243.2));
#10592=CARTESIAN_POINT('',(682.,3.,243.2));
#10593=CARTESIAN_POINT('',(682.,0.,243.2));
#10594=CARTESIAN_POINT('',(674.,3.,243.2));
#10595=CARTESIAN_POINT('',(674.,9.47432319402012E-29,243.2));
#10596=CARTESIAN_POINT('',(678.,3.,243.2));
#10597=CARTESIAN_POINT('Origin',(678.,3.,242.55));
#10598=CARTESIAN_POINT('',(682.,3.,241.9));
#10599=CARTESIAN_POINT('',(682.,3.,241.275));
#10600=CARTESIAN_POINT('',(674.,3.,241.9));
#10601=CARTESIAN_POINT('',(674.,3.,241.275));
#10602=CARTESIAN_POINT('',(678.,3.,241.9));
#10603=CARTESIAN_POINT('Origin',(678.,0.,241.9));
#10604=CARTESIAN_POINT('',(682.,-1.70073513516944,241.9));
#10605=CARTESIAN_POINT('',(682.,0.,241.9));
#10606=CARTESIAN_POINT('',(674.,-1.70073513516944,241.9));
#10607=CARTESIAN_POINT('',(678.,-1.70073513516944,241.9));
#10608=CARTESIAN_POINT('',(674.,9.47432319402012E-29,241.9));
#10609=CARTESIAN_POINT('Origin',(678.,0.,241.9));
#10610=CARTESIAN_POINT('',(682.,1.70073513516944,241.9));
#10611=CARTESIAN_POINT('',(682.,0.,241.9));
#10612=CARTESIAN_POINT('',(674.,1.70073513516944,241.9));
#10613=CARTESIAN_POINT('',(674.,9.47432319402012E-29,241.9));
#10614=CARTESIAN_POINT('',(678.,1.70073513516944,241.9));
#10615=CARTESIAN_POINT('Origin',(678.,0.,240.));
#10616=CARTESIAN_POINT('Origin',(682.,0.,240.));
#10617=CARTESIAN_POINT('Origin',(674.,0.,240.));
#10618=CARTESIAN_POINT('Origin',(674.,10.8383440695099,236.887846768637));
#10619=CARTESIAN_POINT('',(674.,10.8383440695099,236.887846768637));
#10620=CARTESIAN_POINT('',(674.,9.73174909152817,237.205597627481));
#10621=CARTESIAN_POINT('',(674.,10.8383440695099,236.887846768637));
#10622=CARTESIAN_POINT('',(682.,9.73174909152817,237.205597627481));
#10623=CARTESIAN_POINT('',(674.,9.73174909152817,237.205597627481));
#10624=CARTESIAN_POINT('',(682.,10.8383440695099,236.887846768637));
#10625=CARTESIAN_POINT('',(682.,10.8383440695099,236.887846768637));
#10626=CARTESIAN_POINT('',(674.,10.8383440695099,236.887846768637));
#10627=CARTESIAN_POINT('Origin',(674.,11.0438261155392,236.797882969885));
#10628=CARTESIAN_POINT('',(674.,11.0438261155392,236.797882969885));
#10629=CARTESIAN_POINT('',(674.,11.0438261155392,236.797882969885));
#10630=CARTESIAN_POINT('',(682.,11.0438261155392,236.797882969885));
#10631=CARTESIAN_POINT('',(682.,11.0438261155392,236.797882969885));
#10632=CARTESIAN_POINT('',(674.,11.0438261155392,236.797882969885));
#10633=CARTESIAN_POINT('Origin',(674.,11.2420362330369,236.683433290954));
#10634=CARTESIAN_POINT('',(674.,11.2420362330369,236.683433290954));
#10635=CARTESIAN_POINT('',(674.,11.2420362330369,236.683433290954));
#10636=CARTESIAN_POINT('',(682.,11.2420362330369,236.683433290954));
#10637=CARTESIAN_POINT('',(682.,11.2420362330369,236.683433290954));
#10638=CARTESIAN_POINT('',(674.,11.2420362330369,236.683433290954));
#10639=CARTESIAN_POINT('Origin',(674.,11.4349644995677,236.552273101718));
#10640=CARTESIAN_POINT('',(674.,11.4349644995677,236.552273101718));
#10641=CARTESIAN_POINT('',(674.,11.4349644995677,236.552273101718));
#10642=CARTESIAN_POINT('',(682.,11.4349644995677,236.552273101718));
#10643=CARTESIAN_POINT('',(682.,11.4349644995677,236.552273101718));
#10644=CARTESIAN_POINT('',(674.,11.4349644995677,236.552273101718));
#10645=CARTESIAN_POINT('Origin',(674.,11.6231275073299,236.407051752904));
#10646=CARTESIAN_POINT('',(674.,11.6231275073299,236.407051752904));
#10647=CARTESIAN_POINT('',(674.,11.6231275073299,236.407051752904));
#10648=CARTESIAN_POINT('',(682.,11.6231275073299,236.407051752904));
#10649=CARTESIAN_POINT('',(682.,11.6231275073299,236.407051752904));
#10650=CARTESIAN_POINT('',(674.,11.6231275073299,236.407051752904));
#10651=CARTESIAN_POINT('Origin',(674.,11.8067060838966,236.249254246383));
#10652=CARTESIAN_POINT('',(674.,11.8067060838966,236.249254246383));
#10653=CARTESIAN_POINT('',(674.,11.8067060838966,236.249254246383));
#10654=CARTESIAN_POINT('',(682.,11.8067060838966,236.249254246383));
#10655=CARTESIAN_POINT('',(682.,11.8067060838966,236.249254246383));
#10656=CARTESIAN_POINT('',(674.,11.8067060838966,236.249254246383));
#10657=CARTESIAN_POINT('Origin',(674.,11.9857350723801,236.079861615738));
#10658=CARTESIAN_POINT('',(674.,11.9857350723801,236.079861615738));
#10659=CARTESIAN_POINT('',(674.,11.9857350723801,236.079861615738));
#10660=CARTESIAN_POINT('',(682.,11.9857350723801,236.079861615738));
#10661=CARTESIAN_POINT('',(682.,11.9857350723801,236.079861615738));
#10662=CARTESIAN_POINT('',(674.,11.9857350723801,236.079861615738));
#10663=CARTESIAN_POINT('Origin',(674.,12.1601708806999,235.899585623152));
#10664=CARTESIAN_POINT('',(674.,12.1601708806999,235.899585623152));
#10665=CARTESIAN_POINT('',(674.,12.1601708806999,235.899585623152));
#10666=CARTESIAN_POINT('',(682.,12.1601708806999,235.899585623152));
#10667=CARTESIAN_POINT('',(682.,12.1601708806999,235.899585623152));
#10668=CARTESIAN_POINT('',(674.,12.1601708806999,235.899585623152));
#10669=CARTESIAN_POINT('Origin',(674.,12.3299225739791,235.708976488365));
#10670=CARTESIAN_POINT('',(674.,12.3299225739791,235.708976488365));
#10671=CARTESIAN_POINT('',(674.,12.3299225739791,235.708976488365));
#10672=CARTESIAN_POINT('',(682.,12.3299225739791,235.708976488365));
#10673=CARTESIAN_POINT('',(682.,12.3299225739791,235.708976488365));
#10674=CARTESIAN_POINT('',(674.,12.3299225739791,235.708976488365));
#10675=CARTESIAN_POINT('Origin',(674.,12.4948684743385,235.508480142519));
#10676=CARTESIAN_POINT('',(674.,12.4948684743385,235.508480142519));
#10677=CARTESIAN_POINT('',(674.,12.4948684743385,235.508480142519));
#10678=CARTESIAN_POINT('',(682.,12.4948684743385,235.508480142519));
#10679=CARTESIAN_POINT('',(682.,12.4948684743385,235.508480142519));
#10680=CARTESIAN_POINT('',(674.,12.4948684743385,235.508480142519));
#10681=CARTESIAN_POINT('Origin',(674.,12.6548659504253,235.298471761569));
#10682=CARTESIAN_POINT('',(674.,12.6548659504253,235.298471761569));
#10683=CARTESIAN_POINT('',(674.,12.6548659504253,235.298471761569));
#10684=CARTESIAN_POINT('',(682.,12.6548659504253,235.298471761569));
#10685=CARTESIAN_POINT('',(682.,12.6548659504253,235.298471761569));
#10686=CARTESIAN_POINT('',(674.,12.6548659504253,235.298471761569));
#10687=CARTESIAN_POINT('Origin',(674.,12.2728240278872,234.376140970782));
#10688=CARTESIAN_POINT('',(674.,12.2728240278872,234.376140970782));
#10689=CARTESIAN_POINT('',(674.,12.2728240278872,234.376140970782));
#10690=CARTESIAN_POINT('',(682.,12.2728240278872,234.376140970782));
#10691=CARTESIAN_POINT('',(682.,12.2728240278872,234.376140970782));
#10692=CARTESIAN_POINT('',(674.,12.2728240278872,234.376140970782));
#10693=CARTESIAN_POINT('Origin',(674.,12.0111903772975,234.34077792082));
#10694=CARTESIAN_POINT('',(674.,12.0111903772975,234.34077792082));
#10695=CARTESIAN_POINT('',(674.,12.0111903772975,234.34077792082));
#10696=CARTESIAN_POINT('',(682.,12.0111903772975,234.34077792082));
#10697=CARTESIAN_POINT('',(682.,12.0111903772975,234.34077792082));
#10698=CARTESIAN_POINT('',(674.,12.0111903772975,234.34077792082));
#10699=CARTESIAN_POINT('Origin',(674.,11.7527836868738,234.315639959742));
#10700=CARTESIAN_POINT('',(674.,11.7527836868738,234.315639959742));
#10701=CARTESIAN_POINT('',(674.,11.7527836868738,234.315639959742));
#10702=CARTESIAN_POINT('',(682.,11.7527836868738,234.315639959742));
#10703=CARTESIAN_POINT('',(682.,11.7527836868738,234.315639959742));
#10704=CARTESIAN_POINT('',(674.,11.7527836868738,234.315639959742));
#10705=CARTESIAN_POINT('Origin',(674.,11.4979701016742,234.300891521414));
#10706=CARTESIAN_POINT('',(674.,11.4979701016742,234.300891521414));
#10707=CARTESIAN_POINT('',(674.,11.4979701016742,234.300891521414));
#10708=CARTESIAN_POINT('',(682.,11.4979701016742,234.300891521414));
#10709=CARTESIAN_POINT('',(682.,11.4979701016742,234.300891521414));
#10710=CARTESIAN_POINT('',(674.,11.4979701016742,234.300891521414));
#10711=CARTESIAN_POINT('Origin',(674.,11.2471509818864,234.296761887516));
#10712=CARTESIAN_POINT('',(674.,11.2471509818864,234.296761887516));
#10713=CARTESIAN_POINT('',(674.,11.2471509818864,234.296761887516));
#10714=CARTESIAN_POINT('',(682.,11.2471509818864,234.296761887516));
#10715=CARTESIAN_POINT('',(682.,11.2471509818864,234.296761887516));
#10716=CARTESIAN_POINT('',(674.,11.2471509818864,234.296761887516));
#10717=CARTESIAN_POINT('Origin',(674.,11.0007796922893,234.30357582149));
#10718=CARTESIAN_POINT('',(674.,11.0007796922893,234.30357582149));
#10719=CARTESIAN_POINT('',(674.,11.0007796922893,234.30357582149));
#10720=CARTESIAN_POINT('',(682.,11.0007796922893,234.30357582149));
#10721=CARTESIAN_POINT('',(682.,11.0007796922893,234.30357582149));
#10722=CARTESIAN_POINT('',(674.,11.0007796922893,234.30357582149));
#10723=CARTESIAN_POINT('Origin',(674.,10.7593903490025,234.321805790945));
#10724=CARTESIAN_POINT('',(674.,10.7593903490025,234.321805790945));
#10725=CARTESIAN_POINT('',(674.,10.7593903490025,234.321805790945));
#10726=CARTESIAN_POINT('',(682.,10.7593903490025,234.321805790945));
#10727=CARTESIAN_POINT('',(682.,10.7593903490025,234.321805790945));
#10728=CARTESIAN_POINT('',(674.,10.7593903490025,234.321805790945));
#10729=CARTESIAN_POINT('Origin',(674.,10.5236520097262,234.352170129183));
#10730=CARTESIAN_POINT('',(674.,10.5236520097262,234.352170129183));
#10731=CARTESIAN_POINT('',(674.,10.5236520097262,234.352170129183));
#10732=CARTESIAN_POINT('',(682.,10.5236520097262,234.352170129183));
#10733=CARTESIAN_POINT('',(682.,10.5236520097262,234.352170129183));
#10734=CARTESIAN_POINT('',(674.,10.5236520097262,234.352170129183));
#10735=CARTESIAN_POINT('Origin',(674.,10.2944868649489,234.395846755498));
#10736=CARTESIAN_POINT('',(674.,10.2944868649489,234.395846755498));
#10737=CARTESIAN_POINT('',(674.,10.2944868649489,234.395846755498));
#10738=CARTESIAN_POINT('',(682.,10.2944868649489,234.395846755498));
#10739=CARTESIAN_POINT('',(682.,10.2944868649489,234.395846755498));
#10740=CARTESIAN_POINT('',(674.,10.2944868649489,234.395846755498));
#10741=CARTESIAN_POINT('Origin',(674.,10.0734030026898,234.455074329604));
#10742=CARTESIAN_POINT('',(674.,10.0734030026898,234.455074329604));
#10743=CARTESIAN_POINT('',(674.,10.0734030026898,234.455074329604));
#10744=CARTESIAN_POINT('',(682.,10.0734030026898,234.455074329604));
#10745=CARTESIAN_POINT('',(682.,10.0734030026898,234.455074329604));
#10746=CARTESIAN_POINT('',(674.,10.0734030026898,234.455074329604));
#10747=CARTESIAN_POINT('Origin',(674.,9.86449124237215,234.536758065605));
#10748=CARTESIAN_POINT('',(674.,9.86449124237215,234.536758065605));
#10749=CARTESIAN_POINT('',(674.,9.86449124237215,234.536758065605));
#10750=CARTESIAN_POINT('',(682.,9.86449124237215,234.536758065605));
#10751=CARTESIAN_POINT('',(682.,9.86449124237215,234.536758065605));
#10752=CARTESIAN_POINT('',(674.,9.86449124237215,234.536758065605));
#10753=CARTESIAN_POINT('Origin',(674.,8.85732664239766,235.094555091546));
#10754=CARTESIAN_POINT('',(674.,8.85732664239766,235.094555091546));
#10755=CARTESIAN_POINT('',(674.,8.85732664239766,235.094555091546));
#10756=CARTESIAN_POINT('',(682.,8.85732664239766,235.094555091546));
#10757=CARTESIAN_POINT('',(682.,8.85732664239766,235.094555091546));
#10758=CARTESIAN_POINT('',(674.,8.85732664239766,235.094555091546));
#10759=CARTESIAN_POINT('Origin',(674.,7.92159230987341,233.694129697167));
#10760=CARTESIAN_POINT('',(674.,7.92159230987341,233.694129697167));
#10761=CARTESIAN_POINT('',(674.,7.92159230987341,233.694129697167));
#10762=CARTESIAN_POINT('',(682.,7.92159230987341,233.694129697167));
#10763=CARTESIAN_POINT('',(682.,7.92159230987341,233.694129697167));
#10764=CARTESIAN_POINT('',(674.,7.92159230987341,233.694129697167));
#10765=CARTESIAN_POINT('Origin',(674.,8.82235477151104,232.977090617831));
#10766=CARTESIAN_POINT('',(674.,8.82235477151104,232.977090617831));
#10767=CARTESIAN_POINT('',(674.,8.82235477151104,232.977090617831));
#10768=CARTESIAN_POINT('',(682.,8.82235477151104,232.977090617831));
#10769=CARTESIAN_POINT('',(682.,8.82235477151104,232.977090617831));
#10770=CARTESIAN_POINT('',(674.,8.82235477151104,232.977090617831));
#10771=CARTESIAN_POINT('Origin',(674.,8.9777677728414,232.815340330834));
#10772=CARTESIAN_POINT('',(674.,8.9777677728414,232.815340330834));
#10773=CARTESIAN_POINT('',(674.,8.9777677728414,232.815340330834));
#10774=CARTESIAN_POINT('',(682.,8.9777677728414,232.815340330834));
#10775=CARTESIAN_POINT('',(682.,8.9777677728414,232.815340330834));
#10776=CARTESIAN_POINT('',(674.,8.9777677728414,232.815340330834));
#10777=CARTESIAN_POINT('Origin',(674.,9.11709204756774,232.633750886873));
#10778=CARTESIAN_POINT('',(674.,9.11709204756774,232.633750886873));
#10779=CARTESIAN_POINT('',(674.,9.11709204756774,232.633750886873));
#10780=CARTESIAN_POINT('',(682.,9.11709204756774,232.633750886873));
#10781=CARTESIAN_POINT('',(682.,9.11709204756774,232.633750886873));
#10782=CARTESIAN_POINT('',(674.,9.11709204756774,232.633750886873));
#10783=CARTESIAN_POINT('Origin',(674.,9.24514169285184,232.438744221321));
#10784=CARTESIAN_POINT('',(674.,9.24514169285184,232.438744221321));
#10785=CARTESIAN_POINT('',(674.,9.24514169285184,232.438744221321));
#10786=CARTESIAN_POINT('',(682.,9.24514169285184,232.438744221321));
#10787=CARTESIAN_POINT('',(682.,9.24514169285184,232.438744221321));
#10788=CARTESIAN_POINT('',(674.,9.24514169285184,232.438744221321));
#10789=CARTESIAN_POINT('Origin',(674.,9.3634078402823,232.232570323814));
#10790=CARTESIAN_POINT('',(674.,9.3634078402823,232.232570323814));
#10791=CARTESIAN_POINT('',(674.,9.3634078402823,232.232570323814));
#10792=CARTESIAN_POINT('',(682.,9.3634078402823,232.232570323814));
#10793=CARTESIAN_POINT('',(682.,9.3634078402823,232.232570323814));
#10794=CARTESIAN_POINT('',(674.,9.3634078402823,232.232570323814));
#10795=CARTESIAN_POINT('Origin',(674.,9.47262583836544,232.016531957468));
#10796=CARTESIAN_POINT('',(674.,9.47262583836544,232.016531957468));
#10797=CARTESIAN_POINT('',(674.,9.47262583836544,232.016531957468));
#10798=CARTESIAN_POINT('',(682.,9.47262583836544,232.016531957468));
#10799=CARTESIAN_POINT('',(682.,9.47262583836544,232.016531957468));
#10800=CARTESIAN_POINT('',(674.,9.47262583836544,232.016531957468));
#10801=CARTESIAN_POINT('Origin',(674.,9.57320330323932,231.791522145252));
#10802=CARTESIAN_POINT('',(674.,9.57320330323932,231.791522145252));
#10803=CARTESIAN_POINT('',(674.,9.57320330323932,231.791522145252));
#10804=CARTESIAN_POINT('',(682.,9.57320330323932,231.791522145252));
#10805=CARTESIAN_POINT('',(682.,9.57320330323932,231.791522145252));
#10806=CARTESIAN_POINT('',(674.,9.57320330323932,231.791522145252));
#10807=CARTESIAN_POINT('Origin',(674.,9.66537234066702,231.558215151643));
#10808=CARTESIAN_POINT('',(674.,9.66537234066702,231.558215151643));
#10809=CARTESIAN_POINT('',(674.,9.66537234066702,231.558215151643));
#10810=CARTESIAN_POINT('',(682.,9.66537234066702,231.558215151643));
#10811=CARTESIAN_POINT('',(682.,9.66537234066702,231.558215151643));
#10812=CARTESIAN_POINT('',(674.,9.66537234066702,231.558215151643));
#10813=CARTESIAN_POINT('Origin',(674.,9.74925949775636,231.31715411267));
#10814=CARTESIAN_POINT('',(674.,9.74925949775636,231.31715411267));
#10815=CARTESIAN_POINT('',(674.,9.74925949775636,231.31715411267));
#10816=CARTESIAN_POINT('',(682.,9.74925949775636,231.31715411267));
#10817=CARTESIAN_POINT('',(682.,9.74925949775636,231.31715411267));
#10818=CARTESIAN_POINT('',(674.,9.74925949775636,231.31715411267));
#10819=CARTESIAN_POINT('Origin',(674.,9.82492300926512,231.068797579095));
#10820=CARTESIAN_POINT('',(674.,9.82492300926512,231.068797579095));
#10821=CARTESIAN_POINT('',(674.,9.82492300926512,231.068797579095));
#10822=CARTESIAN_POINT('',(682.,9.82492300926512,231.068797579095));
#10823=CARTESIAN_POINT('',(682.,9.82492300926512,231.068797579095));
#10824=CARTESIAN_POINT('',(674.,9.82492300926512,231.068797579095));
#10825=CARTESIAN_POINT('Origin',(674.,9.89237467462772,230.813546750961));
#10826=CARTESIAN_POINT('',(674.,9.89237467462772,230.813546750961));
#10827=CARTESIAN_POINT('',(674.,9.89237467462772,230.813546750961));
#10828=CARTESIAN_POINT('',(682.,9.89237467462772,230.813546750961));
#10829=CARTESIAN_POINT('',(682.,9.89237467462772,230.813546750961));
#10830=CARTESIAN_POINT('',(674.,9.89237467462772,230.813546750961));
#10831=CARTESIAN_POINT('Origin',(674.,9.18645324903927,230.107625325372));
#10832=CARTESIAN_POINT('',(674.,9.18645324903927,230.107625325372));
#10833=CARTESIAN_POINT('',(674.,9.18645324903927,230.107625325372));
#10834=CARTESIAN_POINT('',(682.,9.18645324903927,230.107625325372));
#10835=CARTESIAN_POINT('',(682.,9.18645324903927,230.107625325372));
#10836=CARTESIAN_POINT('',(674.,9.18645324903927,230.107625325372));
#10837=CARTESIAN_POINT('Origin',(674.,8.93120242090479,230.175076990735));
#10838=CARTESIAN_POINT('',(674.,8.93120242090479,230.175076990735));
#10839=CARTESIAN_POINT('',(674.,8.93120242090479,230.175076990735));
#10840=CARTESIAN_POINT('',(682.,8.93120242090479,230.175076990735));
#10841=CARTESIAN_POINT('',(682.,8.93120242090479,230.175076990735));
#10842=CARTESIAN_POINT('',(674.,8.93120242090479,230.175076990735));
#10843=CARTESIAN_POINT('Origin',(674.,8.68284588733046,230.250740502244));
#10844=CARTESIAN_POINT('',(674.,8.68284588733046,230.250740502244));
#10845=CARTESIAN_POINT('',(674.,8.68284588733046,230.250740502244));
#10846=CARTESIAN_POINT('',(682.,8.68284588733046,230.250740502244));
#10847=CARTESIAN_POINT('',(682.,8.68284588733046,230.250740502244));
#10848=CARTESIAN_POINT('',(674.,8.68284588733046,230.250740502244));
#10849=CARTESIAN_POINT('Origin',(674.,8.44178484835719,230.334627659333));
#10850=CARTESIAN_POINT('',(674.,8.44178484835719,230.334627659333));
#10851=CARTESIAN_POINT('',(674.,8.44178484835719,230.334627659333));
#10852=CARTESIAN_POINT('',(682.,8.44178484835719,230.334627659333));
#10853=CARTESIAN_POINT('',(682.,8.44178484835719,230.334627659333));
#10854=CARTESIAN_POINT('',(674.,8.44178484835719,230.334627659333));
#10855=CARTESIAN_POINT('Origin',(674.,8.20847785474814,230.426796696761));
#10856=CARTESIAN_POINT('',(674.,8.20847785474814,230.426796696761));
#10857=CARTESIAN_POINT('',(674.,8.20847785474814,230.426796696761));
#10858=CARTESIAN_POINT('',(682.,8.20847785474814,230.426796696761));
#10859=CARTESIAN_POINT('',(682.,8.20847785474814,230.426796696761));
#10860=CARTESIAN_POINT('',(674.,8.20847785474814,230.426796696761));
#10861=CARTESIAN_POINT('Origin',(674.,7.98346804253211,230.527374161635));
#10862=CARTESIAN_POINT('',(674.,7.98346804253211,230.527374161635));
#10863=CARTESIAN_POINT('',(674.,7.98346804253211,230.527374161635));
#10864=CARTESIAN_POINT('',(682.,7.98346804253211,230.527374161635));
#10865=CARTESIAN_POINT('',(682.,7.98346804253211,230.527374161635));
#10866=CARTESIAN_POINT('',(674.,7.98346804253211,230.527374161635));
#10867=CARTESIAN_POINT('Origin',(674.,7.76742967618607,230.636592159718));
#10868=CARTESIAN_POINT('',(674.,7.76742967618607,230.636592159718));
#10869=CARTESIAN_POINT('',(674.,7.76742967618607,230.636592159718));
#10870=CARTESIAN_POINT('',(682.,7.76742967618607,230.636592159718));
#10871=CARTESIAN_POINT('',(682.,7.76742967618607,230.636592159718));
#10872=CARTESIAN_POINT('',(674.,7.76742967618607,230.636592159718));
#10873=CARTESIAN_POINT('Origin',(674.,7.56125577867879,230.754858307148));
#10874=CARTESIAN_POINT('',(674.,7.56125577867879,230.754858307148));
#10875=CARTESIAN_POINT('',(674.,7.56125577867879,230.754858307148));
#10876=CARTESIAN_POINT('',(682.,7.56125577867879,230.754858307148));
#10877=CARTESIAN_POINT('',(682.,7.56125577867879,230.754858307148));
#10878=CARTESIAN_POINT('',(674.,7.56125577867879,230.754858307148));
#10879=CARTESIAN_POINT('Origin',(674.,7.36624911312678,230.882907952432));
#10880=CARTESIAN_POINT('',(674.,7.36624911312678,230.882907952432));
#10881=CARTESIAN_POINT('',(674.,7.36624911312678,230.882907952432));
#10882=CARTESIAN_POINT('',(682.,7.36624911312678,230.882907952432));
#10883=CARTESIAN_POINT('',(682.,7.36624911312678,230.882907952432));
#10884=CARTESIAN_POINT('',(674.,7.36624911312678,230.882907952432));
#10885=CARTESIAN_POINT('Origin',(674.,7.1846596691664,231.022232227159));
#10886=CARTESIAN_POINT('',(674.,7.1846596691664,231.022232227159));
#10887=CARTESIAN_POINT('',(674.,7.1846596691664,231.022232227159));
#10888=CARTESIAN_POINT('',(682.,7.1846596691664,231.022232227159));
#10889=CARTESIAN_POINT('',(682.,7.1846596691664,231.022232227159));
#10890=CARTESIAN_POINT('',(674.,7.1846596691664,231.022232227159));
#10891=CARTESIAN_POINT('Origin',(674.,7.02290938216939,231.177645228489));
#10892=CARTESIAN_POINT('',(674.,7.02290938216939,231.177645228489));
#10893=CARTESIAN_POINT('',(674.,7.02290938216939,231.177645228489));
#10894=CARTESIAN_POINT('',(682.,7.02290938216939,231.177645228489));
#10895=CARTESIAN_POINT('',(682.,7.02290938216939,231.177645228489));
#10896=CARTESIAN_POINT('',(674.,7.02290938216939,231.177645228489));
#10897=CARTESIAN_POINT('Origin',(674.,6.30587030283326,232.078407690127));
#10898=CARTESIAN_POINT('',(674.,6.30587030283326,232.078407690127));
#10899=CARTESIAN_POINT('',(674.,6.30587030283326,232.078407690127));
#10900=CARTESIAN_POINT('',(682.,6.30587030283326,232.078407690127));
#10901=CARTESIAN_POINT('',(682.,6.30587030283326,232.078407690127));
#10902=CARTESIAN_POINT('',(674.,6.30587030283326,232.078407690127));
#10903=CARTESIAN_POINT('Origin',(674.,4.90544490845353,231.142673357602));
#10904=CARTESIAN_POINT('',(674.,4.90544490845353,231.142673357602));
#10905=CARTESIAN_POINT('',(674.,4.90544490845353,231.142673357602));
#10906=CARTESIAN_POINT('',(682.,4.90544490845353,231.142673357602));
#10907=CARTESIAN_POINT('',(682.,4.90544490845353,231.142673357602));
#10908=CARTESIAN_POINT('',(674.,4.90544490845353,231.142673357602));
#10909=CARTESIAN_POINT('Origin',(674.,5.46324193439477,230.135508757628));
#10910=CARTESIAN_POINT('',(674.,5.46324193439477,230.135508757628));
#10911=CARTESIAN_POINT('',(674.,5.46324193439477,230.135508757628));
#10912=CARTESIAN_POINT('',(682.,5.46324193439477,230.135508757628));
#10913=CARTESIAN_POINT('',(682.,5.46324193439477,230.135508757628));
#10914=CARTESIAN_POINT('',(674.,5.46324193439477,230.135508757628));
#10915=CARTESIAN_POINT('Origin',(674.,5.54492567039599,229.92659699731));
#10916=CARTESIAN_POINT('',(674.,5.54492567039599,229.92659699731));
#10917=CARTESIAN_POINT('',(674.,5.54492567039599,229.92659699731));
#10918=CARTESIAN_POINT('',(682.,5.54492567039599,229.92659699731));
#10919=CARTESIAN_POINT('',(682.,5.54492567039599,229.92659699731));
#10920=CARTESIAN_POINT('',(674.,5.54492567039599,229.92659699731));
#10921=CARTESIAN_POINT('Origin',(674.,5.6041532445016,229.705513135051));
#10922=CARTESIAN_POINT('',(674.,5.6041532445016,229.705513135051));
#10923=CARTESIAN_POINT('',(674.,5.6041532445016,229.705513135051));
#10924=CARTESIAN_POINT('',(682.,5.6041532445016,229.705513135051));
#10925=CARTESIAN_POINT('',(682.,5.6041532445016,229.705513135051));
#10926=CARTESIAN_POINT('',(674.,5.6041532445016,229.705513135051));
#10927=CARTESIAN_POINT('Origin',(674.,5.64782987081739,229.476347990274));
#10928=CARTESIAN_POINT('',(674.,5.64782987081739,229.476347990274));
#10929=CARTESIAN_POINT('',(674.,5.64782987081739,229.476347990274));
#10930=CARTESIAN_POINT('',(682.,5.64782987081739,229.476347990274));
#10931=CARTESIAN_POINT('',(682.,5.64782987081739,229.476347990274));
#10932=CARTESIAN_POINT('',(674.,5.64782987081739,229.476347990274));
#10933=CARTESIAN_POINT('Origin',(674.,5.67819420905519,229.240609650997));
#10934=CARTESIAN_POINT('',(674.,5.67819420905519,229.240609650997));
#10935=CARTESIAN_POINT('',(674.,5.67819420905519,229.240609650997));
#10936=CARTESIAN_POINT('',(682.,5.67819420905519,229.240609650997));
#10937=CARTESIAN_POINT('',(682.,5.67819420905519,229.240609650997));
#10938=CARTESIAN_POINT('',(674.,5.67819420905519,229.240609650997));
#10939=CARTESIAN_POINT('Origin',(674.,5.69642417851021,228.999220307711));
#10940=CARTESIAN_POINT('',(674.,5.69642417851021,228.999220307711));
#10941=CARTESIAN_POINT('',(674.,5.69642417851021,228.999220307711));
#10942=CARTESIAN_POINT('',(682.,5.69642417851021,228.999220307711));
#10943=CARTESIAN_POINT('',(682.,5.69642417851021,228.999220307711));
#10944=CARTESIAN_POINT('',(674.,5.69642417851021,228.999220307711));
#10945=CARTESIAN_POINT('Origin',(674.,5.70323811248441,228.752849018114));
#10946=CARTESIAN_POINT('',(674.,5.70323811248441,228.752849018114));
#10947=CARTESIAN_POINT('',(674.,5.70323811248441,228.752849018114));
#10948=CARTESIAN_POINT('',(682.,5.70323811248441,228.752849018114));
#10949=CARTESIAN_POINT('',(682.,5.70323811248441,228.752849018114));
#10950=CARTESIAN_POINT('',(674.,5.70323811248441,228.752849018114));
#10951=CARTESIAN_POINT('Origin',(674.,5.69910847858603,228.502029898326));
#10952=CARTESIAN_POINT('',(674.,5.69910847858603,228.502029898326));
#10953=CARTESIAN_POINT('',(674.,5.69910847858603,228.502029898326));
#10954=CARTESIAN_POINT('',(682.,5.69910847858603,228.502029898326));
#10955=CARTESIAN_POINT('',(682.,5.69910847858603,228.502029898326));
#10956=CARTESIAN_POINT('',(674.,5.69910847858603,228.502029898326));
#10957=CARTESIAN_POINT('Origin',(674.,5.68436004025765,228.247216313126));
#10958=CARTESIAN_POINT('',(674.,5.68436004025765,228.247216313126));
#10959=CARTESIAN_POINT('',(674.,5.68436004025765,228.247216313126));
#10960=CARTESIAN_POINT('',(682.,5.68436004025765,228.247216313126));
#10961=CARTESIAN_POINT('',(682.,5.68436004025765,228.247216313126));
#10962=CARTESIAN_POINT('',(674.,5.68436004025765,228.247216313126));
#10963=CARTESIAN_POINT('Origin',(674.,5.65922207918,227.988809622702));
#10964=CARTESIAN_POINT('',(674.,5.65922207918,227.988809622702));
#10965=CARTESIAN_POINT('',(674.,5.65922207918,227.988809622702));
#10966=CARTESIAN_POINT('',(682.,5.65922207918,227.988809622702));
#10967=CARTESIAN_POINT('',(682.,5.65922207918,227.988809622702));
#10968=CARTESIAN_POINT('',(674.,5.65922207918,227.988809622702));
#10969=CARTESIAN_POINT('Origin',(674.,5.62385902921777,227.727175972113));
#10970=CARTESIAN_POINT('',(674.,5.62385902921777,227.727175972113));
#10971=CARTESIAN_POINT('',(674.,5.62385902921777,227.727175972113));
#10972=CARTESIAN_POINT('',(682.,5.62385902921777,227.727175972113));
#10973=CARTESIAN_POINT('',(682.,5.62385902921777,227.727175972113));
#10974=CARTESIAN_POINT('',(674.,5.62385902921777,227.727175972113));
#10975=CARTESIAN_POINT('Origin',(674.,4.70152823843117,227.345134049575));
#10976=CARTESIAN_POINT('',(674.,4.70152823843117,227.345134049575));
#10977=CARTESIAN_POINT('',(674.,4.70152823843117,227.345134049575));
#10978=CARTESIAN_POINT('',(682.,4.70152823843117,227.345134049575));
#10979=CARTESIAN_POINT('',(682.,4.70152823843117,227.345134049575));
#10980=CARTESIAN_POINT('',(674.,4.70152823843117,227.345134049575));
#10981=CARTESIAN_POINT('Origin',(674.,4.49151985748087,227.505131525662));
#10982=CARTESIAN_POINT('',(674.,4.49151985748087,227.505131525662));
#10983=CARTESIAN_POINT('',(674.,4.49151985748087,227.505131525662));
#10984=CARTESIAN_POINT('',(682.,4.49151985748087,227.505131525662));
#10985=CARTESIAN_POINT('',(682.,4.49151985748087,227.505131525662));
#10986=CARTESIAN_POINT('',(674.,4.49151985748087,227.505131525662));
#10987=CARTESIAN_POINT('Origin',(674.,4.29102351163506,227.670077426021));
#10988=CARTESIAN_POINT('',(674.,4.29102351163506,227.670077426021));
#10989=CARTESIAN_POINT('',(674.,4.29102351163506,227.670077426021));
#10990=CARTESIAN_POINT('',(682.,4.29102351163506,227.670077426021));
#10991=CARTESIAN_POINT('',(682.,4.29102351163506,227.670077426021));
#10992=CARTESIAN_POINT('',(674.,4.29102351163506,227.670077426021));
#10993=CARTESIAN_POINT('Origin',(674.,4.10041437684805,227.8398291193));
#10994=CARTESIAN_POINT('',(674.,4.10041437684805,227.8398291193));
#10995=CARTESIAN_POINT('',(674.,4.10041437684805,227.8398291193));
#10996=CARTESIAN_POINT('',(682.,4.10041437684805,227.8398291193));
#10997=CARTESIAN_POINT('',(682.,4.10041437684805,227.8398291193));
#10998=CARTESIAN_POINT('',(674.,4.10041437684805,227.8398291193));
#10999=CARTESIAN_POINT('Origin',(674.,3.92013838426152,228.01426492762));
#11000=CARTESIAN_POINT('',(674.,3.92013838426152,228.01426492762));
#11001=CARTESIAN_POINT('',(674.,3.92013838426152,228.01426492762));
#11002=CARTESIAN_POINT('',(682.,3.92013838426152,228.01426492762));
#11003=CARTESIAN_POINT('',(682.,3.92013838426152,228.01426492762));
#11004=CARTESIAN_POINT('',(674.,3.92013838426152,228.01426492762));
#11005=CARTESIAN_POINT('Origin',(674.,3.75074575361745,228.193293916103));
#11006=CARTESIAN_POINT('',(674.,3.75074575361745,228.193293916103));
#11007=CARTESIAN_POINT('',(674.,3.75074575361745,228.193293916103));
#11008=CARTESIAN_POINT('',(682.,3.75074575361745,228.193293916103));
#11009=CARTESIAN_POINT('',(682.,3.75074575361745,228.193293916103));
#11010=CARTESIAN_POINT('',(674.,3.75074575361745,228.193293916103));
#11011=CARTESIAN_POINT('Origin',(674.,3.59294824709566,228.37687249267));
#11012=CARTESIAN_POINT('',(674.,3.59294824709566,228.37687249267));
#11013=CARTESIAN_POINT('',(674.,3.59294824709566,228.37687249267));
#11014=CARTESIAN_POINT('',(682.,3.59294824709566,228.37687249267));
#11015=CARTESIAN_POINT('',(682.,3.59294824709566,228.37687249267));
#11016=CARTESIAN_POINT('',(674.,3.59294824709566,228.37687249267));
#11017=CARTESIAN_POINT('Origin',(674.,3.44772689828189,228.565035500432));
#11018=CARTESIAN_POINT('',(674.,3.44772689828189,228.565035500432));
#11019=CARTESIAN_POINT('',(674.,3.44772689828189,228.565035500432));
#11020=CARTESIAN_POINT('',(682.,3.44772689828189,228.565035500432));
#11021=CARTESIAN_POINT('',(682.,3.44772689828189,228.565035500432));
#11022=CARTESIAN_POINT('',(674.,3.44772689828189,228.565035500432));
#11023=CARTESIAN_POINT('Origin',(674.,3.31656670904556,228.757963766963));
#11024=CARTESIAN_POINT('',(674.,3.31656670904556,228.757963766963));
#11025=CARTESIAN_POINT('',(674.,3.31656670904556,228.757963766963));
#11026=CARTESIAN_POINT('',(682.,3.31656670904556,228.757963766963));
#11027=CARTESIAN_POINT('',(682.,3.31656670904556,228.757963766963));
#11028=CARTESIAN_POINT('',(674.,3.31656670904556,228.757963766963));
#11029=CARTESIAN_POINT('Origin',(674.,3.20211703011452,228.956173884461));
#11030=CARTESIAN_POINT('',(674.,3.20211703011452,228.956173884461));
#11031=CARTESIAN_POINT('',(674.,3.20211703011452,228.956173884461));
#11032=CARTESIAN_POINT('',(682.,3.20211703011452,228.956173884461));
#11033=CARTESIAN_POINT('',(682.,3.20211703011452,228.956173884461));
#11034=CARTESIAN_POINT('',(674.,3.20211703011452,228.956173884461));
#11035=CARTESIAN_POINT('Origin',(674.,3.11215323136341,229.16165593049));
#11036=CARTESIAN_POINT('',(674.,3.11215323136341,229.16165593049));
#11037=CARTESIAN_POINT('',(674.,3.11215323136341,229.16165593049));
#11038=CARTESIAN_POINT('',(682.,3.11215323136341,229.16165593049));
#11039=CARTESIAN_POINT('',(682.,3.11215323136341,229.16165593049));
#11040=CARTESIAN_POINT('',(674.,3.11215323136341,229.16165593049));
#11041=CARTESIAN_POINT('Origin',(674.,2.79440237251915,230.268250908472));
#11042=CARTESIAN_POINT('',(674.,2.79440237251915,230.268250908472));
#11043=CARTESIAN_POINT('',(674.,2.79440237251915,230.268250908472));
#11044=CARTESIAN_POINT('',(682.,2.79440237251915,230.268250908472));
#11045=CARTESIAN_POINT('',(682.,2.79440237251915,230.268250908472));
#11046=CARTESIAN_POINT('',(674.,2.79440237251915,230.268250908472));
#11047=CARTESIAN_POINT('Origin',(674.,1.14248798769042,229.939664707477));
#11048=CARTESIAN_POINT('',(674.,1.14248798769042,229.939664707477));
#11049=CARTESIAN_POINT('',(674.,1.14248798769042,229.939664707477));
#11050=CARTESIAN_POINT('',(682.,1.14248798769042,229.939664707477));
#11051=CARTESIAN_POINT('',(682.,1.14248798769042,229.939664707477));
#11052=CARTESIAN_POINT('',(674.,1.14248798769042,229.939664707477));
#11053=CARTESIAN_POINT('Origin',(674.,1.27240003717835,228.79570626724));
#11054=CARTESIAN_POINT('',(674.,1.27240003717835,228.79570626724));
#11055=CARTESIAN_POINT('',(674.,1.27240003717835,228.79570626724));
#11056=CARTESIAN_POINT('',(682.,1.27240003717835,228.79570626724));
#11057=CARTESIAN_POINT('',(682.,1.27240003717835,228.79570626724));
#11058=CARTESIAN_POINT('',(674.,1.27240003717835,228.79570626724));
#11059=CARTESIAN_POINT('Origin',(674.,1.26791889950914,228.571437955321));
#11060=CARTESIAN_POINT('',(674.,1.26791889950914,228.571437955321));
#11061=CARTESIAN_POINT('',(674.,1.26791889950914,228.571437955321));
#11062=CARTESIAN_POINT('',(682.,1.26791889950914,228.571437955321));
#11063=CARTESIAN_POINT('',(682.,1.26791889950914,228.571437955321));
#11064=CARTESIAN_POINT('',(674.,1.26791889950914,228.571437955321));
#11065=CARTESIAN_POINT('Origin',(674.,1.23803291173576,228.344517688662));
#11066=CARTESIAN_POINT('',(674.,1.23803291173576,228.344517688662));
#11067=CARTESIAN_POINT('',(674.,1.23803291173576,228.344517688662));
#11068=CARTESIAN_POINT('',(682.,1.23803291173576,228.344517688662));
#11069=CARTESIAN_POINT('',(682.,1.23803291173576,228.344517688662));
#11070=CARTESIAN_POINT('',(674.,1.23803291173576,228.344517688662));
#11071=CARTESIAN_POINT('Origin',(674.,1.19068714865627,228.116082380564));
#11072=CARTESIAN_POINT('',(674.,1.19068714865627,228.116082380564));
#11073=CARTESIAN_POINT('',(674.,1.19068714865627,228.116082380564));
#11074=CARTESIAN_POINT('',(682.,1.19068714865627,228.116082380564));
#11075=CARTESIAN_POINT('',(682.,1.19068714865627,228.116082380564));
#11076=CARTESIAN_POINT('',(674.,1.19068714865627,228.116082380564));
#11077=CARTESIAN_POINT('Origin',(674.,1.1285269824581,227.8866686247));
#11078=CARTESIAN_POINT('',(674.,1.1285269824581,227.8866686247));
#11079=CARTESIAN_POINT('',(674.,1.1285269824581,227.8866686247));
#11080=CARTESIAN_POINT('',(682.,1.1285269824581,227.8866686247));
#11081=CARTESIAN_POINT('',(682.,1.1285269824581,227.8866686247));
#11082=CARTESIAN_POINT('',(674.,1.1285269824581,227.8866686247));
#11083=CARTESIAN_POINT('Origin',(674.,1.05299357569055,227.656677643788));
#11084=CARTESIAN_POINT('',(674.,1.05299357569055,227.656677643788));
#11085=CARTESIAN_POINT('',(674.,1.05299357569055,227.656677643788));
#11086=CARTESIAN_POINT('',(682.,1.05299357569055,227.656677643788));
#11087=CARTESIAN_POINT('',(682.,1.05299357569055,227.656677643788));
#11088=CARTESIAN_POINT('',(674.,1.05299357569055,227.656677643788));
#11089=CARTESIAN_POINT('Origin',(674.,0.965006619085966,227.42645267229));
#11090=CARTESIAN_POINT('',(674.,0.965006619085966,227.42645267229));
#11091=CARTESIAN_POINT('',(674.,0.965006619085966,227.42645267229));
#11092=CARTESIAN_POINT('',(682.,0.965006619085966,227.42645267229));
#11093=CARTESIAN_POINT('',(682.,0.965006619085966,227.42645267229));
#11094=CARTESIAN_POINT('',(674.,0.965006619085966,227.42645267229));
#11095=CARTESIAN_POINT('Origin',(674.,0.865207013187319,227.19630636363));
#11096=CARTESIAN_POINT('',(674.,0.865207013187319,227.19630636363));
#11097=CARTESIAN_POINT('',(674.,0.865207013187319,227.19630636363));
#11098=CARTESIAN_POINT('',(682.,0.865207013187319,227.19630636363));
#11099=CARTESIAN_POINT('',(682.,0.865207013187319,227.19630636363));
#11100=CARTESIAN_POINT('',(674.,0.865207013187319,227.19630636363));
#11101=CARTESIAN_POINT('Origin',(674.,0.754068295481784,226.96653329066));
#11102=CARTESIAN_POINT('',(674.,0.754068295481784,226.96653329066));
#11103=CARTESIAN_POINT('',(674.,0.754068295481784,226.96653329066));
#11104=CARTESIAN_POINT('',(682.,0.754068295481783,226.96653329066));
#11105=CARTESIAN_POINT('',(682.,0.754068295481784,226.96653329066));
#11106=CARTESIAN_POINT('',(674.,0.754068295481784,226.96653329066));
#11107=CARTESIAN_POINT('Origin',(674.,0.631955888515615,226.737416519541));
#11108=CARTESIAN_POINT('',(674.,0.631955888515615,226.737416519541));
#11109=CARTESIAN_POINT('',(674.,0.631955888515615,226.737416519541));
#11110=CARTESIAN_POINT('',(682.,0.631955888515615,226.737416519541));
#11111=CARTESIAN_POINT('',(682.,0.631955888515615,226.737416519541));
#11112=CARTESIAN_POINT('',(674.,0.631955888515615,226.737416519541));
#11113=CARTESIAN_POINT('Origin',(674.,0.499161827018467,226.509231398084));
#11114=CARTESIAN_POINT('',(674.,0.499161827018467,226.509231398084));
#11115=CARTESIAN_POINT('',(674.,0.499161827018467,226.509231398084));
#11116=CARTESIAN_POINT('',(682.,0.499161827018466,226.509231398084));
#11117=CARTESIAN_POINT('',(682.,0.499161827018467,226.509231398084));
#11118=CARTESIAN_POINT('',(674.,0.499161827018467,226.509231398084));
#11119=CARTESIAN_POINT('Origin',(674.,-0.499161827018472,226.509231398084));
#11120=CARTESIAN_POINT('',(674.,-0.499161827018472,226.509231398084));
#11121=CARTESIAN_POINT('',(674.,-0.499161827018472,226.509231398084));
#11122=CARTESIAN_POINT('',(682.,-0.499161827018472,226.509231398084));
#11123=CARTESIAN_POINT('',(682.,-0.499161827018472,226.509231398084));
#11124=CARTESIAN_POINT('',(674.,-0.499161827018472,226.509231398084));
#11125=CARTESIAN_POINT('Origin',(674.,-0.63195588851562,226.737416519541));
#11126=CARTESIAN_POINT('',(674.,-0.63195588851562,226.737416519541));
#11127=CARTESIAN_POINT('',(674.,-0.63195588851562,226.737416519541));
#11128=CARTESIAN_POINT('',(682.,-0.63195588851562,226.737416519541));
#11129=CARTESIAN_POINT('',(682.,-0.63195588851562,226.737416519541));
#11130=CARTESIAN_POINT('',(674.,-0.63195588851562,226.737416519541));
#11131=CARTESIAN_POINT('Origin',(674.,-0.754068295481789,226.96653329066));
#11132=CARTESIAN_POINT('',(674.,-0.754068295481789,226.96653329066));
#11133=CARTESIAN_POINT('',(674.,-0.754068295481789,226.96653329066));
#11134=CARTESIAN_POINT('',(682.,-0.754068295481788,226.96653329066));
#11135=CARTESIAN_POINT('',(682.,-0.754068295481789,226.96653329066));
#11136=CARTESIAN_POINT('',(674.,-0.754068295481789,226.96653329066));
#11137=CARTESIAN_POINT('Origin',(674.,-0.865207013187324,227.19630636363));
#11138=CARTESIAN_POINT('',(674.,-0.865207013187324,227.19630636363));
#11139=CARTESIAN_POINT('',(674.,-0.865207013187324,227.19630636363));
#11140=CARTESIAN_POINT('',(682.,-0.865207013187325,227.19630636363));
#11141=CARTESIAN_POINT('',(682.,-0.865207013187324,227.19630636363));
#11142=CARTESIAN_POINT('',(674.,-0.865207013187324,227.19630636363));
#11143=CARTESIAN_POINT('Origin',(674.,-0.965006619085971,227.42645267229));
#11144=CARTESIAN_POINT('',(674.,-0.965006619085971,227.42645267229));
#11145=CARTESIAN_POINT('',(674.,-0.965006619085971,227.42645267229));
#11146=CARTESIAN_POINT('',(682.,-0.96500661908597,227.42645267229));
#11147=CARTESIAN_POINT('',(682.,-0.965006619085971,227.42645267229));
#11148=CARTESIAN_POINT('',(674.,-0.965006619085971,227.42645267229));
#11149=CARTESIAN_POINT('Origin',(674.,-1.05299357569056,227.656677643788));
#11150=CARTESIAN_POINT('',(674.,-1.05299357569056,227.656677643788));
#11151=CARTESIAN_POINT('',(674.,-1.05299357569056,227.656677643788));
#11152=CARTESIAN_POINT('',(682.,-1.05299357569056,227.656677643788));
#11153=CARTESIAN_POINT('',(682.,-1.05299357569056,227.656677643788));
#11154=CARTESIAN_POINT('',(674.,-1.05299357569056,227.656677643788));
#11155=CARTESIAN_POINT('Origin',(674.,-1.1285269824581,227.8866686247));
#11156=CARTESIAN_POINT('',(674.,-1.1285269824581,227.8866686247));
#11157=CARTESIAN_POINT('',(674.,-1.1285269824581,227.8866686247));
#11158=CARTESIAN_POINT('',(682.,-1.1285269824581,227.8866686247));
#11159=CARTESIAN_POINT('',(682.,-1.1285269824581,227.8866686247));
#11160=CARTESIAN_POINT('',(674.,-1.1285269824581,227.8866686247));
#11161=CARTESIAN_POINT('Origin',(674.,-1.19068714865627,228.116082380564));
#11162=CARTESIAN_POINT('',(674.,-1.19068714865627,228.116082380564));
#11163=CARTESIAN_POINT('',(674.,-1.19068714865627,228.116082380564));
#11164=CARTESIAN_POINT('',(682.,-1.19068714865627,228.116082380564));
#11165=CARTESIAN_POINT('',(682.,-1.19068714865627,228.116082380564));
#11166=CARTESIAN_POINT('',(674.,-1.19068714865627,228.116082380564));
#11167=CARTESIAN_POINT('Origin',(674.,-1.23803291173576,228.344517688662));
#11168=CARTESIAN_POINT('',(674.,-1.23803291173576,228.344517688662));
#11169=CARTESIAN_POINT('',(674.,-1.23803291173576,228.344517688662));
#11170=CARTESIAN_POINT('',(682.,-1.23803291173576,228.344517688662));
#11171=CARTESIAN_POINT('',(682.,-1.23803291173576,228.344517688662));
#11172=CARTESIAN_POINT('',(674.,-1.23803291173576,228.344517688662));
#11173=CARTESIAN_POINT('Origin',(674.,-1.26791889950915,228.571437955321));
#11174=CARTESIAN_POINT('',(674.,-1.26791889950915,228.571437955321));
#11175=CARTESIAN_POINT('',(674.,-1.26791889950915,228.571437955321));
#11176=CARTESIAN_POINT('',(682.,-1.26791889950915,228.571437955321));
#11177=CARTESIAN_POINT('',(682.,-1.26791889950915,228.571437955321));
#11178=CARTESIAN_POINT('',(674.,-1.26791889950915,228.571437955321));
#11179=CARTESIAN_POINT('Origin',(674.,-1.27240003717835,228.79570626724));
#11180=CARTESIAN_POINT('',(674.,-1.27240003717835,228.79570626724));
#11181=CARTESIAN_POINT('',(674.,-1.27240003717835,228.79570626724));
#11182=CARTESIAN_POINT('',(682.,-1.27240003717835,228.79570626724));
#11183=CARTESIAN_POINT('',(682.,-1.27240003717835,228.79570626724));
#11184=CARTESIAN_POINT('',(674.,-1.27240003717835,228.79570626724));
#11185=CARTESIAN_POINT('Origin',(674.,-1.14248798769042,229.939664707477));
#11186=CARTESIAN_POINT('',(674.,-1.14248798769042,229.939664707477));
#11187=CARTESIAN_POINT('',(674.,-1.14248798769042,229.939664707477));
#11188=CARTESIAN_POINT('',(682.,-1.14248798769042,229.939664707477));
#11189=CARTESIAN_POINT('',(682.,-1.14248798769042,229.939664707477));
#11190=CARTESIAN_POINT('',(674.,-1.14248798769042,229.939664707477));
#11191=CARTESIAN_POINT('Origin',(674.,-2.79440237251915,230.268250908472));
#11192=CARTESIAN_POINT('',(674.,-2.79440237251915,230.268250908472));
#11193=CARTESIAN_POINT('',(674.,-2.79440237251915,230.268250908472));
#11194=CARTESIAN_POINT('',(682.,-2.79440237251915,230.268250908472));
#11195=CARTESIAN_POINT('',(682.,-2.79440237251915,230.268250908472));
#11196=CARTESIAN_POINT('',(674.,-2.79440237251915,230.268250908472));
#11197=CARTESIAN_POINT('Origin',(674.,-3.11215323136342,229.16165593049));
#11198=CARTESIAN_POINT('',(674.,-3.11215323136342,229.16165593049));
#11199=CARTESIAN_POINT('',(674.,-3.11215323136342,229.16165593049));
#11200=CARTESIAN_POINT('',(682.,-3.11215323136342,229.16165593049));
#11201=CARTESIAN_POINT('',(682.,-3.11215323136342,229.16165593049));
#11202=CARTESIAN_POINT('',(674.,-3.11215323136342,229.16165593049));
#11203=CARTESIAN_POINT('Origin',(674.,-3.20211703011452,228.956173884461));
#11204=CARTESIAN_POINT('',(674.,-3.20211703011452,228.956173884461));
#11205=CARTESIAN_POINT('',(674.,-3.20211703011452,228.956173884461));
#11206=CARTESIAN_POINT('',(682.,-3.20211703011452,228.956173884461));
#11207=CARTESIAN_POINT('',(682.,-3.20211703011452,228.956173884461));
#11208=CARTESIAN_POINT('',(674.,-3.20211703011452,228.956173884461));
#11209=CARTESIAN_POINT('Origin',(674.,-3.31656670904557,228.757963766963));
#11210=CARTESIAN_POINT('',(674.,-3.31656670904557,228.757963766963));
#11211=CARTESIAN_POINT('',(674.,-3.31656670904557,228.757963766963));
#11212=CARTESIAN_POINT('',(682.,-3.31656670904557,228.757963766963));
#11213=CARTESIAN_POINT('',(682.,-3.31656670904557,228.757963766963));
#11214=CARTESIAN_POINT('',(674.,-3.31656670904557,228.757963766963));
#11215=CARTESIAN_POINT('Origin',(674.,-3.4477268982819,228.565035500432));
#11216=CARTESIAN_POINT('',(674.,-3.4477268982819,228.565035500432));
#11217=CARTESIAN_POINT('',(674.,-3.4477268982819,228.565035500432));
#11218=CARTESIAN_POINT('',(682.,-3.4477268982819,228.565035500432));
#11219=CARTESIAN_POINT('',(682.,-3.4477268982819,228.565035500432));
#11220=CARTESIAN_POINT('',(674.,-3.4477268982819,228.565035500432));
#11221=CARTESIAN_POINT('Origin',(674.,-3.59294824709567,228.37687249267));
#11222=CARTESIAN_POINT('',(674.,-3.59294824709567,228.37687249267));
#11223=CARTESIAN_POINT('',(674.,-3.59294824709567,228.37687249267));
#11224=CARTESIAN_POINT('',(682.,-3.59294824709567,228.37687249267));
#11225=CARTESIAN_POINT('',(682.,-3.59294824709567,228.37687249267));
#11226=CARTESIAN_POINT('',(674.,-3.59294824709567,228.37687249267));
#11227=CARTESIAN_POINT('Origin',(674.,-3.75074575361745,228.193293916103));
#11228=CARTESIAN_POINT('',(674.,-3.75074575361745,228.193293916103));
#11229=CARTESIAN_POINT('',(674.,-3.75074575361745,228.193293916103));
#11230=CARTESIAN_POINT('',(682.,-3.75074575361745,228.193293916103));
#11231=CARTESIAN_POINT('',(682.,-3.75074575361745,228.193293916103));
#11232=CARTESIAN_POINT('',(674.,-3.75074575361745,228.193293916103));
#11233=CARTESIAN_POINT('Origin',(674.,-3.92013838426153,228.01426492762));
#11234=CARTESIAN_POINT('',(674.,-3.92013838426153,228.01426492762));
#11235=CARTESIAN_POINT('',(674.,-3.92013838426153,228.01426492762));
#11236=CARTESIAN_POINT('',(682.,-3.92013838426153,228.01426492762));
#11237=CARTESIAN_POINT('',(682.,-3.92013838426153,228.01426492762));
#11238=CARTESIAN_POINT('',(674.,-3.92013838426153,228.01426492762));
#11239=CARTESIAN_POINT('Origin',(674.,-4.10041437684806,227.8398291193));
#11240=CARTESIAN_POINT('',(674.,-4.10041437684806,227.8398291193));
#11241=CARTESIAN_POINT('',(674.,-4.10041437684806,227.8398291193));
#11242=CARTESIAN_POINT('',(682.,-4.10041437684806,227.8398291193));
#11243=CARTESIAN_POINT('',(682.,-4.10041437684806,227.8398291193));
#11244=CARTESIAN_POINT('',(674.,-4.10041437684806,227.8398291193));
#11245=CARTESIAN_POINT('Origin',(674.,-4.29102351163506,227.670077426021));
#11246=CARTESIAN_POINT('',(674.,-4.29102351163506,227.670077426021));
#11247=CARTESIAN_POINT('',(674.,-4.29102351163506,227.670077426021));
#11248=CARTESIAN_POINT('',(682.,-4.29102351163507,227.670077426021));
#11249=CARTESIAN_POINT('',(682.,-4.29102351163506,227.670077426021));
#11250=CARTESIAN_POINT('',(674.,-4.29102351163506,227.670077426021));
#11251=CARTESIAN_POINT('Origin',(674.,-4.49151985748088,227.505131525662));
#11252=CARTESIAN_POINT('',(674.,-4.49151985748088,227.505131525662));
#11253=CARTESIAN_POINT('',(674.,-4.49151985748088,227.505131525662));
#11254=CARTESIAN_POINT('',(682.,-4.49151985748088,227.505131525662));
#11255=CARTESIAN_POINT('',(682.,-4.49151985748088,227.505131525662));
#11256=CARTESIAN_POINT('',(674.,-4.49151985748088,227.505131525662));
#11257=CARTESIAN_POINT('Origin',(674.,-4.70152823843117,227.345134049575));
#11258=CARTESIAN_POINT('',(674.,-4.70152823843117,227.345134049575));
#11259=CARTESIAN_POINT('',(674.,-4.70152823843117,227.345134049575));
#11260=CARTESIAN_POINT('',(682.,-4.70152823843117,227.345134049575));
#11261=CARTESIAN_POINT('',(682.,-4.70152823843117,227.345134049575));
#11262=CARTESIAN_POINT('',(674.,-4.70152823843117,227.345134049575));
#11263=CARTESIAN_POINT('Origin',(674.,-5.62385902921778,227.727175972113));
#11264=CARTESIAN_POINT('',(674.,-5.62385902921778,227.727175972113));
#11265=CARTESIAN_POINT('',(674.,-5.62385902921778,227.727175972113));
#11266=CARTESIAN_POINT('',(682.,-5.62385902921778,227.727175972113));
#11267=CARTESIAN_POINT('',(682.,-5.62385902921778,227.727175972113));
#11268=CARTESIAN_POINT('',(674.,-5.62385902921778,227.727175972113));
#11269=CARTESIAN_POINT('Origin',(674.,-5.65922207918,227.988809622702));
#11270=CARTESIAN_POINT('',(674.,-5.65922207918,227.988809622702));
#11271=CARTESIAN_POINT('',(674.,-5.65922207918,227.988809622702));
#11272=CARTESIAN_POINT('',(682.,-5.65922207918001,227.988809622702));
#11273=CARTESIAN_POINT('',(682.,-5.65922207918,227.988809622702));
#11274=CARTESIAN_POINT('',(674.,-5.65922207918,227.988809622702));
#11275=CARTESIAN_POINT('Origin',(674.,-5.68436004025766,228.247216313126));
#11276=CARTESIAN_POINT('',(674.,-5.68436004025766,228.247216313126));
#11277=CARTESIAN_POINT('',(674.,-5.68436004025766,228.247216313126));
#11278=CARTESIAN_POINT('',(682.,-5.68436004025766,228.247216313126));
#11279=CARTESIAN_POINT('',(682.,-5.68436004025766,228.247216313126));
#11280=CARTESIAN_POINT('',(674.,-5.68436004025766,228.247216313126));
#11281=CARTESIAN_POINT('Origin',(674.,-5.69910847858604,228.502029898326));
#11282=CARTESIAN_POINT('',(674.,-5.69910847858604,228.502029898326));
#11283=CARTESIAN_POINT('',(674.,-5.69910847858604,228.502029898326));
#11284=CARTESIAN_POINT('',(682.,-5.69910847858604,228.502029898326));
#11285=CARTESIAN_POINT('',(682.,-5.69910847858604,228.502029898326));
#11286=CARTESIAN_POINT('',(674.,-5.69910847858604,228.502029898326));
#11287=CARTESIAN_POINT('Origin',(674.,-5.70323811248441,228.752849018114));
#11288=CARTESIAN_POINT('',(674.,-5.70323811248441,228.752849018114));
#11289=CARTESIAN_POINT('',(674.,-5.70323811248441,228.752849018114));
#11290=CARTESIAN_POINT('',(682.,-5.70323811248441,228.752849018114));
#11291=CARTESIAN_POINT('',(682.,-5.70323811248441,228.752849018114));
#11292=CARTESIAN_POINT('',(674.,-5.70323811248441,228.752849018114));
#11293=CARTESIAN_POINT('Origin',(674.,-5.69642417851021,228.999220307711));
#11294=CARTESIAN_POINT('',(674.,-5.69642417851021,228.999220307711));
#11295=CARTESIAN_POINT('',(674.,-5.69642417851021,228.999220307711));
#11296=CARTESIAN_POINT('',(682.,-5.69642417851021,228.999220307711));
#11297=CARTESIAN_POINT('',(682.,-5.69642417851021,228.999220307711));
#11298=CARTESIAN_POINT('',(674.,-5.69642417851021,228.999220307711));
#11299=CARTESIAN_POINT('Origin',(674.,-5.67819420905519,229.240609650997));
#11300=CARTESIAN_POINT('',(674.,-5.67819420905519,229.240609650997));
#11301=CARTESIAN_POINT('',(674.,-5.67819420905519,229.240609650997));
#11302=CARTESIAN_POINT('',(682.,-5.67819420905519,229.240609650997));
#11303=CARTESIAN_POINT('',(682.,-5.67819420905519,229.240609650997));
#11304=CARTESIAN_POINT('',(674.,-5.67819420905519,229.240609650997));
#11305=CARTESIAN_POINT('Origin',(674.,-5.6478298708174,229.476347990274));
#11306=CARTESIAN_POINT('',(674.,-5.6478298708174,229.476347990274));
#11307=CARTESIAN_POINT('',(674.,-5.6478298708174,229.476347990274));
#11308=CARTESIAN_POINT('',(682.,-5.6478298708174,229.476347990274));
#11309=CARTESIAN_POINT('',(682.,-5.6478298708174,229.476347990274));
#11310=CARTESIAN_POINT('',(674.,-5.6478298708174,229.476347990274));
#11311=CARTESIAN_POINT('Origin',(674.,-5.60415324450161,229.705513135051));
#11312=CARTESIAN_POINT('',(674.,-5.60415324450161,229.705513135051));
#11313=CARTESIAN_POINT('',(674.,-5.60415324450161,229.705513135051));
#11314=CARTESIAN_POINT('',(682.,-5.60415324450161,229.705513135051));
#11315=CARTESIAN_POINT('',(682.,-5.60415324450161,229.705513135051));
#11316=CARTESIAN_POINT('',(674.,-5.60415324450161,229.705513135051));
#11317=CARTESIAN_POINT('Origin',(674.,-5.54492567039599,229.92659699731));
#11318=CARTESIAN_POINT('',(674.,-5.54492567039599,229.92659699731));
#11319=CARTESIAN_POINT('',(674.,-5.54492567039599,229.92659699731));
#11320=CARTESIAN_POINT('',(682.,-5.54492567039599,229.92659699731));
#11321=CARTESIAN_POINT('',(682.,-5.54492567039599,229.92659699731));
#11322=CARTESIAN_POINT('',(674.,-5.54492567039599,229.92659699731));
#11323=CARTESIAN_POINT('Origin',(674.,-5.46324193439477,230.135508757628));
#11324=CARTESIAN_POINT('',(674.,-5.46324193439477,230.135508757628));
#11325=CARTESIAN_POINT('',(674.,-5.46324193439477,230.135508757628));
#11326=CARTESIAN_POINT('',(682.,-5.46324193439477,230.135508757628));
#11327=CARTESIAN_POINT('',(682.,-5.46324193439477,230.135508757628));
#11328=CARTESIAN_POINT('',(674.,-5.46324193439477,230.135508757628));
#11329=CARTESIAN_POINT('Origin',(674.,-4.90544490845353,231.142673357602));
#11330=CARTESIAN_POINT('',(674.,-4.90544490845353,231.142673357602));
#11331=CARTESIAN_POINT('',(674.,-4.90544490845353,231.142673357602));
#11332=CARTESIAN_POINT('',(682.,-4.90544490845353,231.142673357602));
#11333=CARTESIAN_POINT('',(682.,-4.90544490845353,231.142673357602));
#11334=CARTESIAN_POINT('',(674.,-4.90544490845353,231.142673357602));
#11335=CARTESIAN_POINT('Origin',(674.,-6.30587030283327,232.078407690127));
#11336=CARTESIAN_POINT('',(674.,-6.30587030283327,232.078407690127));
#11337=CARTESIAN_POINT('',(674.,-6.30587030283327,232.078407690127));
#11338=CARTESIAN_POINT('',(682.,-6.30587030283327,232.078407690127));
#11339=CARTESIAN_POINT('',(682.,-6.30587030283327,232.078407690127));
#11340=CARTESIAN_POINT('',(674.,-6.30587030283327,232.078407690127));
#11341=CARTESIAN_POINT('Origin',(674.,-7.02290938216939,231.177645228489));
#11342=CARTESIAN_POINT('',(674.,-7.02290938216939,231.177645228489));
#11343=CARTESIAN_POINT('',(674.,-7.02290938216939,231.177645228489));
#11344=CARTESIAN_POINT('',(682.,-7.02290938216939,231.177645228489));
#11345=CARTESIAN_POINT('',(682.,-7.02290938216939,231.177645228489));
#11346=CARTESIAN_POINT('',(674.,-7.02290938216939,231.177645228489));
#11347=CARTESIAN_POINT('Origin',(674.,-7.1846596691664,231.022232227159));
#11348=CARTESIAN_POINT('',(674.,-7.1846596691664,231.022232227159));
#11349=CARTESIAN_POINT('',(674.,-7.1846596691664,231.022232227159));
#11350=CARTESIAN_POINT('',(682.,-7.1846596691664,231.022232227159));
#11351=CARTESIAN_POINT('',(682.,-7.1846596691664,231.022232227159));
#11352=CARTESIAN_POINT('',(674.,-7.1846596691664,231.022232227159));
#11353=CARTESIAN_POINT('Origin',(674.,-7.36624911312678,230.882907952432));
#11354=CARTESIAN_POINT('',(674.,-7.36624911312678,230.882907952432));
#11355=CARTESIAN_POINT('',(674.,-7.36624911312678,230.882907952432));
#11356=CARTESIAN_POINT('',(682.,-7.36624911312678,230.882907952432));
#11357=CARTESIAN_POINT('',(682.,-7.36624911312678,230.882907952432));
#11358=CARTESIAN_POINT('',(674.,-7.36624911312678,230.882907952432));
#11359=CARTESIAN_POINT('Origin',(674.,-7.5612557786788,230.754858307148));
#11360=CARTESIAN_POINT('',(674.,-7.5612557786788,230.754858307148));
#11361=CARTESIAN_POINT('',(674.,-7.5612557786788,230.754858307148));
#11362=CARTESIAN_POINT('',(682.,-7.5612557786788,230.754858307148));
#11363=CARTESIAN_POINT('',(682.,-7.5612557786788,230.754858307148));
#11364=CARTESIAN_POINT('',(674.,-7.5612557786788,230.754858307148));
#11365=CARTESIAN_POINT('Origin',(674.,-7.76742967618608,230.636592159718));
#11366=CARTESIAN_POINT('',(674.,-7.76742967618608,230.636592159718));
#11367=CARTESIAN_POINT('',(674.,-7.76742967618608,230.636592159718));
#11368=CARTESIAN_POINT('',(682.,-7.76742967618607,230.636592159718));
#11369=CARTESIAN_POINT('',(682.,-7.76742967618608,230.636592159718));
#11370=CARTESIAN_POINT('',(674.,-7.76742967618608,230.636592159718));
#11371=CARTESIAN_POINT('Origin',(674.,-7.98346804253212,230.527374161635));
#11372=CARTESIAN_POINT('',(674.,-7.98346804253212,230.527374161635));
#11373=CARTESIAN_POINT('',(674.,-7.98346804253212,230.527374161635));
#11374=CARTESIAN_POINT('',(682.,-7.98346804253212,230.527374161635));
#11375=CARTESIAN_POINT('',(682.,-7.98346804253212,230.527374161635));
#11376=CARTESIAN_POINT('',(674.,-7.98346804253212,230.527374161635));
#11377=CARTESIAN_POINT('Origin',(674.,-8.20847785474814,230.426796696761));
#11378=CARTESIAN_POINT('',(674.,-8.20847785474814,230.426796696761));
#11379=CARTESIAN_POINT('',(674.,-8.20847785474814,230.426796696761));
#11380=CARTESIAN_POINT('',(682.,-8.20847785474814,230.426796696761));
#11381=CARTESIAN_POINT('',(682.,-8.20847785474814,230.426796696761));
#11382=CARTESIAN_POINT('',(674.,-8.20847785474814,230.426796696761));
#11383=CARTESIAN_POINT('Origin',(674.,-8.4417848483572,230.334627659333));
#11384=CARTESIAN_POINT('',(674.,-8.4417848483572,230.334627659333));
#11385=CARTESIAN_POINT('',(674.,-8.4417848483572,230.334627659333));
#11386=CARTESIAN_POINT('',(682.,-8.4417848483572,230.334627659333));
#11387=CARTESIAN_POINT('',(682.,-8.4417848483572,230.334627659333));
#11388=CARTESIAN_POINT('',(674.,-8.4417848483572,230.334627659333));
#11389=CARTESIAN_POINT('Origin',(674.,-8.68284588733046,230.250740502244));
#11390=CARTESIAN_POINT('',(674.,-8.68284588733046,230.250740502244));
#11391=CARTESIAN_POINT('',(674.,-8.68284588733046,230.250740502244));
#11392=CARTESIAN_POINT('',(682.,-8.68284588733046,230.250740502244));
#11393=CARTESIAN_POINT('',(682.,-8.68284588733046,230.250740502244));
#11394=CARTESIAN_POINT('',(674.,-8.68284588733046,230.250740502244));
#11395=CARTESIAN_POINT('Origin',(674.,-8.93120242090479,230.175076990735));
#11396=CARTESIAN_POINT('',(674.,-8.93120242090479,230.175076990735));
#11397=CARTESIAN_POINT('',(674.,-8.93120242090479,230.175076990735));
#11398=CARTESIAN_POINT('',(682.,-8.93120242090479,230.175076990735));
#11399=CARTESIAN_POINT('',(682.,-8.93120242090479,230.175076990735));
#11400=CARTESIAN_POINT('',(674.,-8.93120242090479,230.175076990735));
#11401=CARTESIAN_POINT('Origin',(674.,-9.18645324903927,230.107625325372));
#11402=CARTESIAN_POINT('',(674.,-9.18645324903927,230.107625325372));
#11403=CARTESIAN_POINT('',(674.,-9.18645324903927,230.107625325372));
#11404=CARTESIAN_POINT('',(682.,-9.18645324903927,230.107625325372));
#11405=CARTESIAN_POINT('',(682.,-9.18645324903927,230.107625325372));
#11406=CARTESIAN_POINT('',(674.,-9.18645324903927,230.107625325372));
#11407=CARTESIAN_POINT('Origin',(674.,-9.89237467462772,230.813546750961));
#11408=CARTESIAN_POINT('',(674.,-9.89237467462772,230.813546750961));
#11409=CARTESIAN_POINT('',(674.,-9.89237467462772,230.813546750961));
#11410=CARTESIAN_POINT('',(682.,-9.89237467462772,230.813546750961));
#11411=CARTESIAN_POINT('',(682.,-9.89237467462772,230.813546750961));
#11412=CARTESIAN_POINT('',(674.,-9.89237467462772,230.813546750961));
#11413=CARTESIAN_POINT('Origin',(674.,-9.82492300926512,231.068797579095));
#11414=CARTESIAN_POINT('',(674.,-9.82492300926512,231.068797579095));
#11415=CARTESIAN_POINT('',(674.,-9.82492300926512,231.068797579095));
#11416=CARTESIAN_POINT('',(682.,-9.82492300926512,231.068797579095));
#11417=CARTESIAN_POINT('',(682.,-9.82492300926512,231.068797579095));
#11418=CARTESIAN_POINT('',(674.,-9.82492300926512,231.068797579095));
#11419=CARTESIAN_POINT('Origin',(674.,-9.74925949775637,231.31715411267));
#11420=CARTESIAN_POINT('',(674.,-9.74925949775637,231.31715411267));
#11421=CARTESIAN_POINT('',(674.,-9.74925949775637,231.31715411267));
#11422=CARTESIAN_POINT('',(682.,-9.74925949775636,231.31715411267));
#11423=CARTESIAN_POINT('',(682.,-9.74925949775637,231.31715411267));
#11424=CARTESIAN_POINT('',(674.,-9.74925949775637,231.31715411267));
#11425=CARTESIAN_POINT('Origin',(674.,-9.66537234066702,231.558215151643));
#11426=CARTESIAN_POINT('',(674.,-9.66537234066702,231.558215151643));
#11427=CARTESIAN_POINT('',(674.,-9.66537234066702,231.558215151643));
#11428=CARTESIAN_POINT('',(682.,-9.66537234066702,231.558215151643));
#11429=CARTESIAN_POINT('',(682.,-9.66537234066702,231.558215151643));
#11430=CARTESIAN_POINT('',(674.,-9.66537234066702,231.558215151643));
#11431=CARTESIAN_POINT('Origin',(674.,-9.57320330323932,231.791522145252));
#11432=CARTESIAN_POINT('',(674.,-9.57320330323932,231.791522145252));
#11433=CARTESIAN_POINT('',(674.,-9.57320330323932,231.791522145252));
#11434=CARTESIAN_POINT('',(682.,-9.57320330323932,231.791522145252));
#11435=CARTESIAN_POINT('',(682.,-9.57320330323932,231.791522145252));
#11436=CARTESIAN_POINT('',(674.,-9.57320330323932,231.791522145252));
#11437=CARTESIAN_POINT('Origin',(674.,-9.47262583836544,232.016531957468));
#11438=CARTESIAN_POINT('',(674.,-9.47262583836544,232.016531957468));
#11439=CARTESIAN_POINT('',(674.,-9.47262583836544,232.016531957468));
#11440=CARTESIAN_POINT('',(682.,-9.47262583836544,232.016531957468));
#11441=CARTESIAN_POINT('',(682.,-9.47262583836544,232.016531957468));
#11442=CARTESIAN_POINT('',(674.,-9.47262583836544,232.016531957468));
#11443=CARTESIAN_POINT('Origin',(674.,-9.3634078402823,232.232570323814));
#11444=CARTESIAN_POINT('',(674.,-9.3634078402823,232.232570323814));
#11445=CARTESIAN_POINT('',(674.,-9.3634078402823,232.232570323814));
#11446=CARTESIAN_POINT('',(682.,-9.3634078402823,232.232570323814));
#11447=CARTESIAN_POINT('',(682.,-9.3634078402823,232.232570323814));
#11448=CARTESIAN_POINT('',(674.,-9.3634078402823,232.232570323814));
#11449=CARTESIAN_POINT('Origin',(674.,-9.24514169285184,232.438744221321));
#11450=CARTESIAN_POINT('',(674.,-9.24514169285184,232.438744221321));
#11451=CARTESIAN_POINT('',(674.,-9.24514169285184,232.438744221321));
#11452=CARTESIAN_POINT('',(682.,-9.24514169285184,232.438744221321));
#11453=CARTESIAN_POINT('',(682.,-9.24514169285184,232.438744221321));
#11454=CARTESIAN_POINT('',(674.,-9.24514169285184,232.438744221321));
#11455=CARTESIAN_POINT('Origin',(674.,-9.11709204756774,232.633750886873));
#11456=CARTESIAN_POINT('',(674.,-9.11709204756774,232.633750886873));
#11457=CARTESIAN_POINT('',(674.,-9.11709204756774,232.633750886873));
#11458=CARTESIAN_POINT('',(682.,-9.11709204756774,232.633750886873));
#11459=CARTESIAN_POINT('',(682.,-9.11709204756774,232.633750886873));
#11460=CARTESIAN_POINT('',(674.,-9.11709204756774,232.633750886873));
#11461=CARTESIAN_POINT('Origin',(674.,-8.97776777284141,232.815340330834));
#11462=CARTESIAN_POINT('',(674.,-8.97776777284141,232.815340330834));
#11463=CARTESIAN_POINT('',(674.,-8.97776777284141,232.815340330834));
#11464=CARTESIAN_POINT('',(682.,-8.9777677728414,232.815340330834));
#11465=CARTESIAN_POINT('',(682.,-8.97776777284141,232.815340330834));
#11466=CARTESIAN_POINT('',(674.,-8.97776777284141,232.815340330834));
#11467=CARTESIAN_POINT('Origin',(674.,-8.82235477151104,232.977090617831));
#11468=CARTESIAN_POINT('',(674.,-8.82235477151104,232.977090617831));
#11469=CARTESIAN_POINT('',(674.,-8.82235477151104,232.977090617831));
#11470=CARTESIAN_POINT('',(682.,-8.82235477151104,232.977090617831));
#11471=CARTESIAN_POINT('',(682.,-8.82235477151104,232.977090617831));
#11472=CARTESIAN_POINT('',(674.,-8.82235477151104,232.977090617831));
#11473=CARTESIAN_POINT('Origin',(674.,-7.92159230987341,233.694129697167));
#11474=CARTESIAN_POINT('',(674.,-7.92159230987341,233.694129697167));
#11475=CARTESIAN_POINT('',(674.,-7.92159230987341,233.694129697167));
#11476=CARTESIAN_POINT('',(682.,-7.92159230987341,233.694129697167));
#11477=CARTESIAN_POINT('',(682.,-7.92159230987341,233.694129697167));
#11478=CARTESIAN_POINT('',(674.,-7.92159230987341,233.694129697167));
#11479=CARTESIAN_POINT('Origin',(674.,-8.85732664239766,235.094555091546));
#11480=CARTESIAN_POINT('',(674.,-8.85732664239766,235.094555091546));
#11481=CARTESIAN_POINT('',(674.,-8.85732664239766,235.094555091546));
#11482=CARTESIAN_POINT('',(682.,-8.85732664239766,235.094555091546));
#11483=CARTESIAN_POINT('',(682.,-8.85732664239766,235.094555091546));
#11484=CARTESIAN_POINT('',(674.,-8.85732664239766,235.094555091546));
#11485=CARTESIAN_POINT('Origin',(674.,-9.86449124237216,234.536758065605));
#11486=CARTESIAN_POINT('',(674.,-9.86449124237216,234.536758065605));
#11487=CARTESIAN_POINT('',(674.,-9.86449124237216,234.536758065605));
#11488=CARTESIAN_POINT('',(682.,-9.86449124237216,234.536758065605));
#11489=CARTESIAN_POINT('',(682.,-9.86449124237216,234.536758065605));
#11490=CARTESIAN_POINT('',(674.,-9.86449124237216,234.536758065605));
#11491=CARTESIAN_POINT('Origin',(674.,-10.0734030026898,234.455074329604));
#11492=CARTESIAN_POINT('',(674.,-10.0734030026898,234.455074329604));
#11493=CARTESIAN_POINT('',(674.,-10.0734030026898,234.455074329604));
#11494=CARTESIAN_POINT('',(682.,-10.0734030026898,234.455074329604));
#11495=CARTESIAN_POINT('',(682.,-10.0734030026898,234.455074329604));
#11496=CARTESIAN_POINT('',(674.,-10.0734030026898,234.455074329604));
#11497=CARTESIAN_POINT('Origin',(674.,-10.2944868649489,234.395846755498));
#11498=CARTESIAN_POINT('',(674.,-10.2944868649489,234.395846755498));
#11499=CARTESIAN_POINT('',(674.,-10.2944868649489,234.395846755498));
#11500=CARTESIAN_POINT('',(682.,-10.2944868649489,234.395846755498));
#11501=CARTESIAN_POINT('',(682.,-10.2944868649489,234.395846755498));
#11502=CARTESIAN_POINT('',(674.,-10.2944868649489,234.395846755498));
#11503=CARTESIAN_POINT('Origin',(674.,-10.5236520097262,234.352170129183));
#11504=CARTESIAN_POINT('',(674.,-10.5236520097262,234.352170129183));
#11505=CARTESIAN_POINT('',(674.,-10.5236520097262,234.352170129183));
#11506=CARTESIAN_POINT('',(682.,-10.5236520097262,234.352170129183));
#11507=CARTESIAN_POINT('',(682.,-10.5236520097262,234.352170129183));
#11508=CARTESIAN_POINT('',(674.,-10.5236520097262,234.352170129183));
#11509=CARTESIAN_POINT('Origin',(674.,-10.7593903490025,234.321805790945));
#11510=CARTESIAN_POINT('',(674.,-10.7593903490025,234.321805790945));
#11511=CARTESIAN_POINT('',(674.,-10.7593903490025,234.321805790945));
#11512=CARTESIAN_POINT('',(682.,-10.7593903490025,234.321805790945));
#11513=CARTESIAN_POINT('',(682.,-10.7593903490025,234.321805790945));
#11514=CARTESIAN_POINT('',(674.,-10.7593903490025,234.321805790945));
#11515=CARTESIAN_POINT('Origin',(674.,-11.0007796922893,234.30357582149));
#11516=CARTESIAN_POINT('',(674.,-11.0007796922893,234.30357582149));
#11517=CARTESIAN_POINT('',(674.,-11.0007796922893,234.30357582149));
#11518=CARTESIAN_POINT('',(682.,-11.0007796922893,234.30357582149));
#11519=CARTESIAN_POINT('',(682.,-11.0007796922893,234.30357582149));
#11520=CARTESIAN_POINT('',(674.,-11.0007796922893,234.30357582149));
#11521=CARTESIAN_POINT('Origin',(674.,-11.2471509818864,234.296761887516));
#11522=CARTESIAN_POINT('',(674.,-11.2471509818864,234.296761887516));
#11523=CARTESIAN_POINT('',(674.,-11.2471509818864,234.296761887516));
#11524=CARTESIAN_POINT('',(682.,-11.2471509818864,234.296761887516));
#11525=CARTESIAN_POINT('',(682.,-11.2471509818864,234.296761887516));
#11526=CARTESIAN_POINT('',(674.,-11.2471509818864,234.296761887516));
#11527=CARTESIAN_POINT('Origin',(674.,-11.4979701016742,234.300891521414));
#11528=CARTESIAN_POINT('',(674.,-11.4979701016742,234.300891521414));
#11529=CARTESIAN_POINT('',(674.,-11.4979701016742,234.300891521414));
#11530=CARTESIAN_POINT('',(682.,-11.4979701016742,234.300891521414));
#11531=CARTESIAN_POINT('',(682.,-11.4979701016742,234.300891521414));
#11532=CARTESIAN_POINT('',(674.,-11.4979701016742,234.300891521414));
#11533=CARTESIAN_POINT('Origin',(674.,-11.7527836868738,234.315639959742));
#11534=CARTESIAN_POINT('',(674.,-11.7527836868738,234.315639959742));
#11535=CARTESIAN_POINT('',(674.,-11.7527836868738,234.315639959742));
#11536=CARTESIAN_POINT('',(682.,-11.7527836868738,234.315639959742));
#11537=CARTESIAN_POINT('',(682.,-11.7527836868738,234.315639959742));
#11538=CARTESIAN_POINT('',(674.,-11.7527836868738,234.315639959742));
#11539=CARTESIAN_POINT('Origin',(674.,-12.0111903772975,234.34077792082));
#11540=CARTESIAN_POINT('',(674.,-12.0111903772975,234.34077792082));
#11541=CARTESIAN_POINT('',(674.,-12.0111903772975,234.34077792082));
#11542=CARTESIAN_POINT('',(682.,-12.0111903772975,234.34077792082));
#11543=CARTESIAN_POINT('',(682.,-12.0111903772975,234.34077792082));
#11544=CARTESIAN_POINT('',(674.,-12.0111903772975,234.34077792082));
#11545=CARTESIAN_POINT('Origin',(674.,-12.2728240278872,234.376140970782));
#11546=CARTESIAN_POINT('',(674.,-12.2728240278872,234.376140970782));
#11547=CARTESIAN_POINT('',(674.,-12.2728240278872,234.376140970782));
#11548=CARTESIAN_POINT('',(682.,-12.2728240278872,234.376140970782));
#11549=CARTESIAN_POINT('',(682.,-12.2728240278872,234.376140970782));
#11550=CARTESIAN_POINT('',(674.,-12.2728240278872,234.376140970782));
#11551=CARTESIAN_POINT('Origin',(674.,-12.6548659504253,235.298471761569));
#11552=CARTESIAN_POINT('',(674.,-12.6548659504253,235.298471761569));
#11553=CARTESIAN_POINT('',(674.,-12.6548659504253,235.298471761569));
#11554=CARTESIAN_POINT('',(682.,-12.6548659504253,235.298471761569));
#11555=CARTESIAN_POINT('',(682.,-12.6548659504253,235.298471761569));
#11556=CARTESIAN_POINT('',(674.,-12.6548659504253,235.298471761569));
#11557=CARTESIAN_POINT('Origin',(674.,-12.4948684743385,235.508480142519));
#11558=CARTESIAN_POINT('',(674.,-12.4948684743385,235.508480142519));
#11559=CARTESIAN_POINT('',(674.,-12.4948684743385,235.508480142519));
#11560=CARTESIAN_POINT('',(682.,-12.4948684743385,235.508480142519));
#11561=CARTESIAN_POINT('',(682.,-12.4948684743385,235.508480142519));
#11562=CARTESIAN_POINT('',(674.,-12.4948684743385,235.508480142519));
#11563=CARTESIAN_POINT('Origin',(674.,-12.3299225739791,235.708976488365));
#11564=CARTESIAN_POINT('',(674.,-12.3299225739791,235.708976488365));
#11565=CARTESIAN_POINT('',(674.,-12.3299225739791,235.708976488365));
#11566=CARTESIAN_POINT('',(682.,-12.3299225739791,235.708976488365));
#11567=CARTESIAN_POINT('',(682.,-12.3299225739791,235.708976488365));
#11568=CARTESIAN_POINT('',(674.,-12.3299225739791,235.708976488365));
#11569=CARTESIAN_POINT('Origin',(674.,-12.1601708806999,235.899585623152));
#11570=CARTESIAN_POINT('',(674.,-12.1601708806999,235.899585623152));
#11571=CARTESIAN_POINT('',(674.,-12.1601708806999,235.899585623152));
#11572=CARTESIAN_POINT('',(682.,-12.1601708806999,235.899585623152));
#11573=CARTESIAN_POINT('',(682.,-12.1601708806999,235.899585623152));
#11574=CARTESIAN_POINT('',(674.,-12.1601708806999,235.899585623152));
#11575=CARTESIAN_POINT('Origin',(674.,-11.9857350723801,236.079861615738));
#11576=CARTESIAN_POINT('',(674.,-11.9857350723801,236.079861615738));
#11577=CARTESIAN_POINT('',(674.,-11.9857350723801,236.079861615738));
#11578=CARTESIAN_POINT('',(682.,-11.9857350723801,236.079861615738));
#11579=CARTESIAN_POINT('',(682.,-11.9857350723801,236.079861615738));
#11580=CARTESIAN_POINT('',(674.,-11.9857350723801,236.079861615738));
#11581=CARTESIAN_POINT('Origin',(674.,-11.8067060838966,236.249254246383));
#11582=CARTESIAN_POINT('',(674.,-11.8067060838966,236.249254246383));
#11583=CARTESIAN_POINT('',(674.,-11.8067060838966,236.249254246383));
#11584=CARTESIAN_POINT('',(682.,-11.8067060838966,236.249254246383));
#11585=CARTESIAN_POINT('',(682.,-11.8067060838966,236.249254246383));
#11586=CARTESIAN_POINT('',(674.,-11.8067060838966,236.249254246383));
#11587=CARTESIAN_POINT('Origin',(674.,-11.6231275073299,236.407051752904));
#11588=CARTESIAN_POINT('',(674.,-11.6231275073299,236.407051752904));
#11589=CARTESIAN_POINT('',(674.,-11.6231275073299,236.407051752904));
#11590=CARTESIAN_POINT('',(682.,-11.6231275073299,236.407051752904));
#11591=CARTESIAN_POINT('',(682.,-11.6231275073299,236.407051752904));
#11592=CARTESIAN_POINT('',(674.,-11.6231275073299,236.407051752904));
#11593=CARTESIAN_POINT('Origin',(674.,-11.4349644995677,236.552273101718));
#11594=CARTESIAN_POINT('',(674.,-11.4349644995677,236.552273101718));
#11595=CARTESIAN_POINT('',(674.,-11.4349644995677,236.552273101718));
#11596=CARTESIAN_POINT('',(682.,-11.4349644995677,236.552273101718));
#11597=CARTESIAN_POINT('',(682.,-11.4349644995677,236.552273101718));
#11598=CARTESIAN_POINT('',(674.,-11.4349644995677,236.552273101718));
#11599=CARTESIAN_POINT('Origin',(674.,-11.2420362330369,236.683433290954));
#11600=CARTESIAN_POINT('',(674.,-11.2420362330369,236.683433290954));
#11601=CARTESIAN_POINT('',(674.,-11.2420362330369,236.683433290954));
#11602=CARTESIAN_POINT('',(682.,-11.2420362330369,236.683433290954));
#11603=CARTESIAN_POINT('',(682.,-11.2420362330369,236.683433290954));
#11604=CARTESIAN_POINT('',(674.,-11.2420362330369,236.683433290954));
#11605=CARTESIAN_POINT('Origin',(674.,-11.0438261155392,236.797882969886));
#11606=CARTESIAN_POINT('',(674.,-11.0438261155392,236.797882969886));
#11607=CARTESIAN_POINT('',(674.,-11.0438261155392,236.797882969886));
#11608=CARTESIAN_POINT('',(682.,-11.0438261155392,236.797882969886));
#11609=CARTESIAN_POINT('',(682.,-11.0438261155392,236.797882969886));
#11610=CARTESIAN_POINT('',(674.,-11.0438261155392,236.797882969886));
#11611=CARTESIAN_POINT('Origin',(674.,-10.8383440695099,236.887846768637));
#11612=CARTESIAN_POINT('',(674.,-10.8383440695099,236.887846768637));
#11613=CARTESIAN_POINT('',(674.,-10.8383440695099,236.887846768637));
#11614=CARTESIAN_POINT('',(682.,-10.8383440695099,236.887846768637));
#11615=CARTESIAN_POINT('',(682.,-10.8383440695099,236.887846768637));
#11616=CARTESIAN_POINT('',(674.,-10.8383440695099,236.887846768637));
#11617=CARTESIAN_POINT('Origin',(674.,-9.73174909152817,237.205597627481));
#11618=CARTESIAN_POINT('',(674.,-9.73174909152817,237.205597627481));
#11619=CARTESIAN_POINT('',(674.,-9.73174909152817,237.205597627481));
#11620=CARTESIAN_POINT('',(682.,-9.73174909152817,237.205597627481));
#11621=CARTESIAN_POINT('',(682.,-9.73174909152817,237.205597627481));
#11622=CARTESIAN_POINT('',(674.,-9.73174909152817,237.205597627481));
#11623=CARTESIAN_POINT('Origin',(674.,-10.060335292523,238.85751201231));
#11624=CARTESIAN_POINT('',(674.,-10.060335292523,238.85751201231));
#11625=CARTESIAN_POINT('',(674.,-10.060335292523,238.85751201231));
#11626=CARTESIAN_POINT('',(682.,-10.060335292523,238.85751201231));
#11627=CARTESIAN_POINT('',(682.,-10.060335292523,238.85751201231));
#11628=CARTESIAN_POINT('',(674.,-10.060335292523,238.85751201231));
#11629=CARTESIAN_POINT('Origin',(674.,-11.2042937327596,238.727599962822));
#11630=CARTESIAN_POINT('',(674.,-11.2042937327596,238.727599962822));
#11631=CARTESIAN_POINT('',(674.,-11.2042937327596,238.727599962822));
#11632=CARTESIAN_POINT('',(682.,-11.2042937327596,238.727599962822));
#11633=CARTESIAN_POINT('',(682.,-11.2042937327596,238.727599962822));
#11634=CARTESIAN_POINT('',(674.,-11.2042937327596,238.727599962822));
#11635=CARTESIAN_POINT('Origin',(674.,-11.4285620446793,238.732081100491));
#11636=CARTESIAN_POINT('',(674.,-11.4285620446793,238.732081100491));
#11637=CARTESIAN_POINT('',(674.,-11.4285620446793,238.732081100491));
#11638=CARTESIAN_POINT('',(682.,-11.4285620446793,238.732081100491));
#11639=CARTESIAN_POINT('',(682.,-11.4285620446793,238.732081100491));
#11640=CARTESIAN_POINT('',(674.,-11.4285620446793,238.732081100491));
#11641=CARTESIAN_POINT('Origin',(674.,-11.6554823113384,238.761967088264));
#11642=CARTESIAN_POINT('',(674.,-11.6554823113384,238.761967088264));
#11643=CARTESIAN_POINT('',(674.,-11.6554823113384,238.761967088264));
#11644=CARTESIAN_POINT('',(682.,-11.6554823113384,238.761967088264));
#11645=CARTESIAN_POINT('',(682.,-11.6554823113384,238.761967088264));
#11646=CARTESIAN_POINT('',(674.,-11.6554823113384,238.761967088264));
#11647=CARTESIAN_POINT('Origin',(674.,-11.8839176194358,238.809312851344));
#11648=CARTESIAN_POINT('',(674.,-11.8839176194358,238.809312851344));
#11649=CARTESIAN_POINT('',(674.,-11.8839176194358,238.809312851344));
#11650=CARTESIAN_POINT('',(682.,-11.8839176194358,238.809312851344));
#11651=CARTESIAN_POINT('',(682.,-11.8839176194358,238.809312851344));
#11652=CARTESIAN_POINT('',(674.,-11.8839176194358,238.809312851344));
#11653=CARTESIAN_POINT('Origin',(674.,-12.1133313752997,238.871473017542));
#11654=CARTESIAN_POINT('',(674.,-12.1133313752997,238.871473017542));
#11655=CARTESIAN_POINT('',(674.,-12.1133313752997,238.871473017542));
#11656=CARTESIAN_POINT('',(682.,-12.1133313752997,238.871473017542));
#11657=CARTESIAN_POINT('',(682.,-12.1133313752997,238.871473017542));
#11658=CARTESIAN_POINT('',(674.,-12.1133313752997,238.871473017542));
#11659=CARTESIAN_POINT('Origin',(674.,-12.3433223562117,238.947006424309));
#11660=CARTESIAN_POINT('',(674.,-12.3433223562117,238.947006424309));
#11661=CARTESIAN_POINT('',(674.,-12.3433223562117,238.947006424309));
#11662=CARTESIAN_POINT('',(682.,-12.3433223562117,238.947006424309));
#11663=CARTESIAN_POINT('',(682.,-12.3433223562117,238.947006424309));
#11664=CARTESIAN_POINT('',(674.,-12.3433223562117,238.947006424309));
#11665=CARTESIAN_POINT('Origin',(674.,-12.57354732771,239.034993380914));
#11666=CARTESIAN_POINT('',(674.,-12.57354732771,239.034993380914));
#11667=CARTESIAN_POINT('',(674.,-12.57354732771,239.034993380914));
#11668=CARTESIAN_POINT('',(682.,-12.57354732771,239.034993380914));
#11669=CARTESIAN_POINT('',(682.,-12.57354732771,239.034993380914));
#11670=CARTESIAN_POINT('',(674.,-12.57354732771,239.034993380914));
#11671=CARTESIAN_POINT('Origin',(674.,-12.8036936363698,239.134792986813));
#11672=CARTESIAN_POINT('',(674.,-12.8036936363698,239.134792986813));
#11673=CARTESIAN_POINT('',(674.,-12.8036936363698,239.134792986813));
#11674=CARTESIAN_POINT('',(682.,-12.8036936363698,239.134792986813));
#11675=CARTESIAN_POINT('',(682.,-12.8036936363698,239.134792986813));
#11676=CARTESIAN_POINT('',(674.,-12.8036936363698,239.134792986813));
#11677=CARTESIAN_POINT('Origin',(674.,-13.03346670934,239.245931704518));
#11678=CARTESIAN_POINT('',(674.,-13.03346670934,239.245931704518));
#11679=CARTESIAN_POINT('',(674.,-13.03346670934,239.245931704518));
#11680=CARTESIAN_POINT('',(682.,-13.03346670934,239.245931704518));
#11681=CARTESIAN_POINT('',(682.,-13.03346670934,239.245931704518));
#11682=CARTESIAN_POINT('',(674.,-13.03346670934,239.245931704518));
#11683=CARTESIAN_POINT('Origin',(674.,-13.2625834804586,239.368044111484));
#11684=CARTESIAN_POINT('',(674.,-13.2625834804586,239.368044111484));
#11685=CARTESIAN_POINT('',(674.,-13.2625834804586,239.368044111484));
#11686=CARTESIAN_POINT('',(682.,-13.2625834804586,239.368044111484));
#11687=CARTESIAN_POINT('',(682.,-13.2625834804586,239.368044111484));
#11688=CARTESIAN_POINT('',(674.,-13.2625834804586,239.368044111484));
#11689=CARTESIAN_POINT('Origin',(674.,-13.4907686019162,239.500838172982));
#11690=CARTESIAN_POINT('',(674.,-13.4907686019162,239.500838172982));
#11691=CARTESIAN_POINT('',(674.,-13.4907686019162,239.500838172982));
#11692=CARTESIAN_POINT('',(682.,-13.4907686019162,239.500838172982));
#11693=CARTESIAN_POINT('',(682.,-13.4907686019162,239.500838172982));
#11694=CARTESIAN_POINT('',(674.,-13.4907686019162,239.500838172982));
#11695=CARTESIAN_POINT('Origin',(674.,-13.4907686019162,240.499161827018));
#11696=CARTESIAN_POINT('',(674.,-13.4907686019162,240.499161827018));
#11697=CARTESIAN_POINT('',(674.,-13.4907686019162,240.499161827018));
#11698=CARTESIAN_POINT('',(682.,-13.4907686019162,240.499161827018));
#11699=CARTESIAN_POINT('',(682.,-13.4907686019162,240.499161827018));
#11700=CARTESIAN_POINT('',(674.,-13.4907686019162,240.499161827018));
#11701=CARTESIAN_POINT('Origin',(674.,-13.2625834804586,240.631955888516));
#11702=CARTESIAN_POINT('',(674.,-13.2625834804586,240.631955888516));
#11703=CARTESIAN_POINT('',(674.,-13.2625834804586,240.631955888516));
#11704=CARTESIAN_POINT('',(682.,-13.2625834804586,240.631955888516));
#11705=CARTESIAN_POINT('',(682.,-13.2625834804586,240.631955888516));
#11706=CARTESIAN_POINT('',(674.,-13.2625834804586,240.631955888516));
#11707=CARTESIAN_POINT('Origin',(674.,-13.03346670934,240.754068295482));
#11708=CARTESIAN_POINT('',(674.,-13.03346670934,240.754068295482));
#11709=CARTESIAN_POINT('',(674.,-13.03346670934,240.754068295482));
#11710=CARTESIAN_POINT('',(682.,-13.03346670934,240.754068295482));
#11711=CARTESIAN_POINT('',(682.,-13.03346670934,240.754068295482));
#11712=CARTESIAN_POINT('',(674.,-13.03346670934,240.754068295482));
#11713=CARTESIAN_POINT('Origin',(674.,-12.8036936363698,240.865207013187));
#11714=CARTESIAN_POINT('',(674.,-12.8036936363698,240.865207013187));
#11715=CARTESIAN_POINT('',(674.,-12.8036936363698,240.865207013187));
#11716=CARTESIAN_POINT('',(682.,-12.8036936363698,240.865207013187));
#11717=CARTESIAN_POINT('',(682.,-12.8036936363698,240.865207013187));
#11718=CARTESIAN_POINT('',(674.,-12.8036936363698,240.865207013187));
#11719=CARTESIAN_POINT('Origin',(674.,-12.57354732771,240.965006619086));
#11720=CARTESIAN_POINT('',(674.,-12.57354732771,240.965006619086));
#11721=CARTESIAN_POINT('',(674.,-12.57354732771,240.965006619086));
#11722=CARTESIAN_POINT('',(682.,-12.57354732771,240.965006619086));
#11723=CARTESIAN_POINT('',(682.,-12.57354732771,240.965006619086));
#11724=CARTESIAN_POINT('',(674.,-12.57354732771,240.965006619086));
#11725=CARTESIAN_POINT('Origin',(674.,-12.3433223562117,241.052993575691));
#11726=CARTESIAN_POINT('',(674.,-12.3433223562117,241.052993575691));
#11727=CARTESIAN_POINT('',(674.,-12.3433223562117,241.052993575691));
#11728=CARTESIAN_POINT('',(682.,-12.3433223562117,241.052993575691));
#11729=CARTESIAN_POINT('',(682.,-12.3433223562117,241.052993575691));
#11730=CARTESIAN_POINT('',(674.,-12.3433223562117,241.052993575691));
#11731=CARTESIAN_POINT('Origin',(674.,-12.1133313752997,241.128526982458));
#11732=CARTESIAN_POINT('',(674.,-12.1133313752997,241.128526982458));
#11733=CARTESIAN_POINT('',(674.,-12.1133313752997,241.128526982458));
#11734=CARTESIAN_POINT('',(682.,-12.1133313752997,241.128526982458));
#11735=CARTESIAN_POINT('',(682.,-12.1133313752997,241.128526982458));
#11736=CARTESIAN_POINT('',(674.,-12.1133313752997,241.128526982458));
#11737=CARTESIAN_POINT('Origin',(674.,-11.8839176194358,241.190687148656));
#11738=CARTESIAN_POINT('',(674.,-11.8839176194358,241.190687148656));
#11739=CARTESIAN_POINT('',(674.,-11.8839176194358,241.190687148656));
#11740=CARTESIAN_POINT('',(682.,-11.8839176194358,241.190687148656));
#11741=CARTESIAN_POINT('',(682.,-11.8839176194358,241.190687148656));
#11742=CARTESIAN_POINT('',(674.,-11.8839176194358,241.190687148656));
#11743=CARTESIAN_POINT('Origin',(674.,-11.6554823113384,241.238032911736));
#11744=CARTESIAN_POINT('',(674.,-11.6554823113384,241.238032911736));
#11745=CARTESIAN_POINT('',(674.,-11.6554823113384,241.238032911736));
#11746=CARTESIAN_POINT('',(682.,-11.6554823113384,241.238032911736));
#11747=CARTESIAN_POINT('',(682.,-11.6554823113384,241.238032911736));
#11748=CARTESIAN_POINT('',(674.,-11.6554823113384,241.238032911736));
#11749=CARTESIAN_POINT('Origin',(674.,-11.4285620446793,241.267918899509));
#11750=CARTESIAN_POINT('',(674.,-11.4285620446793,241.267918899509));
#11751=CARTESIAN_POINT('',(674.,-11.4285620446793,241.267918899509));
#11752=CARTESIAN_POINT('',(682.,-11.4285620446793,241.267918899509));
#11753=CARTESIAN_POINT('',(682.,-11.4285620446793,241.267918899509));
#11754=CARTESIAN_POINT('',(674.,-11.4285620446793,241.267918899509));
#11755=CARTESIAN_POINT('Origin',(674.,-11.2042937327596,241.272400037178));
#11756=CARTESIAN_POINT('',(674.,-11.2042937327596,241.272400037178));
#11757=CARTESIAN_POINT('',(674.,-11.2042937327596,241.272400037178));
#11758=CARTESIAN_POINT('',(682.,-11.2042937327596,241.272400037178));
#11759=CARTESIAN_POINT('',(682.,-11.2042937327596,241.272400037178));
#11760=CARTESIAN_POINT('',(674.,-11.2042937327596,241.272400037178));
#11761=CARTESIAN_POINT('Origin',(674.,-10.060335292523,241.14248798769));
#11762=CARTESIAN_POINT('',(674.,-10.060335292523,241.14248798769));
#11763=CARTESIAN_POINT('',(674.,-10.060335292523,241.14248798769));
#11764=CARTESIAN_POINT('',(682.,-10.060335292523,241.14248798769));
#11765=CARTESIAN_POINT('',(682.,-10.060335292523,241.14248798769));
#11766=CARTESIAN_POINT('',(674.,-10.060335292523,241.14248798769));
#11767=CARTESIAN_POINT('Origin',(674.,-9.73174909152817,242.794402372519));
#11768=CARTESIAN_POINT('',(674.,-9.73174909152817,242.794402372519));
#11769=CARTESIAN_POINT('',(674.,-9.73174909152817,242.794402372519));
#11770=CARTESIAN_POINT('',(682.,-9.73174909152817,242.794402372519));
#11771=CARTESIAN_POINT('',(682.,-9.73174909152817,242.794402372519));
#11772=CARTESIAN_POINT('',(674.,-9.73174909152817,242.794402372519));
#11773=CARTESIAN_POINT('Origin',(674.,-10.8383440695099,243.112153231363));
#11774=CARTESIAN_POINT('',(674.,-10.8383440695099,243.112153231363));
#11775=CARTESIAN_POINT('',(674.,-10.8383440695099,243.112153231363));
#11776=CARTESIAN_POINT('',(682.,-10.8383440695099,243.112153231363));
#11777=CARTESIAN_POINT('',(682.,-10.8383440695099,243.112153231363));
#11778=CARTESIAN_POINT('',(674.,-10.8383440695099,243.112153231363));
#11779=CARTESIAN_POINT('Origin',(674.,-11.0438261155392,243.202117030115));
#11780=CARTESIAN_POINT('',(674.,-11.0438261155392,243.202117030115));
#11781=CARTESIAN_POINT('',(674.,-11.0438261155392,243.202117030115));
#11782=CARTESIAN_POINT('',(682.,-11.0438261155392,243.202117030115));
#11783=CARTESIAN_POINT('',(682.,-11.0438261155392,243.202117030115));
#11784=CARTESIAN_POINT('',(674.,-11.0438261155392,243.202117030115));
#11785=CARTESIAN_POINT('Origin',(674.,-11.2420362330369,243.316566709046));
#11786=CARTESIAN_POINT('',(674.,-11.2420362330369,243.316566709046));
#11787=CARTESIAN_POINT('',(674.,-11.2420362330369,243.316566709046));
#11788=CARTESIAN_POINT('',(682.,-11.2420362330369,243.316566709046));
#11789=CARTESIAN_POINT('',(682.,-11.2420362330369,243.316566709046));
#11790=CARTESIAN_POINT('',(674.,-11.2420362330369,243.316566709046));
#11791=CARTESIAN_POINT('Origin',(674.,-11.4349644995677,243.447726898282));
#11792=CARTESIAN_POINT('',(674.,-11.4349644995677,243.447726898282));
#11793=CARTESIAN_POINT('',(674.,-11.4349644995677,243.447726898282));
#11794=CARTESIAN_POINT('',(682.,-11.4349644995677,243.447726898282));
#11795=CARTESIAN_POINT('',(682.,-11.4349644995677,243.447726898282));
#11796=CARTESIAN_POINT('',(674.,-11.4349644995677,243.447726898282));
#11797=CARTESIAN_POINT('Origin',(674.,-11.6231275073299,243.592948247096));
#11798=CARTESIAN_POINT('',(674.,-11.6231275073299,243.592948247096));
#11799=CARTESIAN_POINT('',(674.,-11.6231275073299,243.592948247096));
#11800=CARTESIAN_POINT('',(682.,-11.6231275073299,243.592948247096));
#11801=CARTESIAN_POINT('',(682.,-11.6231275073299,243.592948247096));
#11802=CARTESIAN_POINT('',(674.,-11.6231275073299,243.592948247096));
#11803=CARTESIAN_POINT('Origin',(674.,-11.8067060838966,243.750745753617));
#11804=CARTESIAN_POINT('',(674.,-11.8067060838966,243.750745753617));
#11805=CARTESIAN_POINT('',(674.,-11.8067060838966,243.750745753617));
#11806=CARTESIAN_POINT('',(682.,-11.8067060838966,243.750745753617));
#11807=CARTESIAN_POINT('',(682.,-11.8067060838966,243.750745753617));
#11808=CARTESIAN_POINT('',(674.,-11.8067060838966,243.750745753617));
#11809=CARTESIAN_POINT('Origin',(674.,-11.9857350723801,243.920138384262));
#11810=CARTESIAN_POINT('',(674.,-11.9857350723801,243.920138384262));
#11811=CARTESIAN_POINT('',(674.,-11.9857350723801,243.920138384262));
#11812=CARTESIAN_POINT('',(682.,-11.9857350723801,243.920138384262));
#11813=CARTESIAN_POINT('',(682.,-11.9857350723801,243.920138384262));
#11814=CARTESIAN_POINT('',(674.,-11.9857350723801,243.920138384262));
#11815=CARTESIAN_POINT('Origin',(674.,-12.1601708806999,244.100414376848));
#11816=CARTESIAN_POINT('',(674.,-12.1601708806999,244.100414376848));
#11817=CARTESIAN_POINT('',(674.,-12.1601708806999,244.100414376848));
#11818=CARTESIAN_POINT('',(682.,-12.1601708806999,244.100414376848));
#11819=CARTESIAN_POINT('',(682.,-12.1601708806999,244.100414376848));
#11820=CARTESIAN_POINT('',(674.,-12.1601708806999,244.100414376848));
#11821=CARTESIAN_POINT('Origin',(674.,-12.3299225739791,244.291023511635));
#11822=CARTESIAN_POINT('',(674.,-12.3299225739791,244.291023511635));
#11823=CARTESIAN_POINT('',(674.,-12.3299225739791,244.291023511635));
#11824=CARTESIAN_POINT('',(682.,-12.3299225739791,244.291023511635));
#11825=CARTESIAN_POINT('',(682.,-12.3299225739791,244.291023511635));
#11826=CARTESIAN_POINT('',(674.,-12.3299225739791,244.291023511635));
#11827=CARTESIAN_POINT('Origin',(674.,-12.4948684743385,244.491519857481));
#11828=CARTESIAN_POINT('',(674.,-12.4948684743385,244.491519857481));
#11829=CARTESIAN_POINT('',(674.,-12.4948684743385,244.491519857481));
#11830=CARTESIAN_POINT('',(682.,-12.4948684743385,244.491519857481));
#11831=CARTESIAN_POINT('',(682.,-12.4948684743385,244.491519857481));
#11832=CARTESIAN_POINT('',(674.,-12.4948684743385,244.491519857481));
#11833=CARTESIAN_POINT('Origin',(674.,-12.6548659504253,244.701528238431));
#11834=CARTESIAN_POINT('',(674.,-12.6548659504253,244.701528238431));
#11835=CARTESIAN_POINT('',(674.,-12.6548659504253,244.701528238431));
#11836=CARTESIAN_POINT('',(682.,-12.6548659504253,244.701528238431));
#11837=CARTESIAN_POINT('',(682.,-12.6548659504253,244.701528238431));
#11838=CARTESIAN_POINT('',(674.,-12.6548659504253,244.701528238431));
#11839=CARTESIAN_POINT('Origin',(674.,-12.2728240278872,245.623859029218));
#11840=CARTESIAN_POINT('',(674.,-12.2728240278872,245.623859029218));
#11841=CARTESIAN_POINT('',(674.,-12.2728240278872,245.623859029218));
#11842=CARTESIAN_POINT('',(682.,-12.2728240278872,245.623859029218));
#11843=CARTESIAN_POINT('',(682.,-12.2728240278872,245.623859029218));
#11844=CARTESIAN_POINT('',(674.,-12.2728240278872,245.623859029218));
#11845=CARTESIAN_POINT('Origin',(674.,-12.0111903772975,245.65922207918));
#11846=CARTESIAN_POINT('',(674.,-12.0111903772975,245.65922207918));
#11847=CARTESIAN_POINT('',(674.,-12.0111903772975,245.65922207918));
#11848=CARTESIAN_POINT('',(682.,-12.0111903772975,245.65922207918));
#11849=CARTESIAN_POINT('',(682.,-12.0111903772975,245.65922207918));
#11850=CARTESIAN_POINT('',(674.,-12.0111903772975,245.65922207918));
#11851=CARTESIAN_POINT('Origin',(674.,-11.7527836868738,245.684360040258));
#11852=CARTESIAN_POINT('',(674.,-11.7527836868738,245.684360040258));
#11853=CARTESIAN_POINT('',(674.,-11.7527836868738,245.684360040258));
#11854=CARTESIAN_POINT('',(682.,-11.7527836868738,245.684360040258));
#11855=CARTESIAN_POINT('',(682.,-11.7527836868738,245.684360040258));
#11856=CARTESIAN_POINT('',(674.,-11.7527836868738,245.684360040258));
#11857=CARTESIAN_POINT('Origin',(674.,-11.4979701016742,245.699108478586));
#11858=CARTESIAN_POINT('',(674.,-11.4979701016742,245.699108478586));
#11859=CARTESIAN_POINT('',(674.,-11.4979701016742,245.699108478586));
#11860=CARTESIAN_POINT('',(682.,-11.4979701016742,245.699108478586));
#11861=CARTESIAN_POINT('',(682.,-11.4979701016742,245.699108478586));
#11862=CARTESIAN_POINT('',(674.,-11.4979701016742,245.699108478586));
#11863=CARTESIAN_POINT('Origin',(674.,-11.2471509818864,245.703238112484));
#11864=CARTESIAN_POINT('',(674.,-11.2471509818864,245.703238112484));
#11865=CARTESIAN_POINT('',(674.,-11.2471509818864,245.703238112484));
#11866=CARTESIAN_POINT('',(682.,-11.2471509818864,245.703238112484));
#11867=CARTESIAN_POINT('',(682.,-11.2471509818864,245.703238112484));
#11868=CARTESIAN_POINT('',(674.,-11.2471509818864,245.703238112484));
#11869=CARTESIAN_POINT('Origin',(674.,-11.0007796922893,245.69642417851));
#11870=CARTESIAN_POINT('',(674.,-11.0007796922893,245.69642417851));
#11871=CARTESIAN_POINT('',(674.,-11.0007796922893,245.69642417851));
#11872=CARTESIAN_POINT('',(682.,-11.0007796922893,245.69642417851));
#11873=CARTESIAN_POINT('',(682.,-11.0007796922893,245.69642417851));
#11874=CARTESIAN_POINT('',(674.,-11.0007796922893,245.69642417851));
#11875=CARTESIAN_POINT('Origin',(674.,-10.7593903490025,245.678194209055));
#11876=CARTESIAN_POINT('',(674.,-10.7593903490025,245.678194209055));
#11877=CARTESIAN_POINT('',(674.,-10.7593903490025,245.678194209055));
#11878=CARTESIAN_POINT('',(682.,-10.7593903490025,245.678194209055));
#11879=CARTESIAN_POINT('',(682.,-10.7593903490025,245.678194209055));
#11880=CARTESIAN_POINT('',(674.,-10.7593903490025,245.678194209055));
#11881=CARTESIAN_POINT('Origin',(674.,-10.5236520097262,245.647829870817));
#11882=CARTESIAN_POINT('',(674.,-10.5236520097262,245.647829870817));
#11883=CARTESIAN_POINT('',(674.,-10.5236520097262,245.647829870817));
#11884=CARTESIAN_POINT('',(682.,-10.5236520097262,245.647829870817));
#11885=CARTESIAN_POINT('',(682.,-10.5236520097262,245.647829870817));
#11886=CARTESIAN_POINT('',(674.,-10.5236520097262,245.647829870817));
#11887=CARTESIAN_POINT('Origin',(674.,-10.2944868649489,245.604153244502));
#11888=CARTESIAN_POINT('',(674.,-10.2944868649489,245.604153244502));
#11889=CARTESIAN_POINT('',(674.,-10.2944868649489,245.604153244502));
#11890=CARTESIAN_POINT('',(682.,-10.2944868649489,245.604153244502));
#11891=CARTESIAN_POINT('',(682.,-10.2944868649489,245.604153244502));
#11892=CARTESIAN_POINT('',(674.,-10.2944868649489,245.604153244502));
#11893=CARTESIAN_POINT('Origin',(674.,-10.0734030026898,245.544925670396));
#11894=CARTESIAN_POINT('',(674.,-10.0734030026898,245.544925670396));
#11895=CARTESIAN_POINT('',(674.,-10.0734030026898,245.544925670396));
#11896=CARTESIAN_POINT('',(682.,-10.0734030026898,245.544925670396));
#11897=CARTESIAN_POINT('',(682.,-10.0734030026898,245.544925670396));
#11898=CARTESIAN_POINT('',(674.,-10.0734030026898,245.544925670396));
#11899=CARTESIAN_POINT('Origin',(674.,-9.86449124237216,245.463241934395));
#11900=CARTESIAN_POINT('',(674.,-9.86449124237216,245.463241934395));
#11901=CARTESIAN_POINT('',(674.,-9.86449124237216,245.463241934395));
#11902=CARTESIAN_POINT('',(682.,-9.86449124237215,245.463241934395));
#11903=CARTESIAN_POINT('',(682.,-9.86449124237216,245.463241934395));
#11904=CARTESIAN_POINT('',(674.,-9.86449124237216,245.463241934395));
#11905=CARTESIAN_POINT('Origin',(674.,-8.85732664239766,244.905444908454));
#11906=CARTESIAN_POINT('',(674.,-8.85732664239766,244.905444908454));
#11907=CARTESIAN_POINT('',(674.,-8.85732664239766,244.905444908454));
#11908=CARTESIAN_POINT('',(682.,-8.85732664239766,244.905444908454));
#11909=CARTESIAN_POINT('',(682.,-8.85732664239766,244.905444908454));
#11910=CARTESIAN_POINT('',(674.,-8.85732664239766,244.905444908454));
#11911=CARTESIAN_POINT('Origin',(674.,-7.92159230987341,246.305870302833));
#11912=CARTESIAN_POINT('',(674.,-7.92159230987341,246.305870302833));
#11913=CARTESIAN_POINT('',(674.,-7.92159230987341,246.305870302833));
#11914=CARTESIAN_POINT('',(682.,-7.92159230987341,246.305870302833));
#11915=CARTESIAN_POINT('',(682.,-7.92159230987341,246.305870302833));
#11916=CARTESIAN_POINT('',(674.,-7.92159230987341,246.305870302833));
#11917=CARTESIAN_POINT('Origin',(674.,-8.82235477151104,247.022909382169));
#11918=CARTESIAN_POINT('',(674.,-8.82235477151104,247.022909382169));
#11919=CARTESIAN_POINT('',(674.,-8.82235477151104,247.022909382169));
#11920=CARTESIAN_POINT('',(682.,-8.82235477151104,247.022909382169));
#11921=CARTESIAN_POINT('',(682.,-8.82235477151104,247.022909382169));
#11922=CARTESIAN_POINT('',(674.,-8.82235477151104,247.022909382169));
#11923=CARTESIAN_POINT('Origin',(674.,-8.97776777284141,247.184659669166));
#11924=CARTESIAN_POINT('',(674.,-8.97776777284141,247.184659669166));
#11925=CARTESIAN_POINT('',(674.,-8.97776777284141,247.184659669166));
#11926=CARTESIAN_POINT('',(682.,-8.9777677728414,247.184659669166));
#11927=CARTESIAN_POINT('',(682.,-8.97776777284141,247.184659669166));
#11928=CARTESIAN_POINT('',(674.,-8.97776777284141,247.184659669166));
#11929=CARTESIAN_POINT('Origin',(674.,-9.11709204756774,247.366249113127));
#11930=CARTESIAN_POINT('',(674.,-9.11709204756774,247.366249113127));
#11931=CARTESIAN_POINT('',(674.,-9.11709204756774,247.366249113127));
#11932=CARTESIAN_POINT('',(682.,-9.11709204756774,247.366249113127));
#11933=CARTESIAN_POINT('',(682.,-9.11709204756774,247.366249113127));
#11934=CARTESIAN_POINT('',(674.,-9.11709204756774,247.366249113127));
#11935=CARTESIAN_POINT('Origin',(674.,-9.24514169285184,247.561255778679));
#11936=CARTESIAN_POINT('',(674.,-9.24514169285184,247.561255778679));
#11937=CARTESIAN_POINT('',(674.,-9.24514169285184,247.561255778679));
#11938=CARTESIAN_POINT('',(682.,-9.24514169285184,247.561255778679));
#11939=CARTESIAN_POINT('',(682.,-9.24514169285184,247.561255778679));
#11940=CARTESIAN_POINT('',(674.,-9.24514169285184,247.561255778679));
#11941=CARTESIAN_POINT('Origin',(674.,-9.3634078402823,247.767429676186));
#11942=CARTESIAN_POINT('',(674.,-9.3634078402823,247.767429676186));
#11943=CARTESIAN_POINT('',(674.,-9.3634078402823,247.767429676186));
#11944=CARTESIAN_POINT('',(682.,-9.3634078402823,247.767429676186));
#11945=CARTESIAN_POINT('',(682.,-9.3634078402823,247.767429676186));
#11946=CARTESIAN_POINT('',(674.,-9.3634078402823,247.767429676186));
#11947=CARTESIAN_POINT('Origin',(674.,-9.47262583836544,247.983468042532));
#11948=CARTESIAN_POINT('',(674.,-9.47262583836544,247.983468042532));
#11949=CARTESIAN_POINT('',(674.,-9.47262583836544,247.983468042532));
#11950=CARTESIAN_POINT('',(682.,-9.47262583836544,247.983468042532));
#11951=CARTESIAN_POINT('',(682.,-9.47262583836544,247.983468042532));
#11952=CARTESIAN_POINT('',(674.,-9.47262583836544,247.983468042532));
#11953=CARTESIAN_POINT('Origin',(674.,-9.57320330323932,248.208477854748));
#11954=CARTESIAN_POINT('',(674.,-9.57320330323932,248.208477854748));
#11955=CARTESIAN_POINT('',(674.,-9.57320330323932,248.208477854748));
#11956=CARTESIAN_POINT('',(682.,-9.57320330323932,248.208477854748));
#11957=CARTESIAN_POINT('',(682.,-9.57320330323932,248.208477854748));
#11958=CARTESIAN_POINT('',(674.,-9.57320330323932,248.208477854748));
#11959=CARTESIAN_POINT('Origin',(674.,-9.66537234066702,248.441784848357));
#11960=CARTESIAN_POINT('',(674.,-9.66537234066702,248.441784848357));
#11961=CARTESIAN_POINT('',(674.,-9.66537234066702,248.441784848357));
#11962=CARTESIAN_POINT('',(682.,-9.66537234066702,248.441784848357));
#11963=CARTESIAN_POINT('',(682.,-9.66537234066702,248.441784848357));
#11964=CARTESIAN_POINT('',(674.,-9.66537234066702,248.441784848357));
#11965=CARTESIAN_POINT('Origin',(674.,-9.74925949775636,248.68284588733));
#11966=CARTESIAN_POINT('',(674.,-9.74925949775636,248.68284588733));
#11967=CARTESIAN_POINT('',(674.,-9.74925949775636,248.68284588733));
#11968=CARTESIAN_POINT('',(682.,-9.74925949775636,248.68284588733));
#11969=CARTESIAN_POINT('',(682.,-9.74925949775636,248.68284588733));
#11970=CARTESIAN_POINT('',(674.,-9.74925949775636,248.68284588733));
#11971=CARTESIAN_POINT('Origin',(674.,-9.82492300926512,248.931202420905));
#11972=CARTESIAN_POINT('',(674.,-9.82492300926512,248.931202420905));
#11973=CARTESIAN_POINT('',(674.,-9.82492300926512,248.931202420905));
#11974=CARTESIAN_POINT('',(682.,-9.82492300926512,248.931202420905));
#11975=CARTESIAN_POINT('',(682.,-9.82492300926512,248.931202420905));
#11976=CARTESIAN_POINT('',(674.,-9.82492300926512,248.931202420905));
#11977=CARTESIAN_POINT('Origin',(674.,-9.89237467462771,249.186453249039));
#11978=CARTESIAN_POINT('',(674.,-9.89237467462771,249.186453249039));
#11979=CARTESIAN_POINT('',(674.,-9.89237467462771,249.186453249039));
#11980=CARTESIAN_POINT('',(682.,-9.89237467462771,249.186453249039));
#11981=CARTESIAN_POINT('',(682.,-9.89237467462771,249.186453249039));
#11982=CARTESIAN_POINT('',(674.,-9.89237467462771,249.186453249039));
#11983=CARTESIAN_POINT('Origin',(674.,-9.18645324903927,249.892374674628));
#11984=CARTESIAN_POINT('',(674.,-9.18645324903927,249.892374674628));
#11985=CARTESIAN_POINT('',(674.,-9.18645324903927,249.892374674628));
#11986=CARTESIAN_POINT('',(682.,-9.18645324903927,249.892374674628));
#11987=CARTESIAN_POINT('',(682.,-9.18645324903927,249.892374674628));
#11988=CARTESIAN_POINT('',(674.,-9.18645324903927,249.892374674628));
#11989=CARTESIAN_POINT('Origin',(674.,-8.93120242090479,249.824923009265));
#11990=CARTESIAN_POINT('',(674.,-8.93120242090479,249.824923009265));
#11991=CARTESIAN_POINT('',(674.,-8.93120242090479,249.824923009265));
#11992=CARTESIAN_POINT('',(682.,-8.93120242090479,249.824923009265));
#11993=CARTESIAN_POINT('',(682.,-8.93120242090479,249.824923009265));
#11994=CARTESIAN_POINT('',(674.,-8.93120242090479,249.824923009265));
#11995=CARTESIAN_POINT('Origin',(674.,-8.68284588733046,249.749259497756));
#11996=CARTESIAN_POINT('',(674.,-8.68284588733046,249.749259497756));
#11997=CARTESIAN_POINT('',(674.,-8.68284588733046,249.749259497756));
#11998=CARTESIAN_POINT('',(682.,-8.68284588733046,249.749259497756));
#11999=CARTESIAN_POINT('',(682.,-8.68284588733046,249.749259497756));
#12000=CARTESIAN_POINT('',(674.,-8.68284588733046,249.749259497756));
#12001=CARTESIAN_POINT('Origin',(674.,-8.44178484835719,249.665372340667));
#12002=CARTESIAN_POINT('',(674.,-8.44178484835719,249.665372340667));
#12003=CARTESIAN_POINT('',(674.,-8.44178484835719,249.665372340667));
#12004=CARTESIAN_POINT('',(682.,-8.44178484835719,249.665372340667));
#12005=CARTESIAN_POINT('',(682.,-8.44178484835719,249.665372340667));
#12006=CARTESIAN_POINT('',(674.,-8.44178484835719,249.665372340667));
#12007=CARTESIAN_POINT('Origin',(674.,-8.20847785474814,249.573203303239));
#12008=CARTESIAN_POINT('',(674.,-8.20847785474814,249.573203303239));
#12009=CARTESIAN_POINT('',(674.,-8.20847785474814,249.573203303239));
#12010=CARTESIAN_POINT('',(682.,-8.20847785474814,249.573203303239));
#12011=CARTESIAN_POINT('',(682.,-8.20847785474814,249.573203303239));
#12012=CARTESIAN_POINT('',(674.,-8.20847785474814,249.573203303239));
#12013=CARTESIAN_POINT('Origin',(674.,-7.98346804253212,249.472625838365));
#12014=CARTESIAN_POINT('',(674.,-7.98346804253212,249.472625838365));
#12015=CARTESIAN_POINT('',(674.,-7.98346804253212,249.472625838365));
#12016=CARTESIAN_POINT('',(682.,-7.98346804253212,249.472625838365));
#12017=CARTESIAN_POINT('',(682.,-7.98346804253212,249.472625838365));
#12018=CARTESIAN_POINT('',(674.,-7.98346804253212,249.472625838365));
#12019=CARTESIAN_POINT('Origin',(674.,-7.76742967618607,249.363407840282));
#12020=CARTESIAN_POINT('',(674.,-7.76742967618607,249.363407840282));
#12021=CARTESIAN_POINT('',(674.,-7.76742967618607,249.363407840282));
#12022=CARTESIAN_POINT('',(682.,-7.76742967618607,249.363407840282));
#12023=CARTESIAN_POINT('',(682.,-7.76742967618607,249.363407840282));
#12024=CARTESIAN_POINT('',(674.,-7.76742967618607,249.363407840282));
#12025=CARTESIAN_POINT('Origin',(674.,-7.56125577867879,249.245141692852));
#12026=CARTESIAN_POINT('',(674.,-7.56125577867879,249.245141692852));
#12027=CARTESIAN_POINT('',(674.,-7.56125577867879,249.245141692852));
#12028=CARTESIAN_POINT('',(682.,-7.56125577867879,249.245141692852));
#12029=CARTESIAN_POINT('',(682.,-7.56125577867879,249.245141692852));
#12030=CARTESIAN_POINT('',(674.,-7.56125577867879,249.245141692852));
#12031=CARTESIAN_POINT('Origin',(674.,-7.36624911312678,249.117092047568));
#12032=CARTESIAN_POINT('',(674.,-7.36624911312678,249.117092047568));
#12033=CARTESIAN_POINT('',(674.,-7.36624911312678,249.117092047568));
#12034=CARTESIAN_POINT('',(682.,-7.36624911312678,249.117092047568));
#12035=CARTESIAN_POINT('',(682.,-7.36624911312678,249.117092047568));
#12036=CARTESIAN_POINT('',(674.,-7.36624911312678,249.117092047568));
#12037=CARTESIAN_POINT('Origin',(674.,-7.1846596691664,248.977767772841));
#12038=CARTESIAN_POINT('',(674.,-7.1846596691664,248.977767772841));
#12039=CARTESIAN_POINT('',(674.,-7.1846596691664,248.977767772841));
#12040=CARTESIAN_POINT('',(682.,-7.1846596691664,248.977767772841));
#12041=CARTESIAN_POINT('',(682.,-7.1846596691664,248.977767772841));
#12042=CARTESIAN_POINT('',(674.,-7.1846596691664,248.977767772841));
#12043=CARTESIAN_POINT('Origin',(674.,-7.02290938216939,248.822354771511));
#12044=CARTESIAN_POINT('',(674.,-7.02290938216939,248.822354771511));
#12045=CARTESIAN_POINT('',(674.,-7.02290938216939,248.822354771511));
#12046=CARTESIAN_POINT('',(682.,-7.02290938216939,248.822354771511));
#12047=CARTESIAN_POINT('',(682.,-7.02290938216939,248.822354771511));
#12048=CARTESIAN_POINT('',(674.,-7.02290938216939,248.822354771511));
#12049=CARTESIAN_POINT('Origin',(674.,-6.30587030283326,247.921592309873));
#12050=CARTESIAN_POINT('',(674.,-6.30587030283326,247.921592309873));
#12051=CARTESIAN_POINT('',(674.,-6.30587030283326,247.921592309873));
#12052=CARTESIAN_POINT('',(682.,-6.30587030283327,247.921592309873));
#12053=CARTESIAN_POINT('',(682.,-6.30587030283326,247.921592309873));
#12054=CARTESIAN_POINT('',(674.,-6.30587030283326,247.921592309873));
#12055=CARTESIAN_POINT('Origin',(674.,-4.90544490845352,248.857326642398));
#12056=CARTESIAN_POINT('',(674.,-4.90544490845352,248.857326642398));
#12057=CARTESIAN_POINT('',(674.,-4.90544490845352,248.857326642398));
#12058=CARTESIAN_POINT('',(682.,-4.90544490845353,248.857326642398));
#12059=CARTESIAN_POINT('',(682.,-4.90544490845352,248.857326642398));
#12060=CARTESIAN_POINT('',(674.,-4.90544490845352,248.857326642398));
#12061=CARTESIAN_POINT('Origin',(674.,-5.46324193439476,249.864491242372));
#12062=CARTESIAN_POINT('',(674.,-5.46324193439476,249.864491242372));
#12063=CARTESIAN_POINT('',(674.,-5.46324193439476,249.864491242372));
#12064=CARTESIAN_POINT('',(682.,-5.46324193439477,249.864491242372));
#12065=CARTESIAN_POINT('',(682.,-5.46324193439476,249.864491242372));
#12066=CARTESIAN_POINT('',(674.,-5.46324193439476,249.864491242372));
#12067=CARTESIAN_POINT('Origin',(674.,-5.54492567039599,250.07340300269));
#12068=CARTESIAN_POINT('',(674.,-5.54492567039599,250.07340300269));
#12069=CARTESIAN_POINT('',(674.,-5.54492567039599,250.07340300269));
#12070=CARTESIAN_POINT('',(682.,-5.54492567039599,250.07340300269));
#12071=CARTESIAN_POINT('',(682.,-5.54492567039599,250.07340300269));
#12072=CARTESIAN_POINT('',(674.,-5.54492567039599,250.07340300269));
#12073=CARTESIAN_POINT('Origin',(674.,-5.6041532445016,250.294486864949));
#12074=CARTESIAN_POINT('',(674.,-5.6041532445016,250.294486864949));
#12075=CARTESIAN_POINT('',(674.,-5.6041532445016,250.294486864949));
#12076=CARTESIAN_POINT('',(682.,-5.6041532445016,250.294486864949));
#12077=CARTESIAN_POINT('',(682.,-5.6041532445016,250.294486864949));
#12078=CARTESIAN_POINT('',(674.,-5.6041532445016,250.294486864949));
#12079=CARTESIAN_POINT('Origin',(674.,-5.64782987081739,250.523652009726));
#12080=CARTESIAN_POINT('',(674.,-5.64782987081739,250.523652009726));
#12081=CARTESIAN_POINT('',(674.,-5.64782987081739,250.523652009726));
#12082=CARTESIAN_POINT('',(682.,-5.64782987081739,250.523652009726));
#12083=CARTESIAN_POINT('',(682.,-5.64782987081739,250.523652009726));
#12084=CARTESIAN_POINT('',(674.,-5.64782987081739,250.523652009726));
#12085=CARTESIAN_POINT('Origin',(674.,-5.67819420905519,250.759390349003));
#12086=CARTESIAN_POINT('',(674.,-5.67819420905519,250.759390349003));
#12087=CARTESIAN_POINT('',(674.,-5.67819420905519,250.759390349003));
#12088=CARTESIAN_POINT('',(682.,-5.67819420905518,250.759390349003));
#12089=CARTESIAN_POINT('',(682.,-5.67819420905519,250.759390349003));
#12090=CARTESIAN_POINT('',(674.,-5.67819420905519,250.759390349003));
#12091=CARTESIAN_POINT('Origin',(674.,-5.6964241785102,251.000779692289));
#12092=CARTESIAN_POINT('',(674.,-5.6964241785102,251.000779692289));
#12093=CARTESIAN_POINT('',(674.,-5.6964241785102,251.000779692289));
#12094=CARTESIAN_POINT('',(682.,-5.6964241785102,251.000779692289));
#12095=CARTESIAN_POINT('',(682.,-5.6964241785102,251.000779692289));
#12096=CARTESIAN_POINT('',(674.,-5.6964241785102,251.000779692289));
#12097=CARTESIAN_POINT('Origin',(674.,-5.7032381124844,251.247150981886));
#12098=CARTESIAN_POINT('',(674.,-5.7032381124844,251.247150981886));
#12099=CARTESIAN_POINT('',(674.,-5.7032381124844,251.247150981886));
#12100=CARTESIAN_POINT('',(682.,-5.7032381124844,251.247150981886));
#12101=CARTESIAN_POINT('',(682.,-5.7032381124844,251.247150981886));
#12102=CARTESIAN_POINT('',(674.,-5.7032381124844,251.247150981886));
#12103=CARTESIAN_POINT('Origin',(674.,-5.69910847858603,251.497970101674));
#12104=CARTESIAN_POINT('',(674.,-5.69910847858603,251.497970101674));
#12105=CARTESIAN_POINT('',(674.,-5.69910847858603,251.497970101674));
#12106=CARTESIAN_POINT('',(682.,-5.69910847858603,251.497970101674));
#12107=CARTESIAN_POINT('',(682.,-5.69910847858603,251.497970101674));
#12108=CARTESIAN_POINT('',(674.,-5.69910847858603,251.497970101674));
#12109=CARTESIAN_POINT('Origin',(674.,-5.68436004025765,251.752783686874));
#12110=CARTESIAN_POINT('',(674.,-5.68436004025765,251.752783686874));
#12111=CARTESIAN_POINT('',(674.,-5.68436004025765,251.752783686874));
#12112=CARTESIAN_POINT('',(682.,-5.68436004025765,251.752783686874));
#12113=CARTESIAN_POINT('',(682.,-5.68436004025765,251.752783686874));
#12114=CARTESIAN_POINT('',(674.,-5.68436004025765,251.752783686874));
#12115=CARTESIAN_POINT('Origin',(674.,-5.65922207918,252.011190377298));
#12116=CARTESIAN_POINT('',(674.,-5.65922207918,252.011190377298));
#12117=CARTESIAN_POINT('',(674.,-5.65922207918,252.011190377298));
#12118=CARTESIAN_POINT('',(682.,-5.65922207918,252.011190377298));
#12119=CARTESIAN_POINT('',(682.,-5.65922207918,252.011190377298));
#12120=CARTESIAN_POINT('',(674.,-5.65922207918,252.011190377298));
#12121=CARTESIAN_POINT('Origin',(674.,-5.62385902921777,252.272824027887));
#12122=CARTESIAN_POINT('',(674.,-5.62385902921777,252.272824027887));
#12123=CARTESIAN_POINT('',(674.,-5.62385902921777,252.272824027887));
#12124=CARTESIAN_POINT('',(682.,-5.62385902921777,252.272824027887));
#12125=CARTESIAN_POINT('',(682.,-5.62385902921777,252.272824027887));
#12126=CARTESIAN_POINT('',(674.,-5.62385902921777,252.272824027887));
#12127=CARTESIAN_POINT('Origin',(674.,-4.70152823843117,252.654865950425));
#12128=CARTESIAN_POINT('',(674.,-4.70152823843117,252.654865950425));
#12129=CARTESIAN_POINT('',(674.,-4.70152823843117,252.654865950425));
#12130=CARTESIAN_POINT('',(682.,-4.70152823843116,252.654865950425));
#12131=CARTESIAN_POINT('',(682.,-4.70152823843117,252.654865950425));
#12132=CARTESIAN_POINT('',(674.,-4.70152823843117,252.654865950425));
#12133=CARTESIAN_POINT('Origin',(674.,-4.49151985748087,252.494868474338));
#12134=CARTESIAN_POINT('',(674.,-4.49151985748087,252.494868474338));
#12135=CARTESIAN_POINT('',(674.,-4.49151985748087,252.494868474338));
#12136=CARTESIAN_POINT('',(682.,-4.49151985748087,252.494868474338));
#12137=CARTESIAN_POINT('',(682.,-4.49151985748087,252.494868474338));
#12138=CARTESIAN_POINT('',(674.,-4.49151985748087,252.494868474338));
#12139=CARTESIAN_POINT('Origin',(674.,-4.29102351163505,252.329922573979));
#12140=CARTESIAN_POINT('',(674.,-4.29102351163505,252.329922573979));
#12141=CARTESIAN_POINT('',(674.,-4.29102351163505,252.329922573979));
#12142=CARTESIAN_POINT('',(682.,-4.29102351163505,252.329922573979));
#12143=CARTESIAN_POINT('',(682.,-4.29102351163505,252.329922573979));
#12144=CARTESIAN_POINT('',(674.,-4.29102351163505,252.329922573979));
#12145=CARTESIAN_POINT('Origin',(674.,-4.10041437684804,252.1601708807));
#12146=CARTESIAN_POINT('',(674.,-4.10041437684804,252.1601708807));
#12147=CARTESIAN_POINT('',(674.,-4.10041437684804,252.1601708807));
#12148=CARTESIAN_POINT('',(682.,-4.10041437684804,252.1601708807));
#12149=CARTESIAN_POINT('',(682.,-4.10041437684804,252.1601708807));
#12150=CARTESIAN_POINT('',(674.,-4.10041437684804,252.1601708807));
#12151=CARTESIAN_POINT('Origin',(674.,-3.92013838426152,251.98573507238));
#12152=CARTESIAN_POINT('',(674.,-3.92013838426152,251.98573507238));
#12153=CARTESIAN_POINT('',(674.,-3.92013838426152,251.98573507238));
#12154=CARTESIAN_POINT('',(682.,-3.92013838426152,251.98573507238));
#12155=CARTESIAN_POINT('',(682.,-3.92013838426152,251.98573507238));
#12156=CARTESIAN_POINT('',(674.,-3.92013838426152,251.98573507238));
#12157=CARTESIAN_POINT('Origin',(674.,-3.75074575361745,251.806706083897));
#12158=CARTESIAN_POINT('',(674.,-3.75074575361745,251.806706083897));
#12159=CARTESIAN_POINT('',(674.,-3.75074575361745,251.806706083897));
#12160=CARTESIAN_POINT('',(682.,-3.75074575361745,251.806706083897));
#12161=CARTESIAN_POINT('',(682.,-3.75074575361745,251.806706083897));
#12162=CARTESIAN_POINT('',(674.,-3.75074575361745,251.806706083897));
#12163=CARTESIAN_POINT('Origin',(674.,-3.59294824709566,251.62312750733));
#12164=CARTESIAN_POINT('',(674.,-3.59294824709566,251.62312750733));
#12165=CARTESIAN_POINT('',(674.,-3.59294824709566,251.62312750733));
#12166=CARTESIAN_POINT('',(682.,-3.59294824709566,251.62312750733));
#12167=CARTESIAN_POINT('',(682.,-3.59294824709566,251.62312750733));
#12168=CARTESIAN_POINT('',(674.,-3.59294824709566,251.62312750733));
#12169=CARTESIAN_POINT('Origin',(674.,-3.44772689828188,251.434964499568));
#12170=CARTESIAN_POINT('',(674.,-3.44772689828188,251.434964499568));
#12171=CARTESIAN_POINT('',(674.,-3.44772689828188,251.434964499568));
#12172=CARTESIAN_POINT('',(682.,-3.44772689828188,251.434964499568));
#12173=CARTESIAN_POINT('',(682.,-3.44772689828188,251.434964499568));
#12174=CARTESIAN_POINT('',(674.,-3.44772689828188,251.434964499568));
#12175=CARTESIAN_POINT('Origin',(674.,-3.31656670904556,251.242036233037));
#12176=CARTESIAN_POINT('',(674.,-3.31656670904556,251.242036233037));
#12177=CARTESIAN_POINT('',(674.,-3.31656670904556,251.242036233037));
#12178=CARTESIAN_POINT('',(682.,-3.31656670904556,251.242036233037));
#12179=CARTESIAN_POINT('',(682.,-3.31656670904556,251.242036233037));
#12180=CARTESIAN_POINT('',(674.,-3.31656670904556,251.242036233037));
#12181=CARTESIAN_POINT('Origin',(674.,-3.20211703011451,251.043826115539));
#12182=CARTESIAN_POINT('',(674.,-3.20211703011451,251.043826115539));
#12183=CARTESIAN_POINT('',(674.,-3.20211703011451,251.043826115539));
#12184=CARTESIAN_POINT('',(682.,-3.20211703011451,251.043826115539));
#12185=CARTESIAN_POINT('',(682.,-3.20211703011451,251.043826115539));
#12186=CARTESIAN_POINT('',(674.,-3.20211703011451,251.043826115539));
#12187=CARTESIAN_POINT('Origin',(674.,-3.11215323136341,250.83834406951));
#12188=CARTESIAN_POINT('',(674.,-3.11215323136341,250.83834406951));
#12189=CARTESIAN_POINT('',(674.,-3.11215323136341,250.83834406951));
#12190=CARTESIAN_POINT('',(682.,-3.11215323136341,250.83834406951));
#12191=CARTESIAN_POINT('',(682.,-3.11215323136341,250.83834406951));
#12192=CARTESIAN_POINT('',(674.,-3.11215323136341,250.83834406951));
#12193=CARTESIAN_POINT('Origin',(674.,-2.79440237251915,249.731749091528));
#12194=CARTESIAN_POINT('',(674.,-2.79440237251915,249.731749091528));
#12195=CARTESIAN_POINT('',(674.,-2.79440237251915,249.731749091528));
#12196=CARTESIAN_POINT('',(682.,-2.79440237251915,249.731749091528));
#12197=CARTESIAN_POINT('',(682.,-2.79440237251915,249.731749091528));
#12198=CARTESIAN_POINT('',(674.,-2.79440237251915,249.731749091528));
#12199=CARTESIAN_POINT('Origin',(674.,-1.14248798769042,250.060335292523));
#12200=CARTESIAN_POINT('',(674.,-1.14248798769042,250.060335292523));
#12201=CARTESIAN_POINT('',(674.,-1.14248798769042,250.060335292523));
#12202=CARTESIAN_POINT('',(682.,-1.14248798769042,250.060335292523));
#12203=CARTESIAN_POINT('',(682.,-1.14248798769042,250.060335292523));
#12204=CARTESIAN_POINT('',(674.,-1.14248798769042,250.060335292523));
#12205=CARTESIAN_POINT('Origin',(674.,-1.27240003717835,251.20429373276));
#12206=CARTESIAN_POINT('',(674.,-1.27240003717835,251.20429373276));
#12207=CARTESIAN_POINT('',(674.,-1.27240003717835,251.20429373276));
#12208=CARTESIAN_POINT('',(682.,-1.27240003717835,251.20429373276));
#12209=CARTESIAN_POINT('',(682.,-1.27240003717835,251.20429373276));
#12210=CARTESIAN_POINT('',(674.,-1.27240003717835,251.20429373276));
#12211=CARTESIAN_POINT('Origin',(674.,-1.26791889950915,251.428562044679));
#12212=CARTESIAN_POINT('',(674.,-1.26791889950915,251.428562044679));
#12213=CARTESIAN_POINT('',(674.,-1.26791889950915,251.428562044679));
#12214=CARTESIAN_POINT('',(682.,-1.26791889950915,251.428562044679));
#12215=CARTESIAN_POINT('',(682.,-1.26791889950915,251.428562044679));
#12216=CARTESIAN_POINT('',(674.,-1.26791889950915,251.428562044679));
#12217=CARTESIAN_POINT('Origin',(674.,-1.23803291173576,251.655482311338));
#12218=CARTESIAN_POINT('',(674.,-1.23803291173576,251.655482311338));
#12219=CARTESIAN_POINT('',(674.,-1.23803291173576,251.655482311338));
#12220=CARTESIAN_POINT('',(682.,-1.23803291173576,251.655482311338));
#12221=CARTESIAN_POINT('',(682.,-1.23803291173576,251.655482311338));
#12222=CARTESIAN_POINT('',(674.,-1.23803291173576,251.655482311338));
#12223=CARTESIAN_POINT('Origin',(674.,-1.19068714865627,251.883917619436));
#12224=CARTESIAN_POINT('',(674.,-1.19068714865627,251.883917619436));
#12225=CARTESIAN_POINT('',(674.,-1.19068714865627,251.883917619436));
#12226=CARTESIAN_POINT('',(682.,-1.19068714865627,251.883917619436));
#12227=CARTESIAN_POINT('',(682.,-1.19068714865627,251.883917619436));
#12228=CARTESIAN_POINT('',(674.,-1.19068714865627,251.883917619436));
#12229=CARTESIAN_POINT('Origin',(674.,-1.1285269824581,252.1133313753));
#12230=CARTESIAN_POINT('',(674.,-1.1285269824581,252.1133313753));
#12231=CARTESIAN_POINT('',(674.,-1.1285269824581,252.1133313753));
#12232=CARTESIAN_POINT('',(682.,-1.1285269824581,252.1133313753));
#12233=CARTESIAN_POINT('',(682.,-1.1285269824581,252.1133313753));
#12234=CARTESIAN_POINT('',(674.,-1.1285269824581,252.1133313753));
#12235=CARTESIAN_POINT('Origin',(674.,-1.05299357569056,252.343322356212));
#12236=CARTESIAN_POINT('',(674.,-1.05299357569056,252.343322356212));
#12237=CARTESIAN_POINT('',(674.,-1.05299357569056,252.343322356212));
#12238=CARTESIAN_POINT('',(682.,-1.05299357569056,252.343322356212));
#12239=CARTESIAN_POINT('',(682.,-1.05299357569056,252.343322356212));
#12240=CARTESIAN_POINT('',(674.,-1.05299357569056,252.343322356212));
#12241=CARTESIAN_POINT('Origin',(674.,-0.965006619085968,252.57354732771));
#12242=CARTESIAN_POINT('',(674.,-0.965006619085968,252.57354732771));
#12243=CARTESIAN_POINT('',(674.,-0.965006619085968,252.57354732771));
#12244=CARTESIAN_POINT('',(682.,-0.965006619085967,252.57354732771));
#12245=CARTESIAN_POINT('',(682.,-0.965006619085968,252.57354732771));
#12246=CARTESIAN_POINT('',(674.,-0.965006619085968,252.57354732771));
#12247=CARTESIAN_POINT('Origin',(674.,-0.865207013187326,252.80369363637));
#12248=CARTESIAN_POINT('',(674.,-0.865207013187326,252.80369363637));
#12249=CARTESIAN_POINT('',(674.,-0.865207013187326,252.80369363637));
#12250=CARTESIAN_POINT('',(682.,-0.865207013187327,252.80369363637));
#12251=CARTESIAN_POINT('',(682.,-0.865207013187326,252.80369363637));
#12252=CARTESIAN_POINT('',(674.,-0.865207013187326,252.80369363637));
#12253=CARTESIAN_POINT('Origin',(674.,-0.754068295481788,253.03346670934));
#12254=CARTESIAN_POINT('',(674.,-0.754068295481788,253.03346670934));
#12255=CARTESIAN_POINT('',(674.,-0.754068295481788,253.03346670934));
#12256=CARTESIAN_POINT('',(682.,-0.754068295481788,253.03346670934));
#12257=CARTESIAN_POINT('',(682.,-0.754068295481788,253.03346670934));
#12258=CARTESIAN_POINT('',(674.,-0.754068295481788,253.03346670934));
#12259=CARTESIAN_POINT('Origin',(674.,-0.63195588851562,253.262583480459));
#12260=CARTESIAN_POINT('',(674.,-0.63195588851562,253.262583480459));
#12261=CARTESIAN_POINT('',(674.,-0.63195588851562,253.262583480459));
#12262=CARTESIAN_POINT('',(682.,-0.63195588851562,253.262583480459));
#12263=CARTESIAN_POINT('',(682.,-0.63195588851562,253.262583480459));
#12264=CARTESIAN_POINT('',(674.,-0.63195588851562,253.262583480459));
#12265=CARTESIAN_POINT('Origin',(674.,-0.499161827018468,253.490768601916));
#12266=CARTESIAN_POINT('',(674.,-0.499161827018468,253.490768601916));
#12267=CARTESIAN_POINT('',(674.,-0.499161827018468,253.490768601916));
#12268=CARTESIAN_POINT('',(682.,-0.499161827018467,253.490768601916));
#12269=CARTESIAN_POINT('',(682.,-0.499161827018468,253.490768601916));
#12270=CARTESIAN_POINT('',(674.,-0.499161827018468,253.490768601916));
#12271=CARTESIAN_POINT('Origin',(674.,0.49916182701847,253.490768601916));
#12272=CARTESIAN_POINT('',(674.,0.49916182701847,253.490768601916));
#12273=CARTESIAN_POINT('',(674.,0.49916182701847,253.490768601916));
#12274=CARTESIAN_POINT('',(682.,0.499161827018469,253.490768601916));
#12275=CARTESIAN_POINT('',(682.,0.49916182701847,253.490768601916));
#12276=CARTESIAN_POINT('',(674.,0.49916182701847,253.490768601916));
#12277=CARTESIAN_POINT('Origin',(674.,0.631955888515621,253.262583480459));
#12278=CARTESIAN_POINT('',(674.,0.631955888515621,253.262583480459));
#12279=CARTESIAN_POINT('',(674.,0.631955888515621,253.262583480459));
#12280=CARTESIAN_POINT('',(682.,0.631955888515622,253.262583480459));
#12281=CARTESIAN_POINT('',(682.,0.631955888515621,253.262583480459));
#12282=CARTESIAN_POINT('',(674.,0.631955888515621,253.262583480459));
#12283=CARTESIAN_POINT('Origin',(674.,0.75406829548179,253.03346670934));
#12284=CARTESIAN_POINT('',(674.,0.75406829548179,253.03346670934));
#12285=CARTESIAN_POINT('',(674.,0.75406829548179,253.03346670934));
#12286=CARTESIAN_POINT('',(682.,0.75406829548179,253.03346670934));
#12287=CARTESIAN_POINT('',(682.,0.75406829548179,253.03346670934));
#12288=CARTESIAN_POINT('',(674.,0.75406829548179,253.03346670934));
#12289=CARTESIAN_POINT('Origin',(674.,0.865207013187328,252.80369363637));
#12290=CARTESIAN_POINT('',(674.,0.865207013187328,252.80369363637));
#12291=CARTESIAN_POINT('',(674.,0.865207013187328,252.80369363637));
#12292=CARTESIAN_POINT('',(682.,0.865207013187328,252.80369363637));
#12293=CARTESIAN_POINT('',(682.,0.865207013187328,252.80369363637));
#12294=CARTESIAN_POINT('',(674.,0.865207013187328,252.80369363637));
#12295=CARTESIAN_POINT('Origin',(674.,0.965006619085969,252.57354732771));
#12296=CARTESIAN_POINT('',(674.,0.965006619085969,252.57354732771));
#12297=CARTESIAN_POINT('',(674.,0.965006619085969,252.57354732771));
#12298=CARTESIAN_POINT('',(682.,0.96500661908597,252.57354732771));
#12299=CARTESIAN_POINT('',(682.,0.965006619085969,252.57354732771));
#12300=CARTESIAN_POINT('',(674.,0.965006619085969,252.57354732771));
#12301=CARTESIAN_POINT('Origin',(674.,1.05299357569056,252.343322356212));
#12302=CARTESIAN_POINT('',(674.,1.05299357569056,252.343322356212));
#12303=CARTESIAN_POINT('',(674.,1.05299357569056,252.343322356212));
#12304=CARTESIAN_POINT('',(682.,1.05299357569056,252.343322356212));
#12305=CARTESIAN_POINT('',(682.,1.05299357569056,252.343322356212));
#12306=CARTESIAN_POINT('',(674.,1.05299357569056,252.343322356212));
#12307=CARTESIAN_POINT('Origin',(674.,1.1285269824581,252.1133313753));
#12308=CARTESIAN_POINT('',(674.,1.1285269824581,252.1133313753));
#12309=CARTESIAN_POINT('',(674.,1.1285269824581,252.1133313753));
#12310=CARTESIAN_POINT('',(682.,1.1285269824581,252.1133313753));
#12311=CARTESIAN_POINT('',(682.,1.1285269824581,252.1133313753));
#12312=CARTESIAN_POINT('',(674.,1.1285269824581,252.1133313753));
#12313=CARTESIAN_POINT('Origin',(674.,1.19068714865628,251.883917619436));
#12314=CARTESIAN_POINT('',(674.,1.19068714865628,251.883917619436));
#12315=CARTESIAN_POINT('',(674.,1.19068714865628,251.883917619436));
#12316=CARTESIAN_POINT('',(682.,1.19068714865628,251.883917619436));
#12317=CARTESIAN_POINT('',(682.,1.19068714865628,251.883917619436));
#12318=CARTESIAN_POINT('',(674.,1.19068714865628,251.883917619436));
#12319=CARTESIAN_POINT('Origin',(674.,1.23803291173576,251.655482311338));
#12320=CARTESIAN_POINT('',(674.,1.23803291173576,251.655482311338));
#12321=CARTESIAN_POINT('',(674.,1.23803291173576,251.655482311338));
#12322=CARTESIAN_POINT('',(682.,1.23803291173576,251.655482311338));
#12323=CARTESIAN_POINT('',(682.,1.23803291173576,251.655482311338));
#12324=CARTESIAN_POINT('',(674.,1.23803291173576,251.655482311338));
#12325=CARTESIAN_POINT('Origin',(674.,1.26791889950915,251.428562044679));
#12326=CARTESIAN_POINT('',(674.,1.26791889950915,251.428562044679));
#12327=CARTESIAN_POINT('',(674.,1.26791889950915,251.428562044679));
#12328=CARTESIAN_POINT('',(682.,1.26791889950915,251.428562044679));
#12329=CARTESIAN_POINT('',(682.,1.26791889950915,251.428562044679));
#12330=CARTESIAN_POINT('',(674.,1.26791889950915,251.428562044679));
#12331=CARTESIAN_POINT('Origin',(674.,1.27240003717835,251.20429373276));
#12332=CARTESIAN_POINT('',(674.,1.27240003717835,251.20429373276));
#12333=CARTESIAN_POINT('',(674.,1.27240003717835,251.20429373276));
#12334=CARTESIAN_POINT('',(682.,1.27240003717835,251.20429373276));
#12335=CARTESIAN_POINT('',(682.,1.27240003717835,251.20429373276));
#12336=CARTESIAN_POINT('',(674.,1.27240003717835,251.20429373276));
#12337=CARTESIAN_POINT('Origin',(674.,1.14248798769043,250.060335292523));
#12338=CARTESIAN_POINT('',(674.,1.14248798769043,250.060335292523));
#12339=CARTESIAN_POINT('',(674.,1.14248798769043,250.060335292523));
#12340=CARTESIAN_POINT('',(682.,1.14248798769043,250.060335292523));
#12341=CARTESIAN_POINT('',(682.,1.14248798769043,250.060335292523));
#12342=CARTESIAN_POINT('',(674.,1.14248798769043,250.060335292523));
#12343=CARTESIAN_POINT('Origin',(674.,2.79440237251915,249.731749091528));
#12344=CARTESIAN_POINT('',(674.,2.79440237251915,249.731749091528));
#12345=CARTESIAN_POINT('',(674.,2.79440237251915,249.731749091528));
#12346=CARTESIAN_POINT('',(682.,2.79440237251915,249.731749091528));
#12347=CARTESIAN_POINT('',(682.,2.79440237251915,249.731749091528));
#12348=CARTESIAN_POINT('',(674.,2.79440237251915,249.731749091528));
#12349=CARTESIAN_POINT('Origin',(674.,3.11215323136341,250.83834406951));
#12350=CARTESIAN_POINT('',(674.,3.11215323136341,250.83834406951));
#12351=CARTESIAN_POINT('',(674.,3.11215323136341,250.83834406951));
#12352=CARTESIAN_POINT('',(682.,3.11215323136341,250.83834406951));
#12353=CARTESIAN_POINT('',(682.,3.11215323136341,250.83834406951));
#12354=CARTESIAN_POINT('',(674.,3.11215323136341,250.83834406951));
#12355=CARTESIAN_POINT('Origin',(674.,3.20211703011451,251.043826115539));
#12356=CARTESIAN_POINT('',(674.,3.20211703011451,251.043826115539));
#12357=CARTESIAN_POINT('',(674.,3.20211703011451,251.043826115539));
#12358=CARTESIAN_POINT('',(682.,3.20211703011451,251.043826115539));
#12359=CARTESIAN_POINT('',(682.,3.20211703011451,251.043826115539));
#12360=CARTESIAN_POINT('',(674.,3.20211703011451,251.043826115539));
#12361=CARTESIAN_POINT('Origin',(674.,3.31656670904556,251.242036233037));
#12362=CARTESIAN_POINT('',(674.,3.31656670904556,251.242036233037));
#12363=CARTESIAN_POINT('',(674.,3.31656670904556,251.242036233037));
#12364=CARTESIAN_POINT('',(682.,3.31656670904556,251.242036233037));
#12365=CARTESIAN_POINT('',(682.,3.31656670904556,251.242036233037));
#12366=CARTESIAN_POINT('',(674.,3.31656670904556,251.242036233037));
#12367=CARTESIAN_POINT('Origin',(674.,3.44772689828189,251.434964499568));
#12368=CARTESIAN_POINT('',(674.,3.44772689828189,251.434964499568));
#12369=CARTESIAN_POINT('',(674.,3.44772689828189,251.434964499568));
#12370=CARTESIAN_POINT('',(682.,3.44772689828189,251.434964499568));
#12371=CARTESIAN_POINT('',(682.,3.44772689828189,251.434964499568));
#12372=CARTESIAN_POINT('',(674.,3.44772689828189,251.434964499568));
#12373=CARTESIAN_POINT('Origin',(674.,3.59294824709566,251.62312750733));
#12374=CARTESIAN_POINT('',(674.,3.59294824709566,251.62312750733));
#12375=CARTESIAN_POINT('',(674.,3.59294824709566,251.62312750733));
#12376=CARTESIAN_POINT('',(682.,3.59294824709566,251.62312750733));
#12377=CARTESIAN_POINT('',(682.,3.59294824709566,251.62312750733));
#12378=CARTESIAN_POINT('',(674.,3.59294824709566,251.62312750733));
#12379=CARTESIAN_POINT('Origin',(674.,3.75074575361745,251.806706083897));
#12380=CARTESIAN_POINT('',(674.,3.75074575361745,251.806706083897));
#12381=CARTESIAN_POINT('',(674.,3.75074575361745,251.806706083897));
#12382=CARTESIAN_POINT('',(682.,3.75074575361745,251.806706083897));
#12383=CARTESIAN_POINT('',(682.,3.75074575361745,251.806706083897));
#12384=CARTESIAN_POINT('',(674.,3.75074575361745,251.806706083897));
#12385=CARTESIAN_POINT('Origin',(674.,3.92013838426152,251.98573507238));
#12386=CARTESIAN_POINT('',(674.,3.92013838426152,251.98573507238));
#12387=CARTESIAN_POINT('',(674.,3.92013838426152,251.98573507238));
#12388=CARTESIAN_POINT('',(682.,3.92013838426152,251.98573507238));
#12389=CARTESIAN_POINT('',(682.,3.92013838426152,251.98573507238));
#12390=CARTESIAN_POINT('',(674.,3.92013838426152,251.98573507238));
#12391=CARTESIAN_POINT('Origin',(674.,4.10041437684805,252.1601708807));
#12392=CARTESIAN_POINT('',(674.,4.10041437684805,252.1601708807));
#12393=CARTESIAN_POINT('',(674.,4.10041437684805,252.1601708807));
#12394=CARTESIAN_POINT('',(682.,4.10041437684805,252.1601708807));
#12395=CARTESIAN_POINT('',(682.,4.10041437684805,252.1601708807));
#12396=CARTESIAN_POINT('',(674.,4.10041437684805,252.1601708807));
#12397=CARTESIAN_POINT('Origin',(674.,4.29102351163506,252.329922573979));
#12398=CARTESIAN_POINT('',(674.,4.29102351163506,252.329922573979));
#12399=CARTESIAN_POINT('',(674.,4.29102351163506,252.329922573979));
#12400=CARTESIAN_POINT('',(682.,4.29102351163506,252.329922573979));
#12401=CARTESIAN_POINT('',(682.,4.29102351163506,252.329922573979));
#12402=CARTESIAN_POINT('',(674.,4.29102351163506,252.329922573979));
#12403=CARTESIAN_POINT('Origin',(674.,4.49151985748087,252.494868474338));
#12404=CARTESIAN_POINT('',(674.,4.49151985748087,252.494868474338));
#12405=CARTESIAN_POINT('',(674.,4.49151985748087,252.494868474338));
#12406=CARTESIAN_POINT('',(682.,4.49151985748087,252.494868474338));
#12407=CARTESIAN_POINT('',(682.,4.49151985748087,252.494868474338));
#12408=CARTESIAN_POINT('',(674.,4.49151985748087,252.494868474338));
#12409=CARTESIAN_POINT('Origin',(674.,4.70152823843117,252.654865950425));
#12410=CARTESIAN_POINT('',(674.,4.70152823843117,252.654865950425));
#12411=CARTESIAN_POINT('',(674.,4.70152823843117,252.654865950425));
#12412=CARTESIAN_POINT('',(682.,4.70152823843117,252.654865950425));
#12413=CARTESIAN_POINT('',(682.,4.70152823843117,252.654865950425));
#12414=CARTESIAN_POINT('',(674.,4.70152823843117,252.654865950425));
#12415=CARTESIAN_POINT('Origin',(674.,5.62385902921777,252.272824027887));
#12416=CARTESIAN_POINT('',(674.,5.62385902921777,252.272824027887));
#12417=CARTESIAN_POINT('',(674.,5.62385902921777,252.272824027887));
#12418=CARTESIAN_POINT('',(682.,5.62385902921777,252.272824027887));
#12419=CARTESIAN_POINT('',(682.,5.62385902921777,252.272824027887));
#12420=CARTESIAN_POINT('',(674.,5.62385902921777,252.272824027887));
#12421=CARTESIAN_POINT('Origin',(674.,5.65922207918,252.011190377298));
#12422=CARTESIAN_POINT('',(674.,5.65922207918,252.011190377298));
#12423=CARTESIAN_POINT('',(674.,5.65922207918,252.011190377298));
#12424=CARTESIAN_POINT('',(682.,5.65922207918,252.011190377298));
#12425=CARTESIAN_POINT('',(682.,5.65922207918,252.011190377298));
#12426=CARTESIAN_POINT('',(674.,5.65922207918,252.011190377298));
#12427=CARTESIAN_POINT('Origin',(674.,5.68436004025765,251.752783686874));
#12428=CARTESIAN_POINT('',(674.,5.68436004025765,251.752783686874));
#12429=CARTESIAN_POINT('',(674.,5.68436004025765,251.752783686874));
#12430=CARTESIAN_POINT('',(682.,5.68436004025765,251.752783686874));
#12431=CARTESIAN_POINT('',(682.,5.68436004025765,251.752783686874));
#12432=CARTESIAN_POINT('',(674.,5.68436004025765,251.752783686874));
#12433=CARTESIAN_POINT('Origin',(674.,5.69910847858603,251.497970101674));
#12434=CARTESIAN_POINT('',(674.,5.69910847858603,251.497970101674));
#12435=CARTESIAN_POINT('',(674.,5.69910847858603,251.497970101674));
#12436=CARTESIAN_POINT('',(682.,5.69910847858603,251.497970101674));
#12437=CARTESIAN_POINT('',(682.,5.69910847858603,251.497970101674));
#12438=CARTESIAN_POINT('',(674.,5.69910847858603,251.497970101674));
#12439=CARTESIAN_POINT('Origin',(674.,5.7032381124844,251.247150981886));
#12440=CARTESIAN_POINT('',(674.,5.7032381124844,251.247150981886));
#12441=CARTESIAN_POINT('',(674.,5.7032381124844,251.247150981886));
#12442=CARTESIAN_POINT('',(682.,5.7032381124844,251.247150981886));
#12443=CARTESIAN_POINT('',(682.,5.7032381124844,251.247150981886));
#12444=CARTESIAN_POINT('',(674.,5.7032381124844,251.247150981886));
#12445=CARTESIAN_POINT('Origin',(674.,5.69642417851021,251.000779692289));
#12446=CARTESIAN_POINT('',(674.,5.69642417851021,251.000779692289));
#12447=CARTESIAN_POINT('',(674.,5.69642417851021,251.000779692289));
#12448=CARTESIAN_POINT('',(682.,5.69642417851021,251.000779692289));
#12449=CARTESIAN_POINT('',(682.,5.69642417851021,251.000779692289));
#12450=CARTESIAN_POINT('',(674.,5.69642417851021,251.000779692289));
#12451=CARTESIAN_POINT('Origin',(674.,5.67819420905519,250.759390349003));
#12452=CARTESIAN_POINT('',(674.,5.67819420905519,250.759390349003));
#12453=CARTESIAN_POINT('',(674.,5.67819420905519,250.759390349003));
#12454=CARTESIAN_POINT('',(682.,5.67819420905519,250.759390349003));
#12455=CARTESIAN_POINT('',(682.,5.67819420905519,250.759390349003));
#12456=CARTESIAN_POINT('',(674.,5.67819420905519,250.759390349003));
#12457=CARTESIAN_POINT('Origin',(674.,5.6478298708174,250.523652009726));
#12458=CARTESIAN_POINT('',(674.,5.6478298708174,250.523652009726));
#12459=CARTESIAN_POINT('',(674.,5.6478298708174,250.523652009726));
#12460=CARTESIAN_POINT('',(682.,5.6478298708174,250.523652009726));
#12461=CARTESIAN_POINT('',(682.,5.6478298708174,250.523652009726));
#12462=CARTESIAN_POINT('',(674.,5.6478298708174,250.523652009726));
#12463=CARTESIAN_POINT('Origin',(674.,5.6041532445016,250.294486864949));
#12464=CARTESIAN_POINT('',(674.,5.6041532445016,250.294486864949));
#12465=CARTESIAN_POINT('',(674.,5.6041532445016,250.294486864949));
#12466=CARTESIAN_POINT('',(682.,5.6041532445016,250.294486864949));
#12467=CARTESIAN_POINT('',(682.,5.6041532445016,250.294486864949));
#12468=CARTESIAN_POINT('',(674.,5.6041532445016,250.294486864949));
#12469=CARTESIAN_POINT('Origin',(674.,5.54492567039599,250.07340300269));
#12470=CARTESIAN_POINT('',(674.,5.54492567039599,250.07340300269));
#12471=CARTESIAN_POINT('',(674.,5.54492567039599,250.07340300269));
#12472=CARTESIAN_POINT('',(682.,5.54492567039599,250.07340300269));
#12473=CARTESIAN_POINT('',(682.,5.54492567039599,250.07340300269));
#12474=CARTESIAN_POINT('',(674.,5.54492567039599,250.07340300269));
#12475=CARTESIAN_POINT('Origin',(674.,5.46324193439477,249.864491242372));
#12476=CARTESIAN_POINT('',(674.,5.46324193439477,249.864491242372));
#12477=CARTESIAN_POINT('',(674.,5.46324193439477,249.864491242372));
#12478=CARTESIAN_POINT('',(682.,5.46324193439477,249.864491242372));
#12479=CARTESIAN_POINT('',(682.,5.46324193439477,249.864491242372));
#12480=CARTESIAN_POINT('',(674.,5.46324193439477,249.864491242372));
#12481=CARTESIAN_POINT('Origin',(674.,4.90544490845353,248.857326642398));
#12482=CARTESIAN_POINT('',(674.,4.90544490845353,248.857326642398));
#12483=CARTESIAN_POINT('',(674.,4.90544490845353,248.857326642398));
#12484=CARTESIAN_POINT('',(682.,4.90544490845353,248.857326642398));
#12485=CARTESIAN_POINT('',(682.,4.90544490845353,248.857326642398));
#12486=CARTESIAN_POINT('',(674.,4.90544490845353,248.857326642398));
#12487=CARTESIAN_POINT('Origin',(674.,6.30587030283326,247.921592309873));
#12488=CARTESIAN_POINT('',(674.,6.30587030283326,247.921592309873));
#12489=CARTESIAN_POINT('',(674.,6.30587030283326,247.921592309873));
#12490=CARTESIAN_POINT('',(682.,6.30587030283326,247.921592309873));
#12491=CARTESIAN_POINT('',(682.,6.30587030283326,247.921592309873));
#12492=CARTESIAN_POINT('',(674.,6.30587030283326,247.921592309873));
#12493=CARTESIAN_POINT('Origin',(674.,7.02290938216939,248.822354771511));
#12494=CARTESIAN_POINT('',(674.,7.02290938216939,248.822354771511));
#12495=CARTESIAN_POINT('',(674.,7.02290938216939,248.822354771511));
#12496=CARTESIAN_POINT('',(682.,7.02290938216939,248.822354771511));
#12497=CARTESIAN_POINT('',(682.,7.02290938216939,248.822354771511));
#12498=CARTESIAN_POINT('',(674.,7.02290938216939,248.822354771511));
#12499=CARTESIAN_POINT('Origin',(674.,7.1846596691664,248.977767772841));
#12500=CARTESIAN_POINT('',(674.,7.1846596691664,248.977767772841));
#12501=CARTESIAN_POINT('',(674.,7.1846596691664,248.977767772841));
#12502=CARTESIAN_POINT('',(682.,7.1846596691664,248.977767772841));
#12503=CARTESIAN_POINT('',(682.,7.1846596691664,248.977767772841));
#12504=CARTESIAN_POINT('',(674.,7.1846596691664,248.977767772841));
#12505=CARTESIAN_POINT('Origin',(674.,7.36624911312678,249.117092047568));
#12506=CARTESIAN_POINT('',(674.,7.36624911312678,249.117092047568));
#12507=CARTESIAN_POINT('',(674.,7.36624911312678,249.117092047568));
#12508=CARTESIAN_POINT('',(682.,7.36624911312678,249.117092047568));
#12509=CARTESIAN_POINT('',(682.,7.36624911312678,249.117092047568));
#12510=CARTESIAN_POINT('',(674.,7.36624911312678,249.117092047568));
#12511=CARTESIAN_POINT('Origin',(674.,7.56125577867879,249.245141692852));
#12512=CARTESIAN_POINT('',(674.,7.56125577867879,249.245141692852));
#12513=CARTESIAN_POINT('',(674.,7.56125577867879,249.245141692852));
#12514=CARTESIAN_POINT('',(682.,7.56125577867879,249.245141692852));
#12515=CARTESIAN_POINT('',(682.,7.56125577867879,249.245141692852));
#12516=CARTESIAN_POINT('',(674.,7.56125577867879,249.245141692852));
#12517=CARTESIAN_POINT('Origin',(674.,7.76742967618607,249.363407840282));
#12518=CARTESIAN_POINT('',(674.,7.76742967618607,249.363407840282));
#12519=CARTESIAN_POINT('',(674.,7.76742967618607,249.363407840282));
#12520=CARTESIAN_POINT('',(682.,7.76742967618607,249.363407840282));
#12521=CARTESIAN_POINT('',(682.,7.76742967618607,249.363407840282));
#12522=CARTESIAN_POINT('',(674.,7.76742967618607,249.363407840282));
#12523=CARTESIAN_POINT('Origin',(674.,7.98346804253212,249.472625838365));
#12524=CARTESIAN_POINT('',(674.,7.98346804253212,249.472625838365));
#12525=CARTESIAN_POINT('',(674.,7.98346804253212,249.472625838365));
#12526=CARTESIAN_POINT('',(682.,7.98346804253212,249.472625838365));
#12527=CARTESIAN_POINT('',(682.,7.98346804253212,249.472625838365));
#12528=CARTESIAN_POINT('',(674.,7.98346804253212,249.472625838365));
#12529=CARTESIAN_POINT('Origin',(674.,8.20847785474814,249.573203303239));
#12530=CARTESIAN_POINT('',(674.,8.20847785474814,249.573203303239));
#12531=CARTESIAN_POINT('',(674.,8.20847785474814,249.573203303239));
#12532=CARTESIAN_POINT('',(682.,8.20847785474814,249.573203303239));
#12533=CARTESIAN_POINT('',(682.,8.20847785474814,249.573203303239));
#12534=CARTESIAN_POINT('',(674.,8.20847785474814,249.573203303239));
#12535=CARTESIAN_POINT('Origin',(674.,8.44178484835719,249.665372340667));
#12536=CARTESIAN_POINT('',(674.,8.44178484835719,249.665372340667));
#12537=CARTESIAN_POINT('',(674.,8.44178484835719,249.665372340667));
#12538=CARTESIAN_POINT('',(682.,8.44178484835719,249.665372340667));
#12539=CARTESIAN_POINT('',(682.,8.44178484835719,249.665372340667));
#12540=CARTESIAN_POINT('',(674.,8.44178484835719,249.665372340667));
#12541=CARTESIAN_POINT('Origin',(674.,8.68284588733046,249.749259497756));
#12542=CARTESIAN_POINT('',(674.,8.68284588733046,249.749259497756));
#12543=CARTESIAN_POINT('',(674.,8.68284588733046,249.749259497756));
#12544=CARTESIAN_POINT('',(682.,8.68284588733046,249.749259497756));
#12545=CARTESIAN_POINT('',(682.,8.68284588733046,249.749259497756));
#12546=CARTESIAN_POINT('',(674.,8.68284588733046,249.749259497756));
#12547=CARTESIAN_POINT('Origin',(674.,8.93120242090479,249.824923009265));
#12548=CARTESIAN_POINT('',(674.,8.93120242090479,249.824923009265));
#12549=CARTESIAN_POINT('',(674.,8.93120242090479,249.824923009265));
#12550=CARTESIAN_POINT('',(682.,8.93120242090479,249.824923009265));
#12551=CARTESIAN_POINT('',(682.,8.93120242090479,249.824923009265));
#12552=CARTESIAN_POINT('',(674.,8.93120242090479,249.824923009265));
#12553=CARTESIAN_POINT('Origin',(674.,9.18645324903927,249.892374674628));
#12554=CARTESIAN_POINT('',(674.,9.18645324903927,249.892374674628));
#12555=CARTESIAN_POINT('',(674.,9.18645324903927,249.892374674628));
#12556=CARTESIAN_POINT('',(682.,9.18645324903927,249.892374674628));
#12557=CARTESIAN_POINT('',(682.,9.18645324903927,249.892374674628));
#12558=CARTESIAN_POINT('',(674.,9.18645324903927,249.892374674628));
#12559=CARTESIAN_POINT('Origin',(674.,9.89237467462772,249.186453249039));
#12560=CARTESIAN_POINT('',(674.,9.89237467462772,249.186453249039));
#12561=CARTESIAN_POINT('',(674.,9.89237467462772,249.186453249039));
#12562=CARTESIAN_POINT('',(682.,9.89237467462772,249.186453249039));
#12563=CARTESIAN_POINT('',(682.,9.89237467462772,249.186453249039));
#12564=CARTESIAN_POINT('',(674.,9.89237467462772,249.186453249039));
#12565=CARTESIAN_POINT('Origin',(674.,9.82492300926512,248.931202420905));
#12566=CARTESIAN_POINT('',(674.,9.82492300926512,248.931202420905));
#12567=CARTESIAN_POINT('',(674.,9.82492300926512,248.931202420905));
#12568=CARTESIAN_POINT('',(682.,9.82492300926512,248.931202420905));
#12569=CARTESIAN_POINT('',(682.,9.82492300926512,248.931202420905));
#12570=CARTESIAN_POINT('',(674.,9.82492300926512,248.931202420905));
#12571=CARTESIAN_POINT('Origin',(674.,9.74925949775637,248.68284588733));
#12572=CARTESIAN_POINT('',(674.,9.74925949775637,248.68284588733));
#12573=CARTESIAN_POINT('',(674.,9.74925949775637,248.68284588733));
#12574=CARTESIAN_POINT('',(682.,9.74925949775637,248.68284588733));
#12575=CARTESIAN_POINT('',(682.,9.74925949775637,248.68284588733));
#12576=CARTESIAN_POINT('',(674.,9.74925949775637,248.68284588733));
#12577=CARTESIAN_POINT('Origin',(674.,9.66537234066702,248.441784848357));
#12578=CARTESIAN_POINT('',(674.,9.66537234066702,248.441784848357));
#12579=CARTESIAN_POINT('',(674.,9.66537234066702,248.441784848357));
#12580=CARTESIAN_POINT('',(682.,9.66537234066702,248.441784848357));
#12581=CARTESIAN_POINT('',(682.,9.66537234066702,248.441784848357));
#12582=CARTESIAN_POINT('',(674.,9.66537234066702,248.441784848357));
#12583=CARTESIAN_POINT('Origin',(674.,9.57320330323932,248.208477854748));
#12584=CARTESIAN_POINT('',(674.,9.57320330323932,248.208477854748));
#12585=CARTESIAN_POINT('',(674.,9.57320330323932,248.208477854748));
#12586=CARTESIAN_POINT('',(682.,9.57320330323932,248.208477854748));
#12587=CARTESIAN_POINT('',(682.,9.57320330323932,248.208477854748));
#12588=CARTESIAN_POINT('',(674.,9.57320330323932,248.208477854748));
#12589=CARTESIAN_POINT('Origin',(674.,9.47262583836544,247.983468042532));
#12590=CARTESIAN_POINT('',(674.,9.47262583836544,247.983468042532));
#12591=CARTESIAN_POINT('',(674.,9.47262583836544,247.983468042532));
#12592=CARTESIAN_POINT('',(682.,9.47262583836544,247.983468042532));
#12593=CARTESIAN_POINT('',(682.,9.47262583836544,247.983468042532));
#12594=CARTESIAN_POINT('',(674.,9.47262583836544,247.983468042532));
#12595=CARTESIAN_POINT('Origin',(674.,9.3634078402823,247.767429676186));
#12596=CARTESIAN_POINT('',(674.,9.3634078402823,247.767429676186));
#12597=CARTESIAN_POINT('',(674.,9.3634078402823,247.767429676186));
#12598=CARTESIAN_POINT('',(682.,9.3634078402823,247.767429676186));
#12599=CARTESIAN_POINT('',(682.,9.3634078402823,247.767429676186));
#12600=CARTESIAN_POINT('',(674.,9.3634078402823,247.767429676186));
#12601=CARTESIAN_POINT('Origin',(674.,9.24514169285184,247.561255778679));
#12602=CARTESIAN_POINT('',(674.,9.24514169285184,247.561255778679));
#12603=CARTESIAN_POINT('',(674.,9.24514169285184,247.561255778679));
#12604=CARTESIAN_POINT('',(682.,9.24514169285184,247.561255778679));
#12605=CARTESIAN_POINT('',(682.,9.24514169285184,247.561255778679));
#12606=CARTESIAN_POINT('',(674.,9.24514169285184,247.561255778679));
#12607=CARTESIAN_POINT('Origin',(674.,9.11709204756774,247.366249113127));
#12608=CARTESIAN_POINT('',(674.,9.11709204756774,247.366249113127));
#12609=CARTESIAN_POINT('',(674.,9.11709204756774,247.366249113127));
#12610=CARTESIAN_POINT('',(682.,9.11709204756774,247.366249113127));
#12611=CARTESIAN_POINT('',(682.,9.11709204756774,247.366249113127));
#12612=CARTESIAN_POINT('',(674.,9.11709204756774,247.366249113127));
#12613=CARTESIAN_POINT('Origin',(674.,8.97776777284141,247.184659669166));
#12614=CARTESIAN_POINT('',(674.,8.97776777284141,247.184659669166));
#12615=CARTESIAN_POINT('',(674.,8.97776777284141,247.184659669166));
#12616=CARTESIAN_POINT('',(682.,8.97776777284141,247.184659669166));
#12617=CARTESIAN_POINT('',(682.,8.97776777284141,247.184659669166));
#12618=CARTESIAN_POINT('',(674.,8.97776777284141,247.184659669166));
#12619=CARTESIAN_POINT('Origin',(674.,8.82235477151104,247.022909382169));
#12620=CARTESIAN_POINT('',(674.,8.82235477151104,247.022909382169));
#12621=CARTESIAN_POINT('',(674.,8.82235477151104,247.022909382169));
#12622=CARTESIAN_POINT('',(682.,8.82235477151104,247.022909382169));
#12623=CARTESIAN_POINT('',(682.,8.82235477151104,247.022909382169));
#12624=CARTESIAN_POINT('',(674.,8.82235477151104,247.022909382169));
#12625=CARTESIAN_POINT('Origin',(674.,7.92159230987341,246.305870302833));
#12626=CARTESIAN_POINT('',(674.,7.92159230987341,246.305870302833));
#12627=CARTESIAN_POINT('',(674.,7.92159230987341,246.305870302833));
#12628=CARTESIAN_POINT('',(682.,7.92159230987341,246.305870302833));
#12629=CARTESIAN_POINT('',(682.,7.92159230987341,246.305870302833));
#12630=CARTESIAN_POINT('',(674.,7.92159230987341,246.305870302833));
#12631=CARTESIAN_POINT('Origin',(674.,8.85732664239766,244.905444908454));
#12632=CARTESIAN_POINT('',(674.,8.85732664239766,244.905444908454));
#12633=CARTESIAN_POINT('',(674.,8.85732664239766,244.905444908454));
#12634=CARTESIAN_POINT('',(682.,8.85732664239766,244.905444908454));
#12635=CARTESIAN_POINT('',(682.,8.85732664239766,244.905444908454));
#12636=CARTESIAN_POINT('',(674.,8.85732664239766,244.905444908454));
#12637=CARTESIAN_POINT('Origin',(674.,9.86449124237216,245.463241934395));
#12638=CARTESIAN_POINT('',(674.,9.86449124237216,245.463241934395));
#12639=CARTESIAN_POINT('',(674.,9.86449124237216,245.463241934395));
#12640=CARTESIAN_POINT('',(682.,9.86449124237216,245.463241934395));
#12641=CARTESIAN_POINT('',(682.,9.86449124237216,245.463241934395));
#12642=CARTESIAN_POINT('',(674.,9.86449124237216,245.463241934395));
#12643=CARTESIAN_POINT('Origin',(674.,10.0734030026898,245.544925670396));
#12644=CARTESIAN_POINT('',(674.,10.0734030026898,245.544925670396));
#12645=CARTESIAN_POINT('',(674.,10.0734030026898,245.544925670396));
#12646=CARTESIAN_POINT('',(682.,10.0734030026898,245.544925670396));
#12647=CARTESIAN_POINT('',(682.,10.0734030026898,245.544925670396));
#12648=CARTESIAN_POINT('',(674.,10.0734030026898,245.544925670396));
#12649=CARTESIAN_POINT('Origin',(674.,10.2944868649489,245.604153244502));
#12650=CARTESIAN_POINT('',(674.,10.2944868649489,245.604153244502));
#12651=CARTESIAN_POINT('',(674.,10.2944868649489,245.604153244502));
#12652=CARTESIAN_POINT('',(682.,10.2944868649489,245.604153244502));
#12653=CARTESIAN_POINT('',(682.,10.2944868649489,245.604153244502));
#12654=CARTESIAN_POINT('',(674.,10.2944868649489,245.604153244502));
#12655=CARTESIAN_POINT('Origin',(674.,10.5236520097262,245.647829870817));
#12656=CARTESIAN_POINT('',(674.,10.5236520097262,245.647829870817));
#12657=CARTESIAN_POINT('',(674.,10.5236520097262,245.647829870817));
#12658=CARTESIAN_POINT('',(682.,10.5236520097262,245.647829870817));
#12659=CARTESIAN_POINT('',(682.,10.5236520097262,245.647829870817));
#12660=CARTESIAN_POINT('',(674.,10.5236520097262,245.647829870817));
#12661=CARTESIAN_POINT('Origin',(674.,10.7593903490025,245.678194209055));
#12662=CARTESIAN_POINT('',(674.,10.7593903490025,245.678194209055));
#12663=CARTESIAN_POINT('',(674.,10.7593903490025,245.678194209055));
#12664=CARTESIAN_POINT('',(682.,10.7593903490025,245.678194209055));
#12665=CARTESIAN_POINT('',(682.,10.7593903490025,245.678194209055));
#12666=CARTESIAN_POINT('',(674.,10.7593903490025,245.678194209055));
#12667=CARTESIAN_POINT('Origin',(674.,11.0007796922893,245.69642417851));
#12668=CARTESIAN_POINT('',(674.,11.0007796922893,245.69642417851));
#12669=CARTESIAN_POINT('',(674.,11.0007796922893,245.69642417851));
#12670=CARTESIAN_POINT('',(682.,11.0007796922893,245.69642417851));
#12671=CARTESIAN_POINT('',(682.,11.0007796922893,245.69642417851));
#12672=CARTESIAN_POINT('',(674.,11.0007796922893,245.69642417851));
#12673=CARTESIAN_POINT('Origin',(674.,11.2471509818864,245.703238112484));
#12674=CARTESIAN_POINT('',(674.,11.2471509818864,245.703238112484));
#12675=CARTESIAN_POINT('',(674.,11.2471509818864,245.703238112484));
#12676=CARTESIAN_POINT('',(682.,11.2471509818864,245.703238112484));
#12677=CARTESIAN_POINT('',(682.,11.2471509818864,245.703238112484));
#12678=CARTESIAN_POINT('',(674.,11.2471509818864,245.703238112484));
#12679=CARTESIAN_POINT('Origin',(674.,11.4979701016742,245.699108478586));
#12680=CARTESIAN_POINT('',(674.,11.4979701016742,245.699108478586));
#12681=CARTESIAN_POINT('',(674.,11.4979701016742,245.699108478586));
#12682=CARTESIAN_POINT('',(682.,11.4979701016742,245.699108478586));
#12683=CARTESIAN_POINT('',(682.,11.4979701016742,245.699108478586));
#12684=CARTESIAN_POINT('',(674.,11.4979701016742,245.699108478586));
#12685=CARTESIAN_POINT('Origin',(674.,11.7527836868738,245.684360040258));
#12686=CARTESIAN_POINT('',(674.,11.7527836868738,245.684360040258));
#12687=CARTESIAN_POINT('',(674.,11.7527836868738,245.684360040258));
#12688=CARTESIAN_POINT('',(682.,11.7527836868738,245.684360040258));
#12689=CARTESIAN_POINT('',(682.,11.7527836868738,245.684360040258));
#12690=CARTESIAN_POINT('',(674.,11.7527836868738,245.684360040258));
#12691=CARTESIAN_POINT('Origin',(674.,12.0111903772975,245.65922207918));
#12692=CARTESIAN_POINT('',(674.,12.0111903772975,245.65922207918));
#12693=CARTESIAN_POINT('',(674.,12.0111903772975,245.65922207918));
#12694=CARTESIAN_POINT('',(682.,12.0111903772975,245.65922207918));
#12695=CARTESIAN_POINT('',(682.,12.0111903772975,245.65922207918));
#12696=CARTESIAN_POINT('',(674.,12.0111903772975,245.65922207918));
#12697=CARTESIAN_POINT('Origin',(674.,12.2728240278872,245.623859029218));
#12698=CARTESIAN_POINT('',(674.,12.2728240278872,245.623859029218));
#12699=CARTESIAN_POINT('',(674.,12.2728240278872,245.623859029218));
#12700=CARTESIAN_POINT('',(682.,12.2728240278872,245.623859029218));
#12701=CARTESIAN_POINT('',(682.,12.2728240278872,245.623859029218));
#12702=CARTESIAN_POINT('',(674.,12.2728240278872,245.623859029218));
#12703=CARTESIAN_POINT('Origin',(674.,12.6548659504253,244.701528238431));
#12704=CARTESIAN_POINT('',(674.,12.6548659504253,244.701528238431));
#12705=CARTESIAN_POINT('',(674.,12.6548659504253,244.701528238431));
#12706=CARTESIAN_POINT('',(682.,12.6548659504253,244.701528238431));
#12707=CARTESIAN_POINT('',(682.,12.6548659504253,244.701528238431));
#12708=CARTESIAN_POINT('',(674.,12.6548659504253,244.701528238431));
#12709=CARTESIAN_POINT('Origin',(674.,12.4948684743385,244.491519857481));
#12710=CARTESIAN_POINT('',(674.,12.4948684743385,244.491519857481));
#12711=CARTESIAN_POINT('',(674.,12.4948684743385,244.491519857481));
#12712=CARTESIAN_POINT('',(682.,12.4948684743385,244.491519857481));
#12713=CARTESIAN_POINT('',(682.,12.4948684743385,244.491519857481));
#12714=CARTESIAN_POINT('',(674.,12.4948684743385,244.491519857481));
#12715=CARTESIAN_POINT('Origin',(674.,12.3299225739791,244.291023511635));
#12716=CARTESIAN_POINT('',(674.,12.3299225739791,244.291023511635));
#12717=CARTESIAN_POINT('',(674.,12.3299225739791,244.291023511635));
#12718=CARTESIAN_POINT('',(682.,12.3299225739791,244.291023511635));
#12719=CARTESIAN_POINT('',(682.,12.3299225739791,244.291023511635));
#12720=CARTESIAN_POINT('',(674.,12.3299225739791,244.291023511635));
#12721=CARTESIAN_POINT('Origin',(674.,12.1601708806999,244.100414376848));
#12722=CARTESIAN_POINT('',(674.,12.1601708806999,244.100414376848));
#12723=CARTESIAN_POINT('',(674.,12.1601708806999,244.100414376848));
#12724=CARTESIAN_POINT('',(682.,12.1601708806999,244.100414376848));
#12725=CARTESIAN_POINT('',(682.,12.1601708806999,244.100414376848));
#12726=CARTESIAN_POINT('',(674.,12.1601708806999,244.100414376848));
#12727=CARTESIAN_POINT('Origin',(674.,11.9857350723801,243.920138384262));
#12728=CARTESIAN_POINT('',(674.,11.9857350723801,243.920138384262));
#12729=CARTESIAN_POINT('',(674.,11.9857350723801,243.920138384262));
#12730=CARTESIAN_POINT('',(682.,11.9857350723801,243.920138384262));
#12731=CARTESIAN_POINT('',(682.,11.9857350723801,243.920138384262));
#12732=CARTESIAN_POINT('',(674.,11.9857350723801,243.920138384262));
#12733=CARTESIAN_POINT('Origin',(674.,11.8067060838966,243.750745753617));
#12734=CARTESIAN_POINT('',(674.,11.8067060838966,243.750745753617));
#12735=CARTESIAN_POINT('',(674.,11.8067060838966,243.750745753617));
#12736=CARTESIAN_POINT('',(682.,11.8067060838966,243.750745753617));
#12737=CARTESIAN_POINT('',(682.,11.8067060838966,243.750745753617));
#12738=CARTESIAN_POINT('',(674.,11.8067060838966,243.750745753617));
#12739=CARTESIAN_POINT('Origin',(674.,11.6231275073299,243.592948247096));
#12740=CARTESIAN_POINT('',(674.,11.6231275073299,243.592948247096));
#12741=CARTESIAN_POINT('',(674.,11.6231275073299,243.592948247096));
#12742=CARTESIAN_POINT('',(682.,11.6231275073299,243.592948247096));
#12743=CARTESIAN_POINT('',(682.,11.6231275073299,243.592948247096));
#12744=CARTESIAN_POINT('',(674.,11.6231275073299,243.592948247096));
#12745=CARTESIAN_POINT('Origin',(674.,11.4349644995677,243.447726898282));
#12746=CARTESIAN_POINT('',(674.,11.4349644995677,243.447726898282));
#12747=CARTESIAN_POINT('',(674.,11.4349644995677,243.447726898282));
#12748=CARTESIAN_POINT('',(682.,11.4349644995677,243.447726898282));
#12749=CARTESIAN_POINT('',(682.,11.4349644995677,243.447726898282));
#12750=CARTESIAN_POINT('',(674.,11.4349644995677,243.447726898282));
#12751=CARTESIAN_POINT('Origin',(674.,11.2420362330369,243.316566709046));
#12752=CARTESIAN_POINT('',(674.,11.2420362330369,243.316566709046));
#12753=CARTESIAN_POINT('',(674.,11.2420362330369,243.316566709046));
#12754=CARTESIAN_POINT('',(682.,11.2420362330369,243.316566709046));
#12755=CARTESIAN_POINT('',(682.,11.2420362330369,243.316566709046));
#12756=CARTESIAN_POINT('',(674.,11.2420362330369,243.316566709046));
#12757=CARTESIAN_POINT('Origin',(674.,11.0438261155392,243.202117030115));
#12758=CARTESIAN_POINT('',(674.,11.0438261155392,243.202117030115));
#12759=CARTESIAN_POINT('',(674.,11.0438261155392,243.202117030115));
#12760=CARTESIAN_POINT('',(682.,11.0438261155392,243.202117030115));
#12761=CARTESIAN_POINT('',(682.,11.0438261155392,243.202117030115));
#12762=CARTESIAN_POINT('',(674.,11.0438261155392,243.202117030115));
#12763=CARTESIAN_POINT('Origin',(674.,10.8383440695099,243.112153231363));
#12764=CARTESIAN_POINT('',(674.,10.8383440695099,243.112153231363));
#12765=CARTESIAN_POINT('',(674.,10.8383440695099,243.112153231363));
#12766=CARTESIAN_POINT('',(682.,10.8383440695099,243.112153231363));
#12767=CARTESIAN_POINT('',(682.,10.8383440695099,243.112153231363));
#12768=CARTESIAN_POINT('',(674.,10.8383440695099,243.112153231363));
#12769=CARTESIAN_POINT('Origin',(674.,9.73174909152817,242.794402372519));
#12770=CARTESIAN_POINT('',(674.,9.73174909152817,242.794402372519));
#12771=CARTESIAN_POINT('',(674.,9.73174909152817,242.794402372519));
#12772=CARTESIAN_POINT('',(682.,9.73174909152817,242.794402372519));
#12773=CARTESIAN_POINT('',(682.,9.73174909152817,242.794402372519));
#12774=CARTESIAN_POINT('',(674.,9.73174909152817,242.794402372519));
#12775=CARTESIAN_POINT('Origin',(674.,10.060335292523,241.14248798769));
#12776=CARTESIAN_POINT('',(674.,10.060335292523,241.14248798769));
#12777=CARTESIAN_POINT('',(674.,10.060335292523,241.14248798769));
#12778=CARTESIAN_POINT('',(682.,10.060335292523,241.14248798769));
#12779=CARTESIAN_POINT('',(682.,10.060335292523,241.14248798769));
#12780=CARTESIAN_POINT('',(674.,10.060335292523,241.14248798769));
#12781=CARTESIAN_POINT('Origin',(674.,11.2042937327596,241.272400037178));
#12782=CARTESIAN_POINT('',(674.,11.2042937327596,241.272400037178));
#12783=CARTESIAN_POINT('',(674.,11.2042937327596,241.272400037178));
#12784=CARTESIAN_POINT('',(682.,11.2042937327596,241.272400037178));
#12785=CARTESIAN_POINT('',(682.,11.2042937327596,241.272400037178));
#12786=CARTESIAN_POINT('',(674.,11.2042937327596,241.272400037178));
#12787=CARTESIAN_POINT('Origin',(674.,11.4285620446793,241.267918899509));
#12788=CARTESIAN_POINT('',(674.,11.4285620446793,241.267918899509));
#12789=CARTESIAN_POINT('',(674.,11.4285620446793,241.267918899509));
#12790=CARTESIAN_POINT('',(682.,11.4285620446793,241.267918899509));
#12791=CARTESIAN_POINT('',(682.,11.4285620446793,241.267918899509));
#12792=CARTESIAN_POINT('',(674.,11.4285620446793,241.267918899509));
#12793=CARTESIAN_POINT('Origin',(674.,11.6554823113384,241.238032911736));
#12794=CARTESIAN_POINT('',(674.,11.6554823113384,241.238032911736));
#12795=CARTESIAN_POINT('',(674.,11.6554823113384,241.238032911736));
#12796=CARTESIAN_POINT('',(682.,11.6554823113384,241.238032911736));
#12797=CARTESIAN_POINT('',(682.,11.6554823113384,241.238032911736));
#12798=CARTESIAN_POINT('',(674.,11.6554823113384,241.238032911736));
#12799=CARTESIAN_POINT('Origin',(674.,11.8839176194358,241.190687148656));
#12800=CARTESIAN_POINT('',(674.,11.8839176194358,241.190687148656));
#12801=CARTESIAN_POINT('',(674.,11.8839176194358,241.190687148656));
#12802=CARTESIAN_POINT('',(682.,11.8839176194358,241.190687148656));
#12803=CARTESIAN_POINT('',(682.,11.8839176194358,241.190687148656));
#12804=CARTESIAN_POINT('',(674.,11.8839176194358,241.190687148656));
#12805=CARTESIAN_POINT('Origin',(674.,12.1133313752997,241.128526982458));
#12806=CARTESIAN_POINT('',(674.,12.1133313752997,241.128526982458));
#12807=CARTESIAN_POINT('',(674.,12.1133313752997,241.128526982458));
#12808=CARTESIAN_POINT('',(682.,12.1133313752997,241.128526982458));
#12809=CARTESIAN_POINT('',(682.,12.1133313752997,241.128526982458));
#12810=CARTESIAN_POINT('',(674.,12.1133313752997,241.128526982458));
#12811=CARTESIAN_POINT('Origin',(674.,12.3433223562117,241.052993575691));
#12812=CARTESIAN_POINT('',(674.,12.3433223562117,241.052993575691));
#12813=CARTESIAN_POINT('',(674.,12.3433223562117,241.052993575691));
#12814=CARTESIAN_POINT('',(682.,12.3433223562117,241.052993575691));
#12815=CARTESIAN_POINT('',(682.,12.3433223562117,241.052993575691));
#12816=CARTESIAN_POINT('',(674.,12.3433223562117,241.052993575691));
#12817=CARTESIAN_POINT('Origin',(674.,12.57354732771,240.965006619086));
#12818=CARTESIAN_POINT('',(674.,12.57354732771,240.965006619086));
#12819=CARTESIAN_POINT('',(674.,12.57354732771,240.965006619086));
#12820=CARTESIAN_POINT('',(682.,12.57354732771,240.965006619086));
#12821=CARTESIAN_POINT('',(682.,12.57354732771,240.965006619086));
#12822=CARTESIAN_POINT('',(674.,12.57354732771,240.965006619086));
#12823=CARTESIAN_POINT('Origin',(674.,12.8036936363698,240.865207013187));
#12824=CARTESIAN_POINT('',(674.,12.8036936363698,240.865207013187));
#12825=CARTESIAN_POINT('',(674.,12.8036936363698,240.865207013187));
#12826=CARTESIAN_POINT('',(682.,12.8036936363698,240.865207013187));
#12827=CARTESIAN_POINT('',(682.,12.8036936363698,240.865207013187));
#12828=CARTESIAN_POINT('',(674.,12.8036936363698,240.865207013187));
#12829=CARTESIAN_POINT('Origin',(674.,13.03346670934,240.754068295482));
#12830=CARTESIAN_POINT('',(674.,13.03346670934,240.754068295482));
#12831=CARTESIAN_POINT('',(674.,13.03346670934,240.754068295482));
#12832=CARTESIAN_POINT('',(682.,13.03346670934,240.754068295482));
#12833=CARTESIAN_POINT('',(682.,13.03346670934,240.754068295482));
#12834=CARTESIAN_POINT('',(674.,13.03346670934,240.754068295482));
#12835=CARTESIAN_POINT('Origin',(674.,13.2625834804586,240.631955888516));
#12836=CARTESIAN_POINT('',(674.,13.2625834804586,240.631955888516));
#12837=CARTESIAN_POINT('',(674.,13.2625834804586,240.631955888516));
#12838=CARTESIAN_POINT('',(682.,13.2625834804586,240.631955888516));
#12839=CARTESIAN_POINT('',(682.,13.2625834804586,240.631955888516));
#12840=CARTESIAN_POINT('',(674.,13.2625834804586,240.631955888516));
#12841=CARTESIAN_POINT('Origin',(674.,13.4907686019162,240.499161827018));
#12842=CARTESIAN_POINT('',(674.,13.4907686019162,240.499161827018));
#12843=CARTESIAN_POINT('',(674.,13.4907686019162,240.499161827018));
#12844=CARTESIAN_POINT('',(682.,13.4907686019162,240.499161827018));
#12845=CARTESIAN_POINT('',(682.,13.4907686019162,240.499161827018));
#12846=CARTESIAN_POINT('',(674.,13.4907686019162,240.499161827018));
#12847=CARTESIAN_POINT('Origin',(674.,13.4907686019162,239.500838172982));
#12848=CARTESIAN_POINT('',(674.,13.4907686019162,239.500838172982));
#12849=CARTESIAN_POINT('',(674.,13.4907686019162,239.500838172982));
#12850=CARTESIAN_POINT('',(682.,13.4907686019162,239.500838172982));
#12851=CARTESIAN_POINT('',(682.,13.4907686019162,239.500838172982));
#12852=CARTESIAN_POINT('',(674.,13.4907686019162,239.500838172982));
#12853=CARTESIAN_POINT('Origin',(674.,13.2625834804586,239.368044111484));
#12854=CARTESIAN_POINT('',(674.,13.2625834804586,239.368044111484));
#12855=CARTESIAN_POINT('',(674.,13.2625834804586,239.368044111484));
#12856=CARTESIAN_POINT('',(682.,13.2625834804586,239.368044111484));
#12857=CARTESIAN_POINT('',(682.,13.2625834804586,239.368044111484));
#12858=CARTESIAN_POINT('',(674.,13.2625834804586,239.368044111484));
#12859=CARTESIAN_POINT('Origin',(674.,13.03346670934,239.245931704518));
#12860=CARTESIAN_POINT('',(674.,13.03346670934,239.245931704518));
#12861=CARTESIAN_POINT('',(674.,13.03346670934,239.245931704518));
#12862=CARTESIAN_POINT('',(682.,13.03346670934,239.245931704518));
#12863=CARTESIAN_POINT('',(682.,13.03346670934,239.245931704518));
#12864=CARTESIAN_POINT('',(674.,13.03346670934,239.245931704518));
#12865=CARTESIAN_POINT('Origin',(674.,12.8036936363698,239.134792986813));
#12866=CARTESIAN_POINT('',(674.,12.8036936363698,239.134792986813));
#12867=CARTESIAN_POINT('',(674.,12.8036936363698,239.134792986813));
#12868=CARTESIAN_POINT('',(682.,12.8036936363698,239.134792986813));
#12869=CARTESIAN_POINT('',(682.,12.8036936363698,239.134792986813));
#12870=CARTESIAN_POINT('',(674.,12.8036936363698,239.134792986813));
#12871=CARTESIAN_POINT('Origin',(674.,12.57354732771,239.034993380914));
#12872=CARTESIAN_POINT('',(674.,12.57354732771,239.034993380914));
#12873=CARTESIAN_POINT('',(674.,12.57354732771,239.034993380914));
#12874=CARTESIAN_POINT('',(682.,12.57354732771,239.034993380914));
#12875=CARTESIAN_POINT('',(682.,12.57354732771,239.034993380914));
#12876=CARTESIAN_POINT('',(674.,12.57354732771,239.034993380914));
#12877=CARTESIAN_POINT('Origin',(674.,12.3433223562117,238.947006424309));
#12878=CARTESIAN_POINT('',(674.,12.3433223562117,238.947006424309));
#12879=CARTESIAN_POINT('',(674.,12.3433223562117,238.947006424309));
#12880=CARTESIAN_POINT('',(682.,12.3433223562117,238.947006424309));
#12881=CARTESIAN_POINT('',(682.,12.3433223562117,238.947006424309));
#12882=CARTESIAN_POINT('',(674.,12.3433223562117,238.947006424309));
#12883=CARTESIAN_POINT('Origin',(674.,12.1133313752997,238.871473017542));
#12884=CARTESIAN_POINT('',(674.,12.1133313752997,238.871473017542));
#12885=CARTESIAN_POINT('',(674.,12.1133313752997,238.871473017542));
#12886=CARTESIAN_POINT('',(682.,12.1133313752997,238.871473017542));
#12887=CARTESIAN_POINT('',(682.,12.1133313752997,238.871473017542));
#12888=CARTESIAN_POINT('',(674.,12.1133313752997,238.871473017542));
#12889=CARTESIAN_POINT('Origin',(674.,11.8839176194358,238.809312851344));
#12890=CARTESIAN_POINT('',(674.,11.8839176194358,238.809312851344));
#12891=CARTESIAN_POINT('',(674.,11.8839176194358,238.809312851344));
#12892=CARTESIAN_POINT('',(682.,11.8839176194358,238.809312851344));
#12893=CARTESIAN_POINT('',(682.,11.8839176194358,238.809312851344));
#12894=CARTESIAN_POINT('',(674.,11.8839176194358,238.809312851344));
#12895=CARTESIAN_POINT('Origin',(674.,11.6554823113384,238.761967088264));
#12896=CARTESIAN_POINT('',(674.,11.6554823113384,238.761967088264));
#12897=CARTESIAN_POINT('',(674.,11.6554823113384,238.761967088264));
#12898=CARTESIAN_POINT('',(682.,11.6554823113384,238.761967088264));
#12899=CARTESIAN_POINT('',(682.,11.6554823113384,238.761967088264));
#12900=CARTESIAN_POINT('',(674.,11.6554823113384,238.761967088264));
#12901=CARTESIAN_POINT('Origin',(674.,11.4285620446793,238.732081100491));
#12902=CARTESIAN_POINT('',(674.,11.4285620446793,238.732081100491));
#12903=CARTESIAN_POINT('',(674.,11.4285620446793,238.732081100491));
#12904=CARTESIAN_POINT('',(682.,11.4285620446793,238.732081100491));
#12905=CARTESIAN_POINT('',(682.,11.4285620446793,238.732081100491));
#12906=CARTESIAN_POINT('',(674.,11.4285620446793,238.732081100491));
#12907=CARTESIAN_POINT('Origin',(674.,11.2042937327596,238.727599962822));
#12908=CARTESIAN_POINT('',(674.,11.2042937327596,238.727599962822));
#12909=CARTESIAN_POINT('',(674.,11.2042937327596,238.727599962822));
#12910=CARTESIAN_POINT('',(682.,11.2042937327596,238.727599962822));
#12911=CARTESIAN_POINT('',(682.,11.2042937327596,238.727599962822));
#12912=CARTESIAN_POINT('',(674.,11.2042937327596,238.727599962822));
#12913=CARTESIAN_POINT('Origin',(674.,10.060335292523,238.85751201231));
#12914=CARTESIAN_POINT('',(674.,10.060335292523,238.85751201231));
#12915=CARTESIAN_POINT('',(674.,10.060335292523,238.85751201231));
#12916=CARTESIAN_POINT('',(682.,10.060335292523,238.85751201231));
#12917=CARTESIAN_POINT('',(682.,10.060335292523,238.85751201231));
#12918=CARTESIAN_POINT('',(674.,10.060335292523,238.85751201231));
#12919=CARTESIAN_POINT('Origin',(674.,9.73174909152817,237.205597627481));
#12920=CARTESIAN_POINT('',(674.,9.73174909152817,237.205597627481));
#12921=CARTESIAN_POINT('',(682.,9.73174909152817,237.205597627481));
#12922=CARTESIAN_POINT('Origin',(682.,0.,240.));
#12923=CARTESIAN_POINT('Origin',(674.,1.89326617253043E-28,240.));
#12924=UNCERTAINTY_MEASURE_WITH_UNIT(LENGTH_MEASURE(0.01),#12928,
'DISTANCE_ACCURACY_VALUE',
'Maximum model space distance between geometric entities at asserted c
onnectivities');
#12925=UNCERTAINTY_MEASURE_WITH_UNIT(LENGTH_MEASURE(0.01),#12928,
'DISTANCE_ACCURACY_VALUE',
'Maximum model space distance between geometric entities at asserted c
onnectivities');
#12926=(
GEOMETRIC_REPRESENTATION_CONTEXT(3)
GLOBAL_UNCERTAINTY_ASSIGNED_CONTEXT((#12924))
GLOBAL_UNIT_ASSIGNED_CONTEXT((#12928,#12930,#12931))
REPRESENTATION_CONTEXT('','3D')
);
#12927=(
GEOMETRIC_REPRESENTATION_CONTEXT(3)
GLOBAL_UNCERTAINTY_ASSIGNED_CONTEXT((#12925))
GLOBAL_UNIT_ASSIGNED_CONTEXT((#12928,#12930,#12931))
REPRESENTATION_CONTEXT('','3D')
);
#12928=(
LENGTH_UNIT()
NAMED_UNIT(*)
SI_UNIT(.MILLI.,.METRE.)
);
#12929=(
LENGTH_UNIT()
NAMED_UNIT(*)
SI_UNIT($,.METRE.)
);
#12930=(
NAMED_UNIT(*)
PLANE_ANGLE_UNIT()
SI_UNIT($,.RADIAN.)
);
#12931=(
NAMED_UNIT(*)
SI_UNIT($,.STERADIAN.)
SOLID_ANGLE_UNIT()
);
#12932=SHAPE_DEFINITION_REPRESENTATION(#12933,#12934);
#12933=PRODUCT_DEFINITION_SHAPE('',$,#12936);
#12934=SHAPE_REPRESENTATION('',(#8228),#12926);
#12935=PRODUCT_DEFINITION_CONTEXT('part definition',#12940,'design');
#12936=PRODUCT_DEFINITION('2026-08-12-23-10-57-653',
'EXPORT_TMP_PRINT_V010Q_P802_GripperPinion_16T_m1p5',#12937,#12935);
#12937=PRODUCT_DEFINITION_FORMATION('',$,#12942);
#12938=PRODUCT_RELATED_PRODUCT_CATEGORY(
'EXPORT_TMP_PRINT_V010Q_P802_GripperPinion_16T_m1p5',
'EXPORT_TMP_PRINT_V010Q_P802_GripperPinion_16T_m1p5',(#12942));
#12939=APPLICATION_PROTOCOL_DEFINITION('international standard',
'automotive_design',2009,#12940);
#12940=APPLICATION_CONTEXT(
'Core Data for Automotive Mechanical Design Process');
#12941=PRODUCT_CONTEXT('part definition',#12940,'mechanical');
#12942=PRODUCT('2026-08-12-23-10-57-653',
'EXPORT_TMP_PRINT_V010Q_P802_GripperPinion_16T_m1p5',$,(#12941));
#12943=PRESENTATION_STYLE_ASSIGNMENT((#12944));
#12944=SURFACE_STYLE_USAGE(.BOTH.,#12945);
#12945=SURFACE_SIDE_STYLE('',(#12946));
#12946=SURFACE_STYLE_FILL_AREA(#12947);
#12947=FILL_AREA_STYLE('Steel - Satin',(#12948));
#12948=FILL_AREA_STYLE_COLOUR('Steel - Satin',#12949);
#12949=COLOUR_RGB('Steel - Satin',0.627450980392157,0.627450980392157,0.627450980392157);
ENDSEC;
END-ISO-10303-21;
