ISO-10303-21;
HEADER;
/* Generated by software containing ST-Developer
 * from STEP Tools, Inc. (www.steptools.com) 
 */

FILE_DESCRIPTION(
/* description */ (''),
/* implementation_level */ '2;1');

FILE_NAME(
/* name */ 'PRINT_V015_P304A_J4_BearingCartridge.step',
/* time_stamp */ '2026-08-20T15:56:51+02:00',
/* author */ (''),
/* organization */ (''),
/* preprocessor_version */ 'ST-DEVELOPER v20.1',
/* originating_system */ 'Autodesk Translation Framework v15.8.0.0',
/* authorisation */ '');

FILE_SCHEMA (('AUTOMOTIVE_DESIGN { 1 0 10303 214 3 1 1 }'));
ENDSEC;

DATA;
#10=MECHANICAL_DESIGN_GEOMETRIC_PRESENTATION_REPRESENTATION('',(#13),#3487);
#11=SHAPE_REPRESENTATION_RELATIONSHIP('SRR','None',#3494,#12);
#12=ADVANCED_BREP_SHAPE_REPRESENTATION('',(#14),#3486);
#13=STYLED_ITEM('',(#3503),#14);
#14=MANIFOLD_SOLID_BREP('PRINT_V015_P304A_J4_BearingCartridge',#1947);
#15=B_SPLINE_CURVE_WITH_KNOTS('',3,(#2941,#2942,#2943,#2944,#2945,#2946,
#2947,#2948,#2949,#2950,#2951,#2952,#2953,#2954,#2955,#2956),
 .UNSPECIFIED.,.F.,.F.,(4,2,2,2,2,2,2,4),(0.399605336930953,0.444877345116622,
0.490149353302291,0.580693369673629,0.689952021767767,0.744581347814837,
0.771896010838371,0.799210673861906),.UNSPECIFIED.);
#16=B_SPLINE_CURVE_WITH_KNOTS('',3,(#2960,#2961,#2962,#2963,#2964,#2965,
#2966,#2967),.UNSPECIFIED.,.F.,.F.,(4,2,2,4),(1.02910020259629,1.10827199442152,
1.15354400260719,1.19881601079286),.UNSPECIFIED.);
#17=B_SPLINE_CURVE_WITH_KNOTS('',3,(#2978,#2979,#2980,#2981,#2982,#2983,
#2984,#2985,#2986,#2987,#2988,#2989,#2990,#2991,#2992,#2993,#2994,#2995,
#2996,#2997,#2998,#2999,#3000,#3001,#3002,#3003,#3004,#3005,#3006,#3007),
 .UNSPECIFIED.,.F.,.F.,(4,2,2,2,2,2,2,2,2,2,2,2,2,2,4),(0.399605336930953,
0.444877345116622,0.490149353302291,0.580693369673629,0.689952021767767,
0.744581347814837,0.771896010838371,0.799210673861906,0.826525336885441,
0.853839999908975,0.908469325956044,1.01772797805018,1.10827199442152,1.15354400260719,
1.19881601079286),.UNSPECIFIED.);
#18=B_SPLINE_CURVE_WITH_KNOTS('',3,(#3012,#3013,#3014,#3015,#3016,#3017,
#3018,#3019),.UNSPECIFIED.,.F.,.F.,(4,2,2,4),(0.399605336930953,0.444877345116622,
0.490149353302291,0.569321145127523),.UNSPECIFIED.);
#19=B_SPLINE_CURVE_WITH_KNOTS('',3,(#3023,#3024,#3025,#3026,#3027,#3028,
#3029,#3030,#3031,#3032,#3033,#3034,#3035,#3036,#3037,#3038),
 .UNSPECIFIED.,.F.,.F.,(4,2,2,2,2,2,2,4),(0.799210673861906,0.82652533688544,
0.853839999908975,0.908469325956044,1.01772797805018,1.10827199442152,1.15354400260719,
1.19881601079286),.UNSPECIFIED.);
#20=B_SPLINE_CURVE_WITH_KNOTS('',3,(#3051,#3052,#3053,#3054,#3055,#3056,
#3057,#3058,#3059,#3060,#3061,#3062,#3063,#3064,#3065,#3066,#3067,#3068,
#3069,#3070,#3071,#3072,#3073,#3074,#3075,#3076,#3077,#3078,#3079,#3080),
 .UNSPECIFIED.,.F.,.F.,(4,2,2,2,2,2,2,2,2,2,2,2,2,2,4),(0.399605336930953,
0.444877345116622,0.490149353302291,0.580693369673629,0.689952021767767,
0.744581347814837,0.771896010838371,0.799210673861906,0.826525336885441,
0.853839999908975,0.908469325956044,1.01772797805018,1.10827199442152,1.15354400260719,
1.19881601079286),.UNSPECIFIED.);
#21=B_SPLINE_CURVE_WITH_KNOTS('',3,(#3116,#3117,#3118,#3119,#3120,#3121,
#3122,#3123,#3124,#3125),.UNSPECIFIED.,.F.,.F.,(4,2,2,2,4),(0.817904115418761,
0.865642310574187,0.92307150774864,0.997210210585025,1.06968300772573),
 .UNSPECIFIED.);
#22=B_SPLINE_CURVE_WITH_KNOTS('',3,(#3127,#3128,#3129,#3130),
 .UNSPECIFIED.,.F.,.F.,(4,4),(0.814520476710852,0.817904115418761),
 .UNSPECIFIED.);
#23=B_SPLINE_CURVE_WITH_KNOTS('',3,(#3133,#3134,#3135,#3136,#3137,#3138,
#3139,#3140,#3141,#3142),.UNSPECIFIED.,.F.,.F.,(4,2,2,2,4),(1.23776204675863,
1.31023484389934,1.38437354673572,1.44180274391018,1.49292457777352),
 .UNSPECIFIED.);
#24=B_SPLINE_CURVE_WITH_KNOTS('',3,(#3149,#3150,#3151,#3152),
 .UNSPECIFIED.,.F.,.F.,(4,4),(0.335818411823423,0.339202050531336),
 .UNSPECIFIED.);
#25=B_SPLINE_CURVE_WITH_KNOTS('',3,(#3154,#3155,#3156,#3157,#3158,#3159,
#3160,#3161,#3162,#3163),.UNSPECIFIED.,.F.,.F.,(4,2,2,2,4),(0.0840395195164611,
0.156512316657158,0.230651019493543,0.288080216667995,0.335818411823423),
 .UNSPECIFIED.);
#26=B_SPLINE_CURVE_WITH_KNOTS('',3,(#3166,#3167,#3168,#3169,#3170,#3171,
#3172,#3173,#3174,#3175),.UNSPECIFIED.,.F.,.F.,(4,2,2,2,4),(1.96824300395304,
2.01936483781637,2.07679403499082,2.15093273782721,2.22340553496791),
 .UNSPECIFIED.);
#27=B_SPLINE_CURVE_WITH_KNOTS('',3,(#3177,#3178,#3179,#3180,#3181,#3182,
#3183,#3184,#3185,#3186,#3187,#3188,#3189,#3190),.UNSPECIFIED.,.F.,.F.,
(4,2,2,2,2,2,4),(0.282696915085488,0.415883173985787,0.746821041033499,
1.07775890808121,1.40869677512892,1.73963464217664,1.87282090107693),
 .UNSPECIFIED.);
#28=B_SPLINE_CURVE_WITH_KNOTS('',3,(#3233,#3234,#3235,#3236,#3237,#3238),
 .UNSPECIFIED.,.F.,.F.,(4,2,4),(1.37018483484395,1.53805786947385,1.61910444691456),
 .UNSPECIFIED.);
#29=B_SPLINE_CURVE_WITH_KNOTS('',3,(#3248,#3249,#3250,#3251,#3252,#3253),
 .UNSPECIFIED.,.F.,.F.,(4,2,4),(1.12126522277334,1.20231180021406,1.37018483484395),
 .UNSPECIFIED.);
#30=B_SPLINE_CURVE_WITH_KNOTS('',3,(#3403,#3404,#3405,#3406,#3407,#3408,
#3409,#3410,#3411,#3412,#3413,#3414,#3415,#3416,#3417,#3418,#3419,#3420,
#3421,#3422,#3423,#3424,#3425,#3426,#3427,#3428,#3429,#3430,#3431,#3432),
 .UNSPECIFIED.,.F.,.F.,(4,2,2,2,2,2,2,2,2,2,2,2,2,2,4),(0.,0.0279368044104598,
0.0558736088209196,0.111747217641839,0.198600799656807,0.415883173985787,
0.746821041033499,1.07775890808121,1.40869677512892,1.73963464217664,1.95691701650562,
2.04377059852058,2.0996442073415,2.12758101175196,2.15551781616242),
 .UNSPECIFIED.);
#31=CYLINDRICAL_SURFACE('',#1991,4.9);
#32=CYLINDRICAL_SURFACE('',#2003,5.5);
#33=CYLINDRICAL_SURFACE('',#2010,2.25);
#34=CYLINDRICAL_SURFACE('',#2013,2.25);
#35=CYLINDRICAL_SURFACE('',#2018,2.25);
#36=CYLINDRICAL_SURFACE('',#2019,2.25);
#37=CYLINDRICAL_SURFACE('',#2020,2.25);
#38=CYLINDRICAL_SURFACE('',#2021,2.25);
#39=CYLINDRICAL_SURFACE('',#2022,29.7);
#40=CYLINDRICAL_SURFACE('',#2023,2.2);
#41=CYLINDRICAL_SURFACE('',#2024,2.2);
#42=CYLINDRICAL_SURFACE('',#2025,2.2);
#43=CYLINDRICAL_SURFACE('',#2040,29.7);
#44=CYLINDRICAL_SURFACE('',#2041,29.7);
#45=CYLINDRICAL_SURFACE('',#2044,29.7);
#46=CYLINDRICAL_SURFACE('',#2057,2.2);
#47=CYLINDRICAL_SURFACE('',#2060,29.7);
#48=CYLINDRICAL_SURFACE('',#2069,4.7);
#49=CYLINDRICAL_SURFACE('',#2071,4.7);
#50=CYLINDRICAL_SURFACE('',#2079,27.);
#51=CYLINDRICAL_SURFACE('',#2083,4.7);
#52=CYLINDRICAL_SURFACE('',#2090,4.7);
#53=CYLINDRICAL_SURFACE('',#2097,5.5);
#54=CYLINDRICAL_SURFACE('',#2103,5.5);
#55=CYLINDRICAL_SURFACE('',#2109,5.5);
#56=CYLINDRICAL_SURFACE('',#2112,4.9);
#57=CYLINDRICAL_SURFACE('',#2120,1.7);
#58=CYLINDRICAL_SURFACE('',#2121,1.7);
#59=CYLINDRICAL_SURFACE('',#2122,1.7);
#60=CYLINDRICAL_SURFACE('',#2123,1.7);
#61=CYLINDRICAL_SURFACE('',#2124,29.7);
#62=CYLINDRICAL_SURFACE('',#2125,29.7);
#63=CYLINDRICAL_SURFACE('',#2126,29.7);
#64=CYLINDRICAL_SURFACE('',#2134,2.2);
#65=CYLINDRICAL_SURFACE('',#2135,29.5);
#66=CYLINDRICAL_SURFACE('',#2137,29.5);
#67=CYLINDRICAL_SURFACE('',#2142,29.5);
#68=CYLINDRICAL_SURFACE('',#2143,27.);
#69=CYLINDRICAL_SURFACE('',#2144,13.1);
#70=CYLINDRICAL_SURFACE('',#2148,13.1);
#71=CYLINDRICAL_SURFACE('',#2152,9.2);
#72=CYLINDRICAL_SURFACE('',#2155,29.5);
#73=FACE_BOUND('',#198,.T.);
#74=FACE_BOUND('',#199,.T.);
#75=FACE_BOUND('',#201,.T.);
#76=FACE_BOUND('',#202,.T.);
#77=FACE_BOUND('',#204,.T.);
#78=FACE_BOUND('',#205,.T.);
#79=FACE_BOUND('',#207,.T.);
#80=FACE_BOUND('',#208,.T.);
#81=FACE_BOUND('',#224,.T.);
#82=FACE_BOUND('',#226,.T.);
#83=FACE_BOUND('',#232,.T.);
#84=FACE_BOUND('',#234,.T.);
#85=FACE_BOUND('',#241,.T.);
#86=FACE_BOUND('',#242,.T.);
#87=FACE_BOUND('',#243,.T.);
#88=FACE_BOUND('',#244,.T.);
#89=FACE_BOUND('',#245,.T.);
#90=FACE_BOUND('',#250,.T.);
#91=FACE_BOUND('',#251,.T.);
#92=FACE_BOUND('',#252,.T.);
#93=FACE_BOUND('',#253,.T.);
#94=FACE_BOUND('',#254,.T.);
#95=FACE_BOUND('',#305,.T.);
#96=FACE_BOUND('',#314,.T.);
#97=FACE_BOUND('',#317,.T.);
#98=FACE_OUTER_BOUND('',#197,.T.);
#99=FACE_OUTER_BOUND('',#200,.T.);
#100=FACE_OUTER_BOUND('',#203,.T.);
#101=FACE_OUTER_BOUND('',#206,.T.);
#102=FACE_OUTER_BOUND('',#209,.T.);
#103=FACE_OUTER_BOUND('',#210,.T.);
#104=FACE_OUTER_BOUND('',#211,.T.);
#105=FACE_OUTER_BOUND('',#212,.T.);
#106=FACE_OUTER_BOUND('',#213,.T.);
#107=FACE_OUTER_BOUND('',#214,.T.);
#108=FACE_OUTER_BOUND('',#215,.T.);
#109=FACE_OUTER_BOUND('',#216,.T.);
#110=FACE_OUTER_BOUND('',#217,.T.);
#111=FACE_OUTER_BOUND('',#218,.T.);
#112=FACE_OUTER_BOUND('',#219,.T.);
#113=FACE_OUTER_BOUND('',#220,.T.);
#114=FACE_OUTER_BOUND('',#221,.T.);
#115=FACE_OUTER_BOUND('',#222,.T.);
#116=FACE_OUTER_BOUND('',#223,.T.);
#117=FACE_OUTER_BOUND('',#225,.T.);
#118=FACE_OUTER_BOUND('',#227,.T.);
#119=FACE_OUTER_BOUND('',#228,.T.);
#120=FACE_OUTER_BOUND('',#229,.T.);
#121=FACE_OUTER_BOUND('',#230,.T.);
#122=FACE_OUTER_BOUND('',#231,.T.);
#123=FACE_OUTER_BOUND('',#233,.T.);
#124=FACE_OUTER_BOUND('',#235,.T.);
#125=FACE_OUTER_BOUND('',#236,.T.);
#126=FACE_OUTER_BOUND('',#237,.T.);
#127=FACE_OUTER_BOUND('',#238,.T.);
#128=FACE_OUTER_BOUND('',#239,.T.);
#129=FACE_OUTER_BOUND('',#240,.T.);
#130=FACE_OUTER_BOUND('',#246,.T.);
#131=FACE_OUTER_BOUND('',#247,.T.);
#132=FACE_OUTER_BOUND('',#248,.T.);
#133=FACE_OUTER_BOUND('',#249,.T.);
#134=FACE_OUTER_BOUND('',#255,.T.);
#135=FACE_OUTER_BOUND('',#256,.T.);
#136=FACE_OUTER_BOUND('',#257,.T.);
#137=FACE_OUTER_BOUND('',#258,.T.);
#138=FACE_OUTER_BOUND('',#259,.T.);
#139=FACE_OUTER_BOUND('',#260,.T.);
#140=FACE_OUTER_BOUND('',#261,.T.);
#141=FACE_OUTER_BOUND('',#262,.T.);
#142=FACE_OUTER_BOUND('',#263,.T.);
#143=FACE_OUTER_BOUND('',#264,.T.);
#144=FACE_OUTER_BOUND('',#265,.T.);
#145=FACE_OUTER_BOUND('',#266,.T.);
#146=FACE_OUTER_BOUND('',#267,.T.);
#147=FACE_OUTER_BOUND('',#268,.T.);
#148=FACE_OUTER_BOUND('',#269,.T.);
#149=FACE_OUTER_BOUND('',#270,.T.);
#150=FACE_OUTER_BOUND('',#271,.T.);
#151=FACE_OUTER_BOUND('',#272,.T.);
#152=FACE_OUTER_BOUND('',#273,.T.);
#153=FACE_OUTER_BOUND('',#274,.T.);
#154=FACE_OUTER_BOUND('',#275,.T.);
#155=FACE_OUTER_BOUND('',#276,.T.);
#156=FACE_OUTER_BOUND('',#277,.T.);
#157=FACE_OUTER_BOUND('',#278,.T.);
#158=FACE_OUTER_BOUND('',#279,.T.);
#159=FACE_OUTER_BOUND('',#280,.T.);
#160=FACE_OUTER_BOUND('',#281,.T.);
#161=FACE_OUTER_BOUND('',#282,.T.);
#162=FACE_OUTER_BOUND('',#283,.T.);
#163=FACE_OUTER_BOUND('',#284,.T.);
#164=FACE_OUTER_BOUND('',#285,.T.);
#165=FACE_OUTER_BOUND('',#286,.T.);
#166=FACE_OUTER_BOUND('',#287,.T.);
#167=FACE_OUTER_BOUND('',#288,.T.);
#168=FACE_OUTER_BOUND('',#289,.T.);
#169=FACE_OUTER_BOUND('',#290,.T.);
#170=FACE_OUTER_BOUND('',#291,.T.);
#171=FACE_OUTER_BOUND('',#292,.T.);
#172=FACE_OUTER_BOUND('',#293,.T.);
#173=FACE_OUTER_BOUND('',#294,.T.);
#174=FACE_OUTER_BOUND('',#295,.T.);
#175=FACE_OUTER_BOUND('',#296,.T.);
#176=FACE_OUTER_BOUND('',#297,.T.);
#177=FACE_OUTER_BOUND('',#298,.T.);
#178=FACE_OUTER_BOUND('',#299,.T.);
#179=FACE_OUTER_BOUND('',#300,.T.);
#180=FACE_OUTER_BOUND('',#301,.T.);
#181=FACE_OUTER_BOUND('',#302,.T.);
#182=FACE_OUTER_BOUND('',#303,.T.);
#183=FACE_OUTER_BOUND('',#304,.T.);
#184=FACE_OUTER_BOUND('',#306,.T.);
#185=FACE_OUTER_BOUND('',#307,.T.);
#186=FACE_OUTER_BOUND('',#308,.T.);
#187=FACE_OUTER_BOUND('',#309,.T.);
#188=FACE_OUTER_BOUND('',#310,.T.);
#189=FACE_OUTER_BOUND('',#311,.T.);
#190=FACE_OUTER_BOUND('',#312,.T.);
#191=FACE_OUTER_BOUND('',#313,.T.);
#192=FACE_OUTER_BOUND('',#315,.T.);
#193=FACE_OUTER_BOUND('',#316,.T.);
#194=FACE_OUTER_BOUND('',#318,.T.);
#195=FACE_OUTER_BOUND('',#319,.T.);
#196=FACE_OUTER_BOUND('',#320,.T.);
#197=EDGE_LOOP('',(#1227,#1228,#1229,#1230,#1231,#1232,#1233,#1234,#1235,
#1236,#1237,#1238,#1239,#1240,#1241,#1242,#1243,#1244,#1245,#1246));
#198=EDGE_LOOP('',(#1247));
#199=EDGE_LOOP('',(#1248));
#200=EDGE_LOOP('',(#1249,#1250,#1251,#1252,#1253,#1254,#1255,#1256,#1257,
#1258,#1259,#1260,#1261,#1262));
#201=EDGE_LOOP('',(#1263));
#202=EDGE_LOOP('',(#1264));
#203=EDGE_LOOP('',(#1265,#1266,#1267,#1268,#1269,#1270));
#204=EDGE_LOOP('',(#1271));
#205=EDGE_LOOP('',(#1272));
#206=EDGE_LOOP('',(#1273,#1274,#1275,#1276,#1277,#1278,#1279,#1280,#1281,
#1282,#1283,#1284,#1285,#1286,#1287,#1288,#1289,#1290,#1291,#1292));
#207=EDGE_LOOP('',(#1293));
#208=EDGE_LOOP('',(#1294));
#209=EDGE_LOOP('',(#1295,#1296));
#210=EDGE_LOOP('',(#1297,#1298,#1299,#1300,#1301,#1302,#1303,#1304));
#211=EDGE_LOOP('',(#1305,#1306,#1307,#1308,#1309));
#212=EDGE_LOOP('',(#1310,#1311,#1312,#1313,#1314,#1315,#1316,#1317,#1318,
#1319,#1320,#1321));
#213=EDGE_LOOP('',(#1322,#1323,#1324,#1325,#1326));
#214=EDGE_LOOP('',(#1327,#1328,#1329));
#215=EDGE_LOOP('',(#1330,#1331,#1332,#1333,#1334,#1335,#1336,#1337,#1338,
#1339,#1340,#1341));
#216=EDGE_LOOP('',(#1342,#1343));
#217=EDGE_LOOP('',(#1344,#1345,#1346,#1347));
#218=EDGE_LOOP('',(#1348,#1349,#1350,#1351));
#219=EDGE_LOOP('',(#1352,#1353,#1354,#1355));
#220=EDGE_LOOP('',(#1356,#1357,#1358,#1359));
#221=EDGE_LOOP('',(#1360,#1361,#1362,#1363));
#222=EDGE_LOOP('',(#1364,#1365,#1366,#1367,#1368,#1369,#1370,#1371));
#223=EDGE_LOOP('',(#1372,#1373,#1374,#1375,#1376,#1377,#1378,#1379,#1380,
#1381,#1382,#1383,#1384,#1385,#1386));
#224=EDGE_LOOP('',(#1387,#1388));
#225=EDGE_LOOP('',(#1389,#1390,#1391,#1392,#1393,#1394,#1395,#1396,#1397,
#1398,#1399,#1400,#1401,#1402,#1403));
#226=EDGE_LOOP('',(#1404,#1405));
#227=EDGE_LOOP('',(#1406,#1407,#1408,#1409,#1410,#1411,#1412,#1413,#1414,
#1415,#1416,#1417));
#228=EDGE_LOOP('',(#1418,#1419,#1420,#1421));
#229=EDGE_LOOP('',(#1422,#1423,#1424,#1425));
#230=EDGE_LOOP('',(#1426,#1427,#1428,#1429));
#231=EDGE_LOOP('',(#1430,#1431,#1432,#1433));
#232=EDGE_LOOP('',(#1434,#1435,#1436,#1437,#1438));
#233=EDGE_LOOP('',(#1439,#1440,#1441,#1442));
#234=EDGE_LOOP('',(#1443,#1444,#1445,#1446,#1447));
#235=EDGE_LOOP('',(#1448,#1449,#1450,#1451));
#236=EDGE_LOOP('',(#1452,#1453,#1454,#1455));
#237=EDGE_LOOP('',(#1456,#1457,#1458,#1459));
#238=EDGE_LOOP('',(#1460,#1461,#1462,#1463));
#239=EDGE_LOOP('',(#1464,#1465,#1466,#1467));
#240=EDGE_LOOP('',(#1468,#1469,#1470,#1471,#1472,#1473,#1474,#1475,#1476,
#1477,#1478,#1479));
#241=EDGE_LOOP('',(#1480));
#242=EDGE_LOOP('',(#1481));
#243=EDGE_LOOP('',(#1482));
#244=EDGE_LOOP('',(#1483));
#245=EDGE_LOOP('',(#1484));
#246=EDGE_LOOP('',(#1485,#1486,#1487,#1488));
#247=EDGE_LOOP('',(#1489,#1490,#1491,#1492,#1493,#1494,#1495));
#248=EDGE_LOOP('',(#1496,#1497,#1498,#1499,#1500,#1501,#1502));
#249=EDGE_LOOP('',(#1503,#1504,#1505,#1506,#1507,#1508,#1509,#1510,#1511,
#1512,#1513,#1514,#1515,#1516,#1517,#1518,#1519,#1520,#1521,#1522));
#250=EDGE_LOOP('',(#1523));
#251=EDGE_LOOP('',(#1524));
#252=EDGE_LOOP('',(#1525));
#253=EDGE_LOOP('',(#1526));
#254=EDGE_LOOP('',(#1527));
#255=EDGE_LOOP('',(#1528,#1529,#1530,#1531));
#256=EDGE_LOOP('',(#1532,#1533,#1534,#1535));
#257=EDGE_LOOP('',(#1536,#1537,#1538,#1539));
#258=EDGE_LOOP('',(#1540,#1541));
#259=EDGE_LOOP('',(#1542,#1543));
#260=EDGE_LOOP('',(#1544,#1545));
#261=EDGE_LOOP('',(#1546,#1547));
#262=EDGE_LOOP('',(#1548,#1549,#1550,#1551));
#263=EDGE_LOOP('',(#1552,#1553,#1554,#1555));
#264=EDGE_LOOP('',(#1556));
#265=EDGE_LOOP('',(#1557));
#266=EDGE_LOOP('',(#1558,#1559));
#267=EDGE_LOOP('',(#1560,#1561,#1562,#1563,#1564,#1565,#1566,#1567));
#268=EDGE_LOOP('',(#1568,#1569,#1570,#1571));
#269=EDGE_LOOP('',(#1572));
#270=EDGE_LOOP('',(#1573,#1574));
#271=EDGE_LOOP('',(#1575,#1576,#1577,#1578));
#272=EDGE_LOOP('',(#1579));
#273=EDGE_LOOP('',(#1580,#1581,#1582,#1583,#1584,#1585));
#274=EDGE_LOOP('',(#1586,#1587,#1588,#1589));
#275=EDGE_LOOP('',(#1590,#1591));
#276=EDGE_LOOP('',(#1592,#1593,#1594));
#277=EDGE_LOOP('',(#1595,#1596,#1597));
#278=EDGE_LOOP('',(#1598,#1599));
#279=EDGE_LOOP('',(#1600,#1601,#1602,#1603));
#280=EDGE_LOOP('',(#1604,#1605));
#281=EDGE_LOOP('',(#1606,#1607,#1608));
#282=EDGE_LOOP('',(#1609,#1610,#1611));
#283=EDGE_LOOP('',(#1612,#1613));
#284=EDGE_LOOP('',(#1614,#1615,#1616,#1617,#1618,#1619,#1620,#1621));
#285=EDGE_LOOP('',(#1622,#1623));
#286=EDGE_LOOP('',(#1624,#1625,#1626));
#287=EDGE_LOOP('',(#1627,#1628));
#288=EDGE_LOOP('',(#1629,#1630,#1631,#1632,#1633,#1634,#1635,#1636,#1637,
#1638,#1639,#1640));
#289=EDGE_LOOP('',(#1641,#1642,#1643,#1644,#1645,#1646,#1647,#1648,#1649,
#1650,#1651,#1652));
#290=EDGE_LOOP('',(#1653,#1654,#1655,#1656));
#291=EDGE_LOOP('',(#1657,#1658,#1659,#1660));
#292=EDGE_LOOP('',(#1661,#1662,#1663,#1664));
#293=EDGE_LOOP('',(#1665,#1666,#1667,#1668));
#294=EDGE_LOOP('',(#1669,#1670,#1671,#1672));
#295=EDGE_LOOP('',(#1673,#1674,#1675,#1676));
#296=EDGE_LOOP('',(#1677,#1678,#1679,#1680,#1681,#1682));
#297=EDGE_LOOP('',(#1683,#1684,#1685,#1686,#1687,#1688));
#298=EDGE_LOOP('',(#1689,#1690,#1691,#1692,#1693,#1694,#1695,#1696));
#299=EDGE_LOOP('',(#1697,#1698,#1699,#1700));
#300=EDGE_LOOP('',(#1701,#1702,#1703,#1704,#1705,#1706));
#301=EDGE_LOOP('',(#1707,#1708,#1709,#1710));
#302=EDGE_LOOP('',(#1711,#1712,#1713,#1714));
#303=EDGE_LOOP('',(#1715,#1716,#1717,#1718,#1719,#1720,#1721,#1722));
#304=EDGE_LOOP('',(#1723,#1724,#1725,#1726,#1727,#1728,#1729,#1730,#1731,
#1732,#1733,#1734));
#305=EDGE_LOOP('',(#1735,#1736));
#306=EDGE_LOOP('',(#1737,#1738,#1739,#1740));
#307=EDGE_LOOP('',(#1741,#1742,#1743,#1744));
#308=EDGE_LOOP('',(#1745,#1746,#1747,#1748));
#309=EDGE_LOOP('',(#1749,#1750,#1751,#1752));
#310=EDGE_LOOP('',(#1753,#1754,#1755,#1756));
#311=EDGE_LOOP('',(#1757,#1758,#1759,#1760,#1761,#1762,#1763,#1764));
#312=EDGE_LOOP('',(#1765,#1766,#1767,#1768));
#313=EDGE_LOOP('',(#1769));
#314=EDGE_LOOP('',(#1770));
#315=EDGE_LOOP('',(#1771,#1772,#1773,#1774));
#316=EDGE_LOOP('',(#1775));
#317=EDGE_LOOP('',(#1776));
#318=EDGE_LOOP('',(#1777,#1778,#1779,#1780));
#319=EDGE_LOOP('',(#1781,#1782,#1783,#1784,#1785,#1786));
#320=EDGE_LOOP('',(#1787,#1788,#1789,#1790));
#321=CIRCLE('',#1962,29.7);
#322=CIRCLE('',#1963,2.25);
#323=CIRCLE('',#1964,2.25);
#324=CIRCLE('',#1965,29.7);
#325=CIRCLE('',#1966,2.25);
#326=CIRCLE('',#1967,2.25);
#327=CIRCLE('',#1968,29.7);
#328=CIRCLE('',#1969,2.25);
#329=CIRCLE('',#1970,2.25);
#330=CIRCLE('',#1972,29.7);
#331=CIRCLE('',#1973,2.25);
#332=CIRCLE('',#1974,2.25);
#333=CIRCLE('',#1976,29.7);
#334=CIRCLE('',#1977,2.25);
#335=CIRCLE('',#1978,2.25);
#336=CIRCLE('',#1980,29.7);
#337=CIRCLE('',#1981,2.25);
#338=CIRCLE('',#1982,2.25);
#339=CIRCLE('',#1983,29.7);
#340=CIRCLE('',#1984,2.25);
#341=CIRCLE('',#1985,2.25);
#342=CIRCLE('',#1986,29.7);
#343=CIRCLE('',#1987,2.25);
#344=CIRCLE('',#1988,2.25);
#345=CIRCLE('',#1990,4.9);
#346=CIRCLE('',#1992,4.9);
#347=CIRCLE('',#1993,4.9);
#348=CIRCLE('',#1994,4.9);
#349=CIRCLE('',#1996,4.9);
#350=CIRCLE('',#2002,5.5);
#351=CIRCLE('',#2004,5.5);
#352=CIRCLE('',#2011,2.25);
#353=CIRCLE('',#2012,2.25);
#354=CIRCLE('',#2014,2.25);
#355=CIRCLE('',#2015,2.25);
#356=CIRCLE('',#2026,2.2);
#357=CIRCLE('',#2029,29.7);
#358=CIRCLE('',#2030,29.7);
#359=CIRCLE('',#2031,29.5);
#360=CIRCLE('',#2032,29.7);
#361=CIRCLE('',#2033,29.5);
#362=CIRCLE('',#2034,29.7);
#363=CIRCLE('',#2035,1.7);
#364=CIRCLE('',#2036,1.7);
#365=CIRCLE('',#2037,1.7);
#366=CIRCLE('',#2038,1.7);
#367=CIRCLE('',#2039,13.1);
#368=CIRCLE('',#2042,29.7);
#369=CIRCLE('',#2043,29.7);
#370=CIRCLE('',#2045,29.7);
#371=CIRCLE('',#2046,29.7);
#372=CIRCLE('',#2048,29.5);
#373=CIRCLE('',#2049,29.7);
#374=CIRCLE('',#2050,29.7);
#375=CIRCLE('',#2051,29.5);
#376=CIRCLE('',#2052,1.7);
#377=CIRCLE('',#2053,1.7);
#378=CIRCLE('',#2054,13.1);
#379=CIRCLE('',#2055,4.7);
#380=CIRCLE('',#2056,4.7);
#381=CIRCLE('',#2058,2.2);
#382=CIRCLE('',#2062,2.2);
#383=CIRCLE('',#2064,2.2);
#384=CIRCLE('',#2066,2.2);
#385=CIRCLE('',#2068,2.2);
#386=CIRCLE('',#2070,4.7);
#387=CIRCLE('',#2072,4.7);
#388=CIRCLE('',#2073,4.7);
#389=CIRCLE('',#2075,1.7);
#390=CIRCLE('',#2078,27.);
#391=CIRCLE('',#2080,27.);
#392=CIRCLE('',#2081,27.);
#393=CIRCLE('',#2082,27.);
#394=CIRCLE('',#2084,4.7);
#395=CIRCLE('',#2086,1.7);
#396=CIRCLE('',#2088,27.);
#397=CIRCLE('',#2089,4.7);
#398=CIRCLE('',#2091,4.7);
#399=CIRCLE('',#2094,27.);
#400=CIRCLE('',#2095,29.5);
#401=CIRCLE('',#2096,27.);
#402=CIRCLE('',#2098,5.5);
#403=CIRCLE('',#2099,5.5);
#404=CIRCLE('',#2102,5.5);
#405=CIRCLE('',#2108,5.5);
#406=CIRCLE('',#2111,4.9);
#407=CIRCLE('',#2113,4.9);
#408=CIRCLE('',#2114,4.9);
#409=CIRCLE('',#2136,29.5);
#410=CIRCLE('',#2138,29.5);
#411=CIRCLE('',#2140,27.);
#412=CIRCLE('',#2145,13.1);
#413=CIRCLE('',#2147,9.2);
#414=CIRCLE('',#2149,13.1);
#415=CIRCLE('',#2151,9.2);
#416=CIRCLE('',#2154,29.5);
#417=LINE('',#2722,#587);
#418=LINE('',#2724,#588);
#419=LINE('',#2726,#589);
#420=LINE('',#2742,#590);
#421=LINE('',#2744,#591);
#422=LINE('',#2746,#592);
#423=LINE('',#2748,#593);
#424=LINE('',#2750,#594);
#425=LINE('',#2752,#595);
#426=LINE('',#2754,#596);
#427=LINE('',#2756,#597);
#428=LINE('',#2758,#598);
#429=LINE('',#2759,#599);
#430=LINE('',#2767,#600);
#431=LINE('',#2769,#601);
#432=LINE('',#2771,#602);
#433=LINE('',#2773,#603);
#434=LINE('',#2775,#604);
#435=LINE('',#2779,#605);
#436=LINE('',#2781,#606);
#437=LINE('',#2783,#607);
#438=LINE('',#2785,#608);
#439=LINE('',#2787,#609);
#440=LINE('',#2789,#610);
#441=LINE('',#2791,#611);
#442=LINE('',#2792,#612);
#443=LINE('',#2800,#613);
#444=LINE('',#2804,#614);
#445=LINE('',#2806,#615);
#446=LINE('',#2808,#616);
#447=LINE('',#2809,#617);
#448=LINE('',#2817,#618);
#449=LINE('',#2819,#619);
#450=LINE('',#2821,#620);
#451=LINE('',#2823,#621);
#452=LINE('',#2825,#622);
#453=LINE('',#2827,#623);
#454=LINE('',#2829,#624);
#455=LINE('',#2831,#625);
#456=LINE('',#2847,#626);
#457=LINE('',#2849,#627);
#458=LINE('',#2851,#628);
#459=LINE('',#2853,#629);
#460=LINE('',#2854,#630);
#461=LINE('',#2865,#631);
#462=LINE('',#2869,#632);
#463=LINE('',#2874,#633);
#464=LINE('',#2875,#634);
#465=LINE('',#2877,#635);
#466=LINE('',#2878,#636);
#467=LINE('',#2879,#637);
#468=LINE('',#2881,#638);
#469=LINE('',#2883,#639);
#470=LINE('',#2885,#640);
#471=LINE('',#2886,#641);
#472=LINE('',#2888,#642);
#473=LINE('',#2892,#643);
#474=LINE('',#2894,#644);
#475=LINE('',#2896,#645);
#476=LINE('',#2898,#646);
#477=LINE('',#2900,#647);
#478=LINE('',#2902,#648);
#479=LINE('',#2904,#649);
#480=LINE('',#2906,#650);
#481=LINE('',#2907,#651);
#482=LINE('',#2914,#652);
#483=LINE('',#2916,#653);
#484=LINE('',#2917,#654);
#485=LINE('',#2920,#655);
#486=LINE('',#2921,#656);
#487=LINE('',#2924,#657);
#488=LINE('',#2925,#658);
#489=LINE('',#2928,#659);
#490=LINE('',#2929,#660);
#491=LINE('',#2932,#661);
#492=LINE('',#2933,#662);
#493=LINE('',#2934,#663);
#494=LINE('',#2937,#664);
#495=LINE('',#2958,#665);
#496=LINE('',#2968,#666);
#497=LINE('',#2969,#667);
#498=LINE('',#2971,#668);
#499=LINE('',#2974,#669);
#500=LINE('',#2977,#670);
#501=LINE('',#3010,#671);
#502=LINE('',#3021,#672);
#503=LINE('',#3041,#673);
#504=LINE('',#3042,#674);
#505=LINE('',#3044,#675);
#506=LINE('',#3047,#676);
#507=LINE('',#3050,#677);
#508=LINE('',#3083,#678);
#509=LINE('',#3085,#679);
#510=LINE('',#3087,#680);
#511=LINE('',#3089,#681);
#512=LINE('',#3091,#682);
#513=LINE('',#3093,#683);
#514=LINE('',#3095,#684);
#515=LINE('',#3097,#685);
#516=LINE('',#3098,#686);
#517=LINE('',#3099,#687);
#518=LINE('',#3102,#688);
#519=LINE('',#3104,#689);
#520=LINE('',#3105,#690);
#521=LINE('',#3107,#691);
#522=LINE('',#3109,#692);
#523=LINE('',#3111,#693);
#524=LINE('',#3114,#694);
#525=LINE('',#3132,#695);
#526=LINE('',#3144,#696);
#527=LINE('',#3147,#697);
#528=LINE('',#3165,#698);
#529=LINE('',#3192,#699);
#530=LINE('',#3193,#700);
#531=LINE('',#3195,#701);
#532=LINE('',#3198,#702);
#533=LINE('',#3201,#703);
#534=LINE('',#3209,#704);
#535=LINE('',#3214,#705);
#536=LINE('',#3229,#706);
#537=LINE('',#3240,#707);
#538=LINE('',#3246,#708);
#539=LINE('',#3257,#709);
#540=LINE('',#3258,#710);
#541=LINE('',#3260,#711);
#542=LINE('',#3265,#712);
#543=LINE('',#3269,#713);
#544=LINE('',#3272,#714);
#545=LINE('',#3273,#715);
#546=LINE('',#3286,#716);
#547=LINE('',#3289,#717);
#548=LINE('',#3291,#718);
#549=LINE('',#3303,#719);
#550=LINE('',#3308,#720);
#551=LINE('',#3312,#721);
#552=LINE('',#3324,#722);
#553=LINE('',#3329,#723);
#554=LINE('',#3341,#724);
#555=LINE('',#3343,#725);
#556=LINE('',#3351,#726);
#557=LINE('',#3362,#727);
#558=LINE('',#3376,#728);
#559=LINE('',#3378,#729);
#560=LINE('',#3379,#730);
#561=LINE('',#3381,#731);
#562=LINE('',#3382,#732);
#563=LINE('',#3383,#733);
#564=LINE('',#3385,#734);
#565=LINE('',#3387,#735);
#566=LINE('',#3389,#736);
#567=LINE('',#3390,#737);
#568=LINE('',#3391,#738);
#569=LINE('',#3393,#739);
#570=LINE('',#3395,#740);
#571=LINE('',#3397,#741);
#572=LINE('',#3399,#742);
#573=LINE('',#3434,#743);
#574=LINE('',#3437,#744);
#575=LINE('',#3439,#745);
#576=LINE('',#3440,#746);
#577=LINE('',#3443,#747);
#578=LINE('',#3444,#748);
#579=LINE('',#3446,#749);
#580=LINE('',#3448,#750);
#581=LINE('',#3449,#751);
#582=LINE('',#3451,#752);
#583=LINE('',#3455,#753);
#584=LINE('',#3468,#754);
#585=LINE('',#3474,#755);
#586=LINE('',#3480,#756);
#587=VECTOR('',#2160,10.);
#588=VECTOR('',#2161,10.);
#589=VECTOR('',#2162,10.);
#590=VECTOR('',#2177,10.);
#591=VECTOR('',#2178,10.);
#592=VECTOR('',#2179,10.);
#593=VECTOR('',#2180,10.);
#594=VECTOR('',#2181,10.);
#595=VECTOR('',#2182,10.);
#596=VECTOR('',#2183,10.);
#597=VECTOR('',#2184,10.);
#598=VECTOR('',#2185,10.);
#599=VECTOR('',#2186,10.);
#600=VECTOR('',#2193,10.);
#601=VECTOR('',#2194,10.);
#602=VECTOR('',#2195,10.);
#603=VECTOR('',#2196,10.);
#604=VECTOR('',#2197,10.);
#605=VECTOR('',#2200,10.);
#606=VECTOR('',#2201,10.);
#607=VECTOR('',#2202,10.);
#608=VECTOR('',#2203,10.);
#609=VECTOR('',#2204,10.);
#610=VECTOR('',#2205,10.);
#611=VECTOR('',#2206,10.);
#612=VECTOR('',#2207,10.);
#613=VECTOR('',#2214,10.);
#614=VECTOR('',#2217,10.);
#615=VECTOR('',#2218,10.);
#616=VECTOR('',#2219,10.);
#617=VECTOR('',#2220,10.);
#618=VECTOR('',#2227,10.);
#619=VECTOR('',#2228,10.);
#620=VECTOR('',#2229,10.);
#621=VECTOR('',#2230,10.);
#622=VECTOR('',#2231,10.);
#623=VECTOR('',#2232,10.);
#624=VECTOR('',#2233,10.);
#625=VECTOR('',#2234,10.);
#626=VECTOR('',#2249,10.);
#627=VECTOR('',#2250,10.);
#628=VECTOR('',#2251,10.);
#629=VECTOR('',#2252,10.);
#630=VECTOR('',#2253,10.);
#631=VECTOR('',#2266,10.);
#632=VECTOR('',#2269,10.);
#633=VECTOR('',#2276,10.);
#634=VECTOR('',#2277,10.);
#635=VECTOR('',#2280,10.);
#636=VECTOR('',#2281,10.);
#637=VECTOR('',#2282,10.);
#638=VECTOR('',#2283,10.);
#639=VECTOR('',#2284,10.);
#640=VECTOR('',#2285,10.);
#641=VECTOR('',#2286,10.);
#642=VECTOR('',#2289,10.);
#643=VECTOR('',#2294,10.);
#644=VECTOR('',#2295,10.);
#645=VECTOR('',#2296,10.);
#646=VECTOR('',#2297,10.);
#647=VECTOR('',#2298,10.);
#648=VECTOR('',#2299,10.);
#649=VECTOR('',#2300,10.);
#650=VECTOR('',#2301,10.);
#651=VECTOR('',#2302,10.);
#652=VECTOR('',#2313,10.);
#653=VECTOR('',#2314,10.);
#654=VECTOR('',#2315,10.);
#655=VECTOR('',#2318,10.);
#656=VECTOR('',#2319,10.);
#657=VECTOR('',#2322,10.);
#658=VECTOR('',#2323,10.);
#659=VECTOR('',#2326,10.);
#660=VECTOR('',#2327,10.);
#661=VECTOR('',#2330,10.);
#662=VECTOR('',#2331,10.);
#663=VECTOR('',#2332,10.);
#664=VECTOR('',#2335,10.);
#665=VECTOR('',#2338,10.);
#666=VECTOR('',#2339,10.);
#667=VECTOR('',#2340,2.25);
#668=VECTOR('',#2341,10.);
#669=VECTOR('',#2344,10.);
#670=VECTOR('',#2345,10.);
#671=VECTOR('',#2348,10.);
#672=VECTOR('',#2349,10.);
#673=VECTOR('',#2352,10.);
#674=VECTOR('',#2353,2.25);
#675=VECTOR('',#2354,10.);
#676=VECTOR('',#2357,10.);
#677=VECTOR('',#2358,10.);
#678=VECTOR('',#2361,10.);
#679=VECTOR('',#2362,10.);
#680=VECTOR('',#2363,10.);
#681=VECTOR('',#2364,10.);
#682=VECTOR('',#2365,10.);
#683=VECTOR('',#2366,10.);
#684=VECTOR('',#2367,10.);
#685=VECTOR('',#2368,10.);
#686=VECTOR('',#2369,10.);
#687=VECTOR('',#2370,10.);
#688=VECTOR('',#2373,10.);
#689=VECTOR('',#2374,10.);
#690=VECTOR('',#2375,10.);
#691=VECTOR('',#2378,2.25);
#692=VECTOR('',#2381,2.25);
#693=VECTOR('',#2384,2.25);
#694=VECTOR('',#2385,10.);
#695=VECTOR('',#2386,10.);
#696=VECTOR('',#2389,2.25);
#697=VECTOR('',#2390,10.);
#698=VECTOR('',#2391,10.);
#699=VECTOR('',#2396,10.);
#700=VECTOR('',#2397,10.);
#701=VECTOR('',#2400,10.);
#702=VECTOR('',#2403,10.);
#703=VECTOR('',#2406,10.);
#704=VECTOR('',#2417,10.);
#705=VECTOR('',#2422,10.);
#706=VECTOR('',#2439,10.);
#707=VECTOR('',#2442,10.);
#708=VECTOR('',#2449,10.);
#709=VECTOR('',#2454,10.);
#710=VECTOR('',#2455,10.);
#711=VECTOR('',#2456,10.);
#712=VECTOR('',#2461,10.);
#713=VECTOR('',#2464,10.);
#714=VECTOR('',#2467,10.);
#715=VECTOR('',#2468,10.);
#716=VECTOR('',#2481,10.);
#717=VECTOR('',#2484,10.);
#718=VECTOR('',#2487,10.);
#719=VECTOR('',#2508,4.7);
#720=VECTOR('',#2513,10.);
#721=VECTOR('',#2516,10.);
#722=VECTOR('',#2533,10.);
#723=VECTOR('',#2540,4.7);
#724=VECTOR('',#2555,10.);
#725=VECTOR('',#2556,10.);
#726=VECTOR('',#2567,10.);
#727=VECTOR('',#2588,10.);
#728=VECTOR('',#2615,10.);
#729=VECTOR('',#2616,10.);
#730=VECTOR('',#2617,10.);
#731=VECTOR('',#2618,10.);
#732=VECTOR('',#2619,10.);
#733=VECTOR('',#2620,10.);
#734=VECTOR('',#2623,10.);
#735=VECTOR('',#2624,10.);
#736=VECTOR('',#2625,10.);
#737=VECTOR('',#2626,10.);
#738=VECTOR('',#2627,10.);
#739=VECTOR('',#2630,1.7);
#740=VECTOR('',#2633,1.7);
#741=VECTOR('',#2636,1.7);
#742=VECTOR('',#2639,1.7);
#743=VECTOR('',#2648,10.);
#744=VECTOR('',#2651,10.);
#745=VECTOR('',#2652,10.);
#746=VECTOR('',#2653,10.);
#747=VECTOR('',#2656,10.);
#748=VECTOR('',#2657,10.);
#749=VECTOR('',#2660,10.);
#750=VECTOR('',#2661,10.);
#751=VECTOR('',#2662,10.);
#752=VECTOR('',#2665,10.);
#753=VECTOR('',#2672,2.2);
#754=VECTOR('',#2695,13.1);
#755=VECTOR('',#2702,13.1);
#756=VECTOR('',#2711,9.2);
#757=VERTEX_POINT('',#2720);
#758=VERTEX_POINT('',#2721);
#759=VERTEX_POINT('',#2723);
#760=VERTEX_POINT('',#2725);
#761=VERTEX_POINT('',#2727);
#762=VERTEX_POINT('',#2729);
#763=VERTEX_POINT('',#2731);
#764=VERTEX_POINT('',#2733);
#765=VERTEX_POINT('',#2735);
#766=VERTEX_POINT('',#2737);
#767=VERTEX_POINT('',#2739);
#768=VERTEX_POINT('',#2741);
#769=VERTEX_POINT('',#2743);
#770=VERTEX_POINT('',#2745);
#771=VERTEX_POINT('',#2747);
#772=VERTEX_POINT('',#2749);
#773=VERTEX_POINT('',#2751);
#774=VERTEX_POINT('',#2753);
#775=VERTEX_POINT('',#2755);
#776=VERTEX_POINT('',#2757);
#777=VERTEX_POINT('',#2760);
#778=VERTEX_POINT('',#2762);
#779=VERTEX_POINT('',#2765);
#780=VERTEX_POINT('',#2766);
#781=VERTEX_POINT('',#2768);
#782=VERTEX_POINT('',#2770);
#783=VERTEX_POINT('',#2772);
#784=VERTEX_POINT('',#2774);
#785=VERTEX_POINT('',#2776);
#786=VERTEX_POINT('',#2778);
#787=VERTEX_POINT('',#2780);
#788=VERTEX_POINT('',#2782);
#789=VERTEX_POINT('',#2784);
#790=VERTEX_POINT('',#2786);
#791=VERTEX_POINT('',#2788);
#792=VERTEX_POINT('',#2790);
#793=VERTEX_POINT('',#2793);
#794=VERTEX_POINT('',#2795);
#795=VERTEX_POINT('',#2798);
#796=VERTEX_POINT('',#2799);
#797=VERTEX_POINT('',#2801);
#798=VERTEX_POINT('',#2803);
#799=VERTEX_POINT('',#2805);
#800=VERTEX_POINT('',#2807);
#801=VERTEX_POINT('',#2810);
#802=VERTEX_POINT('',#2812);
#803=VERTEX_POINT('',#2815);
#804=VERTEX_POINT('',#2816);
#805=VERTEX_POINT('',#2818);
#806=VERTEX_POINT('',#2820);
#807=VERTEX_POINT('',#2822);
#808=VERTEX_POINT('',#2824);
#809=VERTEX_POINT('',#2826);
#810=VERTEX_POINT('',#2828);
#811=VERTEX_POINT('',#2830);
#812=VERTEX_POINT('',#2832);
#813=VERTEX_POINT('',#2834);
#814=VERTEX_POINT('',#2836);
#815=VERTEX_POINT('',#2838);
#816=VERTEX_POINT('',#2840);
#817=VERTEX_POINT('',#2842);
#818=VERTEX_POINT('',#2844);
#819=VERTEX_POINT('',#2846);
#820=VERTEX_POINT('',#2848);
#821=VERTEX_POINT('',#2850);
#822=VERTEX_POINT('',#2852);
#823=VERTEX_POINT('',#2855);
#824=VERTEX_POINT('',#2857);
#825=VERTEX_POINT('',#2862);
#826=VERTEX_POINT('',#2864);
#827=VERTEX_POINT('',#2866);
#828=VERTEX_POINT('',#2868);
#829=VERTEX_POINT('',#2872);
#830=VERTEX_POINT('',#2880);
#831=VERTEX_POINT('',#2882);
#832=VERTEX_POINT('',#2884);
#833=VERTEX_POINT('',#2891);
#834=VERTEX_POINT('',#2893);
#835=VERTEX_POINT('',#2895);
#836=VERTEX_POINT('',#2897);
#837=VERTEX_POINT('',#2899);
#838=VERTEX_POINT('',#2901);
#839=VERTEX_POINT('',#2903);
#840=VERTEX_POINT('',#2905);
#841=VERTEX_POINT('',#2913);
#842=VERTEX_POINT('',#2915);
#843=VERTEX_POINT('',#2919);
#844=VERTEX_POINT('',#2923);
#845=VERTEX_POINT('',#2927);
#846=VERTEX_POINT('',#2931);
#847=VERTEX_POINT('',#2936);
#848=VERTEX_POINT('',#2938);
#849=VERTEX_POINT('',#2940);
#850=VERTEX_POINT('',#2957);
#851=VERTEX_POINT('',#2959);
#852=VERTEX_POINT('',#2970);
#853=VERTEX_POINT('',#2972);
#854=VERTEX_POINT('',#2975);
#855=VERTEX_POINT('',#2976);
#856=VERTEX_POINT('',#3009);
#857=VERTEX_POINT('',#3011);
#858=VERTEX_POINT('',#3020);
#859=VERTEX_POINT('',#3022);
#860=VERTEX_POINT('',#3039);
#861=VERTEX_POINT('',#3043);
#862=VERTEX_POINT('',#3045);
#863=VERTEX_POINT('',#3048);
#864=VERTEX_POINT('',#3049);
#865=VERTEX_POINT('',#3082);
#866=VERTEX_POINT('',#3084);
#867=VERTEX_POINT('',#3086);
#868=VERTEX_POINT('',#3088);
#869=VERTEX_POINT('',#3090);
#870=VERTEX_POINT('',#3092);
#871=VERTEX_POINT('',#3094);
#872=VERTEX_POINT('',#3096);
#873=VERTEX_POINT('',#3101);
#874=VERTEX_POINT('',#3103);
#875=VERTEX_POINT('',#3112);
#876=VERTEX_POINT('',#3113);
#877=VERTEX_POINT('',#3115);
#878=VERTEX_POINT('',#3126);
#879=VERTEX_POINT('',#3131);
#880=VERTEX_POINT('',#3145);
#881=VERTEX_POINT('',#3146);
#882=VERTEX_POINT('',#3148);
#883=VERTEX_POINT('',#3153);
#884=VERTEX_POINT('',#3164);
#885=VERTEX_POINT('',#3197);
#886=VERTEX_POINT('',#3199);
#887=VERTEX_POINT('',#3206);
#888=VERTEX_POINT('',#3208);
#889=VERTEX_POINT('',#3211);
#890=VERTEX_POINT('',#3213);
#891=VERTEX_POINT('',#3216);
#892=VERTEX_POINT('',#3218);
#893=VERTEX_POINT('',#3220);
#894=VERTEX_POINT('',#3222);
#895=VERTEX_POINT('',#3224);
#896=VERTEX_POINT('',#3228);
#897=VERTEX_POINT('',#3230);
#898=VERTEX_POINT('',#3232);
#899=VERTEX_POINT('',#3239);
#900=VERTEX_POINT('',#3243);
#901=VERTEX_POINT('',#3245);
#902=VERTEX_POINT('',#3247);
#903=VERTEX_POINT('',#3256);
#904=VERTEX_POINT('',#3259);
#905=VERTEX_POINT('',#3262);
#906=VERTEX_POINT('',#3264);
#907=VERTEX_POINT('',#3266);
#908=VERTEX_POINT('',#3268);
#909=VERTEX_POINT('',#3271);
#910=VERTEX_POINT('',#3274);
#911=VERTEX_POINT('',#3276);
#912=VERTEX_POINT('',#3278);
#913=VERTEX_POINT('',#3280);
#914=VERTEX_POINT('',#3282);
#915=VERTEX_POINT('',#3285);
#916=VERTEX_POINT('',#3287);
#917=VERTEX_POINT('',#3302);
#918=VERTEX_POINT('',#3306);
#919=VERTEX_POINT('',#3307);
#920=VERTEX_POINT('',#3309);
#921=VERTEX_POINT('',#3311);
#922=VERTEX_POINT('',#3315);
#923=VERTEX_POINT('',#3321);
#924=VERTEX_POINT('',#3323);
#925=VERTEX_POINT('',#3328);
#926=VERTEX_POINT('',#3332);
#927=VERTEX_POINT('',#3335);
#928=VERTEX_POINT('',#3336);
#929=VERTEX_POINT('',#3340);
#930=VERTEX_POINT('',#3342);
#931=VERTEX_POINT('',#3348);
#932=VERTEX_POINT('',#3350);
#933=VERTEX_POINT('',#3377);
#934=VERTEX_POINT('',#3380);
#935=VERTEX_POINT('',#3386);
#936=VERTEX_POINT('',#3388);
#937=VERTEX_POINT('',#3436);
#938=VERTEX_POINT('',#3438);
#939=VERTEX_POINT('',#3442);
#940=VERTEX_POINT('',#3447);
#941=VERTEX_POINT('',#3466);
#942=VERTEX_POINT('',#3470);
#943=VERTEX_POINT('',#3473);
#944=VERTEX_POINT('',#3477);
#945=EDGE_CURVE('',#757,#758,#417,.T.);
#946=EDGE_CURVE('',#758,#759,#418,.T.);
#947=EDGE_CURVE('',#759,#760,#419,.T.);
#948=EDGE_CURVE('',#761,#760,#321,.T.);
#949=EDGE_CURVE('',#761,#762,#322,.T.);
#950=EDGE_CURVE('',#762,#763,#323,.T.);
#951=EDGE_CURVE('',#764,#763,#324,.T.);
#952=EDGE_CURVE('',#764,#765,#325,.T.);
#953=EDGE_CURVE('',#765,#766,#326,.T.);
#954=EDGE_CURVE('',#767,#766,#327,.T.);
#955=EDGE_CURVE('',#767,#768,#420,.T.);
#956=EDGE_CURVE('',#768,#769,#421,.T.);
#957=EDGE_CURVE('',#769,#770,#422,.T.);
#958=EDGE_CURVE('',#770,#771,#423,.T.);
#959=EDGE_CURVE('',#771,#772,#424,.T.);
#960=EDGE_CURVE('',#772,#773,#425,.T.);
#961=EDGE_CURVE('',#773,#774,#426,.T.);
#962=EDGE_CURVE('',#774,#775,#427,.T.);
#963=EDGE_CURVE('',#775,#776,#428,.T.);
#964=EDGE_CURVE('',#776,#757,#429,.T.);
#965=EDGE_CURVE('',#777,#777,#328,.T.);
#966=EDGE_CURVE('',#778,#778,#329,.T.);
#967=EDGE_CURVE('',#779,#780,#430,.T.);
#968=EDGE_CURVE('',#780,#781,#431,.T.);
#969=EDGE_CURVE('',#781,#782,#432,.T.);
#970=EDGE_CURVE('',#782,#783,#433,.T.);
#971=EDGE_CURVE('',#783,#784,#434,.T.);
#972=EDGE_CURVE('',#785,#784,#330,.T.);
#973=EDGE_CURVE('',#785,#786,#435,.T.);
#974=EDGE_CURVE('',#786,#787,#436,.T.);
#975=EDGE_CURVE('',#787,#788,#437,.T.);
#976=EDGE_CURVE('',#788,#789,#438,.T.);
#977=EDGE_CURVE('',#789,#790,#439,.T.);
#978=EDGE_CURVE('',#790,#791,#440,.T.);
#979=EDGE_CURVE('',#791,#792,#441,.T.);
#980=EDGE_CURVE('',#792,#779,#442,.T.);
#981=EDGE_CURVE('',#793,#793,#331,.T.);
#982=EDGE_CURVE('',#794,#794,#332,.T.);
#983=EDGE_CURVE('',#795,#796,#443,.T.);
#984=EDGE_CURVE('',#797,#796,#333,.T.);
#985=EDGE_CURVE('',#797,#798,#444,.T.);
#986=EDGE_CURVE('',#798,#799,#445,.T.);
#987=EDGE_CURVE('',#799,#800,#446,.T.);
#988=EDGE_CURVE('',#800,#795,#447,.T.);
#989=EDGE_CURVE('',#801,#801,#334,.T.);
#990=EDGE_CURVE('',#802,#802,#335,.T.);
#991=EDGE_CURVE('',#803,#804,#448,.T.);
#992=EDGE_CURVE('',#805,#804,#449,.T.);
#993=EDGE_CURVE('',#805,#806,#450,.T.);
#994=EDGE_CURVE('',#806,#807,#451,.T.);
#995=EDGE_CURVE('',#807,#808,#452,.T.);
#996=EDGE_CURVE('',#808,#809,#453,.T.);
#997=EDGE_CURVE('',#809,#810,#454,.T.);
#998=EDGE_CURVE('',#810,#811,#455,.T.);
#999=EDGE_CURVE('',#812,#811,#336,.T.);
#1000=EDGE_CURVE('',#812,#813,#337,.T.);
#1001=EDGE_CURVE('',#813,#814,#338,.T.);
#1002=EDGE_CURVE('',#815,#814,#339,.T.);
#1003=EDGE_CURVE('',#815,#816,#340,.T.);
#1004=EDGE_CURVE('',#816,#817,#341,.T.);
#1005=EDGE_CURVE('',#818,#817,#342,.T.);
#1006=EDGE_CURVE('',#818,#819,#456,.T.);
#1007=EDGE_CURVE('',#819,#820,#457,.T.);
#1008=EDGE_CURVE('',#820,#821,#458,.T.);
#1009=EDGE_CURVE('',#821,#822,#459,.T.);
#1010=EDGE_CURVE('',#822,#803,#460,.T.);
#1011=EDGE_CURVE('',#823,#823,#343,.T.);
#1012=EDGE_CURVE('',#824,#824,#344,.T.);
#1013=EDGE_CURVE('',#788,#789,#345,.T.);
#1014=EDGE_CURVE('',#825,#787,#346,.T.);
#1015=EDGE_CURVE('',#826,#825,#461,.T.);
#1016=EDGE_CURVE('',#827,#826,#347,.T.);
#1017=EDGE_CURVE('',#828,#827,#462,.T.);
#1018=EDGE_CURVE('',#790,#828,#348,.T.);
#1019=EDGE_CURVE('',#782,#829,#349,.T.);
#1020=EDGE_CURVE('',#799,#829,#463,.T.);
#1021=EDGE_CURVE('',#783,#798,#464,.T.);
#1022=EDGE_CURVE('',#791,#828,#465,.T.);
#1023=EDGE_CURVE('',#827,#826,#466,.T.);
#1024=EDGE_CURVE('',#825,#800,#467,.T.);
#1025=EDGE_CURVE('',#829,#830,#468,.T.);
#1026=EDGE_CURVE('',#830,#831,#469,.T.);
#1027=EDGE_CURVE('',#831,#832,#470,.T.);
#1028=EDGE_CURVE('',#832,#792,#471,.T.);
#1029=EDGE_CURVE('',#795,#786,#472,.T.);
#1030=EDGE_CURVE('',#785,#833,#473,.T.);
#1031=EDGE_CURVE('',#833,#834,#474,.T.);
#1032=EDGE_CURVE('',#835,#834,#475,.T.);
#1033=EDGE_CURVE('',#836,#835,#476,.T.);
#1034=EDGE_CURVE('',#837,#836,#477,.T.);
#1035=EDGE_CURVE('',#838,#837,#478,.T.);
#1036=EDGE_CURVE('',#839,#838,#479,.T.);
#1037=EDGE_CURVE('',#839,#840,#480,.T.);
#1038=EDGE_CURVE('',#840,#796,#481,.T.);
#1039=EDGE_CURVE('',#776,#757,#350,.T.);
#1040=EDGE_CURVE('',#758,#775,#351,.T.);
#1041=EDGE_CURVE('',#804,#841,#482,.T.);
#1042=EDGE_CURVE('',#842,#803,#483,.T.);
#1043=EDGE_CURVE('',#841,#842,#484,.T.);
#1044=EDGE_CURVE('',#822,#843,#485,.T.);
#1045=EDGE_CURVE('',#843,#842,#486,.T.);
#1046=EDGE_CURVE('',#821,#844,#487,.T.);
#1047=EDGE_CURVE('',#844,#843,#488,.T.);
#1048=EDGE_CURVE('',#845,#820,#489,.T.);
#1049=EDGE_CURVE('',#845,#844,#490,.T.);
#1050=EDGE_CURVE('',#846,#774,#491,.T.);
#1051=EDGE_CURVE('',#846,#845,#492,.T.);
#1052=EDGE_CURVE('',#759,#819,#493,.T.);
#1053=EDGE_CURVE('',#847,#761,#494,.T.);
#1054=EDGE_CURVE('',#848,#847,#352,.T.);
#1055=EDGE_CURVE('',#849,#848,#15,.T.);
#1056=EDGE_CURVE('',#850,#849,#495,.T.);
#1057=EDGE_CURVE('',#851,#850,#16,.T.);
#1058=EDGE_CURVE('',#763,#851,#496,.T.);
#1059=EDGE_CURVE('',#762,#816,#497,.T.);
#1060=EDGE_CURVE('',#852,#815,#498,.T.);
#1061=EDGE_CURVE('',#853,#852,#353,.T.);
#1062=EDGE_CURVE('',#817,#853,#499,.T.);
#1063=EDGE_CURVE('',#854,#855,#500,.T.);
#1064=EDGE_CURVE('',#855,#854,#17,.T.);
#1065=EDGE_CURVE('',#856,#764,#501,.T.);
#1066=EDGE_CURVE('',#857,#856,#18,.T.);
#1067=EDGE_CURVE('',#858,#857,#502,.T.);
#1068=EDGE_CURVE('',#859,#858,#19,.T.);
#1069=EDGE_CURVE('',#860,#859,#354,.T.);
#1070=EDGE_CURVE('',#766,#860,#503,.T.);
#1071=EDGE_CURVE('',#765,#813,#504,.T.);
#1072=EDGE_CURVE('',#861,#812,#505,.T.);
#1073=EDGE_CURVE('',#862,#861,#355,.T.);
#1074=EDGE_CURVE('',#814,#862,#506,.T.);
#1075=EDGE_CURVE('',#863,#864,#507,.T.);
#1076=EDGE_CURVE('',#864,#863,#20,.T.);
#1077=EDGE_CURVE('',#767,#865,#508,.T.);
#1078=EDGE_CURVE('',#865,#866,#509,.T.);
#1079=EDGE_CURVE('',#867,#866,#510,.T.);
#1080=EDGE_CURVE('',#868,#867,#511,.T.);
#1081=EDGE_CURVE('',#869,#868,#512,.T.);
#1082=EDGE_CURVE('',#870,#869,#513,.T.);
#1083=EDGE_CURVE('',#871,#870,#514,.T.);
#1084=EDGE_CURVE('',#871,#872,#515,.T.);
#1085=EDGE_CURVE('',#872,#811,#516,.T.);
#1086=EDGE_CURVE('',#810,#768,#517,.T.);
#1087=EDGE_CURVE('',#873,#808,#518,.T.);
#1088=EDGE_CURVE('',#873,#874,#519,.T.);
#1089=EDGE_CURVE('',#809,#874,#520,.T.);
#1090=EDGE_CURVE('',#778,#824,#521,.T.);
#1091=EDGE_CURVE('',#777,#823,#522,.T.);
#1092=EDGE_CURVE('',#794,#802,#523,.T.);
#1093=EDGE_CURVE('',#875,#876,#524,.T.);
#1094=EDGE_CURVE('',#877,#875,#21,.T.);
#1095=EDGE_CURVE('',#878,#877,#22,.T.);
#1096=EDGE_CURVE('',#879,#878,#525,.T.);
#1097=EDGE_CURVE('',#876,#879,#23,.T.);
#1098=EDGE_CURVE('',#793,#801,#526,.T.);
#1099=EDGE_CURVE('',#880,#881,#527,.T.);
#1100=EDGE_CURVE('',#882,#880,#24,.T.);
#1101=EDGE_CURVE('',#883,#882,#25,.T.);
#1102=EDGE_CURVE('',#884,#883,#528,.T.);
#1103=EDGE_CURVE('',#881,#884,#26,.T.);
#1104=EDGE_CURVE('',#856,#851,#27,.T.);
#1105=EDGE_CURVE('',#848,#859,#529,.T.);
#1106=EDGE_CURVE('',#858,#849,#530,.T.);
#1107=EDGE_CURVE('',#850,#857,#531,.T.);
#1108=EDGE_CURVE('',#854,#885,#532,.T.);
#1109=EDGE_CURVE('',#885,#886,#356,.T.);
#1110=EDGE_CURVE('',#886,#855,#533,.T.);
#1111=EDGE_CURVE('',#862,#852,#357,.T.);
#1112=EDGE_CURVE('',#872,#861,#358,.T.);
#1113=EDGE_CURVE('',#871,#887,#359,.T.);
#1114=EDGE_CURVE('',#888,#887,#534,.T.);
#1115=EDGE_CURVE('',#840,#888,#360,.T.);
#1116=EDGE_CURVE('',#839,#889,#361,.T.);
#1117=EDGE_CURVE('',#890,#889,#535,.T.);
#1118=EDGE_CURVE('',#853,#890,#362,.T.);
#1119=EDGE_CURVE('',#891,#891,#363,.T.);
#1120=EDGE_CURVE('',#892,#892,#364,.T.);
#1121=EDGE_CURVE('',#893,#893,#365,.T.);
#1122=EDGE_CURVE('',#894,#894,#366,.T.);
#1123=EDGE_CURVE('',#895,#895,#367,.T.);
#1124=EDGE_CURVE('',#896,#760,#536,.T.);
#1125=EDGE_CURVE('',#896,#897,#368,.T.);
#1126=EDGE_CURVE('',#897,#898,#28,.T.);
#1127=EDGE_CURVE('',#898,#899,#537,.T.);
#1128=EDGE_CURVE('',#899,#847,#369,.T.);
#1129=EDGE_CURVE('',#860,#900,#370,.T.);
#1130=EDGE_CURVE('',#900,#901,#538,.T.);
#1131=EDGE_CURVE('',#901,#902,#29,.T.);
#1132=EDGE_CURVE('',#902,#865,#371,.T.);
#1133=EDGE_CURVE('',#899,#903,#539,.T.);
#1134=EDGE_CURVE('',#903,#897,#540,.T.);
#1135=EDGE_CURVE('',#904,#896,#541,.T.);
#1136=EDGE_CURVE('',#904,#834,#372,.T.);
#1137=EDGE_CURVE('',#905,#833,#373,.T.);
#1138=EDGE_CURVE('',#906,#905,#542,.T.);
#1139=EDGE_CURVE('',#907,#906,#374,.T.);
#1140=EDGE_CURVE('',#908,#907,#543,.T.);
#1141=EDGE_CURVE('',#908,#866,#375,.T.);
#1142=EDGE_CURVE('',#902,#909,#544,.T.);
#1143=EDGE_CURVE('',#909,#900,#545,.T.);
#1144=EDGE_CURVE('',#910,#910,#376,.T.);
#1145=EDGE_CURVE('',#911,#911,#377,.T.);
#1146=EDGE_CURVE('',#912,#912,#378,.T.);
#1147=EDGE_CURVE('',#913,#913,#379,.T.);
#1148=EDGE_CURVE('',#914,#914,#380,.T.);
#1149=EDGE_CURVE('',#863,#915,#546,.T.);
#1150=EDGE_CURVE('',#915,#916,#381,.T.);
#1151=EDGE_CURVE('',#916,#864,#547,.T.);
#1152=EDGE_CURVE('',#916,#915,#548,.T.);
#1153=EDGE_CURVE('',#875,#876,#382,.T.);
#1154=EDGE_CURVE('',#879,#878,#383,.T.);
#1155=EDGE_CURVE('',#880,#881,#384,.T.);
#1156=EDGE_CURVE('',#884,#883,#385,.T.);
#1157=EDGE_CURVE('',#914,#917,#549,.T.);
#1158=EDGE_CURVE('',#917,#917,#386,.T.);
#1159=EDGE_CURVE('',#918,#919,#550,.T.);
#1160=EDGE_CURVE('',#920,#918,#387,.T.);
#1161=EDGE_CURVE('',#921,#920,#551,.T.);
#1162=EDGE_CURVE('',#919,#921,#388,.T.);
#1163=EDGE_CURVE('',#922,#922,#389,.T.);
#1164=EDGE_CURVE('',#919,#921,#390,.T.);
#1165=EDGE_CURVE('',#920,#923,#391,.T.);
#1166=EDGE_CURVE('',#923,#924,#552,.T.);
#1167=EDGE_CURVE('',#924,#869,#392,.T.);
#1168=EDGE_CURVE('',#868,#918,#393,.T.);
#1169=EDGE_CURVE('',#913,#925,#553,.T.);
#1170=EDGE_CURVE('',#925,#925,#394,.T.);
#1171=EDGE_CURVE('',#926,#926,#395,.T.);
#1172=EDGE_CURVE('',#927,#928,#396,.T.);
#1173=EDGE_CURVE('',#927,#928,#397,.T.);
#1174=EDGE_CURVE('',#928,#929,#554,.T.);
#1175=EDGE_CURVE('',#930,#927,#555,.T.);
#1176=EDGE_CURVE('',#929,#930,#398,.T.);
#1177=EDGE_CURVE('',#836,#930,#399,.T.);
#1178=EDGE_CURVE('',#835,#931,#400,.T.);
#1179=EDGE_CURVE('',#931,#932,#556,.T.);
#1180=EDGE_CURVE('',#929,#932,#401,.T.);
#1181=EDGE_CURVE('',#772,#769,#402,.T.);
#1182=EDGE_CURVE('',#770,#771,#403,.T.);
#1183=EDGE_CURVE('',#909,#901,#404,.T.);
#1184=EDGE_CURVE('',#886,#885,#557,.T.);
#1185=EDGE_CURVE('',#898,#903,#405,.T.);
#1186=EDGE_CURVE('',#830,#831,#406,.T.);
#1187=EDGE_CURVE('',#832,#779,#407,.T.);
#1188=EDGE_CURVE('',#780,#781,#408,.T.);
#1189=EDGE_CURVE('',#797,#888,#558,.T.);
#1190=EDGE_CURVE('',#933,#887,#559,.T.);
#1191=EDGE_CURVE('',#924,#933,#560,.T.);
#1192=EDGE_CURVE('',#934,#923,#561,.T.);
#1193=EDGE_CURVE('',#908,#934,#562,.T.);
#1194=EDGE_CURVE('',#907,#784,#563,.T.);
#1195=EDGE_CURVE('',#818,#890,#564,.T.);
#1196=EDGE_CURVE('',#935,#889,#565,.T.);
#1197=EDGE_CURVE('',#936,#935,#566,.T.);
#1198=EDGE_CURVE('',#932,#936,#567,.T.);
#1199=EDGE_CURVE('',#904,#931,#568,.T.);
#1200=EDGE_CURVE('',#910,#891,#569,.T.);
#1201=EDGE_CURVE('',#922,#892,#570,.T.);
#1202=EDGE_CURVE('',#911,#893,#571,.T.);
#1203=EDGE_CURVE('',#926,#894,#572,.T.);
#1204=EDGE_CURVE('',#905,#906,#30,.T.);
#1205=EDGE_CURVE('',#841,#846,#573,.T.);
#1206=EDGE_CURVE('',#773,#937,#574,.T.);
#1207=EDGE_CURVE('',#937,#938,#575,.T.);
#1208=EDGE_CURVE('',#938,#805,#576,.T.);
#1209=EDGE_CURVE('',#938,#939,#577,.T.);
#1210=EDGE_CURVE('',#806,#939,#578,.T.);
#1211=EDGE_CURVE('',#874,#937,#579,.T.);
#1212=EDGE_CURVE('',#873,#940,#580,.T.);
#1213=EDGE_CURVE('',#939,#940,#581,.T.);
#1214=EDGE_CURVE('',#940,#807,#582,.T.);
#1215=EDGE_CURVE('',#882,#877,#583,.T.);
#1216=EDGE_CURVE('',#935,#838,#409,.T.);
#1217=EDGE_CURVE('',#933,#870,#410,.T.);
#1218=EDGE_CURVE('',#936,#837,#411,.T.);
#1219=EDGE_CURVE('',#941,#941,#412,.T.);
#1220=EDGE_CURVE('',#941,#895,#584,.T.);
#1221=EDGE_CURVE('',#942,#942,#413,.T.);
#1222=EDGE_CURVE('',#912,#943,#585,.T.);
#1223=EDGE_CURVE('',#943,#943,#414,.T.);
#1224=EDGE_CURVE('',#944,#944,#415,.T.);
#1225=EDGE_CURVE('',#944,#942,#586,.T.);
#1226=EDGE_CURVE('',#867,#934,#416,.T.);
#1227=ORIENTED_EDGE('',*,*,#945,.T.);
#1228=ORIENTED_EDGE('',*,*,#946,.T.);
#1229=ORIENTED_EDGE('',*,*,#947,.T.);
#1230=ORIENTED_EDGE('',*,*,#948,.F.);
#1231=ORIENTED_EDGE('',*,*,#949,.T.);
#1232=ORIENTED_EDGE('',*,*,#950,.T.);
#1233=ORIENTED_EDGE('',*,*,#951,.F.);
#1234=ORIENTED_EDGE('',*,*,#952,.T.);
#1235=ORIENTED_EDGE('',*,*,#953,.T.);
#1236=ORIENTED_EDGE('',*,*,#954,.F.);
#1237=ORIENTED_EDGE('',*,*,#955,.T.);
#1238=ORIENTED_EDGE('',*,*,#956,.T.);
#1239=ORIENTED_EDGE('',*,*,#957,.T.);
#1240=ORIENTED_EDGE('',*,*,#958,.T.);
#1241=ORIENTED_EDGE('',*,*,#959,.T.);
#1242=ORIENTED_EDGE('',*,*,#960,.T.);
#1243=ORIENTED_EDGE('',*,*,#961,.T.);
#1244=ORIENTED_EDGE('',*,*,#962,.T.);
#1245=ORIENTED_EDGE('',*,*,#963,.T.);
#1246=ORIENTED_EDGE('',*,*,#964,.T.);
#1247=ORIENTED_EDGE('',*,*,#965,.T.);
#1248=ORIENTED_EDGE('',*,*,#966,.T.);
#1249=ORIENTED_EDGE('',*,*,#967,.T.);
#1250=ORIENTED_EDGE('',*,*,#968,.T.);
#1251=ORIENTED_EDGE('',*,*,#969,.T.);
#1252=ORIENTED_EDGE('',*,*,#970,.T.);
#1253=ORIENTED_EDGE('',*,*,#971,.T.);
#1254=ORIENTED_EDGE('',*,*,#972,.F.);
#1255=ORIENTED_EDGE('',*,*,#973,.T.);
#1256=ORIENTED_EDGE('',*,*,#974,.T.);
#1257=ORIENTED_EDGE('',*,*,#975,.T.);
#1258=ORIENTED_EDGE('',*,*,#976,.T.);
#1259=ORIENTED_EDGE('',*,*,#977,.T.);
#1260=ORIENTED_EDGE('',*,*,#978,.T.);
#1261=ORIENTED_EDGE('',*,*,#979,.T.);
#1262=ORIENTED_EDGE('',*,*,#980,.T.);
#1263=ORIENTED_EDGE('',*,*,#981,.T.);
#1264=ORIENTED_EDGE('',*,*,#982,.T.);
#1265=ORIENTED_EDGE('',*,*,#983,.T.);
#1266=ORIENTED_EDGE('',*,*,#984,.F.);
#1267=ORIENTED_EDGE('',*,*,#985,.T.);
#1268=ORIENTED_EDGE('',*,*,#986,.T.);
#1269=ORIENTED_EDGE('',*,*,#987,.T.);
#1270=ORIENTED_EDGE('',*,*,#988,.T.);
#1271=ORIENTED_EDGE('',*,*,#989,.T.);
#1272=ORIENTED_EDGE('',*,*,#990,.T.);
#1273=ORIENTED_EDGE('',*,*,#991,.T.);
#1274=ORIENTED_EDGE('',*,*,#992,.F.);
#1275=ORIENTED_EDGE('',*,*,#993,.T.);
#1276=ORIENTED_EDGE('',*,*,#994,.T.);
#1277=ORIENTED_EDGE('',*,*,#995,.T.);
#1278=ORIENTED_EDGE('',*,*,#996,.T.);
#1279=ORIENTED_EDGE('',*,*,#997,.T.);
#1280=ORIENTED_EDGE('',*,*,#998,.T.);
#1281=ORIENTED_EDGE('',*,*,#999,.F.);
#1282=ORIENTED_EDGE('',*,*,#1000,.T.);
#1283=ORIENTED_EDGE('',*,*,#1001,.T.);
#1284=ORIENTED_EDGE('',*,*,#1002,.F.);
#1285=ORIENTED_EDGE('',*,*,#1003,.T.);
#1286=ORIENTED_EDGE('',*,*,#1004,.T.);
#1287=ORIENTED_EDGE('',*,*,#1005,.F.);
#1288=ORIENTED_EDGE('',*,*,#1006,.T.);
#1289=ORIENTED_EDGE('',*,*,#1007,.T.);
#1290=ORIENTED_EDGE('',*,*,#1008,.T.);
#1291=ORIENTED_EDGE('',*,*,#1009,.T.);
#1292=ORIENTED_EDGE('',*,*,#1010,.T.);
#1293=ORIENTED_EDGE('',*,*,#1011,.T.);
#1294=ORIENTED_EDGE('',*,*,#1012,.T.);
#1295=ORIENTED_EDGE('',*,*,#976,.F.);
#1296=ORIENTED_EDGE('',*,*,#1013,.T.);
#1297=ORIENTED_EDGE('',*,*,#977,.F.);
#1298=ORIENTED_EDGE('',*,*,#1013,.F.);
#1299=ORIENTED_EDGE('',*,*,#975,.F.);
#1300=ORIENTED_EDGE('',*,*,#1014,.F.);
#1301=ORIENTED_EDGE('',*,*,#1015,.F.);
#1302=ORIENTED_EDGE('',*,*,#1016,.F.);
#1303=ORIENTED_EDGE('',*,*,#1017,.F.);
#1304=ORIENTED_EDGE('',*,*,#1018,.F.);
#1305=ORIENTED_EDGE('',*,*,#970,.F.);
#1306=ORIENTED_EDGE('',*,*,#1019,.T.);
#1307=ORIENTED_EDGE('',*,*,#1020,.F.);
#1308=ORIENTED_EDGE('',*,*,#986,.F.);
#1309=ORIENTED_EDGE('',*,*,#1021,.F.);
#1310=ORIENTED_EDGE('',*,*,#979,.F.);
#1311=ORIENTED_EDGE('',*,*,#1022,.T.);
#1312=ORIENTED_EDGE('',*,*,#1017,.T.);
#1313=ORIENTED_EDGE('',*,*,#1023,.T.);
#1314=ORIENTED_EDGE('',*,*,#1015,.T.);
#1315=ORIENTED_EDGE('',*,*,#1024,.T.);
#1316=ORIENTED_EDGE('',*,*,#987,.F.);
#1317=ORIENTED_EDGE('',*,*,#1020,.T.);
#1318=ORIENTED_EDGE('',*,*,#1025,.T.);
#1319=ORIENTED_EDGE('',*,*,#1026,.T.);
#1320=ORIENTED_EDGE('',*,*,#1027,.T.);
#1321=ORIENTED_EDGE('',*,*,#1028,.T.);
#1322=ORIENTED_EDGE('',*,*,#974,.F.);
#1323=ORIENTED_EDGE('',*,*,#1029,.F.);
#1324=ORIENTED_EDGE('',*,*,#988,.F.);
#1325=ORIENTED_EDGE('',*,*,#1024,.F.);
#1326=ORIENTED_EDGE('',*,*,#1014,.T.);
#1327=ORIENTED_EDGE('',*,*,#978,.F.);
#1328=ORIENTED_EDGE('',*,*,#1018,.T.);
#1329=ORIENTED_EDGE('',*,*,#1022,.F.);
#1330=ORIENTED_EDGE('',*,*,#973,.F.);
#1331=ORIENTED_EDGE('',*,*,#1030,.T.);
#1332=ORIENTED_EDGE('',*,*,#1031,.T.);
#1333=ORIENTED_EDGE('',*,*,#1032,.F.);
#1334=ORIENTED_EDGE('',*,*,#1033,.F.);
#1335=ORIENTED_EDGE('',*,*,#1034,.F.);
#1336=ORIENTED_EDGE('',*,*,#1035,.F.);
#1337=ORIENTED_EDGE('',*,*,#1036,.F.);
#1338=ORIENTED_EDGE('',*,*,#1037,.T.);
#1339=ORIENTED_EDGE('',*,*,#1038,.T.);
#1340=ORIENTED_EDGE('',*,*,#983,.F.);
#1341=ORIENTED_EDGE('',*,*,#1029,.T.);
#1342=ORIENTED_EDGE('',*,*,#964,.F.);
#1343=ORIENTED_EDGE('',*,*,#1039,.T.);
#1344=ORIENTED_EDGE('',*,*,#945,.F.);
#1345=ORIENTED_EDGE('',*,*,#1039,.F.);
#1346=ORIENTED_EDGE('',*,*,#963,.F.);
#1347=ORIENTED_EDGE('',*,*,#1040,.F.);
#1348=ORIENTED_EDGE('',*,*,#1041,.F.);
#1349=ORIENTED_EDGE('',*,*,#991,.F.);
#1350=ORIENTED_EDGE('',*,*,#1042,.F.);
#1351=ORIENTED_EDGE('',*,*,#1043,.F.);
#1352=ORIENTED_EDGE('',*,*,#1010,.F.);
#1353=ORIENTED_EDGE('',*,*,#1044,.T.);
#1354=ORIENTED_EDGE('',*,*,#1045,.T.);
#1355=ORIENTED_EDGE('',*,*,#1042,.T.);
#1356=ORIENTED_EDGE('',*,*,#1009,.F.);
#1357=ORIENTED_EDGE('',*,*,#1046,.T.);
#1358=ORIENTED_EDGE('',*,*,#1047,.T.);
#1359=ORIENTED_EDGE('',*,*,#1044,.F.);
#1360=ORIENTED_EDGE('',*,*,#1008,.F.);
#1361=ORIENTED_EDGE('',*,*,#1048,.F.);
#1362=ORIENTED_EDGE('',*,*,#1049,.T.);
#1363=ORIENTED_EDGE('',*,*,#1046,.F.);
#1364=ORIENTED_EDGE('',*,*,#946,.F.);
#1365=ORIENTED_EDGE('',*,*,#1040,.T.);
#1366=ORIENTED_EDGE('',*,*,#962,.F.);
#1367=ORIENTED_EDGE('',*,*,#1050,.F.);
#1368=ORIENTED_EDGE('',*,*,#1051,.T.);
#1369=ORIENTED_EDGE('',*,*,#1048,.T.);
#1370=ORIENTED_EDGE('',*,*,#1007,.F.);
#1371=ORIENTED_EDGE('',*,*,#1052,.F.);
#1372=ORIENTED_EDGE('',*,*,#949,.F.);
#1373=ORIENTED_EDGE('',*,*,#1053,.F.);
#1374=ORIENTED_EDGE('',*,*,#1054,.F.);
#1375=ORIENTED_EDGE('',*,*,#1055,.F.);
#1376=ORIENTED_EDGE('',*,*,#1056,.F.);
#1377=ORIENTED_EDGE('',*,*,#1057,.F.);
#1378=ORIENTED_EDGE('',*,*,#1058,.F.);
#1379=ORIENTED_EDGE('',*,*,#950,.F.);
#1380=ORIENTED_EDGE('',*,*,#1059,.T.);
#1381=ORIENTED_EDGE('',*,*,#1003,.F.);
#1382=ORIENTED_EDGE('',*,*,#1060,.F.);
#1383=ORIENTED_EDGE('',*,*,#1061,.F.);
#1384=ORIENTED_EDGE('',*,*,#1062,.F.);
#1385=ORIENTED_EDGE('',*,*,#1004,.F.);
#1386=ORIENTED_EDGE('',*,*,#1059,.F.);
#1387=ORIENTED_EDGE('',*,*,#1063,.F.);
#1388=ORIENTED_EDGE('',*,*,#1064,.F.);
#1389=ORIENTED_EDGE('',*,*,#952,.F.);
#1390=ORIENTED_EDGE('',*,*,#1065,.F.);
#1391=ORIENTED_EDGE('',*,*,#1066,.F.);
#1392=ORIENTED_EDGE('',*,*,#1067,.F.);
#1393=ORIENTED_EDGE('',*,*,#1068,.F.);
#1394=ORIENTED_EDGE('',*,*,#1069,.F.);
#1395=ORIENTED_EDGE('',*,*,#1070,.F.);
#1396=ORIENTED_EDGE('',*,*,#953,.F.);
#1397=ORIENTED_EDGE('',*,*,#1071,.T.);
#1398=ORIENTED_EDGE('',*,*,#1000,.F.);
#1399=ORIENTED_EDGE('',*,*,#1072,.F.);
#1400=ORIENTED_EDGE('',*,*,#1073,.F.);
#1401=ORIENTED_EDGE('',*,*,#1074,.F.);
#1402=ORIENTED_EDGE('',*,*,#1001,.F.);
#1403=ORIENTED_EDGE('',*,*,#1071,.F.);
#1404=ORIENTED_EDGE('',*,*,#1075,.F.);
#1405=ORIENTED_EDGE('',*,*,#1076,.F.);
#1406=ORIENTED_EDGE('',*,*,#955,.F.);
#1407=ORIENTED_EDGE('',*,*,#1077,.T.);
#1408=ORIENTED_EDGE('',*,*,#1078,.T.);
#1409=ORIENTED_EDGE('',*,*,#1079,.F.);
#1410=ORIENTED_EDGE('',*,*,#1080,.F.);
#1411=ORIENTED_EDGE('',*,*,#1081,.F.);
#1412=ORIENTED_EDGE('',*,*,#1082,.F.);
#1413=ORIENTED_EDGE('',*,*,#1083,.F.);
#1414=ORIENTED_EDGE('',*,*,#1084,.T.);
#1415=ORIENTED_EDGE('',*,*,#1085,.T.);
#1416=ORIENTED_EDGE('',*,*,#998,.F.);
#1417=ORIENTED_EDGE('',*,*,#1086,.T.);
#1418=ORIENTED_EDGE('',*,*,#996,.F.);
#1419=ORIENTED_EDGE('',*,*,#1087,.F.);
#1420=ORIENTED_EDGE('',*,*,#1088,.T.);
#1421=ORIENTED_EDGE('',*,*,#1089,.F.);
#1422=ORIENTED_EDGE('',*,*,#966,.F.);
#1423=ORIENTED_EDGE('',*,*,#1090,.T.);
#1424=ORIENTED_EDGE('',*,*,#1012,.F.);
#1425=ORIENTED_EDGE('',*,*,#1090,.F.);
#1426=ORIENTED_EDGE('',*,*,#965,.F.);
#1427=ORIENTED_EDGE('',*,*,#1091,.T.);
#1428=ORIENTED_EDGE('',*,*,#1011,.F.);
#1429=ORIENTED_EDGE('',*,*,#1091,.F.);
#1430=ORIENTED_EDGE('',*,*,#982,.F.);
#1431=ORIENTED_EDGE('',*,*,#1092,.T.);
#1432=ORIENTED_EDGE('',*,*,#990,.F.);
#1433=ORIENTED_EDGE('',*,*,#1092,.F.);
#1434=ORIENTED_EDGE('',*,*,#1093,.F.);
#1435=ORIENTED_EDGE('',*,*,#1094,.F.);
#1436=ORIENTED_EDGE('',*,*,#1095,.F.);
#1437=ORIENTED_EDGE('',*,*,#1096,.F.);
#1438=ORIENTED_EDGE('',*,*,#1097,.F.);
#1439=ORIENTED_EDGE('',*,*,#981,.F.);
#1440=ORIENTED_EDGE('',*,*,#1098,.T.);
#1441=ORIENTED_EDGE('',*,*,#989,.F.);
#1442=ORIENTED_EDGE('',*,*,#1098,.F.);
#1443=ORIENTED_EDGE('',*,*,#1099,.F.);
#1444=ORIENTED_EDGE('',*,*,#1100,.F.);
#1445=ORIENTED_EDGE('',*,*,#1101,.F.);
#1446=ORIENTED_EDGE('',*,*,#1102,.F.);
#1447=ORIENTED_EDGE('',*,*,#1103,.F.);
#1448=ORIENTED_EDGE('',*,*,#1058,.T.);
#1449=ORIENTED_EDGE('',*,*,#1104,.F.);
#1450=ORIENTED_EDGE('',*,*,#1065,.T.);
#1451=ORIENTED_EDGE('',*,*,#951,.T.);
#1452=ORIENTED_EDGE('',*,*,#1055,.T.);
#1453=ORIENTED_EDGE('',*,*,#1105,.T.);
#1454=ORIENTED_EDGE('',*,*,#1068,.T.);
#1455=ORIENTED_EDGE('',*,*,#1106,.T.);
#1456=ORIENTED_EDGE('',*,*,#1057,.T.);
#1457=ORIENTED_EDGE('',*,*,#1107,.T.);
#1458=ORIENTED_EDGE('',*,*,#1066,.T.);
#1459=ORIENTED_EDGE('',*,*,#1104,.T.);
#1460=ORIENTED_EDGE('',*,*,#1064,.T.);
#1461=ORIENTED_EDGE('',*,*,#1108,.T.);
#1462=ORIENTED_EDGE('',*,*,#1109,.T.);
#1463=ORIENTED_EDGE('',*,*,#1110,.T.);
#1464=ORIENTED_EDGE('',*,*,#1056,.T.);
#1465=ORIENTED_EDGE('',*,*,#1106,.F.);
#1466=ORIENTED_EDGE('',*,*,#1067,.T.);
#1467=ORIENTED_EDGE('',*,*,#1107,.F.);
#1468=ORIENTED_EDGE('',*,*,#1061,.T.);
#1469=ORIENTED_EDGE('',*,*,#1111,.F.);
#1470=ORIENTED_EDGE('',*,*,#1073,.T.);
#1471=ORIENTED_EDGE('',*,*,#1112,.F.);
#1472=ORIENTED_EDGE('',*,*,#1084,.F.);
#1473=ORIENTED_EDGE('',*,*,#1113,.T.);
#1474=ORIENTED_EDGE('',*,*,#1114,.F.);
#1475=ORIENTED_EDGE('',*,*,#1115,.F.);
#1476=ORIENTED_EDGE('',*,*,#1037,.F.);
#1477=ORIENTED_EDGE('',*,*,#1116,.T.);
#1478=ORIENTED_EDGE('',*,*,#1117,.F.);
#1479=ORIENTED_EDGE('',*,*,#1118,.F.);
#1480=ORIENTED_EDGE('',*,*,#1119,.T.);
#1481=ORIENTED_EDGE('',*,*,#1120,.T.);
#1482=ORIENTED_EDGE('',*,*,#1121,.T.);
#1483=ORIENTED_EDGE('',*,*,#1122,.T.);
#1484=ORIENTED_EDGE('',*,*,#1123,.T.);
#1485=ORIENTED_EDGE('',*,*,#1060,.T.);
#1486=ORIENTED_EDGE('',*,*,#1002,.T.);
#1487=ORIENTED_EDGE('',*,*,#1074,.T.);
#1488=ORIENTED_EDGE('',*,*,#1111,.T.);
#1489=ORIENTED_EDGE('',*,*,#1053,.T.);
#1490=ORIENTED_EDGE('',*,*,#948,.T.);
#1491=ORIENTED_EDGE('',*,*,#1124,.F.);
#1492=ORIENTED_EDGE('',*,*,#1125,.T.);
#1493=ORIENTED_EDGE('',*,*,#1126,.T.);
#1494=ORIENTED_EDGE('',*,*,#1127,.T.);
#1495=ORIENTED_EDGE('',*,*,#1128,.T.);
#1496=ORIENTED_EDGE('',*,*,#1070,.T.);
#1497=ORIENTED_EDGE('',*,*,#1129,.T.);
#1498=ORIENTED_EDGE('',*,*,#1130,.T.);
#1499=ORIENTED_EDGE('',*,*,#1131,.T.);
#1500=ORIENTED_EDGE('',*,*,#1132,.T.);
#1501=ORIENTED_EDGE('',*,*,#1077,.F.);
#1502=ORIENTED_EDGE('',*,*,#954,.T.);
#1503=ORIENTED_EDGE('',*,*,#1054,.T.);
#1504=ORIENTED_EDGE('',*,*,#1128,.F.);
#1505=ORIENTED_EDGE('',*,*,#1133,.T.);
#1506=ORIENTED_EDGE('',*,*,#1134,.T.);
#1507=ORIENTED_EDGE('',*,*,#1125,.F.);
#1508=ORIENTED_EDGE('',*,*,#1135,.F.);
#1509=ORIENTED_EDGE('',*,*,#1136,.T.);
#1510=ORIENTED_EDGE('',*,*,#1031,.F.);
#1511=ORIENTED_EDGE('',*,*,#1137,.F.);
#1512=ORIENTED_EDGE('',*,*,#1138,.F.);
#1513=ORIENTED_EDGE('',*,*,#1139,.F.);
#1514=ORIENTED_EDGE('',*,*,#1140,.F.);
#1515=ORIENTED_EDGE('',*,*,#1141,.T.);
#1516=ORIENTED_EDGE('',*,*,#1078,.F.);
#1517=ORIENTED_EDGE('',*,*,#1132,.F.);
#1518=ORIENTED_EDGE('',*,*,#1142,.T.);
#1519=ORIENTED_EDGE('',*,*,#1143,.T.);
#1520=ORIENTED_EDGE('',*,*,#1129,.F.);
#1521=ORIENTED_EDGE('',*,*,#1069,.T.);
#1522=ORIENTED_EDGE('',*,*,#1105,.F.);
#1523=ORIENTED_EDGE('',*,*,#1144,.T.);
#1524=ORIENTED_EDGE('',*,*,#1145,.T.);
#1525=ORIENTED_EDGE('',*,*,#1146,.T.);
#1526=ORIENTED_EDGE('',*,*,#1147,.T.);
#1527=ORIENTED_EDGE('',*,*,#1148,.T.);
#1528=ORIENTED_EDGE('',*,*,#1076,.T.);
#1529=ORIENTED_EDGE('',*,*,#1149,.T.);
#1530=ORIENTED_EDGE('',*,*,#1150,.T.);
#1531=ORIENTED_EDGE('',*,*,#1151,.T.);
#1532=ORIENTED_EDGE('',*,*,#1075,.T.);
#1533=ORIENTED_EDGE('',*,*,#1151,.F.);
#1534=ORIENTED_EDGE('',*,*,#1152,.T.);
#1535=ORIENTED_EDGE('',*,*,#1149,.F.);
#1536=ORIENTED_EDGE('',*,*,#1072,.T.);
#1537=ORIENTED_EDGE('',*,*,#999,.T.);
#1538=ORIENTED_EDGE('',*,*,#1085,.F.);
#1539=ORIENTED_EDGE('',*,*,#1112,.T.);
#1540=ORIENTED_EDGE('',*,*,#1093,.T.);
#1541=ORIENTED_EDGE('',*,*,#1153,.F.);
#1542=ORIENTED_EDGE('',*,*,#1096,.T.);
#1543=ORIENTED_EDGE('',*,*,#1154,.F.);
#1544=ORIENTED_EDGE('',*,*,#1099,.T.);
#1545=ORIENTED_EDGE('',*,*,#1155,.F.);
#1546=ORIENTED_EDGE('',*,*,#1102,.T.);
#1547=ORIENTED_EDGE('',*,*,#1156,.F.);
#1548=ORIENTED_EDGE('',*,*,#1148,.F.);
#1549=ORIENTED_EDGE('',*,*,#1157,.T.);
#1550=ORIENTED_EDGE('',*,*,#1158,.F.);
#1551=ORIENTED_EDGE('',*,*,#1157,.F.);
#1552=ORIENTED_EDGE('',*,*,#1159,.F.);
#1553=ORIENTED_EDGE('',*,*,#1160,.F.);
#1554=ORIENTED_EDGE('',*,*,#1161,.F.);
#1555=ORIENTED_EDGE('',*,*,#1162,.F.);
#1556=ORIENTED_EDGE('',*,*,#1163,.F.);
#1557=ORIENTED_EDGE('',*,*,#1158,.T.);
#1558=ORIENTED_EDGE('',*,*,#1164,.F.);
#1559=ORIENTED_EDGE('',*,*,#1162,.T.);
#1560=ORIENTED_EDGE('',*,*,#1159,.T.);
#1561=ORIENTED_EDGE('',*,*,#1164,.T.);
#1562=ORIENTED_EDGE('',*,*,#1161,.T.);
#1563=ORIENTED_EDGE('',*,*,#1165,.T.);
#1564=ORIENTED_EDGE('',*,*,#1166,.T.);
#1565=ORIENTED_EDGE('',*,*,#1167,.T.);
#1566=ORIENTED_EDGE('',*,*,#1081,.T.);
#1567=ORIENTED_EDGE('',*,*,#1168,.T.);
#1568=ORIENTED_EDGE('',*,*,#1147,.F.);
#1569=ORIENTED_EDGE('',*,*,#1169,.T.);
#1570=ORIENTED_EDGE('',*,*,#1170,.F.);
#1571=ORIENTED_EDGE('',*,*,#1169,.F.);
#1572=ORIENTED_EDGE('',*,*,#1171,.F.);
#1573=ORIENTED_EDGE('',*,*,#1172,.F.);
#1574=ORIENTED_EDGE('',*,*,#1173,.T.);
#1575=ORIENTED_EDGE('',*,*,#1174,.F.);
#1576=ORIENTED_EDGE('',*,*,#1173,.F.);
#1577=ORIENTED_EDGE('',*,*,#1175,.F.);
#1578=ORIENTED_EDGE('',*,*,#1176,.F.);
#1579=ORIENTED_EDGE('',*,*,#1170,.T.);
#1580=ORIENTED_EDGE('',*,*,#1176,.T.);
#1581=ORIENTED_EDGE('',*,*,#1177,.F.);
#1582=ORIENTED_EDGE('',*,*,#1033,.T.);
#1583=ORIENTED_EDGE('',*,*,#1178,.T.);
#1584=ORIENTED_EDGE('',*,*,#1179,.T.);
#1585=ORIENTED_EDGE('',*,*,#1180,.F.);
#1586=ORIENTED_EDGE('',*,*,#957,.F.);
#1587=ORIENTED_EDGE('',*,*,#1181,.F.);
#1588=ORIENTED_EDGE('',*,*,#959,.F.);
#1589=ORIENTED_EDGE('',*,*,#1182,.F.);
#1590=ORIENTED_EDGE('',*,*,#1150,.F.);
#1591=ORIENTED_EDGE('',*,*,#1152,.F.);
#1592=ORIENTED_EDGE('',*,*,#1130,.F.);
#1593=ORIENTED_EDGE('',*,*,#1143,.F.);
#1594=ORIENTED_EDGE('',*,*,#1183,.T.);
#1595=ORIENTED_EDGE('',*,*,#1131,.F.);
#1596=ORIENTED_EDGE('',*,*,#1183,.F.);
#1597=ORIENTED_EDGE('',*,*,#1142,.F.);
#1598=ORIENTED_EDGE('',*,*,#958,.F.);
#1599=ORIENTED_EDGE('',*,*,#1182,.T.);
#1600=ORIENTED_EDGE('',*,*,#1063,.T.);
#1601=ORIENTED_EDGE('',*,*,#1110,.F.);
#1602=ORIENTED_EDGE('',*,*,#1184,.T.);
#1603=ORIENTED_EDGE('',*,*,#1108,.F.);
#1604=ORIENTED_EDGE('',*,*,#1184,.F.);
#1605=ORIENTED_EDGE('',*,*,#1109,.F.);
#1606=ORIENTED_EDGE('',*,*,#1133,.F.);
#1607=ORIENTED_EDGE('',*,*,#1127,.F.);
#1608=ORIENTED_EDGE('',*,*,#1185,.T.);
#1609=ORIENTED_EDGE('',*,*,#1134,.F.);
#1610=ORIENTED_EDGE('',*,*,#1185,.F.);
#1611=ORIENTED_EDGE('',*,*,#1126,.F.);
#1612=ORIENTED_EDGE('',*,*,#1026,.F.);
#1613=ORIENTED_EDGE('',*,*,#1186,.T.);
#1614=ORIENTED_EDGE('',*,*,#967,.F.);
#1615=ORIENTED_EDGE('',*,*,#1187,.F.);
#1616=ORIENTED_EDGE('',*,*,#1027,.F.);
#1617=ORIENTED_EDGE('',*,*,#1186,.F.);
#1618=ORIENTED_EDGE('',*,*,#1025,.F.);
#1619=ORIENTED_EDGE('',*,*,#1019,.F.);
#1620=ORIENTED_EDGE('',*,*,#969,.F.);
#1621=ORIENTED_EDGE('',*,*,#1188,.F.);
#1622=ORIENTED_EDGE('',*,*,#968,.F.);
#1623=ORIENTED_EDGE('',*,*,#1188,.T.);
#1624=ORIENTED_EDGE('',*,*,#980,.F.);
#1625=ORIENTED_EDGE('',*,*,#1028,.F.);
#1626=ORIENTED_EDGE('',*,*,#1187,.T.);
#1627=ORIENTED_EDGE('',*,*,#1023,.F.);
#1628=ORIENTED_EDGE('',*,*,#1016,.T.);
#1629=ORIENTED_EDGE('',*,*,#971,.F.);
#1630=ORIENTED_EDGE('',*,*,#1021,.T.);
#1631=ORIENTED_EDGE('',*,*,#985,.F.);
#1632=ORIENTED_EDGE('',*,*,#1189,.T.);
#1633=ORIENTED_EDGE('',*,*,#1114,.T.);
#1634=ORIENTED_EDGE('',*,*,#1190,.F.);
#1635=ORIENTED_EDGE('',*,*,#1191,.F.);
#1636=ORIENTED_EDGE('',*,*,#1166,.F.);
#1637=ORIENTED_EDGE('',*,*,#1192,.F.);
#1638=ORIENTED_EDGE('',*,*,#1193,.F.);
#1639=ORIENTED_EDGE('',*,*,#1140,.T.);
#1640=ORIENTED_EDGE('',*,*,#1194,.T.);
#1641=ORIENTED_EDGE('',*,*,#947,.F.);
#1642=ORIENTED_EDGE('',*,*,#1052,.T.);
#1643=ORIENTED_EDGE('',*,*,#1006,.F.);
#1644=ORIENTED_EDGE('',*,*,#1195,.T.);
#1645=ORIENTED_EDGE('',*,*,#1117,.T.);
#1646=ORIENTED_EDGE('',*,*,#1196,.F.);
#1647=ORIENTED_EDGE('',*,*,#1197,.F.);
#1648=ORIENTED_EDGE('',*,*,#1198,.F.);
#1649=ORIENTED_EDGE('',*,*,#1179,.F.);
#1650=ORIENTED_EDGE('',*,*,#1199,.F.);
#1651=ORIENTED_EDGE('',*,*,#1135,.T.);
#1652=ORIENTED_EDGE('',*,*,#1124,.T.);
#1653=ORIENTED_EDGE('',*,*,#1144,.F.);
#1654=ORIENTED_EDGE('',*,*,#1200,.T.);
#1655=ORIENTED_EDGE('',*,*,#1119,.F.);
#1656=ORIENTED_EDGE('',*,*,#1200,.F.);
#1657=ORIENTED_EDGE('',*,*,#1163,.T.);
#1658=ORIENTED_EDGE('',*,*,#1201,.T.);
#1659=ORIENTED_EDGE('',*,*,#1120,.F.);
#1660=ORIENTED_EDGE('',*,*,#1201,.F.);
#1661=ORIENTED_EDGE('',*,*,#1145,.F.);
#1662=ORIENTED_EDGE('',*,*,#1202,.T.);
#1663=ORIENTED_EDGE('',*,*,#1121,.F.);
#1664=ORIENTED_EDGE('',*,*,#1202,.F.);
#1665=ORIENTED_EDGE('',*,*,#1171,.T.);
#1666=ORIENTED_EDGE('',*,*,#1203,.T.);
#1667=ORIENTED_EDGE('',*,*,#1122,.F.);
#1668=ORIENTED_EDGE('',*,*,#1203,.F.);
#1669=ORIENTED_EDGE('',*,*,#1038,.F.);
#1670=ORIENTED_EDGE('',*,*,#1115,.T.);
#1671=ORIENTED_EDGE('',*,*,#1189,.F.);
#1672=ORIENTED_EDGE('',*,*,#984,.T.);
#1673=ORIENTED_EDGE('',*,*,#1062,.T.);
#1674=ORIENTED_EDGE('',*,*,#1118,.T.);
#1675=ORIENTED_EDGE('',*,*,#1195,.F.);
#1676=ORIENTED_EDGE('',*,*,#1005,.T.);
#1677=ORIENTED_EDGE('',*,*,#1204,.F.);
#1678=ORIENTED_EDGE('',*,*,#1137,.T.);
#1679=ORIENTED_EDGE('',*,*,#1030,.F.);
#1680=ORIENTED_EDGE('',*,*,#972,.T.);
#1681=ORIENTED_EDGE('',*,*,#1194,.F.);
#1682=ORIENTED_EDGE('',*,*,#1139,.T.);
#1683=ORIENTED_EDGE('',*,*,#1205,.F.);
#1684=ORIENTED_EDGE('',*,*,#1043,.T.);
#1685=ORIENTED_EDGE('',*,*,#1045,.F.);
#1686=ORIENTED_EDGE('',*,*,#1047,.F.);
#1687=ORIENTED_EDGE('',*,*,#1049,.F.);
#1688=ORIENTED_EDGE('',*,*,#1051,.F.);
#1689=ORIENTED_EDGE('',*,*,#961,.F.);
#1690=ORIENTED_EDGE('',*,*,#1206,.T.);
#1691=ORIENTED_EDGE('',*,*,#1207,.T.);
#1692=ORIENTED_EDGE('',*,*,#1208,.T.);
#1693=ORIENTED_EDGE('',*,*,#992,.T.);
#1694=ORIENTED_EDGE('',*,*,#1041,.T.);
#1695=ORIENTED_EDGE('',*,*,#1205,.T.);
#1696=ORIENTED_EDGE('',*,*,#1050,.T.);
#1697=ORIENTED_EDGE('',*,*,#1208,.F.);
#1698=ORIENTED_EDGE('',*,*,#1209,.T.);
#1699=ORIENTED_EDGE('',*,*,#1210,.F.);
#1700=ORIENTED_EDGE('',*,*,#993,.F.);
#1701=ORIENTED_EDGE('',*,*,#1207,.F.);
#1702=ORIENTED_EDGE('',*,*,#1211,.F.);
#1703=ORIENTED_EDGE('',*,*,#1088,.F.);
#1704=ORIENTED_EDGE('',*,*,#1212,.T.);
#1705=ORIENTED_EDGE('',*,*,#1213,.F.);
#1706=ORIENTED_EDGE('',*,*,#1209,.F.);
#1707=ORIENTED_EDGE('',*,*,#994,.F.);
#1708=ORIENTED_EDGE('',*,*,#1210,.T.);
#1709=ORIENTED_EDGE('',*,*,#1213,.T.);
#1710=ORIENTED_EDGE('',*,*,#1214,.T.);
#1711=ORIENTED_EDGE('',*,*,#995,.F.);
#1712=ORIENTED_EDGE('',*,*,#1214,.F.);
#1713=ORIENTED_EDGE('',*,*,#1212,.F.);
#1714=ORIENTED_EDGE('',*,*,#1087,.T.);
#1715=ORIENTED_EDGE('',*,*,#956,.F.);
#1716=ORIENTED_EDGE('',*,*,#1086,.F.);
#1717=ORIENTED_EDGE('',*,*,#997,.F.);
#1718=ORIENTED_EDGE('',*,*,#1089,.T.);
#1719=ORIENTED_EDGE('',*,*,#1211,.T.);
#1720=ORIENTED_EDGE('',*,*,#1206,.F.);
#1721=ORIENTED_EDGE('',*,*,#960,.F.);
#1722=ORIENTED_EDGE('',*,*,#1181,.T.);
#1723=ORIENTED_EDGE('',*,*,#1103,.T.);
#1724=ORIENTED_EDGE('',*,*,#1156,.T.);
#1725=ORIENTED_EDGE('',*,*,#1101,.T.);
#1726=ORIENTED_EDGE('',*,*,#1215,.T.);
#1727=ORIENTED_EDGE('',*,*,#1094,.T.);
#1728=ORIENTED_EDGE('',*,*,#1153,.T.);
#1729=ORIENTED_EDGE('',*,*,#1097,.T.);
#1730=ORIENTED_EDGE('',*,*,#1154,.T.);
#1731=ORIENTED_EDGE('',*,*,#1095,.T.);
#1732=ORIENTED_EDGE('',*,*,#1215,.F.);
#1733=ORIENTED_EDGE('',*,*,#1100,.T.);
#1734=ORIENTED_EDGE('',*,*,#1155,.T.);
#1735=ORIENTED_EDGE('',*,*,#1204,.T.);
#1736=ORIENTED_EDGE('',*,*,#1138,.T.);
#1737=ORIENTED_EDGE('',*,*,#1036,.T.);
#1738=ORIENTED_EDGE('',*,*,#1216,.F.);
#1739=ORIENTED_EDGE('',*,*,#1196,.T.);
#1740=ORIENTED_EDGE('',*,*,#1116,.F.);
#1741=ORIENTED_EDGE('',*,*,#1190,.T.);
#1742=ORIENTED_EDGE('',*,*,#1113,.F.);
#1743=ORIENTED_EDGE('',*,*,#1083,.T.);
#1744=ORIENTED_EDGE('',*,*,#1217,.F.);
#1745=ORIENTED_EDGE('',*,*,#1035,.T.);
#1746=ORIENTED_EDGE('',*,*,#1218,.F.);
#1747=ORIENTED_EDGE('',*,*,#1197,.T.);
#1748=ORIENTED_EDGE('',*,*,#1216,.T.);
#1749=ORIENTED_EDGE('',*,*,#1191,.T.);
#1750=ORIENTED_EDGE('',*,*,#1217,.T.);
#1751=ORIENTED_EDGE('',*,*,#1082,.T.);
#1752=ORIENTED_EDGE('',*,*,#1167,.F.);
#1753=ORIENTED_EDGE('',*,*,#1032,.T.);
#1754=ORIENTED_EDGE('',*,*,#1136,.F.);
#1755=ORIENTED_EDGE('',*,*,#1199,.T.);
#1756=ORIENTED_EDGE('',*,*,#1178,.F.);
#1757=ORIENTED_EDGE('',*,*,#1174,.T.);
#1758=ORIENTED_EDGE('',*,*,#1180,.T.);
#1759=ORIENTED_EDGE('',*,*,#1198,.T.);
#1760=ORIENTED_EDGE('',*,*,#1218,.T.);
#1761=ORIENTED_EDGE('',*,*,#1034,.T.);
#1762=ORIENTED_EDGE('',*,*,#1177,.T.);
#1763=ORIENTED_EDGE('',*,*,#1175,.T.);
#1764=ORIENTED_EDGE('',*,*,#1172,.T.);
#1765=ORIENTED_EDGE('',*,*,#1219,.T.);
#1766=ORIENTED_EDGE('',*,*,#1220,.T.);
#1767=ORIENTED_EDGE('',*,*,#1123,.F.);
#1768=ORIENTED_EDGE('',*,*,#1220,.F.);
#1769=ORIENTED_EDGE('',*,*,#1219,.F.);
#1770=ORIENTED_EDGE('',*,*,#1221,.F.);
#1771=ORIENTED_EDGE('',*,*,#1146,.F.);
#1772=ORIENTED_EDGE('',*,*,#1222,.T.);
#1773=ORIENTED_EDGE('',*,*,#1223,.T.);
#1774=ORIENTED_EDGE('',*,*,#1222,.F.);
#1775=ORIENTED_EDGE('',*,*,#1223,.F.);
#1776=ORIENTED_EDGE('',*,*,#1224,.F.);
#1777=ORIENTED_EDGE('',*,*,#1224,.T.);
#1778=ORIENTED_EDGE('',*,*,#1225,.T.);
#1779=ORIENTED_EDGE('',*,*,#1221,.T.);
#1780=ORIENTED_EDGE('',*,*,#1225,.F.);
#1781=ORIENTED_EDGE('',*,*,#1160,.T.);
#1782=ORIENTED_EDGE('',*,*,#1168,.F.);
#1783=ORIENTED_EDGE('',*,*,#1080,.T.);
#1784=ORIENTED_EDGE('',*,*,#1226,.T.);
#1785=ORIENTED_EDGE('',*,*,#1192,.T.);
#1786=ORIENTED_EDGE('',*,*,#1165,.F.);
#1787=ORIENTED_EDGE('',*,*,#1193,.T.);
#1788=ORIENTED_EDGE('',*,*,#1226,.F.);
#1789=ORIENTED_EDGE('',*,*,#1079,.T.);
#1790=ORIENTED_EDGE('',*,*,#1141,.F.);
#1791=PLANE('',#1961);
#1792=PLANE('',#1971);
#1793=PLANE('',#1975);
#1794=PLANE('',#1979);
#1795=PLANE('',#1989);
#1796=PLANE('',#1995);
#1797=PLANE('',#1997);
#1798=PLANE('',#1998);
#1799=PLANE('',#1999);
#1800=PLANE('',#2000);
#1801=PLANE('',#2001);
#1802=PLANE('',#2005);
#1803=PLANE('',#2006);
#1804=PLANE('',#2007);
#1805=PLANE('',#2008);
#1806=PLANE('',#2009);
#1807=PLANE('',#2016);
#1808=PLANE('',#2017);
#1809=PLANE('',#2027);
#1810=PLANE('',#2028);
#1811=PLANE('',#2047);
#1812=PLANE('',#2059);
#1813=PLANE('',#2061);
#1814=PLANE('',#2063);
#1815=PLANE('',#2065);
#1816=PLANE('',#2067);
#1817=PLANE('',#2074);
#1818=PLANE('',#2076);
#1819=PLANE('',#2077);
#1820=PLANE('',#2085);
#1821=PLANE('',#2087);
#1822=PLANE('',#2092);
#1823=PLANE('',#2093);
#1824=PLANE('',#2100);
#1825=PLANE('',#2101);
#1826=PLANE('',#2104);
#1827=PLANE('',#2105);
#1828=PLANE('',#2106);
#1829=PLANE('',#2107);
#1830=PLANE('',#2110);
#1831=PLANE('',#2115);
#1832=PLANE('',#2116);
#1833=PLANE('',#2117);
#1834=PLANE('',#2118);
#1835=PLANE('',#2119);
#1836=PLANE('',#2127);
#1837=PLANE('',#2128);
#1838=PLANE('',#2129);
#1839=PLANE('',#2130);
#1840=PLANE('',#2131);
#1841=PLANE('',#2132);
#1842=PLANE('',#2133);
#1843=PLANE('',#2139);
#1844=PLANE('',#2141);
#1845=PLANE('',#2146);
#1846=PLANE('',#2150);
#1847=PLANE('',#2153);
#1848=ADVANCED_FACE('',(#98,#73,#74),#1791,.F.);
#1849=ADVANCED_FACE('',(#99,#75,#76),#1792,.F.);
#1850=ADVANCED_FACE('',(#100,#77,#78),#1793,.F.);
#1851=ADVANCED_FACE('',(#101,#79,#80),#1794,.F.);
#1852=ADVANCED_FACE('',(#102),#1795,.T.);
#1853=ADVANCED_FACE('',(#103),#31,.T.);
#1854=ADVANCED_FACE('',(#104),#1796,.F.);
#1855=ADVANCED_FACE('',(#105),#1797,.F.);
#1856=ADVANCED_FACE('',(#106),#1798,.F.);
#1857=ADVANCED_FACE('',(#107),#1799,.F.);
#1858=ADVANCED_FACE('',(#108),#1800,.T.);
#1859=ADVANCED_FACE('',(#109),#1801,.T.);
#1860=ADVANCED_FACE('',(#110),#32,.T.);
#1861=ADVANCED_FACE('',(#111),#1802,.F.);
#1862=ADVANCED_FACE('',(#112),#1803,.F.);
#1863=ADVANCED_FACE('',(#113),#1804,.F.);
#1864=ADVANCED_FACE('',(#114),#1805,.F.);
#1865=ADVANCED_FACE('',(#115),#1806,.F.);
#1866=ADVANCED_FACE('',(#116,#81),#33,.F.);
#1867=ADVANCED_FACE('',(#117,#82),#34,.F.);
#1868=ADVANCED_FACE('',(#118),#1807,.F.);
#1869=ADVANCED_FACE('',(#119),#1808,.F.);
#1870=ADVANCED_FACE('',(#120),#35,.F.);
#1871=ADVANCED_FACE('',(#121),#36,.F.);
#1872=ADVANCED_FACE('',(#122,#83),#37,.F.);
#1873=ADVANCED_FACE('',(#123,#84),#38,.F.);
#1874=ADVANCED_FACE('',(#124),#39,.F.);
#1875=ADVANCED_FACE('',(#125),#40,.F.);
#1876=ADVANCED_FACE('',(#126),#41,.F.);
#1877=ADVANCED_FACE('',(#127),#42,.F.);
#1878=ADVANCED_FACE('',(#128),#1809,.F.);
#1879=ADVANCED_FACE('',(#129,#85,#86,#87,#88,#89),#1810,.T.);
#1880=ADVANCED_FACE('',(#130),#43,.F.);
#1881=ADVANCED_FACE('',(#131),#44,.F.);
#1882=ADVANCED_FACE('',(#132),#45,.F.);
#1883=ADVANCED_FACE('',(#133,#90,#91,#92,#93,#94),#1811,.T.);
#1884=ADVANCED_FACE('',(#134),#46,.F.);
#1885=ADVANCED_FACE('',(#135),#1812,.F.);
#1886=ADVANCED_FACE('',(#136),#47,.F.);
#1887=ADVANCED_FACE('',(#137),#1813,.T.);
#1888=ADVANCED_FACE('',(#138),#1814,.T.);
#1889=ADVANCED_FACE('',(#139),#1815,.T.);
#1890=ADVANCED_FACE('',(#140),#1816,.T.);
#1891=ADVANCED_FACE('',(#141),#48,.T.);
#1892=ADVANCED_FACE('',(#142),#49,.T.);
#1893=ADVANCED_FACE('',(#143),#1817,.T.);
#1894=ADVANCED_FACE('',(#144),#1818,.T.);
#1895=ADVANCED_FACE('',(#145),#1819,.T.);
#1896=ADVANCED_FACE('',(#146),#50,.T.);
#1897=ADVANCED_FACE('',(#147),#51,.T.);
#1898=ADVANCED_FACE('',(#148),#1820,.T.);
#1899=ADVANCED_FACE('',(#149),#1821,.T.);
#1900=ADVANCED_FACE('',(#150),#52,.T.);
#1901=ADVANCED_FACE('',(#151),#1822,.T.);
#1902=ADVANCED_FACE('',(#152),#1823,.T.);
#1903=ADVANCED_FACE('',(#153),#53,.T.);
#1904=ADVANCED_FACE('',(#154),#1824,.T.);
#1905=ADVANCED_FACE('',(#155),#1825,.T.);
#1906=ADVANCED_FACE('',(#156),#54,.T.);
#1907=ADVANCED_FACE('',(#157),#1826,.T.);
#1908=ADVANCED_FACE('',(#158),#1827,.F.);
#1909=ADVANCED_FACE('',(#159),#1828,.T.);
#1910=ADVANCED_FACE('',(#160),#1829,.T.);
#1911=ADVANCED_FACE('',(#161),#55,.T.);
#1912=ADVANCED_FACE('',(#162),#1830,.T.);
#1913=ADVANCED_FACE('',(#163),#56,.T.);
#1914=ADVANCED_FACE('',(#164),#1831,.T.);
#1915=ADVANCED_FACE('',(#165),#1832,.F.);
#1916=ADVANCED_FACE('',(#166),#1833,.T.);
#1917=ADVANCED_FACE('',(#167),#1834,.T.);
#1918=ADVANCED_FACE('',(#168),#1835,.F.);
#1919=ADVANCED_FACE('',(#169),#57,.F.);
#1920=ADVANCED_FACE('',(#170),#58,.F.);
#1921=ADVANCED_FACE('',(#171),#59,.F.);
#1922=ADVANCED_FACE('',(#172),#60,.F.);
#1923=ADVANCED_FACE('',(#173),#61,.F.);
#1924=ADVANCED_FACE('',(#174),#62,.F.);
#1925=ADVANCED_FACE('',(#175),#63,.F.);
#1926=ADVANCED_FACE('',(#176),#1836,.F.);
#1927=ADVANCED_FACE('',(#177),#1837,.T.);
#1928=ADVANCED_FACE('',(#178),#1838,.F.);
#1929=ADVANCED_FACE('',(#179),#1839,.F.);
#1930=ADVANCED_FACE('',(#180),#1840,.F.);
#1931=ADVANCED_FACE('',(#181),#1841,.F.);
#1932=ADVANCED_FACE('',(#182),#1842,.F.);
#1933=ADVANCED_FACE('',(#183,#95),#64,.F.);
#1934=ADVANCED_FACE('',(#184),#65,.T.);
#1935=ADVANCED_FACE('',(#185),#66,.T.);
#1936=ADVANCED_FACE('',(#186),#1843,.T.);
#1937=ADVANCED_FACE('',(#187),#1844,.T.);
#1938=ADVANCED_FACE('',(#188),#67,.T.);
#1939=ADVANCED_FACE('',(#189),#68,.T.);
#1940=ADVANCED_FACE('',(#190),#69,.F.);
#1941=ADVANCED_FACE('',(#191,#96),#1845,.F.);
#1942=ADVANCED_FACE('',(#192),#70,.F.);
#1943=ADVANCED_FACE('',(#193,#97),#1846,.F.);
#1944=ADVANCED_FACE('',(#194),#71,.F.);
#1945=ADVANCED_FACE('',(#195),#1847,.T.);
#1946=ADVANCED_FACE('',(#196),#72,.T.);
#1947=CLOSED_SHELL('',(#1848,#1849,#1850,#1851,#1852,#1853,#1854,#1855,
#1856,#1857,#1858,#1859,#1860,#1861,#1862,#1863,#1864,#1865,#1866,#1867,
#1868,#1869,#1870,#1871,#1872,#1873,#1874,#1875,#1876,#1877,#1878,#1879,
#1880,#1881,#1882,#1883,#1884,#1885,#1886,#1887,#1888,#1889,#1890,#1891,
#1892,#1893,#1894,#1895,#1896,#1897,#1898,#1899,#1900,#1901,#1902,#1903,
#1904,#1905,#1906,#1907,#1908,#1909,#1910,#1911,#1912,#1913,#1914,#1915,
#1916,#1917,#1918,#1919,#1920,#1921,#1922,#1923,#1924,#1925,#1926,#1927,
#1928,#1929,#1930,#1931,#1932,#1933,#1934,#1935,#1936,#1937,#1938,#1939,
#1940,#1941,#1942,#1943,#1944,#1945,#1946));
#1948=DERIVED_UNIT_ELEMENT(#1950,1.);
#1949=DERIVED_UNIT_ELEMENT(#3489,-3.);
#1950=(
MASS_UNIT()
NAMED_UNIT(*)
SI_UNIT(.KILO.,.GRAM.)
);
#1951=DERIVED_UNIT((#1948,#1949));
#1952=MEASURE_REPRESENTATION_ITEM('density measure',
POSITIVE_RATIO_MEASURE(7850.),#1951);
#1953=PROPERTY_DEFINITION_REPRESENTATION(#1958,#1955);
#1954=PROPERTY_DEFINITION_REPRESENTATION(#1959,#1956);
#1955=REPRESENTATION('material name',(#1957),#3486);
#1956=REPRESENTATION('density',(#1952),#3486);
#1957=DESCRIPTIVE_REPRESENTATION_ITEM('Steel','Steel');
#1958=PROPERTY_DEFINITION('material property','material name',#3496);
#1959=PROPERTY_DEFINITION('material property','density of part',#3496);
#1960=AXIS2_PLACEMENT_3D('',#2718,#2156,#2157);
#1961=AXIS2_PLACEMENT_3D('',#2719,#2158,#2159);
#1962=AXIS2_PLACEMENT_3D('',#2728,#2163,#2164);
#1963=AXIS2_PLACEMENT_3D('',#2730,#2165,#2166);
#1964=AXIS2_PLACEMENT_3D('',#2732,#2167,#2168);
#1965=AXIS2_PLACEMENT_3D('',#2734,#2169,#2170);
#1966=AXIS2_PLACEMENT_3D('',#2736,#2171,#2172);
#1967=AXIS2_PLACEMENT_3D('',#2738,#2173,#2174);
#1968=AXIS2_PLACEMENT_3D('',#2740,#2175,#2176);
#1969=AXIS2_PLACEMENT_3D('',#2761,#2187,#2188);
#1970=AXIS2_PLACEMENT_3D('',#2763,#2189,#2190);
#1971=AXIS2_PLACEMENT_3D('',#2764,#2191,#2192);
#1972=AXIS2_PLACEMENT_3D('',#2777,#2198,#2199);
#1973=AXIS2_PLACEMENT_3D('',#2794,#2208,#2209);
#1974=AXIS2_PLACEMENT_3D('',#2796,#2210,#2211);
#1975=AXIS2_PLACEMENT_3D('',#2797,#2212,#2213);
#1976=AXIS2_PLACEMENT_3D('',#2802,#2215,#2216);
#1977=AXIS2_PLACEMENT_3D('',#2811,#2221,#2222);
#1978=AXIS2_PLACEMENT_3D('',#2813,#2223,#2224);
#1979=AXIS2_PLACEMENT_3D('',#2814,#2225,#2226);
#1980=AXIS2_PLACEMENT_3D('',#2833,#2235,#2236);
#1981=AXIS2_PLACEMENT_3D('',#2835,#2237,#2238);
#1982=AXIS2_PLACEMENT_3D('',#2837,#2239,#2240);
#1983=AXIS2_PLACEMENT_3D('',#2839,#2241,#2242);
#1984=AXIS2_PLACEMENT_3D('',#2841,#2243,#2244);
#1985=AXIS2_PLACEMENT_3D('',#2843,#2245,#2246);
#1986=AXIS2_PLACEMENT_3D('',#2845,#2247,#2248);
#1987=AXIS2_PLACEMENT_3D('',#2856,#2254,#2255);
#1988=AXIS2_PLACEMENT_3D('',#2858,#2256,#2257);
#1989=AXIS2_PLACEMENT_3D('',#2859,#2258,#2259);
#1990=AXIS2_PLACEMENT_3D('',#2860,#2260,#2261);
#1991=AXIS2_PLACEMENT_3D('',#2861,#2262,#2263);
#1992=AXIS2_PLACEMENT_3D('',#2863,#2264,#2265);
#1993=AXIS2_PLACEMENT_3D('',#2867,#2267,#2268);
#1994=AXIS2_PLACEMENT_3D('',#2870,#2270,#2271);
#1995=AXIS2_PLACEMENT_3D('',#2871,#2272,#2273);
#1996=AXIS2_PLACEMENT_3D('',#2873,#2274,#2275);
#1997=AXIS2_PLACEMENT_3D('',#2876,#2278,#2279);
#1998=AXIS2_PLACEMENT_3D('',#2887,#2287,#2288);
#1999=AXIS2_PLACEMENT_3D('',#2889,#2290,#2291);
#2000=AXIS2_PLACEMENT_3D('',#2890,#2292,#2293);
#2001=AXIS2_PLACEMENT_3D('',#2908,#2303,#2304);
#2002=AXIS2_PLACEMENT_3D('',#2909,#2305,#2306);
#2003=AXIS2_PLACEMENT_3D('',#2910,#2307,#2308);
#2004=AXIS2_PLACEMENT_3D('',#2911,#2309,#2310);
#2005=AXIS2_PLACEMENT_3D('',#2912,#2311,#2312);
#2006=AXIS2_PLACEMENT_3D('',#2918,#2316,#2317);
#2007=AXIS2_PLACEMENT_3D('',#2922,#2320,#2321);
#2008=AXIS2_PLACEMENT_3D('',#2926,#2324,#2325);
#2009=AXIS2_PLACEMENT_3D('',#2930,#2328,#2329);
#2010=AXIS2_PLACEMENT_3D('',#2935,#2333,#2334);
#2011=AXIS2_PLACEMENT_3D('',#2939,#2336,#2337);
#2012=AXIS2_PLACEMENT_3D('',#2973,#2342,#2343);
#2013=AXIS2_PLACEMENT_3D('',#3008,#2346,#2347);
#2014=AXIS2_PLACEMENT_3D('',#3040,#2350,#2351);
#2015=AXIS2_PLACEMENT_3D('',#3046,#2355,#2356);
#2016=AXIS2_PLACEMENT_3D('',#3081,#2359,#2360);
#2017=AXIS2_PLACEMENT_3D('',#3100,#2371,#2372);
#2018=AXIS2_PLACEMENT_3D('',#3106,#2376,#2377);
#2019=AXIS2_PLACEMENT_3D('',#3108,#2379,#2380);
#2020=AXIS2_PLACEMENT_3D('',#3110,#2382,#2383);
#2021=AXIS2_PLACEMENT_3D('',#3143,#2387,#2388);
#2022=AXIS2_PLACEMENT_3D('',#3176,#2392,#2393);
#2023=AXIS2_PLACEMENT_3D('',#3191,#2394,#2395);
#2024=AXIS2_PLACEMENT_3D('',#3194,#2398,#2399);
#2025=AXIS2_PLACEMENT_3D('',#3196,#2401,#2402);
#2026=AXIS2_PLACEMENT_3D('',#3200,#2404,#2405);
#2027=AXIS2_PLACEMENT_3D('',#3202,#2407,#2408);
#2028=AXIS2_PLACEMENT_3D('',#3203,#2409,#2410);
#2029=AXIS2_PLACEMENT_3D('',#3204,#2411,#2412);
#2030=AXIS2_PLACEMENT_3D('',#3205,#2413,#2414);
#2031=AXIS2_PLACEMENT_3D('',#3207,#2415,#2416);
#2032=AXIS2_PLACEMENT_3D('',#3210,#2418,#2419);
#2033=AXIS2_PLACEMENT_3D('',#3212,#2420,#2421);
#2034=AXIS2_PLACEMENT_3D('',#3215,#2423,#2424);
#2035=AXIS2_PLACEMENT_3D('',#3217,#2425,#2426);
#2036=AXIS2_PLACEMENT_3D('',#3219,#2427,#2428);
#2037=AXIS2_PLACEMENT_3D('',#3221,#2429,#2430);
#2038=AXIS2_PLACEMENT_3D('',#3223,#2431,#2432);
#2039=AXIS2_PLACEMENT_3D('',#3225,#2433,#2434);
#2040=AXIS2_PLACEMENT_3D('',#3226,#2435,#2436);
#2041=AXIS2_PLACEMENT_3D('',#3227,#2437,#2438);
#2042=AXIS2_PLACEMENT_3D('',#3231,#2440,#2441);
#2043=AXIS2_PLACEMENT_3D('',#3241,#2443,#2444);
#2044=AXIS2_PLACEMENT_3D('',#3242,#2445,#2446);
#2045=AXIS2_PLACEMENT_3D('',#3244,#2447,#2448);
#2046=AXIS2_PLACEMENT_3D('',#3254,#2450,#2451);
#2047=AXIS2_PLACEMENT_3D('',#3255,#2452,#2453);
#2048=AXIS2_PLACEMENT_3D('',#3261,#2457,#2458);
#2049=AXIS2_PLACEMENT_3D('',#3263,#2459,#2460);
#2050=AXIS2_PLACEMENT_3D('',#3267,#2462,#2463);
#2051=AXIS2_PLACEMENT_3D('',#3270,#2465,#2466);
#2052=AXIS2_PLACEMENT_3D('',#3275,#2469,#2470);
#2053=AXIS2_PLACEMENT_3D('',#3277,#2471,#2472);
#2054=AXIS2_PLACEMENT_3D('',#3279,#2473,#2474);
#2055=AXIS2_PLACEMENT_3D('',#3281,#2475,#2476);
#2056=AXIS2_PLACEMENT_3D('',#3283,#2477,#2478);
#2057=AXIS2_PLACEMENT_3D('',#3284,#2479,#2480);
#2058=AXIS2_PLACEMENT_3D('',#3288,#2482,#2483);
#2059=AXIS2_PLACEMENT_3D('',#3290,#2485,#2486);
#2060=AXIS2_PLACEMENT_3D('',#3292,#2488,#2489);
#2061=AXIS2_PLACEMENT_3D('',#3293,#2490,#2491);
#2062=AXIS2_PLACEMENT_3D('',#3294,#2492,#2493);
#2063=AXIS2_PLACEMENT_3D('',#3295,#2494,#2495);
#2064=AXIS2_PLACEMENT_3D('',#3296,#2496,#2497);
#2065=AXIS2_PLACEMENT_3D('',#3297,#2498,#2499);
#2066=AXIS2_PLACEMENT_3D('',#3298,#2500,#2501);
#2067=AXIS2_PLACEMENT_3D('',#3299,#2502,#2503);
#2068=AXIS2_PLACEMENT_3D('',#3300,#2504,#2505);
#2069=AXIS2_PLACEMENT_3D('',#3301,#2506,#2507);
#2070=AXIS2_PLACEMENT_3D('',#3304,#2509,#2510);
#2071=AXIS2_PLACEMENT_3D('',#3305,#2511,#2512);
#2072=AXIS2_PLACEMENT_3D('',#3310,#2514,#2515);
#2073=AXIS2_PLACEMENT_3D('',#3313,#2517,#2518);
#2074=AXIS2_PLACEMENT_3D('',#3314,#2519,#2520);
#2075=AXIS2_PLACEMENT_3D('',#3316,#2521,#2522);
#2076=AXIS2_PLACEMENT_3D('',#3317,#2523,#2524);
#2077=AXIS2_PLACEMENT_3D('',#3318,#2525,#2526);
#2078=AXIS2_PLACEMENT_3D('',#3319,#2527,#2528);
#2079=AXIS2_PLACEMENT_3D('',#3320,#2529,#2530);
#2080=AXIS2_PLACEMENT_3D('',#3322,#2531,#2532);
#2081=AXIS2_PLACEMENT_3D('',#3325,#2534,#2535);
#2082=AXIS2_PLACEMENT_3D('',#3326,#2536,#2537);
#2083=AXIS2_PLACEMENT_3D('',#3327,#2538,#2539);
#2084=AXIS2_PLACEMENT_3D('',#3330,#2541,#2542);
#2085=AXIS2_PLACEMENT_3D('',#3331,#2543,#2544);
#2086=AXIS2_PLACEMENT_3D('',#3333,#2545,#2546);
#2087=AXIS2_PLACEMENT_3D('',#3334,#2547,#2548);
#2088=AXIS2_PLACEMENT_3D('',#3337,#2549,#2550);
#2089=AXIS2_PLACEMENT_3D('',#3338,#2551,#2552);
#2090=AXIS2_PLACEMENT_3D('',#3339,#2553,#2554);
#2091=AXIS2_PLACEMENT_3D('',#3344,#2557,#2558);
#2092=AXIS2_PLACEMENT_3D('',#3345,#2559,#2560);
#2093=AXIS2_PLACEMENT_3D('',#3346,#2561,#2562);
#2094=AXIS2_PLACEMENT_3D('',#3347,#2563,#2564);
#2095=AXIS2_PLACEMENT_3D('',#3349,#2565,#2566);
#2096=AXIS2_PLACEMENT_3D('',#3352,#2568,#2569);
#2097=AXIS2_PLACEMENT_3D('',#3353,#2570,#2571);
#2098=AXIS2_PLACEMENT_3D('',#3354,#2572,#2573);
#2099=AXIS2_PLACEMENT_3D('',#3355,#2574,#2575);
#2100=AXIS2_PLACEMENT_3D('',#3356,#2576,#2577);
#2101=AXIS2_PLACEMENT_3D('',#3357,#2578,#2579);
#2102=AXIS2_PLACEMENT_3D('',#3358,#2580,#2581);
#2103=AXIS2_PLACEMENT_3D('',#3359,#2582,#2583);
#2104=AXIS2_PLACEMENT_3D('',#3360,#2584,#2585);
#2105=AXIS2_PLACEMENT_3D('',#3361,#2586,#2587);
#2106=AXIS2_PLACEMENT_3D('',#3363,#2589,#2590);
#2107=AXIS2_PLACEMENT_3D('',#3364,#2591,#2592);
#2108=AXIS2_PLACEMENT_3D('',#3365,#2593,#2594);
#2109=AXIS2_PLACEMENT_3D('',#3366,#2595,#2596);
#2110=AXIS2_PLACEMENT_3D('',#3367,#2597,#2598);
#2111=AXIS2_PLACEMENT_3D('',#3368,#2599,#2600);
#2112=AXIS2_PLACEMENT_3D('',#3369,#2601,#2602);
#2113=AXIS2_PLACEMENT_3D('',#3370,#2603,#2604);
#2114=AXIS2_PLACEMENT_3D('',#3371,#2605,#2606);
#2115=AXIS2_PLACEMENT_3D('',#3372,#2607,#2608);
#2116=AXIS2_PLACEMENT_3D('',#3373,#2609,#2610);
#2117=AXIS2_PLACEMENT_3D('',#3374,#2611,#2612);
#2118=AXIS2_PLACEMENT_3D('',#3375,#2613,#2614);
#2119=AXIS2_PLACEMENT_3D('',#3384,#2621,#2622);
#2120=AXIS2_PLACEMENT_3D('',#3392,#2628,#2629);
#2121=AXIS2_PLACEMENT_3D('',#3394,#2631,#2632);
#2122=AXIS2_PLACEMENT_3D('',#3396,#2634,#2635);
#2123=AXIS2_PLACEMENT_3D('',#3398,#2637,#2638);
#2124=AXIS2_PLACEMENT_3D('',#3400,#2640,#2641);
#2125=AXIS2_PLACEMENT_3D('',#3401,#2642,#2643);
#2126=AXIS2_PLACEMENT_3D('',#3402,#2644,#2645);
#2127=AXIS2_PLACEMENT_3D('',#3433,#2646,#2647);
#2128=AXIS2_PLACEMENT_3D('',#3435,#2649,#2650);
#2129=AXIS2_PLACEMENT_3D('',#3441,#2654,#2655);
#2130=AXIS2_PLACEMENT_3D('',#3445,#2658,#2659);
#2131=AXIS2_PLACEMENT_3D('',#3450,#2663,#2664);
#2132=AXIS2_PLACEMENT_3D('',#3452,#2666,#2667);
#2133=AXIS2_PLACEMENT_3D('',#3453,#2668,#2669);
#2134=AXIS2_PLACEMENT_3D('',#3454,#2670,#2671);
#2135=AXIS2_PLACEMENT_3D('',#3456,#2673,#2674);
#2136=AXIS2_PLACEMENT_3D('',#3457,#2675,#2676);
#2137=AXIS2_PLACEMENT_3D('',#3458,#2677,#2678);
#2138=AXIS2_PLACEMENT_3D('',#3459,#2679,#2680);
#2139=AXIS2_PLACEMENT_3D('',#3460,#2681,#2682);
#2140=AXIS2_PLACEMENT_3D('',#3461,#2683,#2684);
#2141=AXIS2_PLACEMENT_3D('',#3462,#2685,#2686);
#2142=AXIS2_PLACEMENT_3D('',#3463,#2687,#2688);
#2143=AXIS2_PLACEMENT_3D('',#3464,#2689,#2690);
#2144=AXIS2_PLACEMENT_3D('',#3465,#2691,#2692);
#2145=AXIS2_PLACEMENT_3D('',#3467,#2693,#2694);
#2146=AXIS2_PLACEMENT_3D('',#3469,#2696,#2697);
#2147=AXIS2_PLACEMENT_3D('',#3471,#2698,#2699);
#2148=AXIS2_PLACEMENT_3D('',#3472,#2700,#2701);
#2149=AXIS2_PLACEMENT_3D('',#3475,#2703,#2704);
#2150=AXIS2_PLACEMENT_3D('',#3476,#2705,#2706);
#2151=AXIS2_PLACEMENT_3D('',#3478,#2707,#2708);
#2152=AXIS2_PLACEMENT_3D('',#3479,#2709,#2710);
#2153=AXIS2_PLACEMENT_3D('',#3481,#2712,#2713);
#2154=AXIS2_PLACEMENT_3D('',#3482,#2714,#2715);
#2155=AXIS2_PLACEMENT_3D('',#3483,#2716,#2717);
#2156=DIRECTION('axis',(0.,0.,1.));
#2157=DIRECTION('refdir',(1.,0.,0.));
#2158=DIRECTION('center_axis',(1.,0.,0.));
#2159=DIRECTION('ref_axis',(0.,0.,-1.));
#2160=DIRECTION('',(0.,-1.,0.));
#2161=DIRECTION('',(0.,0.,-1.));
#2162=DIRECTION('',(0.,-1.,0.));
#2163=DIRECTION('center_axis',(-1.,0.,0.));
#2164=DIRECTION('ref_axis',(0.,0.,-1.));
#2165=DIRECTION('center_axis',(1.,0.,0.));
#2166=DIRECTION('ref_axis',(0.,0.,-1.));
#2167=DIRECTION('center_axis',(1.,0.,0.));
#2168=DIRECTION('ref_axis',(0.,0.,-1.));
#2169=DIRECTION('center_axis',(-1.,0.,0.));
#2170=DIRECTION('ref_axis',(0.,0.,-1.));
#2171=DIRECTION('center_axis',(1.,0.,0.));
#2172=DIRECTION('ref_axis',(0.,0.,-1.));
#2173=DIRECTION('center_axis',(1.,0.,0.));
#2174=DIRECTION('ref_axis',(0.,0.,-1.));
#2175=DIRECTION('center_axis',(-1.,0.,0.));
#2176=DIRECTION('ref_axis',(0.,0.,-1.));
#2177=DIRECTION('',(0.,-1.,0.));
#2178=DIRECTION('',(0.,0.,1.));
#2179=DIRECTION('',(0.,-1.,0.));
#2180=DIRECTION('',(0.,0.,1.));
#2181=DIRECTION('',(0.,1.,0.));
#2182=DIRECTION('',(0.,0.,1.));
#2183=DIRECTION('',(0.,1.,0.));
#2184=DIRECTION('',(0.,0.,-1.));
#2185=DIRECTION('',(0.,1.,0.));
#2186=DIRECTION('',(0.,0.,-1.));
#2187=DIRECTION('center_axis',(1.,0.,0.));
#2188=DIRECTION('ref_axis',(0.,0.,-1.));
#2189=DIRECTION('center_axis',(1.,0.,0.));
#2190=DIRECTION('ref_axis',(0.,0.,-1.));
#2191=DIRECTION('center_axis',(1.,0.,0.));
#2192=DIRECTION('ref_axis',(0.,0.,-1.));
#2193=DIRECTION('',(0.,-1.,0.));
#2194=DIRECTION('',(0.,0.,1.));
#2195=DIRECTION('',(0.,1.,0.));
#2196=DIRECTION('',(0.,0.,1.));
#2197=DIRECTION('',(0.,1.,0.));
#2198=DIRECTION('center_axis',(-1.,0.,0.));
#2199=DIRECTION('ref_axis',(0.,0.,-1.));
#2200=DIRECTION('',(0.,1.,0.));
#2201=DIRECTION('',(0.,0.,-1.));
#2202=DIRECTION('',(0.,1.,0.));
#2203=DIRECTION('',(0.,0.,-1.));
#2204=DIRECTION('',(0.,-1.,0.));
#2205=DIRECTION('',(0.,0.,-1.));
#2206=DIRECTION('',(0.,-1.,0.));
#2207=DIRECTION('',(0.,0.,1.));
#2208=DIRECTION('center_axis',(1.,0.,0.));
#2209=DIRECTION('ref_axis',(0.,0.,-1.));
#2210=DIRECTION('center_axis',(1.,0.,0.));
#2211=DIRECTION('ref_axis',(0.,0.,-1.));
#2212=DIRECTION('center_axis',(-1.,0.,0.));
#2213=DIRECTION('ref_axis',(0.,0.,1.));
#2214=DIRECTION('',(0.,-1.,0.));
#2215=DIRECTION('center_axis',(1.,0.,0.));
#2216=DIRECTION('ref_axis',(0.,0.,-1.));
#2217=DIRECTION('',(0.,-1.,0.));
#2218=DIRECTION('',(0.,0.,-1.));
#2219=DIRECTION('',(0.,1.,0.));
#2220=DIRECTION('',(0.,0.,1.));
#2221=DIRECTION('center_axis',(-1.,0.,0.));
#2222=DIRECTION('ref_axis',(0.,0.,-1.));
#2223=DIRECTION('center_axis',(-1.,0.,0.));
#2224=DIRECTION('ref_axis',(0.,0.,-1.));
#2225=DIRECTION('center_axis',(-1.,0.,0.));
#2226=DIRECTION('ref_axis',(0.,0.,1.));
#2227=DIRECTION('',(0.,0.,1.));
#2228=DIRECTION('',(0.,1.,0.));
#2229=DIRECTION('',(0.,0.,-1.));
#2230=DIRECTION('',(0.,1.,0.));
#2231=DIRECTION('',(0.,0.,1.));
#2232=DIRECTION('',(0.,1.,0.));
#2233=DIRECTION('',(0.,0.,-1.));
#2234=DIRECTION('',(0.,1.,0.));
#2235=DIRECTION('center_axis',(1.,0.,0.));
#2236=DIRECTION('ref_axis',(0.,0.,-1.));
#2237=DIRECTION('center_axis',(-1.,0.,0.));
#2238=DIRECTION('ref_axis',(0.,0.,-1.));
#2239=DIRECTION('center_axis',(-1.,0.,0.));
#2240=DIRECTION('ref_axis',(0.,0.,-1.));
#2241=DIRECTION('center_axis',(1.,0.,0.));
#2242=DIRECTION('ref_axis',(0.,0.,-1.));
#2243=DIRECTION('center_axis',(-1.,0.,0.));
#2244=DIRECTION('ref_axis',(0.,0.,-1.));
#2245=DIRECTION('center_axis',(-1.,0.,0.));
#2246=DIRECTION('ref_axis',(0.,0.,-1.));
#2247=DIRECTION('center_axis',(1.,0.,0.));
#2248=DIRECTION('ref_axis',(0.,0.,-1.));
#2249=DIRECTION('',(0.,1.,0.));
#2250=DIRECTION('',(0.,0.,1.));
#2251=DIRECTION('',(0.,1.,0.));
#2252=DIRECTION('',(0.,0.,-1.));
#2253=DIRECTION('',(0.,1.,0.));
#2254=DIRECTION('center_axis',(-1.,0.,0.));
#2255=DIRECTION('ref_axis',(0.,0.,-1.));
#2256=DIRECTION('center_axis',(-1.,0.,0.));
#2257=DIRECTION('ref_axis',(0.,0.,-1.));
#2258=DIRECTION('center_axis',(0.,1.,0.));
#2259=DIRECTION('ref_axis',(1.,0.,0.));
#2260=DIRECTION('center_axis',(0.,1.,0.));
#2261=DIRECTION('ref_axis',(1.,0.,0.));
#2262=DIRECTION('center_axis',(0.,1.,0.));
#2263=DIRECTION('ref_axis',(1.,0.,0.));
#2264=DIRECTION('center_axis',(0.,-1.,0.));
#2265=DIRECTION('ref_axis',(1.,0.,0.));
#2266=DIRECTION('',(0.,1.,0.));
#2267=DIRECTION('center_axis',(0.,-1.,0.));
#2268=DIRECTION('ref_axis',(1.,0.,0.));
#2269=DIRECTION('',(0.,-1.,0.));
#2270=DIRECTION('center_axis',(0.,-1.,0.));
#2271=DIRECTION('ref_axis',(1.,0.,0.));
#2272=DIRECTION('center_axis',(0.,1.,0.));
#2273=DIRECTION('ref_axis',(0.,0.,1.));
#2274=DIRECTION('center_axis',(0.,1.,0.));
#2275=DIRECTION('ref_axis',(1.,0.,0.));
#2276=DIRECTION('',(-1.,0.,0.));
#2277=DIRECTION('',(1.,0.,0.));
#2278=DIRECTION('center_axis',(0.,0.,1.));
#2279=DIRECTION('ref_axis',(1.,0.,0.));
#2280=DIRECTION('',(1.,0.,0.));
#2281=DIRECTION('',(1.,0.,0.));
#2282=DIRECTION('',(1.,0.,0.));
#2283=DIRECTION('',(0.,1.,0.));
#2284=DIRECTION('',(-1.,0.,0.));
#2285=DIRECTION('',(0.,-1.,0.));
#2286=DIRECTION('',(-1.,0.,0.));
#2287=DIRECTION('center_axis',(0.,-1.,0.));
#2288=DIRECTION('ref_axis',(0.,0.,-1.));
#2289=DIRECTION('',(-1.,0.,0.));
#2290=DIRECTION('center_axis',(0.,-1.,0.));
#2291=DIRECTION('ref_axis',(0.,0.,-1.));
#2292=DIRECTION('center_axis',(0.,0.,1.));
#2293=DIRECTION('ref_axis',(1.,0.,0.));
#2294=DIRECTION('',(1.,0.,0.));
#2295=DIRECTION('',(0.,-1.,0.));
#2296=DIRECTION('',(-1.,0.,0.));
#2297=DIRECTION('',(0.,1.,0.));
#2298=DIRECTION('',(-1.,0.,0.));
#2299=DIRECTION('',(0.,-1.,0.));
#2300=DIRECTION('',(-1.,0.,0.));
#2301=DIRECTION('',(0.,1.,0.));
#2302=DIRECTION('',(1.,0.,0.));
#2303=DIRECTION('center_axis',(0.,1.,0.));
#2304=DIRECTION('ref_axis',(1.,0.,0.));
#2305=DIRECTION('center_axis',(0.,1.,0.));
#2306=DIRECTION('ref_axis',(1.,0.,0.));
#2307=DIRECTION('center_axis',(0.,1.,0.));
#2308=DIRECTION('ref_axis',(1.,0.,0.));
#2309=DIRECTION('center_axis',(0.,-1.,0.));
#2310=DIRECTION('ref_axis',(1.,0.,0.));
#2311=DIRECTION('center_axis',(0.,-1.,0.));
#2312=DIRECTION('ref_axis',(0.,0.,-1.));
#2313=DIRECTION('',(-1.,0.,0.));
#2314=DIRECTION('',(1.,0.,0.));
#2315=DIRECTION('',(0.,0.,-1.));
#2316=DIRECTION('center_axis',(0.,0.,1.));
#2317=DIRECTION('ref_axis',(1.,0.,0.));
#2318=DIRECTION('',(-1.,0.,0.));
#2319=DIRECTION('',(0.,1.,0.));
#2320=DIRECTION('center_axis',(0.,1.,0.));
#2321=DIRECTION('ref_axis',(0.,0.,1.));
#2322=DIRECTION('',(-1.,0.,0.));
#2323=DIRECTION('',(0.,0.,-1.));
#2324=DIRECTION('center_axis',(0.,0.,1.));
#2325=DIRECTION('ref_axis',(1.,0.,0.));
#2326=DIRECTION('',(1.,0.,0.));
#2327=DIRECTION('',(0.,1.,0.));
#2328=DIRECTION('center_axis',(0.,-1.,0.));
#2329=DIRECTION('ref_axis',(0.,0.,-1.));
#2330=DIRECTION('',(-1.,0.,0.));
#2331=DIRECTION('',(0.,0.,-1.));
#2332=DIRECTION('',(1.,0.,0.));
#2333=DIRECTION('center_axis',(1.,0.,0.));
#2334=DIRECTION('ref_axis',(0.,0.,-1.));
#2335=DIRECTION('',(-1.,0.,0.));
#2336=DIRECTION('center_axis',(1.,0.,0.));
#2337=DIRECTION('ref_axis',(0.,0.,-1.));
#2338=DIRECTION('',(1.,0.,0.));
#2339=DIRECTION('',(1.,0.,0.));
#2340=DIRECTION('',(1.,0.,0.));
#2341=DIRECTION('',(1.,0.,0.));
#2342=DIRECTION('center_axis',(-1.,0.,0.));
#2343=DIRECTION('ref_axis',(0.,0.,-1.));
#2344=DIRECTION('',(-1.,0.,0.));
#2345=DIRECTION('',(-1.,0.,0.));
#2346=DIRECTION('center_axis',(1.,0.,0.));
#2347=DIRECTION('ref_axis',(0.,0.,-1.));
#2348=DIRECTION('',(-1.,0.,0.));
#2349=DIRECTION('',(-1.,0.,0.));
#2350=DIRECTION('center_axis',(1.,0.,0.));
#2351=DIRECTION('ref_axis',(0.,0.,-1.));
#2352=DIRECTION('',(1.,0.,0.));
#2353=DIRECTION('',(1.,0.,0.));
#2354=DIRECTION('',(1.,0.,0.));
#2355=DIRECTION('center_axis',(-1.,0.,0.));
#2356=DIRECTION('ref_axis',(0.,0.,-1.));
#2357=DIRECTION('',(-1.,0.,0.));
#2358=DIRECTION('',(1.,0.,0.));
#2359=DIRECTION('center_axis',(0.,0.,1.));
#2360=DIRECTION('ref_axis',(1.,0.,0.));
#2361=DIRECTION('',(1.,0.,0.));
#2362=DIRECTION('',(0.,1.,0.));
#2363=DIRECTION('',(-1.,0.,0.));
#2364=DIRECTION('',(0.,-1.,0.));
#2365=DIRECTION('',(-1.,0.,0.));
#2366=DIRECTION('',(0.,1.,0.));
#2367=DIRECTION('',(-1.,0.,0.));
#2368=DIRECTION('',(0.,-1.,0.));
#2369=DIRECTION('',(1.,0.,0.));
#2370=DIRECTION('',(-1.,0.,0.));
#2371=DIRECTION('center_axis',(0.,0.,1.));
#2372=DIRECTION('ref_axis',(1.,0.,0.));
#2373=DIRECTION('',(1.,0.,0.));
#2374=DIRECTION('',(0.,1.,0.));
#2375=DIRECTION('',(-1.,0.,0.));
#2376=DIRECTION('center_axis',(1.,0.,0.));
#2377=DIRECTION('ref_axis',(0.,0.,-1.));
#2378=DIRECTION('',(1.,0.,0.));
#2379=DIRECTION('center_axis',(1.,0.,0.));
#2380=DIRECTION('ref_axis',(0.,0.,-1.));
#2381=DIRECTION('',(1.,0.,0.));
#2382=DIRECTION('center_axis',(1.,0.,0.));
#2383=DIRECTION('ref_axis',(0.,0.,-1.));
#2384=DIRECTION('',(1.,0.,0.));
#2385=DIRECTION('',(1.,0.,0.));
#2386=DIRECTION('',(-1.,0.,0.));
#2387=DIRECTION('center_axis',(1.,0.,0.));
#2388=DIRECTION('ref_axis',(0.,0.,-1.));
#2389=DIRECTION('',(1.,0.,0.));
#2390=DIRECTION('',(1.,0.,0.));
#2391=DIRECTION('',(-1.,0.,0.));
#2392=DIRECTION('center_axis',(1.,0.,0.));
#2393=DIRECTION('ref_axis',(0.,1.22464679914735E-16,1.));
#2394=DIRECTION('center_axis',(0.,1.,0.));
#2395=DIRECTION('ref_axis',(1.,0.,0.));
#2396=DIRECTION('',(0.,-1.,0.));
#2397=DIRECTION('',(0.,1.,0.));
#2398=DIRECTION('center_axis',(0.,1.,0.));
#2399=DIRECTION('ref_axis',(1.,0.,0.));
#2400=DIRECTION('',(0.,-1.,0.));
#2401=DIRECTION('center_axis',(0.,1.,0.));
#2402=DIRECTION('ref_axis',(1.,0.,0.));
#2403=DIRECTION('',(0.,1.,0.));
#2404=DIRECTION('center_axis',(0.,1.,0.));
#2405=DIRECTION('ref_axis',(1.,0.,0.));
#2406=DIRECTION('',(0.,-1.,0.));
#2407=DIRECTION('center_axis',(0.,0.,1.));
#2408=DIRECTION('ref_axis',(1.,0.,0.));
#2409=DIRECTION('center_axis',(1.,0.,0.));
#2410=DIRECTION('ref_axis',(0.,0.,-1.));
#2411=DIRECTION('center_axis',(-1.,0.,0.));
#2412=DIRECTION('ref_axis',(0.,0.,-1.));
#2413=DIRECTION('center_axis',(-1.,0.,0.));
#2414=DIRECTION('ref_axis',(0.,0.,-1.));
#2415=DIRECTION('center_axis',(1.,0.,0.));
#2416=DIRECTION('ref_axis',(0.,0.,-1.));
#2417=DIRECTION('',(0.,1.,0.));
#2418=DIRECTION('center_axis',(-1.,0.,0.));
#2419=DIRECTION('ref_axis',(0.,0.,-1.));
#2420=DIRECTION('center_axis',(1.,0.,0.));
#2421=DIRECTION('ref_axis',(0.,0.,-1.));
#2422=DIRECTION('',(0.,-1.,0.));
#2423=DIRECTION('center_axis',(-1.,0.,0.));
#2424=DIRECTION('ref_axis',(0.,0.,-1.));
#2425=DIRECTION('center_axis',(-1.,0.,0.));
#2426=DIRECTION('ref_axis',(0.,0.,-1.));
#2427=DIRECTION('center_axis',(-1.,0.,0.));
#2428=DIRECTION('ref_axis',(0.,0.,-1.));
#2429=DIRECTION('center_axis',(-1.,0.,0.));
#2430=DIRECTION('ref_axis',(0.,0.,-1.));
#2431=DIRECTION('center_axis',(-1.,0.,0.));
#2432=DIRECTION('ref_axis',(0.,0.,-1.));
#2433=DIRECTION('center_axis',(-1.,0.,0.));
#2434=DIRECTION('ref_axis',(0.,0.,-1.));
#2435=DIRECTION('center_axis',(1.,0.,0.));
#2436=DIRECTION('ref_axis',(0.,1.22464679914735E-16,1.));
#2437=DIRECTION('center_axis',(1.,0.,0.));
#2438=DIRECTION('ref_axis',(0.,0.,-1.));
#2439=DIRECTION('',(-1.,0.,0.));
#2440=DIRECTION('center_axis',(1.,0.,0.));
#2441=DIRECTION('ref_axis',(0.,0.,-1.));
#2442=DIRECTION('',(1.,0.,0.));
#2443=DIRECTION('center_axis',(1.,0.,0.));
#2444=DIRECTION('ref_axis',(0.,0.,-1.));
#2445=DIRECTION('center_axis',(1.,0.,0.));
#2446=DIRECTION('ref_axis',(0.,0.,-1.));
#2447=DIRECTION('center_axis',(1.,0.,0.));
#2448=DIRECTION('ref_axis',(0.,0.,-1.));
#2449=DIRECTION('',(-1.,0.,0.));
#2450=DIRECTION('center_axis',(1.,0.,0.));
#2451=DIRECTION('ref_axis',(0.,0.,-1.));
#2452=DIRECTION('center_axis',(-1.,0.,0.));
#2453=DIRECTION('ref_axis',(0.,0.,1.));
#2454=DIRECTION('',(0.,0.,-1.));
#2455=DIRECTION('',(0.,1.,0.));
#2456=DIRECTION('',(0.,1.,0.));
#2457=DIRECTION('center_axis',(-1.,0.,0.));
#2458=DIRECTION('ref_axis',(0.,0.,-1.));
#2459=DIRECTION('center_axis',(1.,0.,0.));
#2460=DIRECTION('ref_axis',(0.,0.,-1.));
#2461=DIRECTION('',(0.,1.,0.));
#2462=DIRECTION('center_axis',(1.,0.,0.));
#2463=DIRECTION('ref_axis',(0.,0.,-1.));
#2464=DIRECTION('',(0.,-1.,0.));
#2465=DIRECTION('center_axis',(-1.,0.,0.));
#2466=DIRECTION('ref_axis',(0.,0.,-1.));
#2467=DIRECTION('',(0.,1.,0.));
#2468=DIRECTION('',(0.,0.,1.));
#2469=DIRECTION('center_axis',(1.,0.,0.));
#2470=DIRECTION('ref_axis',(0.,0.,-1.));
#2471=DIRECTION('center_axis',(1.,0.,0.));
#2472=DIRECTION('ref_axis',(0.,0.,-1.));
#2473=DIRECTION('center_axis',(1.,0.,0.));
#2474=DIRECTION('ref_axis',(0.,0.,-1.));
#2475=DIRECTION('center_axis',(1.,0.,0.));
#2476=DIRECTION('ref_axis',(0.,0.,-1.));
#2477=DIRECTION('center_axis',(1.,0.,0.));
#2478=DIRECTION('ref_axis',(0.,0.,-1.));
#2479=DIRECTION('center_axis',(0.,1.,0.));
#2480=DIRECTION('ref_axis',(1.,0.,0.));
#2481=DIRECTION('',(0.,-1.,0.));
#2482=DIRECTION('center_axis',(0.,-1.,0.));
#2483=DIRECTION('ref_axis',(1.,0.,0.));
#2484=DIRECTION('',(0.,1.,0.));
#2485=DIRECTION('center_axis',(0.,0.,1.));
#2486=DIRECTION('ref_axis',(1.,0.,0.));
#2487=DIRECTION('',(-1.,0.,0.));
#2488=DIRECTION('center_axis',(1.,0.,0.));
#2489=DIRECTION('ref_axis',(0.,0.,-1.));
#2490=DIRECTION('center_axis',(0.,-1.,0.));
#2491=DIRECTION('ref_axis',(-1.,0.,0.));
#2492=DIRECTION('center_axis',(0.,1.,0.));
#2493=DIRECTION('ref_axis',(1.,0.,0.));
#2494=DIRECTION('center_axis',(0.,-1.,0.));
#2495=DIRECTION('ref_axis',(-1.,0.,0.));
#2496=DIRECTION('center_axis',(0.,1.,0.));
#2497=DIRECTION('ref_axis',(1.,0.,0.));
#2498=DIRECTION('center_axis',(0.,1.,0.));
#2499=DIRECTION('ref_axis',(1.,0.,0.));
#2500=DIRECTION('center_axis',(0.,-1.,0.));
#2501=DIRECTION('ref_axis',(1.,0.,0.));
#2502=DIRECTION('center_axis',(0.,1.,0.));
#2503=DIRECTION('ref_axis',(1.,0.,0.));
#2504=DIRECTION('center_axis',(0.,-1.,0.));
#2505=DIRECTION('ref_axis',(1.,0.,0.));
#2506=DIRECTION('center_axis',(1.,0.,0.));
#2507=DIRECTION('ref_axis',(0.,0.,-1.));
#2508=DIRECTION('',(-1.,0.,0.));
#2509=DIRECTION('center_axis',(-1.,0.,0.));
#2510=DIRECTION('ref_axis',(0.,0.,-1.));
#2511=DIRECTION('center_axis',(1.,0.,0.));
#2512=DIRECTION('ref_axis',(0.,0.,-1.));
#2513=DIRECTION('',(1.,0.,0.));
#2514=DIRECTION('center_axis',(-1.,0.,0.));
#2515=DIRECTION('ref_axis',(0.,0.,-1.));
#2516=DIRECTION('',(-1.,0.,0.));
#2517=DIRECTION('center_axis',(1.,0.,0.));
#2518=DIRECTION('ref_axis',(0.,0.,-1.));
#2519=DIRECTION('center_axis',(1.,0.,0.));
#2520=DIRECTION('ref_axis',(0.,0.,-1.));
#2521=DIRECTION('center_axis',(-1.,0.,0.));
#2522=DIRECTION('ref_axis',(0.,0.,-1.));
#2523=DIRECTION('center_axis',(-1.,0.,0.));
#2524=DIRECTION('ref_axis',(0.,0.,1.));
#2525=DIRECTION('center_axis',(1.,0.,0.));
#2526=DIRECTION('ref_axis',(0.,0.,-1.));
#2527=DIRECTION('center_axis',(1.,0.,0.));
#2528=DIRECTION('ref_axis',(0.,0.,-1.));
#2529=DIRECTION('center_axis',(1.,0.,0.));
#2530=DIRECTION('ref_axis',(0.,0.,-1.));
#2531=DIRECTION('center_axis',(1.,0.,0.));
#2532=DIRECTION('ref_axis',(0.,0.,-1.));
#2533=DIRECTION('',(1.,0.,0.));
#2534=DIRECTION('center_axis',(-1.,0.,0.));
#2535=DIRECTION('ref_axis',(0.,0.,-1.));
#2536=DIRECTION('center_axis',(1.,0.,0.));
#2537=DIRECTION('ref_axis',(0.,0.,-1.));
#2538=DIRECTION('center_axis',(1.,0.,0.));
#2539=DIRECTION('ref_axis',(0.,0.,-1.));
#2540=DIRECTION('',(-1.,0.,0.));
#2541=DIRECTION('center_axis',(-1.,0.,0.));
#2542=DIRECTION('ref_axis',(0.,0.,-1.));
#2543=DIRECTION('center_axis',(1.,0.,0.));
#2544=DIRECTION('ref_axis',(0.,0.,-1.));
#2545=DIRECTION('center_axis',(-1.,0.,0.));
#2546=DIRECTION('ref_axis',(0.,0.,-1.));
#2547=DIRECTION('center_axis',(1.,0.,0.));
#2548=DIRECTION('ref_axis',(0.,0.,-1.));
#2549=DIRECTION('center_axis',(1.,0.,0.));
#2550=DIRECTION('ref_axis',(0.,0.,-1.));
#2551=DIRECTION('center_axis',(1.,0.,0.));
#2552=DIRECTION('ref_axis',(0.,0.,-1.));
#2553=DIRECTION('center_axis',(1.,0.,0.));
#2554=DIRECTION('ref_axis',(0.,0.,-1.));
#2555=DIRECTION('',(-1.,0.,0.));
#2556=DIRECTION('',(1.,0.,0.));
#2557=DIRECTION('center_axis',(-1.,0.,0.));
#2558=DIRECTION('ref_axis',(0.,0.,-1.));
#2559=DIRECTION('center_axis',(-1.,0.,0.));
#2560=DIRECTION('ref_axis',(0.,0.,1.));
#2561=DIRECTION('center_axis',(1.,0.,0.));
#2562=DIRECTION('ref_axis',(0.,0.,-1.));
#2563=DIRECTION('center_axis',(1.,0.,0.));
#2564=DIRECTION('ref_axis',(0.,0.,-1.));
#2565=DIRECTION('center_axis',(1.,0.,0.));
#2566=DIRECTION('ref_axis',(0.,0.,-1.));
#2567=DIRECTION('',(0.,-1.,0.));
#2568=DIRECTION('center_axis',(1.,0.,0.));
#2569=DIRECTION('ref_axis',(0.,0.,-1.));
#2570=DIRECTION('center_axis',(0.,1.,0.));
#2571=DIRECTION('ref_axis',(1.,0.,0.));
#2572=DIRECTION('center_axis',(0.,1.,0.));
#2573=DIRECTION('ref_axis',(1.,0.,0.));
#2574=DIRECTION('center_axis',(0.,-1.,0.));
#2575=DIRECTION('ref_axis',(1.,0.,0.));
#2576=DIRECTION('center_axis',(0.,1.,0.));
#2577=DIRECTION('ref_axis',(1.,0.,0.));
#2578=DIRECTION('center_axis',(0.,1.,0.));
#2579=DIRECTION('ref_axis',(1.,0.,0.));
#2580=DIRECTION('center_axis',(0.,1.,0.));
#2581=DIRECTION('ref_axis',(1.,0.,0.));
#2582=DIRECTION('center_axis',(0.,1.,0.));
#2583=DIRECTION('ref_axis',(1.,0.,0.));
#2584=DIRECTION('center_axis',(0.,-1.,0.));
#2585=DIRECTION('ref_axis',(-1.,0.,0.));
#2586=DIRECTION('center_axis',(0.,0.,1.));
#2587=DIRECTION('ref_axis',(1.,0.,0.));
#2588=DIRECTION('',(1.,0.,0.));
#2589=DIRECTION('center_axis',(0.,-1.,0.));
#2590=DIRECTION('ref_axis',(-1.,0.,0.));
#2591=DIRECTION('center_axis',(0.,-1.,0.));
#2592=DIRECTION('ref_axis',(-1.,0.,0.));
#2593=DIRECTION('center_axis',(0.,-1.,0.));
#2594=DIRECTION('ref_axis',(1.,0.,0.));
#2595=DIRECTION('center_axis',(0.,1.,0.));
#2596=DIRECTION('ref_axis',(1.,0.,0.));
#2597=DIRECTION('center_axis',(0.,1.,0.));
#2598=DIRECTION('ref_axis',(1.,0.,0.));
#2599=DIRECTION('center_axis',(0.,1.,0.));
#2600=DIRECTION('ref_axis',(1.,0.,0.));
#2601=DIRECTION('center_axis',(0.,1.,0.));
#2602=DIRECTION('ref_axis',(1.,0.,0.));
#2603=DIRECTION('center_axis',(0.,1.,0.));
#2604=DIRECTION('ref_axis',(1.,0.,0.));
#2605=DIRECTION('center_axis',(0.,-1.,0.));
#2606=DIRECTION('ref_axis',(1.,0.,0.));
#2607=DIRECTION('center_axis',(0.,-1.,0.));
#2608=DIRECTION('ref_axis',(-1.,0.,0.));
#2609=DIRECTION('center_axis',(0.,1.,0.));
#2610=DIRECTION('ref_axis',(0.,0.,1.));
#2611=DIRECTION('center_axis',(0.,-1.,0.));
#2612=DIRECTION('ref_axis',(-1.,0.,0.));
#2613=DIRECTION('center_axis',(0.,0.,1.));
#2614=DIRECTION('ref_axis',(1.,0.,0.));
#2615=DIRECTION('',(-1.,0.,0.));
#2616=DIRECTION('',(1.,0.,0.));
#2617=DIRECTION('',(0.,-1.,0.));
#2618=DIRECTION('',(0.,1.,0.));
#2619=DIRECTION('',(1.,0.,0.));
#2620=DIRECTION('',(-1.,0.,0.));
#2621=DIRECTION('center_axis',(0.,0.,1.));
#2622=DIRECTION('ref_axis',(1.,0.,0.));
#2623=DIRECTION('',(-1.,0.,0.));
#2624=DIRECTION('',(1.,0.,0.));
#2625=DIRECTION('',(0.,1.,0.));
#2626=DIRECTION('',(1.,0.,0.));
#2627=DIRECTION('',(1.,0.,0.));
#2628=DIRECTION('center_axis',(1.,0.,0.));
#2629=DIRECTION('ref_axis',(0.,0.,-1.));
#2630=DIRECTION('',(1.,0.,0.));
#2631=DIRECTION('center_axis',(1.,0.,0.));
#2632=DIRECTION('ref_axis',(0.,0.,-1.));
#2633=DIRECTION('',(1.,0.,0.));
#2634=DIRECTION('center_axis',(1.,0.,0.));
#2635=DIRECTION('ref_axis',(0.,0.,-1.));
#2636=DIRECTION('',(1.,0.,0.));
#2637=DIRECTION('center_axis',(1.,0.,0.));
#2638=DIRECTION('ref_axis',(0.,0.,-1.));
#2639=DIRECTION('',(1.,0.,0.));
#2640=DIRECTION('center_axis',(1.,0.,0.));
#2641=DIRECTION('ref_axis',(0.,0.,-1.));
#2642=DIRECTION('center_axis',(1.,0.,0.));
#2643=DIRECTION('ref_axis',(0.,0.,-1.));
#2644=DIRECTION('center_axis',(1.,0.,0.));
#2645=DIRECTION('ref_axis',(0.,0.,-1.));
#2646=DIRECTION('center_axis',(1.,0.,0.));
#2647=DIRECTION('ref_axis',(0.,0.,-1.));
#2648=DIRECTION('',(0.,-1.,0.));
#2649=DIRECTION('center_axis',(0.,0.,1.));
#2650=DIRECTION('ref_axis',(1.,0.,0.));
#2651=DIRECTION('',(1.,0.,0.));
#2652=DIRECTION('',(0.,-1.,0.));
#2653=DIRECTION('',(1.,0.,0.));
#2654=DIRECTION('center_axis',(0.,1.,0.));
#2655=DIRECTION('ref_axis',(0.,0.,1.));
#2656=DIRECTION('',(0.,0.,-1.));
#2657=DIRECTION('',(-1.,0.,0.));
#2658=DIRECTION('center_axis',(1.,0.,0.));
#2659=DIRECTION('ref_axis',(0.,0.,-1.));
#2660=DIRECTION('',(0.,0.,1.));
#2661=DIRECTION('',(0.,0.,-1.));
#2662=DIRECTION('',(0.,1.,0.));
#2663=DIRECTION('center_axis',(0.,0.,1.));
#2664=DIRECTION('ref_axis',(1.,0.,0.));
#2665=DIRECTION('',(1.,0.,0.));
#2666=DIRECTION('center_axis',(0.,-1.,0.));
#2667=DIRECTION('ref_axis',(0.,0.,-1.));
#2668=DIRECTION('center_axis',(0.,1.,0.));
#2669=DIRECTION('ref_axis',(0.,0.,1.));
#2670=DIRECTION('center_axis',(0.,1.,0.));
#2671=DIRECTION('ref_axis',(1.,0.,0.));
#2672=DIRECTION('',(0.,1.,0.));
#2673=DIRECTION('center_axis',(1.,0.,0.));
#2674=DIRECTION('ref_axis',(0.,0.,-1.));
#2675=DIRECTION('center_axis',(-1.,0.,0.));
#2676=DIRECTION('ref_axis',(0.,0.,-1.));
#2677=DIRECTION('center_axis',(1.,0.,0.));
#2678=DIRECTION('ref_axis',(0.,0.,-1.));
#2679=DIRECTION('center_axis',(-1.,0.,0.));
#2680=DIRECTION('ref_axis',(0.,0.,-1.));
#2681=DIRECTION('center_axis',(-1.,0.,0.));
#2682=DIRECTION('ref_axis',(0.,0.,1.));
#2683=DIRECTION('center_axis',(-1.,0.,0.));
#2684=DIRECTION('ref_axis',(0.,0.,-1.));
#2685=DIRECTION('center_axis',(-1.,0.,0.));
#2686=DIRECTION('ref_axis',(0.,0.,1.));
#2687=DIRECTION('center_axis',(1.,0.,0.));
#2688=DIRECTION('ref_axis',(0.,0.,-1.));
#2689=DIRECTION('center_axis',(1.,0.,0.));
#2690=DIRECTION('ref_axis',(0.,0.,-1.));
#2691=DIRECTION('center_axis',(1.,0.,0.));
#2692=DIRECTION('ref_axis',(0.,0.,-1.));
#2693=DIRECTION('center_axis',(-1.,0.,0.));
#2694=DIRECTION('ref_axis',(0.,0.,-1.));
#2695=DIRECTION('',(1.,0.,0.));
#2696=DIRECTION('center_axis',(-1.,0.,0.));
#2697=DIRECTION('ref_axis',(0.,0.,1.));
#2698=DIRECTION('center_axis',(1.,0.,0.));
#2699=DIRECTION('ref_axis',(0.,0.,-1.));
#2700=DIRECTION('center_axis',(1.,0.,0.));
#2701=DIRECTION('ref_axis',(0.,0.,-1.));
#2702=DIRECTION('',(1.,0.,0.));
#2703=DIRECTION('center_axis',(1.,0.,0.));
#2704=DIRECTION('ref_axis',(0.,0.,-1.));
#2705=DIRECTION('center_axis',(1.,0.,0.));
#2706=DIRECTION('ref_axis',(0.,0.,-1.));
#2707=DIRECTION('center_axis',(-1.,0.,0.));
#2708=DIRECTION('ref_axis',(0.,0.,-1.));
#2709=DIRECTION('center_axis',(1.,0.,0.));
#2710=DIRECTION('ref_axis',(0.,0.,-1.));
#2711=DIRECTION('',(1.,0.,0.));
#2712=DIRECTION('center_axis',(1.,0.,0.));
#2713=DIRECTION('ref_axis',(0.,0.,-1.));
#2714=DIRECTION('center_axis',(1.,0.,0.));
#2715=DIRECTION('ref_axis',(0.,0.,-1.));
#2716=DIRECTION('center_axis',(1.,0.,0.));
#2717=DIRECTION('ref_axis',(0.,0.,-1.));
#2718=CARTESIAN_POINT('',(0.,0.,0.));
#2719=CARTESIAN_POINT('Origin',(326.5,0.,242.));
#2720=CARTESIAN_POINT('',(326.5,40.,265.757359312881));
#2721=CARTESIAN_POINT('',(326.5,30.,265.757359312881));
#2722=CARTESIAN_POINT('',(326.5,28.,265.757359312881));
#2723=CARTESIAN_POINT('',(326.5,30.,264.));
#2724=CARTESIAN_POINT('',(326.5,30.,255.5));
#2725=CARTESIAN_POINT('',(326.5,17.495427974188,264.));
#2726=CARTESIAN_POINT('',(326.5,0.,264.));
#2727=CARTESIAN_POINT('',(326.5,10.4592636354438,267.797370454852));
#2728=CARTESIAN_POINT('Origin',(326.5,0.,240.));
#2729=CARTESIAN_POINT('',(326.5,10.,272.25));
#2730=CARTESIAN_POINT('Origin',(326.5,10.,270.));
#2731=CARTESIAN_POINT('',(326.5,8.31101136455615,268.513454545148));
#2732=CARTESIAN_POINT('Origin',(326.5,10.,270.));
#2733=CARTESIAN_POINT('',(326.5,-8.31101136455615,268.513454545148));
#2734=CARTESIAN_POINT('Origin',(326.5,0.,240.));
#2735=CARTESIAN_POINT('',(326.5,-10.,272.25));
#2736=CARTESIAN_POINT('Origin',(326.5,-10.,270.));
#2737=CARTESIAN_POINT('',(326.5,-10.4592636354438,267.797370454852));
#2738=CARTESIAN_POINT('Origin',(326.5,-10.,270.));
#2739=CARTESIAN_POINT('',(326.5,-17.495427974188,264.));
#2740=CARTESIAN_POINT('Origin',(326.5,0.,240.));
#2741=CARTESIAN_POINT('',(326.5,-30.,264.));
#2742=CARTESIAN_POINT('',(326.5,0.,264.));
#2743=CARTESIAN_POINT('',(326.5,-30.,265.757359312881));
#2744=CARTESIAN_POINT('',(326.5,-30.,255.5));
#2745=CARTESIAN_POINT('',(326.5,-40.,265.757359312881));
#2746=CARTESIAN_POINT('',(326.5,-28.,265.757359312881));
#2747=CARTESIAN_POINT('',(326.5,-40.,274.242640687119));
#2748=CARTESIAN_POINT('',(326.5,-40.,256.));
#2749=CARTESIAN_POINT('',(326.5,-30.,274.242640687119));
#2750=CARTESIAN_POINT('',(326.5,-28.,274.242640687119));
#2751=CARTESIAN_POINT('',(326.5,-30.,279.));
#2752=CARTESIAN_POINT('',(326.5,-30.,255.5));
#2753=CARTESIAN_POINT('',(326.5,30.,279.));
#2754=CARTESIAN_POINT('',(326.5,0.,279.));
#2755=CARTESIAN_POINT('',(326.5,30.,274.242640687119));
#2756=CARTESIAN_POINT('',(326.5,30.,255.5));
#2757=CARTESIAN_POINT('',(326.5,40.,274.242640687119));
#2758=CARTESIAN_POINT('',(326.5,28.,274.242640687119));
#2759=CARTESIAN_POINT('',(326.5,40.,256.));
#2760=CARTESIAN_POINT('',(326.5,-23.,272.25));
#2761=CARTESIAN_POINT('Origin',(326.5,-23.,270.));
#2762=CARTESIAN_POINT('',(326.5,23.,272.25));
#2763=CARTESIAN_POINT('Origin',(326.5,23.,270.));
#2764=CARTESIAN_POINT('Origin',(326.5,0.,242.));
#2765=CARTESIAN_POINT('',(326.5,-30.,206.570714360104));
#2766=CARTESIAN_POINT('',(326.5,-40.,206.570714360104));
#2767=CARTESIAN_POINT('',(326.5,-28.,206.570714360104));
#2768=CARTESIAN_POINT('',(326.5,-40.,213.429285639896));
#2769=CARTESIAN_POINT('',(326.5,-40.,226.));
#2770=CARTESIAN_POINT('',(326.5,-30.,213.429285639896));
#2771=CARTESIAN_POINT('',(326.5,-28.,213.429285639896));
#2772=CARTESIAN_POINT('',(326.5,-30.,216.));
#2773=CARTESIAN_POINT('',(326.5,-30.,226.5));
#2774=CARTESIAN_POINT('',(326.5,-17.495427974188,216.));
#2775=CARTESIAN_POINT('',(326.5,0.,216.));
#2776=CARTESIAN_POINT('',(326.5,17.495427974188,216.));
#2777=CARTESIAN_POINT('Origin',(326.5,0.,240.));
#2778=CARTESIAN_POINT('',(326.5,30.,216.));
#2779=CARTESIAN_POINT('',(326.5,0.,216.));
#2780=CARTESIAN_POINT('',(326.5,30.,213.429285639896));
#2781=CARTESIAN_POINT('',(326.5,30.,226.5));
#2782=CARTESIAN_POINT('',(326.5,40.,213.429285639896));
#2783=CARTESIAN_POINT('',(326.5,28.,213.429285639896));
#2784=CARTESIAN_POINT('',(326.5,40.,206.570714360104));
#2785=CARTESIAN_POINT('',(326.5,40.,226.));
#2786=CARTESIAN_POINT('',(326.5,30.,206.570714360104));
#2787=CARTESIAN_POINT('',(326.5,28.,206.570714360104));
#2788=CARTESIAN_POINT('',(326.5,30.,206.));
#2789=CARTESIAN_POINT('',(326.5,30.,226.5));
#2790=CARTESIAN_POINT('',(326.5,-30.,206.));
#2791=CARTESIAN_POINT('',(326.5,0.,206.));
#2792=CARTESIAN_POINT('',(326.5,-30.,226.5));
#2793=CARTESIAN_POINT('',(326.5,-18.,213.25));
#2794=CARTESIAN_POINT('Origin',(326.5,-18.,211.));
#2795=CARTESIAN_POINT('',(326.5,18.,213.25));
#2796=CARTESIAN_POINT('Origin',(326.5,18.,211.));
#2797=CARTESIAN_POINT('Origin',(368.5,0.,242.));
#2798=CARTESIAN_POINT('',(368.5,30.,216.));
#2799=CARTESIAN_POINT('',(368.5,17.495427974188,216.));
#2800=CARTESIAN_POINT('',(368.5,0.,216.));
#2801=CARTESIAN_POINT('',(368.5,-17.495427974188,216.));
#2802=CARTESIAN_POINT('Origin',(368.5,0.,240.));
#2803=CARTESIAN_POINT('',(368.5,-30.,216.));
#2804=CARTESIAN_POINT('',(368.5,0.,216.));
#2805=CARTESIAN_POINT('',(368.5,-30.,206.));
#2806=CARTESIAN_POINT('',(368.5,-30.,226.5));
#2807=CARTESIAN_POINT('',(368.5,30.,206.));
#2808=CARTESIAN_POINT('',(368.5,0.,206.));
#2809=CARTESIAN_POINT('',(368.5,30.,226.5));
#2810=CARTESIAN_POINT('',(368.5,-18.,213.25));
#2811=CARTESIAN_POINT('Origin',(368.5,-18.,211.));
#2812=CARTESIAN_POINT('',(368.5,18.,213.25));
#2813=CARTESIAN_POINT('Origin',(368.5,18.,211.));
#2814=CARTESIAN_POINT('Origin',(368.5,0.,242.));
#2815=CARTESIAN_POINT('',(368.5,39.,267.8935055785));
#2816=CARTESIAN_POINT('',(368.5,39.,279.));
#2817=CARTESIAN_POINT('',(368.5,39.,271.44675278925));
#2818=CARTESIAN_POINT('',(368.5,-39.,279.));
#2819=CARTESIAN_POINT('',(368.5,0.,279.));
#2820=CARTESIAN_POINT('',(368.5,-39.,267.8935055785));
#2821=CARTESIAN_POINT('',(368.5,-39.,271.44675278925));
#2822=CARTESIAN_POINT('',(368.5,-32.,267.8935055785));
#2823=CARTESIAN_POINT('',(368.5,-17.75,267.8935055785));
#2824=CARTESIAN_POINT('',(368.5,-32.,274.));
#2825=CARTESIAN_POINT('',(368.5,-32.,271.44675278925));
#2826=CARTESIAN_POINT('',(368.5,-30.,274.));
#2827=CARTESIAN_POINT('',(368.5,-16.5,274.));
#2828=CARTESIAN_POINT('',(368.5,-30.,264.));
#2829=CARTESIAN_POINT('',(368.5,-30.,255.5));
#2830=CARTESIAN_POINT('',(368.5,-17.495427974188,264.));
#2831=CARTESIAN_POINT('',(368.5,0.,264.));
#2832=CARTESIAN_POINT('',(368.5,-10.4592636354438,267.797370454852));
#2833=CARTESIAN_POINT('Origin',(368.5,0.,240.));
#2834=CARTESIAN_POINT('',(368.5,-10.,272.25));
#2835=CARTESIAN_POINT('Origin',(368.5,-10.,270.));
#2836=CARTESIAN_POINT('',(368.5,-8.31101136455615,268.513454545148));
#2837=CARTESIAN_POINT('Origin',(368.5,-10.,270.));
#2838=CARTESIAN_POINT('',(368.5,8.31101136455615,268.513454545148));
#2839=CARTESIAN_POINT('Origin',(368.5,0.,240.));
#2840=CARTESIAN_POINT('',(368.5,10.,272.25));
#2841=CARTESIAN_POINT('Origin',(368.5,10.,270.));
#2842=CARTESIAN_POINT('',(368.5,10.4592636354438,267.797370454852));
#2843=CARTESIAN_POINT('Origin',(368.5,10.,270.));
#2844=CARTESIAN_POINT('',(368.5,17.495427974188,264.));
#2845=CARTESIAN_POINT('Origin',(368.5,0.,240.));
#2846=CARTESIAN_POINT('',(368.5,30.,264.));
#2847=CARTESIAN_POINT('',(368.5,0.,264.));
#2848=CARTESIAN_POINT('',(368.5,30.,274.));
#2849=CARTESIAN_POINT('',(368.5,30.,255.5));
#2850=CARTESIAN_POINT('',(368.5,32.,274.));
#2851=CARTESIAN_POINT('',(368.5,16.5,274.));
#2852=CARTESIAN_POINT('',(368.5,32.,267.8935055785));
#2853=CARTESIAN_POINT('',(368.5,32.,271.44675278925));
#2854=CARTESIAN_POINT('',(368.5,17.75,267.8935055785));
#2855=CARTESIAN_POINT('',(368.5,-23.,272.25));
#2856=CARTESIAN_POINT('Origin',(368.5,-23.,270.));
#2857=CARTESIAN_POINT('',(368.5,23.,272.25));
#2858=CARTESIAN_POINT('Origin',(368.5,23.,270.));
#2859=CARTESIAN_POINT('Origin',(330.,40.,210.));
#2860=CARTESIAN_POINT('Origin',(330.,40.,210.));
#2861=CARTESIAN_POINT('Origin',(330.,28.,210.));
#2862=CARTESIAN_POINT('',(332.830194339617,30.,206.));
#2863=CARTESIAN_POINT('Origin',(330.,30.,210.));
#2864=CARTESIAN_POINT('',(332.830194339617,16.,206.));
#2865=CARTESIAN_POINT('',(332.830194339617,28.,206.));
#2866=CARTESIAN_POINT('',(327.169805660383,16.,206.));
#2867=CARTESIAN_POINT('Origin',(330.,16.,210.));
#2868=CARTESIAN_POINT('',(327.169805660383,30.,206.));
#2869=CARTESIAN_POINT('',(327.169805660383,28.,206.));
#2870=CARTESIAN_POINT('Origin',(330.,30.,210.));
#2871=CARTESIAN_POINT('Origin',(342.,-30.,211.));
#2872=CARTESIAN_POINT('',(332.830194339617,-30.,206.));
#2873=CARTESIAN_POINT('Origin',(330.,-30.,210.));
#2874=CARTESIAN_POINT('',(342.,-30.,206.));
#2875=CARTESIAN_POINT('',(342.,-30.,216.));
#2876=CARTESIAN_POINT('Origin',(342.,0.,206.));
#2877=CARTESIAN_POINT('',(342.,30.,206.));
#2878=CARTESIAN_POINT('',(336.,16.,206.));
#2879=CARTESIAN_POINT('',(342.,30.,206.));
#2880=CARTESIAN_POINT('',(332.830194339617,-16.,206.));
#2881=CARTESIAN_POINT('',(332.830194339617,-28.,206.));
#2882=CARTESIAN_POINT('',(327.169805660383,-16.,206.));
#2883=CARTESIAN_POINT('',(336.,-16.,206.));
#2884=CARTESIAN_POINT('',(327.169805660383,-30.,206.));
#2885=CARTESIAN_POINT('',(327.169805660383,-28.,206.));
#2886=CARTESIAN_POINT('',(342.,-30.,206.));
#2887=CARTESIAN_POINT('Origin',(342.,30.,211.));
#2888=CARTESIAN_POINT('',(342.,30.,216.));
#2889=CARTESIAN_POINT('Origin',(342.,30.,211.));
#2890=CARTESIAN_POINT('Origin',(342.,0.,216.));
#2891=CARTESIAN_POINT('',(330.,17.495427974188,216.));
#2892=CARTESIAN_POINT('',(328.25,17.495427974188,216.));
#2893=CARTESIAN_POINT('',(330.,17.1537167984085,216.));
#2894=CARTESIAN_POINT('',(330.,0.,216.));
#2895=CARTESIAN_POINT('',(333.,17.1537167984085,216.));
#2896=CARTESIAN_POINT('',(331.5,17.1537167984085,216.));
#2897=CARTESIAN_POINT('',(333.,12.369316876853,216.));
#2898=CARTESIAN_POINT('',(333.,0.,216.));
#2899=CARTESIAN_POINT('',(361.,12.369316876853,216.));
#2900=CARTESIAN_POINT('',(347.,12.369316876853,216.));
#2901=CARTESIAN_POINT('',(361.,17.1537167984085,216.));
#2902=CARTESIAN_POINT('',(361.,0.,216.));
#2903=CARTESIAN_POINT('',(364.,17.1537167984085,216.));
#2904=CARTESIAN_POINT('',(362.5,17.1537167984085,216.));
#2905=CARTESIAN_POINT('',(364.,17.495427974188,216.));
#2906=CARTESIAN_POINT('',(364.,0.,216.));
#2907=CARTESIAN_POINT('',(366.25,17.495427974188,216.));
#2908=CARTESIAN_POINT('Origin',(330.,40.,270.));
#2909=CARTESIAN_POINT('Origin',(330.,40.,270.));
#2910=CARTESIAN_POINT('Origin',(330.,28.,270.));
#2911=CARTESIAN_POINT('Origin',(330.,30.,270.));
#2912=CARTESIAN_POINT('Origin',(376.,39.,300.8935055785));
#2913=CARTESIAN_POINT('',(366.,39.,279.));
#2914=CARTESIAN_POINT('',(361.75,39.,279.));
#2915=CARTESIAN_POINT('',(366.,39.,267.8935055785));
#2916=CARTESIAN_POINT('',(376.,39.,267.8935055785));
#2917=CARTESIAN_POINT('',(366.,39.,300.8935055785));
#2918=CARTESIAN_POINT('Origin',(376.,35.5,267.8935055785));
#2919=CARTESIAN_POINT('',(366.,32.,267.8935055785));
#2920=CARTESIAN_POINT('',(376.,32.,267.8935055785));
#2921=CARTESIAN_POINT('',(366.,35.5,267.8935055785));
#2922=CARTESIAN_POINT('Origin',(376.,32.,300.8935055785));
#2923=CARTESIAN_POINT('',(366.,32.,274.));
#2924=CARTESIAN_POINT('',(372.375,32.,274.));
#2925=CARTESIAN_POINT('',(366.,32.,300.8935055785));
#2926=CARTESIAN_POINT('Origin',(368.75,33.,274.));
#2927=CARTESIAN_POINT('',(366.,30.,274.));
#2928=CARTESIAN_POINT('',(355.375,30.,274.));
#2929=CARTESIAN_POINT('',(366.,33.,274.));
#2930=CARTESIAN_POINT('Origin',(342.,30.,269.));
#2931=CARTESIAN_POINT('',(366.,30.,279.));
#2932=CARTESIAN_POINT('',(339.75,30.,279.));
#2933=CARTESIAN_POINT('',(366.,30.,277.5));
#2934=CARTESIAN_POINT('',(342.,30.,264.));
#2935=CARTESIAN_POINT('Origin',(336.,10.,270.));
#2936=CARTESIAN_POINT('',(330.,10.4592636354438,267.797370454852));
#2937=CARTESIAN_POINT('',(336.,10.4592636354439,267.797370454852));
#2938=CARTESIAN_POINT('',(330.,9.52830094339712,267.8));
#2939=CARTESIAN_POINT('Origin',(330.,10.,270.));
#2940=CARTESIAN_POINT('',(332.2,7.75,270.));
#2941=CARTESIAN_POINT('Ctrl Pts',(332.2,7.75,270.));
#2942=CARTESIAN_POINT('Ctrl Pts',(332.2,7.75,269.849093306048));
#2943=CARTESIAN_POINT('Ctrl Pts',(332.184236247452,7.76542087050333,269.696698470102));
#2944=CARTESIAN_POINT('Ctrl Pts',(332.122171943548,7.82604745698797,269.400611941785));
#2945=CARTESIAN_POINT('Ctrl Pts',(332.075897227511,7.87122766240204,269.256909611606));
#2946=CARTESIAN_POINT('Ctrl Pts',(331.900280482015,8.04223204882603,268.853237754905));
#2947=CARTESIAN_POINT('Ctrl Pts',(331.732385022143,8.2052779076507,268.621115184922));
#2948=CARTESIAN_POINT('Ctrl Pts',(331.342352154676,8.57852926083864,268.231082317455));
#2949=CARTESIAN_POINT('Ctrl Pts',(331.088803132798,8.82024990084039,268.068136848063));
#2950=CARTESIAN_POINT('Ctrl Pts',(330.702092292407,9.15656700047429,267.910403292545));
#2951=CARTESIAN_POINT('Ctrl Pts',(330.574356311975,9.26305601778019,267.872024126126));
#2952=CARTESIAN_POINT('Ctrl Pts',(330.376392978418,9.39844536589898,267.831392484868));
#2953=CARTESIAN_POINT('Ctrl Pts',(330.309899984644,9.4392225294681,267.820750628374));
#2954=CARTESIAN_POINT('Ctrl Pts',(330.167005522356,9.5036876622687,267.805171053005));
#2955=CARTESIAN_POINT('Ctrl Pts',(330.091048876745,9.52830094339712,267.8));
#2956=CARTESIAN_POINT('Ctrl Pts',(330.,9.52830094339712,267.8));
#2957=CARTESIAN_POINT('',(327.8,7.75,270.));
#2958=CARTESIAN_POINT('',(336.,7.75,270.));
#2959=CARTESIAN_POINT('',(328.378216225676,8.31101136455489,268.513454545149));
#2960=CARTESIAN_POINT('Ctrl Pts',(328.378216225676,8.31101136455535,268.513454545149));
#2961=CARTESIAN_POINT('Ctrl Pts',(328.225980929799,8.1648335114003,268.679539431371));
#2962=CARTESIAN_POINT('Ctrl Pts',(328.085014676856,8.02791341236818,268.887038236198));
#2963=CARTESIAN_POINT('Ctrl Pts',(327.924102772489,7.87122766240204,269.256909611606));
#2964=CARTESIAN_POINT('Ctrl Pts',(327.877828056452,7.82604745698797,269.400611941785));
#2965=CARTESIAN_POINT('Ctrl Pts',(327.815763752548,7.76542087050333,269.696698470102));
#2966=CARTESIAN_POINT('Ctrl Pts',(327.8,7.75,269.849093306048));
#2967=CARTESIAN_POINT('Ctrl Pts',(327.8,7.75,270.));
#2968=CARTESIAN_POINT('',(336.,8.31101136455606,268.513454545148));
#2969=CARTESIAN_POINT('',(336.,10.,272.25));
#2970=CARTESIAN_POINT('',(364.,8.31101136455615,268.513454545148));
#2971=CARTESIAN_POINT('',(336.,8.31101136455606,268.513454545148));
#2972=CARTESIAN_POINT('',(364.,10.4592636354438,267.797370454852));
#2973=CARTESIAN_POINT('Origin',(364.,10.,270.));
#2974=CARTESIAN_POINT('',(336.,10.4592636354439,267.797370454852));
#2975=CARTESIAN_POINT('',(332.2,12.25,270.));
#2976=CARTESIAN_POINT('',(327.8,12.25,270.));
#2977=CARTESIAN_POINT('',(336.,12.25,270.));
#2978=CARTESIAN_POINT('Ctrl Pts',(327.8,12.25,270.));
#2979=CARTESIAN_POINT('Ctrl Pts',(327.8,12.25,269.849093306048));
#2980=CARTESIAN_POINT('Ctrl Pts',(327.815763752548,12.2345791294967,269.696698470102));
#2981=CARTESIAN_POINT('Ctrl Pts',(327.877828056452,12.173952543012,269.400611941785));
#2982=CARTESIAN_POINT('Ctrl Pts',(327.924102772489,12.128772337598,269.256909611606));
#2983=CARTESIAN_POINT('Ctrl Pts',(328.099719517985,11.957767951174,268.853237754905));
#2984=CARTESIAN_POINT('Ctrl Pts',(328.267614977857,11.7947220923493,268.621115184922));
#2985=CARTESIAN_POINT('Ctrl Pts',(328.657647845324,11.4214707391614,268.231082317455));
#2986=CARTESIAN_POINT('Ctrl Pts',(328.911196867202,11.1797500991597,268.068136848063));
#2987=CARTESIAN_POINT('Ctrl Pts',(329.297907707593,10.8434329995258,267.910403292545));
#2988=CARTESIAN_POINT('Ctrl Pts',(329.425643688025,10.7369439822199,267.872024126126));
#2989=CARTESIAN_POINT('Ctrl Pts',(329.623607021582,10.6015546341011,267.831392484868));
#2990=CARTESIAN_POINT('Ctrl Pts',(329.690100015356,10.5607774705319,267.820750628374));
#2991=CARTESIAN_POINT('Ctrl Pts',(329.832994477644,10.4963123377313,267.805171053005));
#2992=CARTESIAN_POINT('Ctrl Pts',(329.908951123255,10.4716990566029,267.8));
#2993=CARTESIAN_POINT('Ctrl Pts',(330.091048876745,10.4716990566029,267.8));
#2994=CARTESIAN_POINT('Ctrl Pts',(330.167005522356,10.4963123377313,267.805171053005));
#2995=CARTESIAN_POINT('Ctrl Pts',(330.309899984644,10.5607774705319,267.820750628374));
#2996=CARTESIAN_POINT('Ctrl Pts',(330.376392978418,10.601554634101,267.831392484868));
#2997=CARTESIAN_POINT('Ctrl Pts',(330.574356311975,10.7369439822198,267.872024126126));
#2998=CARTESIAN_POINT('Ctrl Pts',(330.702092292407,10.8434329995258,267.910403292545));
#2999=CARTESIAN_POINT('Ctrl Pts',(331.088803132798,11.1797500991597,268.068136848063));
#3000=CARTESIAN_POINT('Ctrl Pts',(331.342352154676,11.4214707391614,268.231082317455));
#3001=CARTESIAN_POINT('Ctrl Pts',(331.732385022143,11.7947220923493,268.621115184922));
#3002=CARTESIAN_POINT('Ctrl Pts',(331.900280482015,11.957767951174,268.853237754905));
#3003=CARTESIAN_POINT('Ctrl Pts',(332.075897227511,12.128772337598,269.256909611606));
#3004=CARTESIAN_POINT('Ctrl Pts',(332.122171943548,12.173952543012,269.400611941785));
#3005=CARTESIAN_POINT('Ctrl Pts',(332.184236247452,12.2345791294967,269.696698470102));
#3006=CARTESIAN_POINT('Ctrl Pts',(332.2,12.25,269.849093306048));
#3007=CARTESIAN_POINT('Ctrl Pts',(332.2,12.25,270.));
#3008=CARTESIAN_POINT('Origin',(336.,-10.,270.));
#3009=CARTESIAN_POINT('',(328.378216225676,-8.31101136455489,268.513454545149));
#3010=CARTESIAN_POINT('',(336.,-8.31101136455606,268.513454545148));
#3011=CARTESIAN_POINT('',(327.8,-7.75,270.));
#3012=CARTESIAN_POINT('Ctrl Pts',(327.8,-7.75,270.));
#3013=CARTESIAN_POINT('Ctrl Pts',(327.8,-7.75,269.849093306048));
#3014=CARTESIAN_POINT('Ctrl Pts',(327.815763752548,-7.76542087050333,269.696698470102));
#3015=CARTESIAN_POINT('Ctrl Pts',(327.877828056452,-7.82604745698797,269.400611941785));
#3016=CARTESIAN_POINT('Ctrl Pts',(327.924102772489,-7.87122766240204,269.256909611606));
#3017=CARTESIAN_POINT('Ctrl Pts',(328.085014676856,-8.02791341236818,268.887038236198));
#3018=CARTESIAN_POINT('Ctrl Pts',(328.225980929799,-8.16483351140034,268.679539431371));
#3019=CARTESIAN_POINT('Ctrl Pts',(328.378216225676,-8.31101136455537,268.513454545149));
#3020=CARTESIAN_POINT('',(332.2,-7.75,270.));
#3021=CARTESIAN_POINT('',(336.,-7.75,270.));
#3022=CARTESIAN_POINT('',(330.,-9.52830094339712,267.8));
#3023=CARTESIAN_POINT('Ctrl Pts',(330.,-9.52830094339712,267.8));
#3024=CARTESIAN_POINT('Ctrl Pts',(330.091048876745,-9.52830094339712,267.8));
#3025=CARTESIAN_POINT('Ctrl Pts',(330.167005522356,-9.50368766226867,267.805171053005));
#3026=CARTESIAN_POINT('Ctrl Pts',(330.309899984644,-9.43922252946806,267.820750628374));
#3027=CARTESIAN_POINT('Ctrl Pts',(330.376392978418,-9.39844536589889,267.831392484868));
#3028=CARTESIAN_POINT('Ctrl Pts',(330.574356311975,-9.26305601778011,267.872024126126));
#3029=CARTESIAN_POINT('Ctrl Pts',(330.702092292407,-9.15656700047423,267.910403292545));
#3030=CARTESIAN_POINT('Ctrl Pts',(331.088803132798,-8.82024990084033,268.068136848063));
#3031=CARTESIAN_POINT('Ctrl Pts',(331.342352154676,-8.57852926083864,268.231082317455));
#3032=CARTESIAN_POINT('Ctrl Pts',(331.732385022143,-8.2052779076507,268.621115184922));
#3033=CARTESIAN_POINT('Ctrl Pts',(331.900280482015,-8.04223204882603,268.853237754905));
#3034=CARTESIAN_POINT('Ctrl Pts',(332.075897227511,-7.87122766240204,269.256909611606));
#3035=CARTESIAN_POINT('Ctrl Pts',(332.122171943548,-7.82604745698797,269.400611941785));
#3036=CARTESIAN_POINT('Ctrl Pts',(332.184236247452,-7.76542087050333,269.696698470102));
#3037=CARTESIAN_POINT('Ctrl Pts',(332.2,-7.75,269.849093306048));
#3038=CARTESIAN_POINT('Ctrl Pts',(332.2,-7.75,270.));
#3039=CARTESIAN_POINT('',(330.,-10.4592636354438,267.797370454852));
#3040=CARTESIAN_POINT('Origin',(330.,-10.,270.));
#3041=CARTESIAN_POINT('',(336.,-10.4592636354439,267.797370454852));
#3042=CARTESIAN_POINT('',(336.,-10.,272.25));
#3043=CARTESIAN_POINT('',(364.,-10.4592636354438,267.797370454852));
#3044=CARTESIAN_POINT('',(336.,-10.4592636354439,267.797370454852));
#3045=CARTESIAN_POINT('',(364.,-8.31101136455615,268.513454545148));
#3046=CARTESIAN_POINT('Origin',(364.,-10.,270.));
#3047=CARTESIAN_POINT('',(336.,-8.31101136455606,268.513454545148));
#3048=CARTESIAN_POINT('',(327.8,-12.25,270.));
#3049=CARTESIAN_POINT('',(332.2,-12.25,270.));
#3050=CARTESIAN_POINT('',(336.,-12.25,270.));
#3051=CARTESIAN_POINT('Ctrl Pts',(332.2,-12.25,270.));
#3052=CARTESIAN_POINT('Ctrl Pts',(332.2,-12.25,269.849093306048));
#3053=CARTESIAN_POINT('Ctrl Pts',(332.184236247452,-12.2345791294967,269.696698470102));
#3054=CARTESIAN_POINT('Ctrl Pts',(332.122171943548,-12.173952543012,269.400611941785));
#3055=CARTESIAN_POINT('Ctrl Pts',(332.075897227511,-12.128772337598,269.256909611606));
#3056=CARTESIAN_POINT('Ctrl Pts',(331.900280482015,-11.957767951174,268.853237754905));
#3057=CARTESIAN_POINT('Ctrl Pts',(331.732385022143,-11.7947220923493,268.621115184922));
#3058=CARTESIAN_POINT('Ctrl Pts',(331.342352154676,-11.4214707391614,268.231082317455));
#3059=CARTESIAN_POINT('Ctrl Pts',(331.088803132798,-11.1797500991596,268.068136848063));
#3060=CARTESIAN_POINT('Ctrl Pts',(330.702092292407,-10.8434329995257,267.910403292545));
#3061=CARTESIAN_POINT('Ctrl Pts',(330.574356311975,-10.7369439822198,267.872024126126));
#3062=CARTESIAN_POINT('Ctrl Pts',(330.376392978418,-10.601554634101,267.831392484868));
#3063=CARTESIAN_POINT('Ctrl Pts',(330.309899984644,-10.5607774705319,267.820750628374));
#3064=CARTESIAN_POINT('Ctrl Pts',(330.167005522356,-10.4963123377313,267.805171053005));
#3065=CARTESIAN_POINT('Ctrl Pts',(330.091048876745,-10.4716990566029,267.8));
#3066=CARTESIAN_POINT('Ctrl Pts',(329.908951123255,-10.4716990566029,267.8));
#3067=CARTESIAN_POINT('Ctrl Pts',(329.832994477644,-10.4963123377313,267.805171053005));
#3068=CARTESIAN_POINT('Ctrl Pts',(329.690100015356,-10.560777470532,267.820750628374));
#3069=CARTESIAN_POINT('Ctrl Pts',(329.623607021582,-10.6015546341011,267.831392484868));
#3070=CARTESIAN_POINT('Ctrl Pts',(329.425643688025,-10.7369439822199,267.872024126126));
#3071=CARTESIAN_POINT('Ctrl Pts',(329.297907707593,-10.8434329995258,267.910403292545));
#3072=CARTESIAN_POINT('Ctrl Pts',(328.911196867202,-11.1797500991597,268.068136848063));
#3073=CARTESIAN_POINT('Ctrl Pts',(328.657647845324,-11.4214707391614,268.231082317455));
#3074=CARTESIAN_POINT('Ctrl Pts',(328.267614977857,-11.7947220923493,268.621115184922));
#3075=CARTESIAN_POINT('Ctrl Pts',(328.099719517985,-11.957767951174,268.853237754905));
#3076=CARTESIAN_POINT('Ctrl Pts',(327.924102772489,-12.128772337598,269.256909611606));
#3077=CARTESIAN_POINT('Ctrl Pts',(327.877828056452,-12.173952543012,269.400611941785));
#3078=CARTESIAN_POINT('Ctrl Pts',(327.815763752548,-12.2345791294967,269.696698470102));
#3079=CARTESIAN_POINT('Ctrl Pts',(327.8,-12.25,269.849093306048));
#3080=CARTESIAN_POINT('Ctrl Pts',(327.8,-12.25,270.));
#3081=CARTESIAN_POINT('Origin',(342.,0.,264.));
#3082=CARTESIAN_POINT('',(330.,-17.495427974188,264.));
#3083=CARTESIAN_POINT('',(328.25,-17.495427974188,264.));
#3084=CARTESIAN_POINT('',(330.,-17.1537167984085,264.));
#3085=CARTESIAN_POINT('',(330.,0.,264.));
#3086=CARTESIAN_POINT('',(333.,-17.1537167984085,264.));
#3087=CARTESIAN_POINT('',(331.5,-17.1537167984085,264.));
#3088=CARTESIAN_POINT('',(333.,-12.369316876853,264.));
#3089=CARTESIAN_POINT('',(333.,0.,264.));
#3090=CARTESIAN_POINT('',(361.,-12.369316876853,264.));
#3091=CARTESIAN_POINT('',(347.,-12.369316876853,264.));
#3092=CARTESIAN_POINT('',(361.,-17.1537167984085,264.));
#3093=CARTESIAN_POINT('',(361.,0.,264.));
#3094=CARTESIAN_POINT('',(364.,-17.1537167984085,264.));
#3095=CARTESIAN_POINT('',(362.5,-17.1537167984085,264.));
#3096=CARTESIAN_POINT('',(364.,-17.495427974188,264.));
#3097=CARTESIAN_POINT('',(364.,0.,264.));
#3098=CARTESIAN_POINT('',(366.25,-17.495427974188,264.));
#3099=CARTESIAN_POINT('',(342.,-30.,264.));
#3100=CARTESIAN_POINT('Origin',(368.75,-33.,274.));
#3101=CARTESIAN_POINT('',(366.,-32.,274.));
#3102=CARTESIAN_POINT('',(372.375,-32.,274.));
#3103=CARTESIAN_POINT('',(366.,-30.,274.));
#3104=CARTESIAN_POINT('',(366.,-33.,274.));
#3105=CARTESIAN_POINT('',(355.375,-30.,274.));
#3106=CARTESIAN_POINT('Origin',(336.,23.,270.));
#3107=CARTESIAN_POINT('',(336.,23.,272.25));
#3108=CARTESIAN_POINT('Origin',(336.,-23.,270.));
#3109=CARTESIAN_POINT('',(336.,-23.,272.25));
#3110=CARTESIAN_POINT('Origin',(342.,18.,211.));
#3111=CARTESIAN_POINT('',(342.,18.,213.25));
#3112=CARTESIAN_POINT('',(329.153863375576,16.,212.030776406404));
#3113=CARTESIAN_POINT('',(330.846136624424,16.,212.030776406404));
#3114=CARTESIAN_POINT('',(342.,16.,212.030776406404));
#3115=CARTESIAN_POINT('',(327.8,15.9844355629203,210.000000000005));
#3116=CARTESIAN_POINT('Ctrl Pts',(327.8,15.9844355629203,210.00000000001));
#3117=CARTESIAN_POINT('Ctrl Pts',(327.800000000001,15.9120893891524,210.145818375017));
#3118=CARTESIAN_POINT('Ctrl Pts',(327.815270192922,15.8529242471786,210.307043987247));
#3119=CARTESIAN_POINT('Ctrl Pts',(327.892820391836,15.7664409108563,210.662821705058));
#3120=CARTESIAN_POINT('Ctrl Pts',(327.965000207502,15.7481395971227,210.857564841849));
#3121=CARTESIAN_POINT('Ctrl Pts',(328.169687411215,15.7527688598971,211.24540024485));
#3122=CARTESIAN_POINT('Ctrl Pts',(328.350992082029,15.7945319905536,211.476331432417));
#3123=CARTESIAN_POINT('Ctrl Pts',(328.708000437544,15.8891880532112,211.796359307522));
#3124=CARTESIAN_POINT('Ctrl Pts',(328.92137580288,15.9500756290556,211.933908898312));
#3125=CARTESIAN_POINT('Ctrl Pts',(329.153863375576,16.,212.030776406404));
#3126=CARTESIAN_POINT('',(327.800215280349,16.,209.969223593596));
#3127=CARTESIAN_POINT('Ctrl Pts',(327.800215280349,16.,209.969223593596));
#3128=CARTESIAN_POINT('Ctrl Pts',(327.800072846319,15.9947530066858,209.97940425602));
#3129=CARTESIAN_POINT('Ctrl Pts',(327.8,15.9895633921801,209.989664529715));
#3130=CARTESIAN_POINT('Ctrl Pts',(327.8,15.9844355629203,210.00000000001));
#3131=CARTESIAN_POINT('',(332.199784719651,16.,209.969223593596));
#3132=CARTESIAN_POINT('',(342.,16.,209.969223593596));
#3133=CARTESIAN_POINT('Ctrl Pts',(330.846136624424,16.,212.030776406404));
#3134=CARTESIAN_POINT('Ctrl Pts',(331.07862419712,15.9500756290555,211.933908898312));
#3135=CARTESIAN_POINT('Ctrl Pts',(331.291999562456,15.8891880532112,211.796359307522));
#3136=CARTESIAN_POINT('Ctrl Pts',(331.649007917971,15.7945319905536,211.476331432417));
#3137=CARTESIAN_POINT('Ctrl Pts',(331.830312588785,15.7527688598971,211.24540024485));
#3138=CARTESIAN_POINT('Ctrl Pts',(332.034999792498,15.7481395971227,210.857564841849));
#3139=CARTESIAN_POINT('Ctrl Pts',(332.107179608164,15.7664409108563,210.662821705058));
#3140=CARTESIAN_POINT('Ctrl Pts',(332.187224894662,15.8557067480839,210.295597252373));
#3141=CARTESIAN_POINT('Ctrl Pts',(332.20193668961,15.9207256023328,210.123038518296));
#3142=CARTESIAN_POINT('Ctrl Pts',(332.199784719651,16.,209.969223593596));
#3143=CARTESIAN_POINT('Origin',(342.,-18.,211.));
#3144=CARTESIAN_POINT('',(342.,-18.,213.25));
#3145=CARTESIAN_POINT('',(327.800215280349,-16.,209.969223593596));
#3146=CARTESIAN_POINT('',(332.199784719651,-16.,209.969223593596));
#3147=CARTESIAN_POINT('',(342.,-16.,209.969223593596));
#3148=CARTESIAN_POINT('',(327.8,-15.9844355629203,210.000000000005));
#3149=CARTESIAN_POINT('Ctrl Pts',(327.8,-15.9844355629203,210.00000000001));
#3150=CARTESIAN_POINT('Ctrl Pts',(327.8,-15.9895633921801,209.989664529715));
#3151=CARTESIAN_POINT('Ctrl Pts',(327.800072846319,-15.9947530066858,209.97940425602));
#3152=CARTESIAN_POINT('Ctrl Pts',(327.800215280349,-16.,209.969223593596));
#3153=CARTESIAN_POINT('',(329.153863375576,-16.,212.030776406404));
#3154=CARTESIAN_POINT('Ctrl Pts',(329.153863375576,-16.,212.030776406404));
#3155=CARTESIAN_POINT('Ctrl Pts',(328.92137580288,-15.9500756290555,211.933908898312));
#3156=CARTESIAN_POINT('Ctrl Pts',(328.708000437544,-15.8891880532111,211.796359307522));
#3157=CARTESIAN_POINT('Ctrl Pts',(328.350992082029,-15.7945319905536,211.476331432417));
#3158=CARTESIAN_POINT('Ctrl Pts',(328.169687411215,-15.7527688598971,211.24540024485));
#3159=CARTESIAN_POINT('Ctrl Pts',(327.965000207502,-15.7481395971227,210.857564841849));
#3160=CARTESIAN_POINT('Ctrl Pts',(327.892820391836,-15.7664409108563,210.662821705058));
#3161=CARTESIAN_POINT('Ctrl Pts',(327.815270192922,-15.8529242471786,210.307043987248));
#3162=CARTESIAN_POINT('Ctrl Pts',(327.800000000001,-15.9120893891525,210.145818375017));
#3163=CARTESIAN_POINT('Ctrl Pts',(327.8,-15.9844355629203,210.00000000001));
#3164=CARTESIAN_POINT('',(330.846136624424,-16.,212.030776406404));
#3165=CARTESIAN_POINT('',(342.,-16.,212.030776406404));
#3166=CARTESIAN_POINT('Ctrl Pts',(332.199784719651,-16.,209.969223593596));
#3167=CARTESIAN_POINT('Ctrl Pts',(332.20193668961,-15.9207256023328,210.123038518296));
#3168=CARTESIAN_POINT('Ctrl Pts',(332.187224894662,-15.8557067480839,210.295597252373));
#3169=CARTESIAN_POINT('Ctrl Pts',(332.107179608164,-15.7664409108563,210.662821705058));
#3170=CARTESIAN_POINT('Ctrl Pts',(332.034999792498,-15.7481395971227,210.857564841849));
#3171=CARTESIAN_POINT('Ctrl Pts',(331.830312588785,-15.7527688598971,211.24540024485));
#3172=CARTESIAN_POINT('Ctrl Pts',(331.649007917971,-15.7945319905536,211.476331432417));
#3173=CARTESIAN_POINT('Ctrl Pts',(331.291999562456,-15.8891880532112,211.796359307522));
#3174=CARTESIAN_POINT('Ctrl Pts',(331.07862419712,-15.9500756290556,211.933908898312));
#3175=CARTESIAN_POINT('Ctrl Pts',(330.846136624424,-16.,212.030776406404));
#3176=CARTESIAN_POINT('Origin',(328.25,0.,240.));
#3177=CARTESIAN_POINT('Ctrl Pts',(328.378216225676,-8.31101136455456,268.513454545148));
#3178=CARTESIAN_POINT('Ctrl Pts',(328.257991420279,-7.86101935546729,268.64461678982));
#3179=CARTESIAN_POINT('Ctrl Pts',(328.171919258108,-7.3865609324289,268.770158815239));
#3180=CARTESIAN_POINT('Ctrl Pts',(327.957820581517,-5.89702128365525,269.129173044517));
#3181=CARTESIAN_POINT('Ctrl Pts',(327.893424174306,-4.71012870811241,269.348959426777));
#3182=CARTESIAN_POINT('Ctrl Pts',(327.82564295024,-2.31315684891097,269.63437262546));
#3183=CARTESIAN_POINT('Ctrl Pts',(327.82055052823,-1.10312622349237,269.7));
#3184=CARTESIAN_POINT('Ctrl Pts',(327.82055052823,1.10312622349237,269.7));
#3185=CARTESIAN_POINT('Ctrl Pts',(327.82564295024,2.31315684891096,269.63437262546));
#3186=CARTESIAN_POINT('Ctrl Pts',(327.893424174306,4.7101287081124,269.348959426777));
#3187=CARTESIAN_POINT('Ctrl Pts',(327.957820581517,5.89702128365524,269.129173044517));
#3188=CARTESIAN_POINT('Ctrl Pts',(328.171919258108,7.3865609324289,268.770158815239));
#3189=CARTESIAN_POINT('Ctrl Pts',(328.257991420279,7.86101935546726,268.64461678982));
#3190=CARTESIAN_POINT('Ctrl Pts',(328.378216225676,8.31101136455459,268.513454545148));
#3191=CARTESIAN_POINT('Origin',(330.,0.,270.));
#3192=CARTESIAN_POINT('',(330.,0.,267.8));
#3193=CARTESIAN_POINT('',(332.2,0.,270.));
#3194=CARTESIAN_POINT('Origin',(330.,0.,270.));
#3195=CARTESIAN_POINT('',(327.8,0.,270.));
#3196=CARTESIAN_POINT('Origin',(330.,0.,270.));
#3197=CARTESIAN_POINT('',(332.2,16.,270.));
#3198=CARTESIAN_POINT('',(332.2,0.,270.));
#3199=CARTESIAN_POINT('',(327.8,16.,270.));
#3200=CARTESIAN_POINT('Origin',(330.,16.,270.));
#3201=CARTESIAN_POINT('',(327.8,0.,270.));
#3202=CARTESIAN_POINT('Origin',(339.75,0.,270.));
#3203=CARTESIAN_POINT('Origin',(364.,0.,240.));
#3204=CARTESIAN_POINT('Origin',(364.,0.,240.));
#3205=CARTESIAN_POINT('Origin',(364.,0.,240.));
#3206=CARTESIAN_POINT('',(364.,-17.1537167984085,216.));
#3207=CARTESIAN_POINT('Origin',(364.,0.,240.));
#3208=CARTESIAN_POINT('',(364.,-17.495427974188,216.));
#3209=CARTESIAN_POINT('',(364.,0.,216.));
#3210=CARTESIAN_POINT('Origin',(364.,0.,240.));
#3211=CARTESIAN_POINT('',(364.,17.1537167984085,264.));
#3212=CARTESIAN_POINT('Origin',(364.,0.,240.));
#3213=CARTESIAN_POINT('',(364.,17.495427974188,264.));
#3214=CARTESIAN_POINT('',(364.,0.,264.));
#3215=CARTESIAN_POINT('Origin',(364.,0.,240.));
#3216=CARTESIAN_POINT('',(364.,-4.20053852107542E-15,217.7));
#3217=CARTESIAN_POINT('Origin',(364.,-4.40872847693047E-15,216.));
#3218=CARTESIAN_POINT('',(364.,-24.,241.7));
#3219=CARTESIAN_POINT('Origin',(364.,-24.,240.));
#3220=CARTESIAN_POINT('',(364.,1.67776611483187E-15,265.7));
#3221=CARTESIAN_POINT('Origin',(364.,1.46957615897682E-15,264.));
#3222=CARTESIAN_POINT('',(364.,24.,241.7));
#3223=CARTESIAN_POINT('Origin',(364.,24.,240.));
#3224=CARTESIAN_POINT('',(364.,1.60428730688303E-15,253.1));
#3225=CARTESIAN_POINT('Origin',(364.,0.,240.));
#3226=CARTESIAN_POINT('Origin',(366.25,0.,240.));
#3227=CARTESIAN_POINT('Origin',(328.25,0.,240.));
#3228=CARTESIAN_POINT('',(330.,17.495427974188,264.));
#3229=CARTESIAN_POINT('',(328.25,17.495427974188,264.));
#3230=CARTESIAN_POINT('',(330.,16.7880910171467,264.5));
#3231=CARTESIAN_POINT('Origin',(330.,0.,240.));
#3232=CARTESIAN_POINT('',(327.661746333532,16.,265.021790503479));
#3233=CARTESIAN_POINT('Ctrl Pts',(330.,16.7880910171466,264.5));
#3234=CARTESIAN_POINT('Ctrl Pts',(329.4404232179,16.7880910171466,264.5));
#3235=CARTESIAN_POINT('Ctrl Pts',(328.866281831138,16.65621743537,264.591549714789));
#3236=CARTESIAN_POINT('Ctrl Pts',(328.108734333065,16.2982694984246,264.828934173171));
#3237=CARTESIAN_POINT('Ctrl Pts',(327.875783187871,16.1572191397461,264.921257880301));
#3238=CARTESIAN_POINT('Ctrl Pts',(327.661746333532,16.,265.021790503479));
#3239=CARTESIAN_POINT('',(330.,16.,265.021790503479));
#3240=CARTESIAN_POINT('',(328.25,16.,265.021790503479));
#3241=CARTESIAN_POINT('Origin',(330.,0.,240.));
#3242=CARTESIAN_POINT('Origin',(328.25,0.,240.));
#3243=CARTESIAN_POINT('',(330.,-16.,265.021790503479));
#3244=CARTESIAN_POINT('Origin',(330.,0.,240.));
#3245=CARTESIAN_POINT('',(327.661746333532,-16.,265.021790503479));
#3246=CARTESIAN_POINT('',(328.25,-16.,265.021790503479));
#3247=CARTESIAN_POINT('',(330.,-16.7880910171467,264.5));
#3248=CARTESIAN_POINT('Ctrl Pts',(327.661746333532,-16.,265.021790503479));
#3249=CARTESIAN_POINT('Ctrl Pts',(327.875783187871,-16.1572191397461,264.921257880301));
#3250=CARTESIAN_POINT('Ctrl Pts',(328.108734333065,-16.2982694984246,264.828934173171));
#3251=CARTESIAN_POINT('Ctrl Pts',(328.866281831138,-16.65621743537,264.591549714789));
#3252=CARTESIAN_POINT('Ctrl Pts',(329.4404232179,-16.7880910171466,264.5));
#3253=CARTESIAN_POINT('Ctrl Pts',(330.,-16.7880910171466,264.5));
#3254=CARTESIAN_POINT('Origin',(330.,0.,240.));
#3255=CARTESIAN_POINT('Origin',(330.,0.,240.));
#3256=CARTESIAN_POINT('',(330.,16.,264.5));
#3257=CARTESIAN_POINT('',(330.,16.,255.));
#3258=CARTESIAN_POINT('',(330.,28.,264.5));
#3259=CARTESIAN_POINT('',(330.,17.1537167984085,264.));
#3260=CARTESIAN_POINT('',(330.,0.,264.));
#3261=CARTESIAN_POINT('Origin',(330.,0.,240.));
#3262=CARTESIAN_POINT('',(330.,10.4522724801835,212.2));
#3263=CARTESIAN_POINT('Origin',(330.,0.,240.));
#3264=CARTESIAN_POINT('',(330.,-10.4522724801835,212.2));
#3265=CARTESIAN_POINT('',(330.,0.,212.2));
#3266=CARTESIAN_POINT('',(330.,-17.495427974188,216.));
#3267=CARTESIAN_POINT('Origin',(330.,0.,240.));
#3268=CARTESIAN_POINT('',(330.,-17.1537167984085,216.));
#3269=CARTESIAN_POINT('',(330.,0.,216.));
#3270=CARTESIAN_POINT('Origin',(330.,0.,240.));
#3271=CARTESIAN_POINT('',(330.,-16.,264.5));
#3272=CARTESIAN_POINT('',(330.,-28.,264.5));
#3273=CARTESIAN_POINT('',(330.,-16.,255.));
#3274=CARTESIAN_POINT('',(330.,-4.61691843278552E-15,217.7));
#3275=CARTESIAN_POINT('Origin',(330.,-4.40872847693047E-15,216.));
#3276=CARTESIAN_POINT('',(330.,1.26138620312177E-15,265.7));
#3277=CARTESIAN_POINT('Origin',(330.,1.46957615897682E-15,264.));
#3278=CARTESIAN_POINT('',(330.,-1.60428730688303E-15,253.1));
#3279=CARTESIAN_POINT('Origin',(330.,0.,240.));
#3280=CARTESIAN_POINT('',(330.,24.,244.7));
#3281=CARTESIAN_POINT('Origin',(330.,24.,240.));
#3282=CARTESIAN_POINT('',(330.,-24.,244.7));
#3283=CARTESIAN_POINT('Origin',(330.,-24.,240.));
#3284=CARTESIAN_POINT('Origin',(330.,0.,270.));
#3285=CARTESIAN_POINT('',(327.8,-16.,270.));
#3286=CARTESIAN_POINT('',(327.8,0.,270.));
#3287=CARTESIAN_POINT('',(332.2,-16.,270.));
#3288=CARTESIAN_POINT('Origin',(330.,-16.,270.));
#3289=CARTESIAN_POINT('',(332.2,0.,270.));
#3290=CARTESIAN_POINT('Origin',(339.75,0.,270.));
#3291=CARTESIAN_POINT('',(334.875,-16.,270.));
#3292=CARTESIAN_POINT('Origin',(366.25,0.,240.));
#3293=CARTESIAN_POINT('Origin',(330.,16.,210.));
#3294=CARTESIAN_POINT('Origin',(330.,16.,210.));
#3295=CARTESIAN_POINT('Origin',(330.,16.,210.));
#3296=CARTESIAN_POINT('Origin',(330.,16.,210.));
#3297=CARTESIAN_POINT('Origin',(330.,-16.,210.));
#3298=CARTESIAN_POINT('Origin',(330.,-16.,210.));
#3299=CARTESIAN_POINT('Origin',(330.,-16.,210.));
#3300=CARTESIAN_POINT('Origin',(330.,-16.,210.));
#3301=CARTESIAN_POINT('Origin',(333.5,-24.,240.));
#3302=CARTESIAN_POINT('',(327.,-24.,244.7));
#3303=CARTESIAN_POINT('',(333.5,-24.,244.7));
#3304=CARTESIAN_POINT('Origin',(327.,-24.,240.));
#3305=CARTESIAN_POINT('Origin',(333.5,-24.,240.));
#3306=CARTESIAN_POINT('',(333.,-26.7272916666667,243.82777744454));
#3307=CARTESIAN_POINT('',(340.,-26.7272916666667,243.82777744454));
#3308=CARTESIAN_POINT('',(333.5,-26.7272916666667,243.82777744454));
#3309=CARTESIAN_POINT('',(333.,-26.7272916666667,236.17222255546));
#3310=CARTESIAN_POINT('Origin',(333.,-24.,240.));
#3311=CARTESIAN_POINT('',(340.,-26.7272916666667,236.17222255546));
#3312=CARTESIAN_POINT('',(333.5,-26.7272916666667,236.17222255546));
#3313=CARTESIAN_POINT('Origin',(340.,-24.,240.));
#3314=CARTESIAN_POINT('Origin',(340.,-24.,240.));
#3315=CARTESIAN_POINT('',(340.,-24.,241.7));
#3316=CARTESIAN_POINT('Origin',(340.,-24.,240.));
#3317=CARTESIAN_POINT('Origin',(327.,-24.,240.));
#3318=CARTESIAN_POINT('Origin',(340.,-24.,240.));
#3319=CARTESIAN_POINT('Origin',(340.,0.,240.));
#3320=CARTESIAN_POINT('Origin',(347.,0.,240.));
#3321=CARTESIAN_POINT('',(333.,-12.369316876853,216.));
#3322=CARTESIAN_POINT('Origin',(333.,0.,240.));
#3323=CARTESIAN_POINT('',(361.,-12.369316876853,216.));
#3324=CARTESIAN_POINT('',(347.,-12.369316876853,216.));
#3325=CARTESIAN_POINT('Origin',(361.,0.,240.));
#3326=CARTESIAN_POINT('Origin',(333.,0.,240.));
#3327=CARTESIAN_POINT('Origin',(333.5,24.,240.));
#3328=CARTESIAN_POINT('',(327.,24.,244.7));
#3329=CARTESIAN_POINT('',(333.5,24.,244.7));
#3330=CARTESIAN_POINT('Origin',(327.,24.,240.));
#3331=CARTESIAN_POINT('Origin',(340.,24.,240.));
#3332=CARTESIAN_POINT('',(340.,24.,241.7));
#3333=CARTESIAN_POINT('Origin',(340.,24.,240.));
#3334=CARTESIAN_POINT('Origin',(340.,24.,240.));
#3335=CARTESIAN_POINT('',(340.,26.7272916666667,236.17222255546));
#3336=CARTESIAN_POINT('',(340.,26.7272916666667,243.82777744454));
#3337=CARTESIAN_POINT('Origin',(340.,0.,240.));
#3338=CARTESIAN_POINT('Origin',(340.,24.,240.));
#3339=CARTESIAN_POINT('Origin',(333.5,24.,240.));
#3340=CARTESIAN_POINT('',(333.,26.7272916666667,243.82777744454));
#3341=CARTESIAN_POINT('',(333.5,26.7272916666667,243.82777744454));
#3342=CARTESIAN_POINT('',(333.,26.7272916666667,236.17222255546));
#3343=CARTESIAN_POINT('',(333.5,26.7272916666667,236.17222255546));
#3344=CARTESIAN_POINT('Origin',(333.,24.,240.));
#3345=CARTESIAN_POINT('Origin',(327.,24.,240.));
#3346=CARTESIAN_POINT('Origin',(333.,0.,240.));
#3347=CARTESIAN_POINT('Origin',(333.,0.,240.));
#3348=CARTESIAN_POINT('',(333.,17.1537167984085,264.));
#3349=CARTESIAN_POINT('Origin',(333.,0.,240.));
#3350=CARTESIAN_POINT('',(333.,12.369316876853,264.));
#3351=CARTESIAN_POINT('',(333.,0.,264.));
#3352=CARTESIAN_POINT('Origin',(333.,0.,240.));
#3353=CARTESIAN_POINT('Origin',(330.,-28.,270.));
#3354=CARTESIAN_POINT('Origin',(330.,-30.,270.));
#3355=CARTESIAN_POINT('Origin',(330.,-40.,270.));
#3356=CARTESIAN_POINT('Origin',(330.,-16.,270.));
#3357=CARTESIAN_POINT('Origin',(330.,-16.,270.));
#3358=CARTESIAN_POINT('Origin',(330.,-16.,270.));
#3359=CARTESIAN_POINT('Origin',(330.,-28.,270.));
#3360=CARTESIAN_POINT('Origin',(330.,-40.,270.));
#3361=CARTESIAN_POINT('Origin',(339.75,0.,270.));
#3362=CARTESIAN_POINT('',(334.875,16.,270.));
#3363=CARTESIAN_POINT('Origin',(330.,16.,270.));
#3364=CARTESIAN_POINT('Origin',(330.,16.,270.));
#3365=CARTESIAN_POINT('Origin',(330.,16.,270.));
#3366=CARTESIAN_POINT('Origin',(330.,28.,270.));
#3367=CARTESIAN_POINT('Origin',(330.,-16.,210.));
#3368=CARTESIAN_POINT('Origin',(330.,-16.,210.));
#3369=CARTESIAN_POINT('Origin',(330.,-28.,210.));
#3370=CARTESIAN_POINT('Origin',(330.,-30.,210.));
#3371=CARTESIAN_POINT('Origin',(330.,-40.,210.));
#3372=CARTESIAN_POINT('Origin',(330.,-40.,210.));
#3373=CARTESIAN_POINT('Origin',(342.,-30.,211.));
#3374=CARTESIAN_POINT('Origin',(330.,16.,210.));
#3375=CARTESIAN_POINT('Origin',(342.,0.,216.));
#3376=CARTESIAN_POINT('',(366.25,-17.495427974188,216.));
#3377=CARTESIAN_POINT('',(361.,-17.1537167984085,216.));
#3378=CARTESIAN_POINT('',(362.5,-17.1537167984085,216.));
#3379=CARTESIAN_POINT('',(361.,0.,216.));
#3380=CARTESIAN_POINT('',(333.,-17.1537167984085,216.));
#3381=CARTESIAN_POINT('',(333.,0.,216.));
#3382=CARTESIAN_POINT('',(331.5,-17.1537167984085,216.));
#3383=CARTESIAN_POINT('',(328.25,-17.495427974188,216.));
#3384=CARTESIAN_POINT('Origin',(342.,0.,264.));
#3385=CARTESIAN_POINT('',(366.25,17.495427974188,264.));
#3386=CARTESIAN_POINT('',(361.,17.1537167984085,264.));
#3387=CARTESIAN_POINT('',(362.5,17.1537167984085,264.));
#3388=CARTESIAN_POINT('',(361.,12.369316876853,264.));
#3389=CARTESIAN_POINT('',(361.,0.,264.));
#3390=CARTESIAN_POINT('',(347.,12.369316876853,264.));
#3391=CARTESIAN_POINT('',(331.5,17.1537167984085,264.));
#3392=CARTESIAN_POINT('Origin',(347.5,-4.40872847693047E-15,216.));
#3393=CARTESIAN_POINT('',(347.5,-4.61691843278552E-15,217.7));
#3394=CARTESIAN_POINT('Origin',(347.5,-24.,240.));
#3395=CARTESIAN_POINT('',(347.5,-24.,241.7));
#3396=CARTESIAN_POINT('Origin',(347.5,1.46957615897682E-15,264.));
#3397=CARTESIAN_POINT('',(347.5,1.26138620312177E-15,265.7));
#3398=CARTESIAN_POINT('Origin',(347.5,24.,240.));
#3399=CARTESIAN_POINT('',(347.5,24.,241.7));
#3400=CARTESIAN_POINT('Origin',(366.25,0.,240.));
#3401=CARTESIAN_POINT('Origin',(366.25,0.,240.));
#3402=CARTESIAN_POINT('Origin',(328.25,0.,240.));
#3403=CARTESIAN_POINT('Ctrl Pts',(330.,10.4522724801834,212.2));
#3404=CARTESIAN_POINT('Ctrl Pts',(329.906877318632,10.4522724801834,212.2));
#3405=CARTESIAN_POINT('Ctrl Pts',(329.815166150238,10.4363728455242,212.194009051019));
#3406=CARTESIAN_POINT('Ctrl Pts',(329.639194069579,10.3776161731161,212.172027744299));
#3407=CARTESIAN_POINT('Ctrl Pts',(329.554937307197,10.3347459538744,212.156039401256));
#3408=CARTESIAN_POINT('Ctrl Pts',(329.318470692025,10.1776374985638,212.098061720454));
#3409=CARTESIAN_POINT('Ctrl Pts',(329.18246509702,10.0341792901974,212.045963763824));
#3410=CARTESIAN_POINT('Ctrl Pts',(328.905080119877,9.66971971921014,211.917232234174));
#3411=CARTESIAN_POINT('Ctrl Pts',(328.752267516317,9.3742803725466,211.816929612186));
#3412=CARTESIAN_POINT('Ctrl Pts',(328.381215636418,8.47639690473639,211.527293821728));
#3413=CARTESIAN_POINT('Ctrl Pts',(328.210712473141,7.65645532325162,211.294892106224));
#3414=CARTESIAN_POINT('Ctrl Pts',(327.957820581517,5.89702128365525,210.870826955483));
#3415=CARTESIAN_POINT('Ctrl Pts',(327.893424174306,4.71012870811241,210.651040573223));
#3416=CARTESIAN_POINT('Ctrl Pts',(327.82564295024,2.31315684891097,210.36562737454));
#3417=CARTESIAN_POINT('Ctrl Pts',(327.82055052823,1.10312622349237,210.3));
#3418=CARTESIAN_POINT('Ctrl Pts',(327.82055052823,-1.10312622349237,210.3));
#3419=CARTESIAN_POINT('Ctrl Pts',(327.82564295024,-2.31315684891097,210.36562737454));
#3420=CARTESIAN_POINT('Ctrl Pts',(327.893424174306,-4.71012870811241,210.651040573223));
#3421=CARTESIAN_POINT('Ctrl Pts',(327.957820581517,-5.89702128365525,210.870826955483));
#3422=CARTESIAN_POINT('Ctrl Pts',(328.210712473141,-7.65645532325163,211.294892106224));
#3423=CARTESIAN_POINT('Ctrl Pts',(328.381215636418,-8.47639690473639,211.527293821728));
#3424=CARTESIAN_POINT('Ctrl Pts',(328.752267516317,-9.3742803725466,211.816929612186));
#3425=CARTESIAN_POINT('Ctrl Pts',(328.905080119877,-9.66971971921015,211.917232234174));
#3426=CARTESIAN_POINT('Ctrl Pts',(329.18246509702,-10.0341792901974,212.045963763824));
#3427=CARTESIAN_POINT('Ctrl Pts',(329.318470692025,-10.1776374985638,212.098061720454));
#3428=CARTESIAN_POINT('Ctrl Pts',(329.554937307197,-10.3347459538744,212.156039401256));
#3429=CARTESIAN_POINT('Ctrl Pts',(329.639194069579,-10.3776161731161,212.172027744299));
#3430=CARTESIAN_POINT('Ctrl Pts',(329.815166150238,-10.4363728455242,212.194009051019));
#3431=CARTESIAN_POINT('Ctrl Pts',(329.906877318632,-10.4522724801834,212.2));
#3432=CARTESIAN_POINT('Ctrl Pts',(330.,-10.4522724801834,212.2));
#3433=CARTESIAN_POINT('Origin',(366.,35.5,300.8935055785));
#3434=CARTESIAN_POINT('',(366.,17.75,279.));
#3435=CARTESIAN_POINT('Origin',(339.75,0.,279.));
#3436=CARTESIAN_POINT('',(366.,-30.,279.));
#3437=CARTESIAN_POINT('',(339.75,-30.,279.));
#3438=CARTESIAN_POINT('',(366.,-39.,279.));
#3439=CARTESIAN_POINT('',(366.,-17.75,279.));
#3440=CARTESIAN_POINT('',(361.75,-39.,279.));
#3441=CARTESIAN_POINT('Origin',(376.,-39.,300.8935055785));
#3442=CARTESIAN_POINT('',(366.,-39.,267.8935055785));
#3443=CARTESIAN_POINT('',(366.,-39.,300.8935055785));
#3444=CARTESIAN_POINT('',(376.,-39.,267.8935055785));
#3445=CARTESIAN_POINT('Origin',(366.,-35.5,300.8935055785));
#3446=CARTESIAN_POINT('',(366.,-30.,277.5));
#3447=CARTESIAN_POINT('',(366.,-32.,267.8935055785));
#3448=CARTESIAN_POINT('',(366.,-32.,300.8935055785));
#3449=CARTESIAN_POINT('',(366.,-35.5,267.8935055785));
#3450=CARTESIAN_POINT('Origin',(376.,-35.5,267.8935055785));
#3451=CARTESIAN_POINT('',(376.,-32.,267.8935055785));
#3452=CARTESIAN_POINT('Origin',(376.,-32.,300.8935055785));
#3453=CARTESIAN_POINT('Origin',(342.,-30.,269.));
#3454=CARTESIAN_POINT('Origin',(330.,0.,210.));
#3455=CARTESIAN_POINT('',(327.8,0.,210.));
#3456=CARTESIAN_POINT('Origin',(362.5,0.,240.));
#3457=CARTESIAN_POINT('Origin',(361.,0.,240.));
#3458=CARTESIAN_POINT('Origin',(362.5,0.,240.));
#3459=CARTESIAN_POINT('Origin',(361.,0.,240.));
#3460=CARTESIAN_POINT('Origin',(361.,0.,240.));
#3461=CARTESIAN_POINT('Origin',(361.,0.,240.));
#3462=CARTESIAN_POINT('Origin',(361.,0.,240.));
#3463=CARTESIAN_POINT('Origin',(331.5,0.,240.));
#3464=CARTESIAN_POINT('Origin',(347.,0.,240.));
#3465=CARTESIAN_POINT('Origin',(362.,0.,240.));
#3466=CARTESIAN_POINT('',(358.,-1.60428730688303E-15,253.1));
#3467=CARTESIAN_POINT('Origin',(358.,0.,240.));
#3468=CARTESIAN_POINT('',(362.,-1.60428730688303E-15,253.1));
#3469=CARTESIAN_POINT('Origin',(358.,0.,240.));
#3470=CARTESIAN_POINT('',(358.,-1.12667505521557E-15,249.2));
#3471=CARTESIAN_POINT('Origin',(358.,0.,240.));
#3472=CARTESIAN_POINT('Origin',(332.,0.,240.));
#3473=CARTESIAN_POINT('',(336.,-1.60428730688303E-15,253.1));
#3474=CARTESIAN_POINT('',(332.,-1.60428730688303E-15,253.1));
#3475=CARTESIAN_POINT('Origin',(336.,0.,240.));
#3476=CARTESIAN_POINT('Origin',(336.,0.,240.));
#3477=CARTESIAN_POINT('',(336.,1.12667505521557E-15,249.2));
#3478=CARTESIAN_POINT('Origin',(336.,0.,240.));
#3479=CARTESIAN_POINT('Origin',(347.,0.,240.));
#3480=CARTESIAN_POINT('',(347.,-1.12667505521557E-15,249.2));
#3481=CARTESIAN_POINT('Origin',(333.,0.,240.));
#3482=CARTESIAN_POINT('Origin',(333.,0.,240.));
#3483=CARTESIAN_POINT('Origin',(331.5,0.,240.));
#3484=UNCERTAINTY_MEASURE_WITH_UNIT(LENGTH_MEASURE(0.01),#3488,
'DISTANCE_ACCURACY_VALUE',
'Maximum model space distance between geometric entities at asserted c
onnectivities');
#3485=UNCERTAINTY_MEASURE_WITH_UNIT(LENGTH_MEASURE(0.01),#3488,
'DISTANCE_ACCURACY_VALUE',
'Maximum model space distance between geometric entities at asserted c
onnectivities');
#3486=(
GEOMETRIC_REPRESENTATION_CONTEXT(3)
GLOBAL_UNCERTAINTY_ASSIGNED_CONTEXT((#3484))
GLOBAL_UNIT_ASSIGNED_CONTEXT((#3488,#3490,#3491))
REPRESENTATION_CONTEXT('','3D')
);
#3487=(
GEOMETRIC_REPRESENTATION_CONTEXT(3)
GLOBAL_UNCERTAINTY_ASSIGNED_CONTEXT((#3485))
GLOBAL_UNIT_ASSIGNED_CONTEXT((#3488,#3490,#3491))
REPRESENTATION_CONTEXT('','3D')
);
#3488=(
LENGTH_UNIT()
NAMED_UNIT(*)
SI_UNIT(.MILLI.,.METRE.)
);
#3489=(
LENGTH_UNIT()
NAMED_UNIT(*)
SI_UNIT($,.METRE.)
);
#3490=(
NAMED_UNIT(*)
PLANE_ANGLE_UNIT()
SI_UNIT($,.RADIAN.)
);
#3491=(
NAMED_UNIT(*)
SI_UNIT($,.STERADIAN.)
SOLID_ANGLE_UNIT()
);
#3492=SHAPE_DEFINITION_REPRESENTATION(#3493,#3494);
#3493=PRODUCT_DEFINITION_SHAPE('',$,#3496);
#3494=SHAPE_REPRESENTATION('',(#1960),#3486);
#3495=PRODUCT_DEFINITION_CONTEXT('part definition',#3500,'design');
#3496=PRODUCT_DEFINITION('2026-08-20-15-56-51-344',
'EXPORT_TMP_PRINT_V015_P304A_J4_BearingCartridge',#3497,#3495);
#3497=PRODUCT_DEFINITION_FORMATION('',$,#3502);
#3498=PRODUCT_RELATED_PRODUCT_CATEGORY(
'EXPORT_TMP_PRINT_V015_P304A_J4_BearingCartridge',
'EXPORT_TMP_PRINT_V015_P304A_J4_BearingCartridge',(#3502));
#3499=APPLICATION_PROTOCOL_DEFINITION('international standard',
'automotive_design',2009,#3500);
#3500=APPLICATION_CONTEXT(
'Core Data for Automotive Mechanical Design Process');
#3501=PRODUCT_CONTEXT('part definition',#3500,'mechanical');
#3502=PRODUCT('2026-08-20-15-56-51-344',
'EXPORT_TMP_PRINT_V015_P304A_J4_BearingCartridge',$,(#3501));
#3503=PRESENTATION_STYLE_ASSIGNMENT((#3504));
#3504=SURFACE_STYLE_USAGE(.BOTH.,#3505);
#3505=SURFACE_SIDE_STYLE('',(#3506));
#3506=SURFACE_STYLE_FILL_AREA(#3507);
#3507=FILL_AREA_STYLE('Steel - Satin',(#3508));
#3508=FILL_AREA_STYLE_COLOUR('Steel - Satin',#3509);
#3509=COLOUR_RGB('Steel - Satin',0.627450980392157,0.627450980392157,0.627450980392157);
ENDSEC;
END-ISO-10303-21;
