ISO-10303-21;
HEADER;
/* Generated by software containing ST-Developer
 * from STEP Tools, Inc. (www.steptools.com) 
 */

FILE_DESCRIPTION(
/* description */ (''),
/* implementation_level */ '2;1');

FILE_NAME(
/* name */ 'PRINT_V007F_P304_J4_DualBearingHousing_HeadPockets.step',
/* time_stamp */ '2026-08-12T23:08:43+02:00',
/* author */ (''),
/* organization */ (''),
/* preprocessor_version */ 'ST-DEVELOPER v20.1',
/* originating_system */ 'Autodesk Translation Framework v15.8.0.0',
/* authorisation */ '');

FILE_SCHEMA (('AUTOMOTIVE_DESIGN { 1 0 10303 214 3 1 1 }'));
ENDSEC;

DATA;
#10=MECHANICAL_DESIGN_GEOMETRIC_PRESENTATION_REPRESENTATION('',(#13),#3977);
#11=SHAPE_REPRESENTATION_RELATIONSHIP('SRR','None',#3984,#12);
#12=ADVANCED_BREP_SHAPE_REPRESENTATION('',(#14),#3976);
#13=STYLED_ITEM('',(#3993),#14);
#14=MANIFOLD_SOLID_BREP(
'PRINT_V007F_P304_J4_DualBearingHousing_HeadPockets',#2355);
#15=FACE_BOUND('',#285,.T.);
#16=FACE_BOUND('',#290,.T.);
#17=FACE_BOUND('',#295,.T.);
#18=FACE_BOUND('',#300,.T.);
#19=FACE_BOUND('',#312,.T.);
#20=FACE_BOUND('',#313,.T.);
#21=FACE_BOUND('',#327,.T.);
#22=FACE_BOUND('',#328,.T.);
#23=FACE_BOUND('',#332,.T.);
#24=FACE_BOUND('',#333,.T.);
#25=FACE_BOUND('',#336,.T.);
#26=FACE_BOUND('',#337,.T.);
#27=FACE_BOUND('',#345,.T.);
#28=FACE_BOUND('',#346,.T.);
#29=FACE_BOUND('',#360,.T.);
#30=FACE_BOUND('',#361,.T.);
#31=FACE_BOUND('',#364,.T.);
#32=FACE_BOUND('',#366,.T.);
#33=FACE_BOUND('',#367,.T.);
#34=FACE_BOUND('',#370,.T.);
#35=FACE_BOUND('',#371,.T.);
#36=FACE_BOUND('',#379,.T.);
#37=FACE_BOUND('',#381,.T.);
#38=FACE_BOUND('',#384,.T.);
#39=FACE_BOUND('',#387,.T.);
#40=FACE_BOUND('',#390,.T.);
#41=FACE_BOUND('',#392,.T.);
#42=FACE_BOUND('',#393,.T.);
#43=FACE_BOUND('',#394,.T.);
#44=FACE_BOUND('',#395,.T.);
#45=FACE_BOUND('',#396,.T.);
#46=FACE_BOUND('',#408,.T.);
#47=FACE_BOUND('',#411,.T.);
#48=FACE_BOUND('',#417,.T.);
#49=FACE_BOUND('',#418,.T.);
#50=FACE_BOUND('',#419,.T.);
#51=FACE_BOUND('',#420,.T.);
#52=FACE_BOUND('',#421,.T.);
#53=B_SPLINE_CURVE_WITH_KNOTS('',3,(#3435,#3436,#3437,#3438,#3439,#3440,
#3441,#3442,#3443,#3444,#3445,#3446,#3447,#3448,#3449,#3450,#3451,#3452,
#3453,#3454,#3455,#3456,#3457,#3458,#3459,#3460,#3461,#3462,#3463,#3464),
 .UNSPECIFIED.,.F.,.F.,(4,2,2,2,2,2,2,2,2,2,2,2,2,2,4),(0.,0.0279368044104598,
0.0558736088209196,0.111747217641839,0.198600799656807,0.415883173985787,
0.746821041033499,1.07775890808121,1.40869677512892,1.73963464217664,1.95691701650562,
2.04377059852058,2.0996442073415,2.12758101175196,2.15551781616242),
 .UNSPECIFIED.);
#54=B_SPLINE_CURVE_WITH_KNOTS('',3,(#3470,#3471,#3472,#3473,#3474,#3475,
#3476,#3477,#3478,#3479,#3480,#3481,#3482,#3483,#3484,#3485,#3486,#3487,
#3488,#3489,#3490,#3491,#3492,#3493,#3494,#3495,#3496,#3497,#3498,#3499),
 .UNSPECIFIED.,.F.,.F.,(4,2,2,2,2,2,2,2,2,2,2,2,2,2,4),(0.,0.0279368044104598,
0.0558736088209196,0.111747217641839,0.198600799656806,0.415883173985787,
0.746821041033499,1.07775890808121,1.40869677512892,1.73963464217664,1.95691701650562,
2.04377059852058,2.0996442073415,2.12758101175196,2.15551781616242),
 .UNSPECIFIED.);
#55=PLANE('',#2372);
#56=PLANE('',#2373);
#57=PLANE('',#2377);
#58=PLANE('',#2381);
#59=PLANE('',#2383);
#60=PLANE('',#2384);
#61=PLANE('',#2391);
#62=PLANE('',#2402);
#63=PLANE('',#2408);
#64=PLANE('',#2419);
#65=PLANE('',#2423);
#66=PLANE('',#2427);
#67=PLANE('',#2431);
#68=PLANE('',#2435);
#69=PLANE('',#2439);
#70=PLANE('',#2443);
#71=PLANE('',#2447);
#72=PLANE('',#2451);
#73=PLANE('',#2455);
#74=PLANE('',#2459);
#75=PLANE('',#2463);
#76=PLANE('',#2464);
#77=PLANE('',#2465);
#78=PLANE('',#2466);
#79=PLANE('',#2475);
#80=PLANE('',#2476);
#81=PLANE('',#2481);
#82=PLANE('',#2482);
#83=PLANE('',#2483);
#84=PLANE('',#2484);
#85=PLANE('',#2485);
#86=PLANE('',#2486);
#87=PLANE('',#2487);
#88=PLANE('',#2488);
#89=PLANE('',#2489);
#90=PLANE('',#2490);
#91=PLANE('',#2491);
#92=PLANE('',#2492);
#93=PLANE('',#2493);
#94=PLANE('',#2494);
#95=PLANE('',#2495);
#96=PLANE('',#2496);
#97=PLANE('',#2497);
#98=PLANE('',#2498);
#99=PLANE('',#2499);
#100=PLANE('',#2508);
#101=PLANE('',#2509);
#102=PLANE('',#2514);
#103=PLANE('',#2515);
#104=PLANE('',#2516);
#105=PLANE('',#2517);
#106=PLANE('',#2518);
#107=PLANE('',#2519);
#108=PLANE('',#2520);
#109=PLANE('',#2521);
#110=PLANE('',#2522);
#111=PLANE('',#2524);
#112=PLANE('',#2525);
#113=PLANE('',#2526);
#114=PLANE('',#2527);
#115=PLANE('',#2528);
#116=PLANE('',#2529);
#117=PLANE('',#2530);
#118=PLANE('',#2531);
#119=PLANE('',#2532);
#120=PLANE('',#2535);
#121=PLANE('',#2536);
#122=PLANE('',#2540);
#123=PLANE('',#2541);
#124=PLANE('',#2542);
#125=PLANE('',#2543);
#126=PLANE('',#2544);
#127=PLANE('',#2552);
#128=PLANE('',#2554);
#129=PLANE('',#2561);
#130=PLANE('',#2562);
#131=PLANE('',#2563);
#132=PLANE('',#2566);
#133=PLANE('',#2571);
#134=PLANE('',#2574);
#135=PLANE('',#2580);
#136=FACE_OUTER_BOUND('',#260,.T.);
#137=FACE_OUTER_BOUND('',#261,.T.);
#138=FACE_OUTER_BOUND('',#262,.T.);
#139=FACE_OUTER_BOUND('',#263,.T.);
#140=FACE_OUTER_BOUND('',#264,.T.);
#141=FACE_OUTER_BOUND('',#265,.T.);
#142=FACE_OUTER_BOUND('',#266,.T.);
#143=FACE_OUTER_BOUND('',#267,.T.);
#144=FACE_OUTER_BOUND('',#268,.T.);
#145=FACE_OUTER_BOUND('',#269,.T.);
#146=FACE_OUTER_BOUND('',#270,.T.);
#147=FACE_OUTER_BOUND('',#271,.T.);
#148=FACE_OUTER_BOUND('',#272,.T.);
#149=FACE_OUTER_BOUND('',#273,.T.);
#150=FACE_OUTER_BOUND('',#274,.T.);
#151=FACE_OUTER_BOUND('',#275,.T.);
#152=FACE_OUTER_BOUND('',#276,.T.);
#153=FACE_OUTER_BOUND('',#277,.T.);
#154=FACE_OUTER_BOUND('',#278,.T.);
#155=FACE_OUTER_BOUND('',#279,.T.);
#156=FACE_OUTER_BOUND('',#280,.T.);
#157=FACE_OUTER_BOUND('',#281,.T.);
#158=FACE_OUTER_BOUND('',#282,.T.);
#159=FACE_OUTER_BOUND('',#283,.T.);
#160=FACE_OUTER_BOUND('',#284,.T.);
#161=FACE_OUTER_BOUND('',#286,.T.);
#162=FACE_OUTER_BOUND('',#287,.T.);
#163=FACE_OUTER_BOUND('',#288,.T.);
#164=FACE_OUTER_BOUND('',#289,.T.);
#165=FACE_OUTER_BOUND('',#291,.T.);
#166=FACE_OUTER_BOUND('',#292,.T.);
#167=FACE_OUTER_BOUND('',#293,.T.);
#168=FACE_OUTER_BOUND('',#294,.T.);
#169=FACE_OUTER_BOUND('',#296,.T.);
#170=FACE_OUTER_BOUND('',#297,.T.);
#171=FACE_OUTER_BOUND('',#298,.T.);
#172=FACE_OUTER_BOUND('',#299,.T.);
#173=FACE_OUTER_BOUND('',#301,.T.);
#174=FACE_OUTER_BOUND('',#302,.T.);
#175=FACE_OUTER_BOUND('',#303,.T.);
#176=FACE_OUTER_BOUND('',#304,.T.);
#177=FACE_OUTER_BOUND('',#305,.T.);
#178=FACE_OUTER_BOUND('',#306,.T.);
#179=FACE_OUTER_BOUND('',#307,.T.);
#180=FACE_OUTER_BOUND('',#308,.T.);
#181=FACE_OUTER_BOUND('',#309,.T.);
#182=FACE_OUTER_BOUND('',#310,.T.);
#183=FACE_OUTER_BOUND('',#311,.T.);
#184=FACE_OUTER_BOUND('',#314,.T.);
#185=FACE_OUTER_BOUND('',#315,.T.);
#186=FACE_OUTER_BOUND('',#316,.T.);
#187=FACE_OUTER_BOUND('',#317,.T.);
#188=FACE_OUTER_BOUND('',#318,.T.);
#189=FACE_OUTER_BOUND('',#319,.T.);
#190=FACE_OUTER_BOUND('',#320,.T.);
#191=FACE_OUTER_BOUND('',#321,.T.);
#192=FACE_OUTER_BOUND('',#322,.T.);
#193=FACE_OUTER_BOUND('',#323,.T.);
#194=FACE_OUTER_BOUND('',#324,.T.);
#195=FACE_OUTER_BOUND('',#325,.T.);
#196=FACE_OUTER_BOUND('',#326,.T.);
#197=FACE_OUTER_BOUND('',#329,.T.);
#198=FACE_OUTER_BOUND('',#330,.T.);
#199=FACE_OUTER_BOUND('',#331,.T.);
#200=FACE_OUTER_BOUND('',#334,.T.);
#201=FACE_OUTER_BOUND('',#335,.T.);
#202=FACE_OUTER_BOUND('',#338,.T.);
#203=FACE_OUTER_BOUND('',#339,.T.);
#204=FACE_OUTER_BOUND('',#340,.T.);
#205=FACE_OUTER_BOUND('',#341,.T.);
#206=FACE_OUTER_BOUND('',#342,.T.);
#207=FACE_OUTER_BOUND('',#343,.T.);
#208=FACE_OUTER_BOUND('',#344,.T.);
#209=FACE_OUTER_BOUND('',#347,.T.);
#210=FACE_OUTER_BOUND('',#348,.T.);
#211=FACE_OUTER_BOUND('',#349,.T.);
#212=FACE_OUTER_BOUND('',#350,.T.);
#213=FACE_OUTER_BOUND('',#351,.T.);
#214=FACE_OUTER_BOUND('',#352,.T.);
#215=FACE_OUTER_BOUND('',#353,.T.);
#216=FACE_OUTER_BOUND('',#354,.T.);
#217=FACE_OUTER_BOUND('',#355,.T.);
#218=FACE_OUTER_BOUND('',#356,.T.);
#219=FACE_OUTER_BOUND('',#357,.T.);
#220=FACE_OUTER_BOUND('',#358,.T.);
#221=FACE_OUTER_BOUND('',#359,.T.);
#222=FACE_OUTER_BOUND('',#362,.T.);
#223=FACE_OUTER_BOUND('',#363,.T.);
#224=FACE_OUTER_BOUND('',#365,.T.);
#225=FACE_OUTER_BOUND('',#368,.T.);
#226=FACE_OUTER_BOUND('',#369,.T.);
#227=FACE_OUTER_BOUND('',#372,.T.);
#228=FACE_OUTER_BOUND('',#373,.T.);
#229=FACE_OUTER_BOUND('',#374,.T.);
#230=FACE_OUTER_BOUND('',#375,.T.);
#231=FACE_OUTER_BOUND('',#376,.T.);
#232=FACE_OUTER_BOUND('',#377,.T.);
#233=FACE_OUTER_BOUND('',#378,.T.);
#234=FACE_OUTER_BOUND('',#380,.T.);
#235=FACE_OUTER_BOUND('',#382,.T.);
#236=FACE_OUTER_BOUND('',#383,.T.);
#237=FACE_OUTER_BOUND('',#385,.T.);
#238=FACE_OUTER_BOUND('',#386,.T.);
#239=FACE_OUTER_BOUND('',#388,.T.);
#240=FACE_OUTER_BOUND('',#389,.T.);
#241=FACE_OUTER_BOUND('',#391,.T.);
#242=FACE_OUTER_BOUND('',#397,.T.);
#243=FACE_OUTER_BOUND('',#398,.T.);
#244=FACE_OUTER_BOUND('',#399,.T.);
#245=FACE_OUTER_BOUND('',#400,.T.);
#246=FACE_OUTER_BOUND('',#401,.T.);
#247=FACE_OUTER_BOUND('',#402,.T.);
#248=FACE_OUTER_BOUND('',#403,.T.);
#249=FACE_OUTER_BOUND('',#404,.T.);
#250=FACE_OUTER_BOUND('',#405,.T.);
#251=FACE_OUTER_BOUND('',#406,.T.);
#252=FACE_OUTER_BOUND('',#407,.T.);
#253=FACE_OUTER_BOUND('',#409,.T.);
#254=FACE_OUTER_BOUND('',#410,.T.);
#255=FACE_OUTER_BOUND('',#412,.T.);
#256=FACE_OUTER_BOUND('',#413,.T.);
#257=FACE_OUTER_BOUND('',#414,.T.);
#258=FACE_OUTER_BOUND('',#415,.T.);
#259=FACE_OUTER_BOUND('',#416,.T.);
#260=EDGE_LOOP('',(#1532,#1533,#1534,#1535));
#261=EDGE_LOOP('',(#1536,#1537,#1538,#1539,#1540,#1541));
#262=EDGE_LOOP('',(#1542,#1543));
#263=EDGE_LOOP('',(#1544,#1545,#1546,#1547));
#264=EDGE_LOOP('',(#1548,#1549,#1550,#1551,#1552,#1553,#1554,#1555,#1556,
#1557,#1558,#1559,#1560,#1561,#1562,#1563,#1564,#1565,#1566,#1567,#1568,
#1569,#1570,#1571,#1572,#1573,#1574,#1575,#1576,#1577,#1578,#1579));
#265=EDGE_LOOP('',(#1580,#1581,#1582,#1583));
#266=EDGE_LOOP('',(#1584,#1585,#1586,#1587));
#267=EDGE_LOOP('',(#1588,#1589,#1590,#1591,#1592,#1593,#1594,#1595,#1596,
#1597,#1598,#1599,#1600,#1601,#1602,#1603,#1604,#1605,#1606,#1607,#1608,
#1609,#1610,#1611,#1612,#1613,#1614,#1615,#1616,#1617,#1618,#1619));
#268=EDGE_LOOP('',(#1620,#1621));
#269=EDGE_LOOP('',(#1622,#1623,#1624,#1625));
#270=EDGE_LOOP('',(#1626,#1627,#1628,#1629));
#271=EDGE_LOOP('',(#1630,#1631,#1632,#1633));
#272=EDGE_LOOP('',(#1634,#1635,#1636,#1637));
#273=EDGE_LOOP('',(#1638,#1639,#1640,#1641));
#274=EDGE_LOOP('',(#1642,#1643,#1644,#1645));
#275=EDGE_LOOP('',(#1646,#1647,#1648,#1649));
#276=EDGE_LOOP('',(#1650,#1651,#1652,#1653));
#277=EDGE_LOOP('',(#1654,#1655,#1656,#1657));
#278=EDGE_LOOP('',(#1658,#1659,#1660,#1661));
#279=EDGE_LOOP('',(#1662,#1663,#1664,#1665,#1666,#1667));
#280=EDGE_LOOP('',(#1668,#1669,#1670,#1671,#1672,#1673));
#281=EDGE_LOOP('',(#1674,#1675,#1676,#1677));
#282=EDGE_LOOP('',(#1678));
#283=EDGE_LOOP('',(#1679,#1680,#1681,#1682));
#284=EDGE_LOOP('',(#1683));
#285=EDGE_LOOP('',(#1684));
#286=EDGE_LOOP('',(#1685,#1686,#1687,#1688));
#287=EDGE_LOOP('',(#1689));
#288=EDGE_LOOP('',(#1690,#1691,#1692,#1693));
#289=EDGE_LOOP('',(#1694));
#290=EDGE_LOOP('',(#1695));
#291=EDGE_LOOP('',(#1696,#1697,#1698,#1699));
#292=EDGE_LOOP('',(#1700));
#293=EDGE_LOOP('',(#1701,#1702,#1703,#1704));
#294=EDGE_LOOP('',(#1705));
#295=EDGE_LOOP('',(#1706));
#296=EDGE_LOOP('',(#1707,#1708,#1709,#1710));
#297=EDGE_LOOP('',(#1711));
#298=EDGE_LOOP('',(#1712,#1713,#1714,#1715));
#299=EDGE_LOOP('',(#1716));
#300=EDGE_LOOP('',(#1717));
#301=EDGE_LOOP('',(#1718,#1719,#1720,#1721));
#302=EDGE_LOOP('',(#1722));
#303=EDGE_LOOP('',(#1723,#1724,#1725,#1726));
#304=EDGE_LOOP('',(#1727));
#305=EDGE_LOOP('',(#1728,#1729,#1730,#1731));
#306=EDGE_LOOP('',(#1732));
#307=EDGE_LOOP('',(#1733,#1734,#1735,#1736));
#308=EDGE_LOOP('',(#1737));
#309=EDGE_LOOP('',(#1738,#1739,#1740,#1741));
#310=EDGE_LOOP('',(#1742,#1743,#1744,#1745));
#311=EDGE_LOOP('',(#1746,#1747,#1748,#1749,#1750,#1751,#1752,#1753));
#312=EDGE_LOOP('',(#1754,#1755,#1756,#1757));
#313=EDGE_LOOP('',(#1758,#1759,#1760,#1761));
#314=EDGE_LOOP('',(#1762,#1763,#1764,#1765));
#315=EDGE_LOOP('',(#1766,#1767,#1768,#1769));
#316=EDGE_LOOP('',(#1770,#1771,#1772,#1773));
#317=EDGE_LOOP('',(#1774,#1775,#1776,#1777));
#318=EDGE_LOOP('',(#1778,#1779,#1780,#1781));
#319=EDGE_LOOP('',(#1782,#1783,#1784,#1785));
#320=EDGE_LOOP('',(#1786,#1787,#1788,#1789));
#321=EDGE_LOOP('',(#1790,#1791,#1792,#1793));
#322=EDGE_LOOP('',(#1794,#1795,#1796,#1797));
#323=EDGE_LOOP('',(#1798,#1799,#1800,#1801));
#324=EDGE_LOOP('',(#1802,#1803,#1804,#1805));
#325=EDGE_LOOP('',(#1806,#1807,#1808,#1809,#1810,#1811,#1812,#1813,#1814,
#1815));
#326=EDGE_LOOP('',(#1816,#1817,#1818,#1819));
#327=EDGE_LOOP('',(#1820,#1821,#1822,#1823));
#328=EDGE_LOOP('',(#1824,#1825,#1826,#1827));
#329=EDGE_LOOP('',(#1828,#1829,#1830,#1831));
#330=EDGE_LOOP('',(#1832,#1833,#1834,#1835,#1836,#1837,#1838,#1839,#1840,
#1841));
#331=EDGE_LOOP('',(#1842,#1843,#1844,#1845,#1846,#1847));
#332=EDGE_LOOP('',(#1848));
#333=EDGE_LOOP('',(#1849));
#334=EDGE_LOOP('',(#1850,#1851,#1852,#1853));
#335=EDGE_LOOP('',(#1854,#1855,#1856,#1857));
#336=EDGE_LOOP('',(#1858));
#337=EDGE_LOOP('',(#1859));
#338=EDGE_LOOP('',(#1860,#1861,#1862,#1863,#1864,#1865));
#339=EDGE_LOOP('',(#1866,#1867,#1868,#1869));
#340=EDGE_LOOP('',(#1870,#1871,#1872,#1873));
#341=EDGE_LOOP('',(#1874,#1875,#1876,#1877,#1878,#1879,#1880,#1881,#1882,
#1883,#1884,#1885,#1886,#1887,#1888,#1889));
#342=EDGE_LOOP('',(#1890,#1891,#1892,#1893));
#343=EDGE_LOOP('',(#1894,#1895,#1896,#1897));
#344=EDGE_LOOP('',(#1898,#1899,#1900,#1901));
#345=EDGE_LOOP('',(#1902,#1903,#1904,#1905));
#346=EDGE_LOOP('',(#1906,#1907,#1908,#1909));
#347=EDGE_LOOP('',(#1910,#1911,#1912,#1913));
#348=EDGE_LOOP('',(#1914,#1915,#1916,#1917));
#349=EDGE_LOOP('',(#1918,#1919,#1920,#1921));
#350=EDGE_LOOP('',(#1922,#1923,#1924,#1925));
#351=EDGE_LOOP('',(#1926,#1927,#1928,#1929));
#352=EDGE_LOOP('',(#1930,#1931,#1932,#1933));
#353=EDGE_LOOP('',(#1934,#1935,#1936,#1937));
#354=EDGE_LOOP('',(#1938,#1939,#1940,#1941));
#355=EDGE_LOOP('',(#1942,#1943,#1944,#1945));
#356=EDGE_LOOP('',(#1946,#1947,#1948,#1949,#1950,#1951,#1952,#1953,#1954,
#1955));
#357=EDGE_LOOP('',(#1956,#1957,#1958,#1959));
#358=EDGE_LOOP('',(#1960,#1961,#1962,#1963));
#359=EDGE_LOOP('',(#1964,#1965,#1966,#1967,#1968,#1969,#1970,#1971));
#360=EDGE_LOOP('',(#1972,#1973,#1974,#1975));
#361=EDGE_LOOP('',(#1976,#1977,#1978,#1979));
#362=EDGE_LOOP('',(#1980,#1981,#1982,#1983));
#363=EDGE_LOOP('',(#1984,#1985,#1986,#1987,#1988,#1989,#1990,#1991,#1992));
#364=EDGE_LOOP('',(#1993,#1994));
#365=EDGE_LOOP('',(#1995,#1996,#1997,#1998,#1999,#2000));
#366=EDGE_LOOP('',(#2001));
#367=EDGE_LOOP('',(#2002));
#368=EDGE_LOOP('',(#2003,#2004,#2005,#2006));
#369=EDGE_LOOP('',(#2007,#2008,#2009,#2010));
#370=EDGE_LOOP('',(#2011));
#371=EDGE_LOOP('',(#2012));
#372=EDGE_LOOP('',(#2013,#2014,#2015,#2016));
#373=EDGE_LOOP('',(#2017,#2018,#2019,#2020));
#374=EDGE_LOOP('',(#2021,#2022,#2023,#2024,#2025,#2026));
#375=EDGE_LOOP('',(#2027,#2028,#2029,#2030,#2031,#2032,#2033,#2034,#2035,
#2036,#2037,#2038));
#376=EDGE_LOOP('',(#2039,#2040,#2041,#2042));
#377=EDGE_LOOP('',(#2043,#2044,#2045,#2046));
#378=EDGE_LOOP('',(#2047,#2048,#2049,#2050));
#379=EDGE_LOOP('',(#2051,#2052));
#380=EDGE_LOOP('',(#2053,#2054,#2055,#2056,#2057,#2058,#2059,#2060,#2061));
#381=EDGE_LOOP('',(#2062,#2063));
#382=EDGE_LOOP('',(#2064,#2065,#2066,#2067));
#383=EDGE_LOOP('',(#2068,#2069,#2070,#2071));
#384=EDGE_LOOP('',(#2072,#2073));
#385=EDGE_LOOP('',(#2074,#2075,#2076,#2077));
#386=EDGE_LOOP('',(#2078,#2079,#2080,#2081));
#387=EDGE_LOOP('',(#2082));
#388=EDGE_LOOP('',(#2083,#2084,#2085,#2086));
#389=EDGE_LOOP('',(#2087,#2088,#2089,#2090));
#390=EDGE_LOOP('',(#2091));
#391=EDGE_LOOP('',(#2092,#2093,#2094,#2095,#2096,#2097,#2098,#2099));
#392=EDGE_LOOP('',(#2100));
#393=EDGE_LOOP('',(#2101));
#394=EDGE_LOOP('',(#2102));
#395=EDGE_LOOP('',(#2103));
#396=EDGE_LOOP('',(#2104));
#397=EDGE_LOOP('',(#2105,#2106,#2107,#2108));
#398=EDGE_LOOP('',(#2109,#2110,#2111,#2112));
#399=EDGE_LOOP('',(#2113,#2114,#2115,#2116));
#400=EDGE_LOOP('',(#2117,#2118,#2119,#2120));
#401=EDGE_LOOP('',(#2121,#2122,#2123,#2124));
#402=EDGE_LOOP('',(#2125,#2126,#2127,#2128));
#403=EDGE_LOOP('',(#2129,#2130,#2131,#2132));
#404=EDGE_LOOP('',(#2133,#2134,#2135,#2136));
#405=EDGE_LOOP('',(#2137,#2138,#2139,#2140,#2141,#2142));
#406=EDGE_LOOP('',(#2143,#2144,#2145,#2146));
#407=EDGE_LOOP('',(#2147));
#408=EDGE_LOOP('',(#2148));
#409=EDGE_LOOP('',(#2149,#2150,#2151,#2152));
#410=EDGE_LOOP('',(#2153));
#411=EDGE_LOOP('',(#2154));
#412=EDGE_LOOP('',(#2155,#2156,#2157,#2158));
#413=EDGE_LOOP('',(#2159,#2160,#2161,#2162));
#414=EDGE_LOOP('',(#2163,#2164,#2165,#2166));
#415=EDGE_LOOP('',(#2167,#2168,#2169,#2170));
#416=EDGE_LOOP('',(#2171,#2172,#2173,#2174,#2175,#2176,#2177,#2178,#2179,
#2180,#2181,#2182));
#417=EDGE_LOOP('',(#2183));
#418=EDGE_LOOP('',(#2184));
#419=EDGE_LOOP('',(#2185));
#420=EDGE_LOOP('',(#2186));
#421=EDGE_LOOP('',(#2187));
#422=CIRCLE('',#2370,3.2);
#423=CIRCLE('',#2371,3.2);
#424=CIRCLE('',#2374,3.2);
#425=CIRCLE('',#2376,3.2);
#426=CIRCLE('',#2379,3.2);
#427=CIRCLE('',#2380,3.2);
#428=CIRCLE('',#2382,29.7);
#429=CIRCLE('',#2385,3.2);
#430=CIRCLE('',#2387,3.2);
#431=CIRCLE('',#2389,1.7);
#432=CIRCLE('',#2390,1.7);
#433=CIRCLE('',#2392,29.7);
#434=CIRCLE('',#2394,1.7);
#435=CIRCLE('',#2395,1.7);
#436=CIRCLE('',#2397,1.7);
#437=CIRCLE('',#2398,1.7);
#438=CIRCLE('',#2400,1.7);
#439=CIRCLE('',#2401,1.7);
#440=CIRCLE('',#2403,29.7);
#441=CIRCLE('',#2405,29.7);
#442=CIRCLE('',#2407,29.7);
#443=CIRCLE('',#2409,29.7);
#444=CIRCLE('',#2411,29.7);
#445=CIRCLE('',#2412,29.7);
#446=CIRCLE('',#2414,29.7);
#447=CIRCLE('',#2415,29.7);
#448=CIRCLE('',#2417,1.7);
#449=CIRCLE('',#2418,1.7);
#450=CIRCLE('',#2421,5.);
#451=CIRCLE('',#2422,5.);
#452=CIRCLE('',#2425,1.7);
#453=CIRCLE('',#2426,1.7);
#454=CIRCLE('',#2429,5.);
#455=CIRCLE('',#2430,5.);
#456=CIRCLE('',#2433,1.7);
#457=CIRCLE('',#2434,1.7);
#458=CIRCLE('',#2437,5.);
#459=CIRCLE('',#2438,5.);
#460=CIRCLE('',#2441,1.7);
#461=CIRCLE('',#2442,1.7);
#462=CIRCLE('',#2445,5.);
#463=CIRCLE('',#2446,5.);
#464=CIRCLE('',#2449,2.2);
#465=CIRCLE('',#2450,2.2);
#466=CIRCLE('',#2453,2.2);
#467=CIRCLE('',#2454,2.2);
#468=CIRCLE('',#2457,2.2);
#469=CIRCLE('',#2458,2.2);
#470=CIRCLE('',#2461,2.2);
#471=CIRCLE('',#2462,2.2);
#472=CIRCLE('',#2467,2.7);
#473=CIRCLE('',#2468,2.7);
#474=CIRCLE('',#2469,2.7);
#475=CIRCLE('',#2470,2.7);
#476=CIRCLE('',#2472,2.7);
#477=CIRCLE('',#2474,2.7);
#478=CIRCLE('',#2478,2.7);
#479=CIRCLE('',#2480,2.7);
#480=CIRCLE('',#2500,2.7);
#481=CIRCLE('',#2501,2.7);
#482=CIRCLE('',#2502,2.7);
#483=CIRCLE('',#2503,2.7);
#484=CIRCLE('',#2505,2.7);
#485=CIRCLE('',#2507,2.7);
#486=CIRCLE('',#2511,2.7);
#487=CIRCLE('',#2513,2.7);
#488=CIRCLE('',#2523,2.2);
#489=CIRCLE('',#2534,2.2);
#490=CIRCLE('',#2538,2.2);
#491=CIRCLE('',#2539,2.2);
#492=CIRCLE('',#2545,29.5);
#493=CIRCLE('',#2546,29.5);
#494=CIRCLE('',#2547,13.1);
#495=CIRCLE('',#2549,29.5);
#496=CIRCLE('',#2551,29.5);
#497=CIRCLE('',#2553,27.);
#498=CIRCLE('',#2555,27.);
#499=CIRCLE('',#2557,29.5);
#500=CIRCLE('',#2558,29.5);
#501=CIRCLE('',#2560,27.);
#502=CIRCLE('',#2565,13.1);
#503=CIRCLE('',#2567,9.2);
#504=CIRCLE('',#2569,13.1);
#505=CIRCLE('',#2570,13.1);
#506=CIRCLE('',#2572,9.2);
#507=CIRCLE('',#2575,27.);
#508=CIRCLE('',#2576,29.5);
#509=CIRCLE('',#2578,29.5);
#510=LINE('',#3249,#748);
#511=LINE('',#3253,#749);
#512=LINE('',#3257,#750);
#513=LINE('',#3259,#751);
#514=LINE('',#3261,#752);
#515=LINE('',#3263,#753);
#516=LINE('',#3264,#754);
#517=LINE('',#3268,#755);
#518=LINE('',#3272,#756);
#519=LINE('',#3275,#757);
#520=LINE('',#3278,#758);
#521=LINE('',#3280,#759);
#522=LINE('',#3281,#760);
#523=LINE('',#3283,#761);
#524=LINE('',#3285,#762);
#525=LINE('',#3287,#763);
#526=LINE('',#3289,#764);
#527=LINE('',#3291,#765);
#528=LINE('',#3293,#766);
#529=LINE('',#3295,#767);
#530=LINE('',#3297,#768);
#531=LINE('',#3299,#769);
#532=LINE('',#3301,#770);
#533=LINE('',#3302,#771);
#534=LINE('',#3304,#772);
#535=LINE('',#3306,#773);
#536=LINE('',#3308,#774);
#537=LINE('',#3310,#775);
#538=LINE('',#3312,#776);
#539=LINE('',#3314,#777);
#540=LINE('',#3316,#778);
#541=LINE('',#3318,#779);
#542=LINE('',#3320,#780);
#543=LINE('',#3322,#781);
#544=LINE('',#3323,#782);
#545=LINE('',#3327,#783);
#546=LINE('',#3331,#784);
#547=LINE('',#3335,#785);
#548=LINE('',#3338,#786);
#549=LINE('',#3341,#787);
#550=LINE('',#3343,#788);
#551=LINE('',#3345,#789);
#552=LINE('',#3347,#790);
#553=LINE('',#3349,#791);
#554=LINE('',#3351,#792);
#555=LINE('',#3353,#793);
#556=LINE('',#3355,#794);
#557=LINE('',#3357,#795);
#558=LINE('',#3359,#796);
#559=LINE('',#3361,#797);
#560=LINE('',#3363,#798);
#561=LINE('',#3365,#799);
#562=LINE('',#3367,#800);
#563=LINE('',#3369,#801);
#564=LINE('',#3371,#802);
#565=LINE('',#3373,#803);
#566=LINE('',#3375,#804);
#567=LINE('',#3377,#805);
#568=LINE('',#3379,#806);
#569=LINE('',#3381,#807);
#570=LINE('',#3383,#808);
#571=LINE('',#3384,#809);
#572=LINE('',#3386,#810);
#573=LINE('',#3388,#811);
#574=LINE('',#3390,#812);
#575=LINE('',#3392,#813);
#576=LINE('',#3393,#814);
#577=LINE('',#3402,#815);
#578=LINE('',#3410,#816);
#579=LINE('',#3416,#817);
#580=LINE('',#3422,#818);
#581=LINE('',#3506,#819);
#582=LINE('',#3513,#820);
#583=LINE('',#3520,#821);
#584=LINE('',#3527,#822);
#585=LINE('',#3534,#823);
#586=LINE('',#3541,#824);
#587=LINE('',#3548,#825);
#588=LINE('',#3555,#826);
#589=LINE('',#3562,#827);
#590=LINE('',#3569,#828);
#591=LINE('',#3576,#829);
#592=LINE('',#3583,#830);
#593=LINE('',#3589,#831);
#594=LINE('',#3591,#832);
#595=LINE('',#3593,#833);
#596=LINE('',#3594,#834);
#597=LINE('',#3598,#835);
#598=LINE('',#3600,#836);
#599=LINE('',#3602,#837);
#600=LINE('',#3603,#838);
#601=LINE('',#3607,#839);
#602=LINE('',#3609,#840);
#603=LINE('',#3611,#841);
#604=LINE('',#3613,#842);
#605=LINE('',#3615,#843);
#606=LINE('',#3617,#844);
#607=LINE('',#3619,#845);
#608=LINE('',#3620,#846);
#609=LINE('',#3623,#847);
#610=LINE('',#3627,#848);
#611=LINE('',#3637,#849);
#612=LINE('',#3639,#850);
#613=LINE('',#3640,#851);
#614=LINE('',#3644,#852);
#615=LINE('',#3645,#853);
#616=LINE('',#3646,#854);
#617=LINE('',#3654,#855);
#618=LINE('',#3656,#856);
#619=LINE('',#3658,#857);
#620=LINE('',#3659,#858);
#621=LINE('',#3661,#859);
#622=LINE('',#3662,#860);
#623=LINE('',#3666,#861);
#624=LINE('',#3667,#862);
#625=LINE('',#3668,#863);
#626=LINE('',#3671,#864);
#627=LINE('',#3673,#865);
#628=LINE('',#3674,#866);
#629=LINE('',#3677,#867);
#630=LINE('',#3679,#868);
#631=LINE('',#3680,#869);
#632=LINE('',#3682,#870);
#633=LINE('',#3684,#871);
#634=LINE('',#3685,#872);
#635=LINE('',#3687,#873);
#636=LINE('',#3691,#874);
#637=LINE('',#3693,#875);
#638=LINE('',#3695,#876);
#639=LINE('',#3697,#877);
#640=LINE('',#3699,#878);
#641=LINE('',#3700,#879);
#642=LINE('',#3704,#880);
#643=LINE('',#3706,#881);
#644=LINE('',#3708,#882);
#645=LINE('',#3710,#883);
#646=LINE('',#3712,#884);
#647=LINE('',#3713,#885);
#648=LINE('',#3716,#886);
#649=LINE('',#3718,#887);
#650=LINE('',#3719,#888);
#651=LINE('',#3722,#889);
#652=LINE('',#3724,#890);
#653=LINE('',#3725,#891);
#654=LINE('',#3729,#892);
#655=LINE('',#3730,#893);
#656=LINE('',#3731,#894);
#657=LINE('',#3732,#895);
#658=LINE('',#3735,#896);
#659=LINE('',#3738,#897);
#660=LINE('',#3739,#898);
#661=LINE('',#3741,#899);
#662=LINE('',#3743,#900);
#663=LINE('',#3745,#901);
#664=LINE('',#3747,#902);
#665=LINE('',#3749,#903);
#666=LINE('',#3751,#904);
#667=LINE('',#3753,#905);
#668=LINE('',#3754,#906);
#669=LINE('',#3758,#907);
#670=LINE('',#3760,#908);
#671=LINE('',#3762,#909);
#672=LINE('',#3763,#910);
#673=LINE('',#3767,#911);
#674=LINE('',#3769,#912);
#675=LINE('',#3771,#913);
#676=LINE('',#3772,#914);
#677=LINE('',#3776,#915);
#678=LINE('',#3778,#916);
#679=LINE('',#3780,#917);
#680=LINE('',#3781,#918);
#681=LINE('',#3784,#919);
#682=LINE('',#3788,#920);
#683=LINE('',#3798,#921);
#684=LINE('',#3800,#922);
#685=LINE('',#3801,#923);
#686=LINE('',#3805,#924);
#687=LINE('',#3806,#925);
#688=LINE('',#3807,#926);
#689=LINE('',#3814,#927);
#690=LINE('',#3815,#928);
#691=LINE('',#3818,#929);
#692=LINE('',#3819,#930);
#693=LINE('',#3822,#931);
#694=LINE('',#3824,#932);
#695=LINE('',#3825,#933);
#696=LINE('',#3828,#934);
#697=LINE('',#3829,#935);
#698=LINE('',#3831,#936);
#699=LINE('',#3832,#937);
#700=LINE('',#3833,#938);
#701=LINE('',#3836,#939);
#702=LINE('',#3837,#940);
#703=LINE('',#3840,#941);
#704=LINE('',#3841,#942);
#705=LINE('',#3843,#943);
#706=LINE('',#3847,#944);
#707=LINE('',#3849,#945);
#708=LINE('',#3850,#946);
#709=LINE('',#3852,#947);
#710=LINE('',#3853,#948);
#711=LINE('',#3857,#949);
#712=LINE('',#3860,#950);
#713=LINE('',#3862,#951);
#714=LINE('',#3864,#952);
#715=LINE('',#3866,#953);
#716=LINE('',#3867,#954);
#717=LINE('',#3870,#955);
#718=LINE('',#3871,#956);
#719=LINE('',#3874,#957);
#720=LINE('',#3875,#958);
#721=LINE('',#3878,#959);
#722=LINE('',#3880,#960);
#723=LINE('',#3881,#961);
#724=LINE('',#3883,#962);
#725=LINE('',#3885,#963);
#726=LINE('',#3888,#964);
#727=LINE('',#3889,#965);
#728=LINE('',#3892,#966);
#729=LINE('',#3893,#967);
#730=LINE('',#3896,#968);
#731=LINE('',#3898,#969);
#732=LINE('',#3899,#970);
#733=LINE('',#3902,#971);
#734=LINE('',#3905,#972);
#735=LINE('',#3906,#973);
#736=LINE('',#3907,#974);
#737=LINE('',#3913,#975);
#738=LINE('',#3915,#976);
#739=LINE('',#3918,#977);
#740=LINE('',#3920,#978);
#741=LINE('',#3921,#979);
#742=LINE('',#3923,#980);
#743=LINE('',#3925,#981);
#744=LINE('',#3947,#982);
#745=LINE('',#3952,#983);
#746=LINE('',#3960,#984);
#747=LINE('',#3966,#985);
#748=VECTOR('',#2585,10.);
#749=VECTOR('',#2588,10.);
#750=VECTOR('',#2593,10.);
#751=VECTOR('',#2594,10.);
#752=VECTOR('',#2595,10.);
#753=VECTOR('',#2596,10.);
#754=VECTOR('',#2597,10.);
#755=VECTOR('',#2600,10.);
#756=VECTOR('',#2605,10.);
#757=VECTOR('',#2608,10.);
#758=VECTOR('',#2611,10.);
#759=VECTOR('',#2612,10.);
#760=VECTOR('',#2613,10.);
#761=VECTOR('',#2614,10.);
#762=VECTOR('',#2615,10.);
#763=VECTOR('',#2616,10.);
#764=VECTOR('',#2617,10.);
#765=VECTOR('',#2618,10.);
#766=VECTOR('',#2619,10.);
#767=VECTOR('',#2620,10.);
#768=VECTOR('',#2621,10.);
#769=VECTOR('',#2622,10.);
#770=VECTOR('',#2623,10.);
#771=VECTOR('',#2624,10.);
#772=VECTOR('',#2625,10.);
#773=VECTOR('',#2626,10.);
#774=VECTOR('',#2627,10.);
#775=VECTOR('',#2628,10.);
#776=VECTOR('',#2629,10.);
#777=VECTOR('',#2630,10.);
#778=VECTOR('',#2631,10.);
#779=VECTOR('',#2632,10.);
#780=VECTOR('',#2633,10.);
#781=VECTOR('',#2634,10.);
#782=VECTOR('',#2635,10.);
#783=VECTOR('',#2638,10.);
#784=VECTOR('',#2641,10.);
#785=VECTOR('',#2646,10.);
#786=VECTOR('',#2649,10.);
#787=VECTOR('',#2652,10.);
#788=VECTOR('',#2653,10.);
#789=VECTOR('',#2654,10.);
#790=VECTOR('',#2655,10.);
#791=VECTOR('',#2656,10.);
#792=VECTOR('',#2657,10.);
#793=VECTOR('',#2658,10.);
#794=VECTOR('',#2659,10.);
#795=VECTOR('',#2660,10.);
#796=VECTOR('',#2661,10.);
#797=VECTOR('',#2662,10.);
#798=VECTOR('',#2663,10.);
#799=VECTOR('',#2664,10.);
#800=VECTOR('',#2665,10.);
#801=VECTOR('',#2666,10.);
#802=VECTOR('',#2667,10.);
#803=VECTOR('',#2668,10.);
#804=VECTOR('',#2669,10.);
#805=VECTOR('',#2670,10.);
#806=VECTOR('',#2671,10.);
#807=VECTOR('',#2672,10.);
#808=VECTOR('',#2673,10.);
#809=VECTOR('',#2674,10.);
#810=VECTOR('',#2675,10.);
#811=VECTOR('',#2676,10.);
#812=VECTOR('',#2677,10.);
#813=VECTOR('',#2678,10.);
#814=VECTOR('',#2679,10.);
#815=VECTOR('',#2692,1.7);
#816=VECTOR('',#2703,1.7);
#817=VECTOR('',#2710,1.7);
#818=VECTOR('',#2717,1.7);
#819=VECTOR('',#2752,1.7);
#820=VECTOR('',#2761,5.);
#821=VECTOR('',#2770,1.7);
#822=VECTOR('',#2779,5.);
#823=VECTOR('',#2788,1.7);
#824=VECTOR('',#2797,5.);
#825=VECTOR('',#2806,1.7);
#826=VECTOR('',#2815,5.);
#827=VECTOR('',#2824,2.2);
#828=VECTOR('',#2833,2.2);
#829=VECTOR('',#2842,2.2);
#830=VECTOR('',#2851,2.2);
#831=VECTOR('',#2858,10.);
#832=VECTOR('',#2859,10.);
#833=VECTOR('',#2860,10.);
#834=VECTOR('',#2861,10.);
#835=VECTOR('',#2864,10.);
#836=VECTOR('',#2865,10.);
#837=VECTOR('',#2866,10.);
#838=VECTOR('',#2867,10.);
#839=VECTOR('',#2870,10.);
#840=VECTOR('',#2871,10.);
#841=VECTOR('',#2872,10.);
#842=VECTOR('',#2873,10.);
#843=VECTOR('',#2874,10.);
#844=VECTOR('',#2875,10.);
#845=VECTOR('',#2876,10.);
#846=VECTOR('',#2877,10.);
#847=VECTOR('',#2878,10.);
#848=VECTOR('',#2881,10.);
#849=VECTOR('',#2898,10.);
#850=VECTOR('',#2899,10.);
#851=VECTOR('',#2900,10.);
#852=VECTOR('',#2903,10.);
#853=VECTOR('',#2904,10.);
#854=VECTOR('',#2905,10.);
#855=VECTOR('',#2916,10.);
#856=VECTOR('',#2917,10.);
#857=VECTOR('',#2918,10.);
#858=VECTOR('',#2919,10.);
#859=VECTOR('',#2922,10.);
#860=VECTOR('',#2923,10.);
#861=VECTOR('',#2926,10.);
#862=VECTOR('',#2927,10.);
#863=VECTOR('',#2928,10.);
#864=VECTOR('',#2931,10.);
#865=VECTOR('',#2932,10.);
#866=VECTOR('',#2933,10.);
#867=VECTOR('',#2936,10.);
#868=VECTOR('',#2937,10.);
#869=VECTOR('',#2938,10.);
#870=VECTOR('',#2941,10.);
#871=VECTOR('',#2942,10.);
#872=VECTOR('',#2943,10.);
#873=VECTOR('',#2946,10.);
#874=VECTOR('',#2951,10.);
#875=VECTOR('',#2952,10.);
#876=VECTOR('',#2953,10.);
#877=VECTOR('',#2954,10.);
#878=VECTOR('',#2955,10.);
#879=VECTOR('',#2956,10.);
#880=VECTOR('',#2959,10.);
#881=VECTOR('',#2960,10.);
#882=VECTOR('',#2961,10.);
#883=VECTOR('',#2962,10.);
#884=VECTOR('',#2963,10.);
#885=VECTOR('',#2964,10.);
#886=VECTOR('',#2967,10.);
#887=VECTOR('',#2968,10.);
#888=VECTOR('',#2969,10.);
#889=VECTOR('',#2972,10.);
#890=VECTOR('',#2973,10.);
#891=VECTOR('',#2974,10.);
#892=VECTOR('',#2977,10.);
#893=VECTOR('',#2978,10.);
#894=VECTOR('',#2979,10.);
#895=VECTOR('',#2980,10.);
#896=VECTOR('',#2985,10.);
#897=VECTOR('',#2988,10.);
#898=VECTOR('',#2989,10.);
#899=VECTOR('',#2990,10.);
#900=VECTOR('',#2991,10.);
#901=VECTOR('',#2992,10.);
#902=VECTOR('',#2993,10.);
#903=VECTOR('',#2994,10.);
#904=VECTOR('',#2995,10.);
#905=VECTOR('',#2996,10.);
#906=VECTOR('',#2997,10.);
#907=VECTOR('',#3000,10.);
#908=VECTOR('',#3001,10.);
#909=VECTOR('',#3002,10.);
#910=VECTOR('',#3003,10.);
#911=VECTOR('',#3006,10.);
#912=VECTOR('',#3007,10.);
#913=VECTOR('',#3008,10.);
#914=VECTOR('',#3009,10.);
#915=VECTOR('',#3012,10.);
#916=VECTOR('',#3013,10.);
#917=VECTOR('',#3014,10.);
#918=VECTOR('',#3015,10.);
#919=VECTOR('',#3016,10.);
#920=VECTOR('',#3019,10.);
#921=VECTOR('',#3036,10.);
#922=VECTOR('',#3037,10.);
#923=VECTOR('',#3038,10.);
#924=VECTOR('',#3041,10.);
#925=VECTOR('',#3042,10.);
#926=VECTOR('',#3043,10.);
#927=VECTOR('',#3054,10.);
#928=VECTOR('',#3055,10.);
#929=VECTOR('',#3058,10.);
#930=VECTOR('',#3059,10.);
#931=VECTOR('',#3062,10.);
#932=VECTOR('',#3063,10.);
#933=VECTOR('',#3064,10.);
#934=VECTOR('',#3067,10.);
#935=VECTOR('',#3068,10.);
#936=VECTOR('',#3069,10.);
#937=VECTOR('',#3070,10.);
#938=VECTOR('',#3071,10.);
#939=VECTOR('',#3074,10.);
#940=VECTOR('',#3075,10.);
#941=VECTOR('',#3078,10.);
#942=VECTOR('',#3079,10.);
#943=VECTOR('',#3082,10.);
#944=VECTOR('',#3087,10.);
#945=VECTOR('',#3088,10.);
#946=VECTOR('',#3089,10.);
#947=VECTOR('',#3090,10.);
#948=VECTOR('',#3091,10.);
#949=VECTOR('',#3094,10.);
#950=VECTOR('',#3097,10.);
#951=VECTOR('',#3098,10.);
#952=VECTOR('',#3099,10.);
#953=VECTOR('',#3100,10.);
#954=VECTOR('',#3101,10.);
#955=VECTOR('',#3104,10.);
#956=VECTOR('',#3105,10.);
#957=VECTOR('',#3108,10.);
#958=VECTOR('',#3109,10.);
#959=VECTOR('',#3112,10.);
#960=VECTOR('',#3113,10.);
#961=VECTOR('',#3114,10.);
#962=VECTOR('',#3117,10.);
#963=VECTOR('',#3120,10.);
#964=VECTOR('',#3123,10.);
#965=VECTOR('',#3124,10.);
#966=VECTOR('',#3127,10.);
#967=VECTOR('',#3128,10.);
#968=VECTOR('',#3131,10.);
#969=VECTOR('',#3132,10.);
#970=VECTOR('',#3133,10.);
#971=VECTOR('',#3138,10.);
#972=VECTOR('',#3141,10.);
#973=VECTOR('',#3142,10.);
#974=VECTOR('',#3143,10.);
#975=VECTOR('',#3150,2.2);
#976=VECTOR('',#3153,10.);
#977=VECTOR('',#3156,10.);
#978=VECTOR('',#3157,10.);
#979=VECTOR('',#3158,10.);
#980=VECTOR('',#3161,10.);
#981=VECTOR('',#3164,10.);
#982=VECTOR('',#3205,10.);
#983=VECTOR('',#3212,13.1);
#984=VECTOR('',#3221,13.1);
#985=VECTOR('',#3230,9.2);
#986=VERTEX_POINT('',#3247);
#987=VERTEX_POINT('',#3248);
#988=VERTEX_POINT('',#3250);
#989=VERTEX_POINT('',#3252);
#990=VERTEX_POINT('',#3256);
#991=VERTEX_POINT('',#3258);
#992=VERTEX_POINT('',#3260);
#993=VERTEX_POINT('',#3262);
#994=VERTEX_POINT('',#3266);
#995=VERTEX_POINT('',#3267);
#996=VERTEX_POINT('',#3271);
#997=VERTEX_POINT('',#3273);
#998=VERTEX_POINT('',#3277);
#999=VERTEX_POINT('',#3279);
#1000=VERTEX_POINT('',#3282);
#1001=VERTEX_POINT('',#3284);
#1002=VERTEX_POINT('',#3286);
#1003=VERTEX_POINT('',#3288);
#1004=VERTEX_POINT('',#3290);
#1005=VERTEX_POINT('',#3292);
#1006=VERTEX_POINT('',#3294);
#1007=VERTEX_POINT('',#3296);
#1008=VERTEX_POINT('',#3298);
#1009=VERTEX_POINT('',#3300);
#1010=VERTEX_POINT('',#3303);
#1011=VERTEX_POINT('',#3305);
#1012=VERTEX_POINT('',#3307);
#1013=VERTEX_POINT('',#3309);
#1014=VERTEX_POINT('',#3311);
#1015=VERTEX_POINT('',#3313);
#1016=VERTEX_POINT('',#3315);
#1017=VERTEX_POINT('',#3317);
#1018=VERTEX_POINT('',#3319);
#1019=VERTEX_POINT('',#3321);
#1020=VERTEX_POINT('',#3325);
#1021=VERTEX_POINT('',#3326);
#1022=VERTEX_POINT('',#3328);
#1023=VERTEX_POINT('',#3330);
#1024=VERTEX_POINT('',#3334);
#1025=VERTEX_POINT('',#3336);
#1026=VERTEX_POINT('',#3340);
#1027=VERTEX_POINT('',#3342);
#1028=VERTEX_POINT('',#3344);
#1029=VERTEX_POINT('',#3346);
#1030=VERTEX_POINT('',#3348);
#1031=VERTEX_POINT('',#3350);
#1032=VERTEX_POINT('',#3352);
#1033=VERTEX_POINT('',#3354);
#1034=VERTEX_POINT('',#3356);
#1035=VERTEX_POINT('',#3358);
#1036=VERTEX_POINT('',#3360);
#1037=VERTEX_POINT('',#3362);
#1038=VERTEX_POINT('',#3364);
#1039=VERTEX_POINT('',#3366);
#1040=VERTEX_POINT('',#3368);
#1041=VERTEX_POINT('',#3370);
#1042=VERTEX_POINT('',#3372);
#1043=VERTEX_POINT('',#3374);
#1044=VERTEX_POINT('',#3376);
#1045=VERTEX_POINT('',#3378);
#1046=VERTEX_POINT('',#3380);
#1047=VERTEX_POINT('',#3382);
#1048=VERTEX_POINT('',#3385);
#1049=VERTEX_POINT('',#3387);
#1050=VERTEX_POINT('',#3389);
#1051=VERTEX_POINT('',#3391);
#1052=VERTEX_POINT('',#3399);
#1053=VERTEX_POINT('',#3401);
#1054=VERTEX_POINT('',#3407);
#1055=VERTEX_POINT('',#3409);
#1056=VERTEX_POINT('',#3413);
#1057=VERTEX_POINT('',#3415);
#1058=VERTEX_POINT('',#3419);
#1059=VERTEX_POINT('',#3421);
#1060=VERTEX_POINT('',#3433);
#1061=VERTEX_POINT('',#3434);
#1062=VERTEX_POINT('',#3468);
#1063=VERTEX_POINT('',#3469);
#1064=VERTEX_POINT('',#3503);
#1065=VERTEX_POINT('',#3505);
#1066=VERTEX_POINT('',#3510);
#1067=VERTEX_POINT('',#3512);
#1068=VERTEX_POINT('',#3517);
#1069=VERTEX_POINT('',#3519);
#1070=VERTEX_POINT('',#3524);
#1071=VERTEX_POINT('',#3526);
#1072=VERTEX_POINT('',#3531);
#1073=VERTEX_POINT('',#3533);
#1074=VERTEX_POINT('',#3538);
#1075=VERTEX_POINT('',#3540);
#1076=VERTEX_POINT('',#3545);
#1077=VERTEX_POINT('',#3547);
#1078=VERTEX_POINT('',#3552);
#1079=VERTEX_POINT('',#3554);
#1080=VERTEX_POINT('',#3559);
#1081=VERTEX_POINT('',#3561);
#1082=VERTEX_POINT('',#3566);
#1083=VERTEX_POINT('',#3568);
#1084=VERTEX_POINT('',#3573);
#1085=VERTEX_POINT('',#3575);
#1086=VERTEX_POINT('',#3580);
#1087=VERTEX_POINT('',#3582);
#1088=VERTEX_POINT('',#3587);
#1089=VERTEX_POINT('',#3588);
#1090=VERTEX_POINT('',#3590);
#1091=VERTEX_POINT('',#3592);
#1092=VERTEX_POINT('',#3596);
#1093=VERTEX_POINT('',#3597);
#1094=VERTEX_POINT('',#3599);
#1095=VERTEX_POINT('',#3601);
#1096=VERTEX_POINT('',#3605);
#1097=VERTEX_POINT('',#3606);
#1098=VERTEX_POINT('',#3608);
#1099=VERTEX_POINT('',#3610);
#1100=VERTEX_POINT('',#3612);
#1101=VERTEX_POINT('',#3614);
#1102=VERTEX_POINT('',#3616);
#1103=VERTEX_POINT('',#3618);
#1104=VERTEX_POINT('',#3621);
#1105=VERTEX_POINT('',#3622);
#1106=VERTEX_POINT('',#3624);
#1107=VERTEX_POINT('',#3626);
#1108=VERTEX_POINT('',#3636);
#1109=VERTEX_POINT('',#3638);
#1110=VERTEX_POINT('',#3642);
#1111=VERTEX_POINT('',#3643);
#1112=VERTEX_POINT('',#3652);
#1113=VERTEX_POINT('',#3653);
#1114=VERTEX_POINT('',#3655);
#1115=VERTEX_POINT('',#3657);
#1116=VERTEX_POINT('',#3664);
#1117=VERTEX_POINT('',#3665);
#1118=VERTEX_POINT('',#3670);
#1119=VERTEX_POINT('',#3672);
#1120=VERTEX_POINT('',#3676);
#1121=VERTEX_POINT('',#3678);
#1122=VERTEX_POINT('',#3683);
#1123=VERTEX_POINT('',#3690);
#1124=VERTEX_POINT('',#3692);
#1125=VERTEX_POINT('',#3694);
#1126=VERTEX_POINT('',#3696);
#1127=VERTEX_POINT('',#3698);
#1128=VERTEX_POINT('',#3702);
#1129=VERTEX_POINT('',#3703);
#1130=VERTEX_POINT('',#3705);
#1131=VERTEX_POINT('',#3707);
#1132=VERTEX_POINT('',#3709);
#1133=VERTEX_POINT('',#3711);
#1134=VERTEX_POINT('',#3715);
#1135=VERTEX_POINT('',#3717);
#1136=VERTEX_POINT('',#3721);
#1137=VERTEX_POINT('',#3723);
#1138=VERTEX_POINT('',#3727);
#1139=VERTEX_POINT('',#3728);
#1140=VERTEX_POINT('',#3737);
#1141=VERTEX_POINT('',#3740);
#1142=VERTEX_POINT('',#3742);
#1143=VERTEX_POINT('',#3744);
#1144=VERTEX_POINT('',#3746);
#1145=VERTEX_POINT('',#3748);
#1146=VERTEX_POINT('',#3750);
#1147=VERTEX_POINT('',#3752);
#1148=VERTEX_POINT('',#3756);
#1149=VERTEX_POINT('',#3757);
#1150=VERTEX_POINT('',#3759);
#1151=VERTEX_POINT('',#3761);
#1152=VERTEX_POINT('',#3765);
#1153=VERTEX_POINT('',#3766);
#1154=VERTEX_POINT('',#3768);
#1155=VERTEX_POINT('',#3770);
#1156=VERTEX_POINT('',#3774);
#1157=VERTEX_POINT('',#3775);
#1158=VERTEX_POINT('',#3777);
#1159=VERTEX_POINT('',#3779);
#1160=VERTEX_POINT('',#3782);
#1161=VERTEX_POINT('',#3783);
#1162=VERTEX_POINT('',#3785);
#1163=VERTEX_POINT('',#3787);
#1164=VERTEX_POINT('',#3797);
#1165=VERTEX_POINT('',#3799);
#1166=VERTEX_POINT('',#3803);
#1167=VERTEX_POINT('',#3804);
#1168=VERTEX_POINT('',#3813);
#1169=VERTEX_POINT('',#3817);
#1170=VERTEX_POINT('',#3821);
#1171=VERTEX_POINT('',#3823);
#1172=VERTEX_POINT('',#3827);
#1173=VERTEX_POINT('',#3830);
#1174=VERTEX_POINT('',#3835);
#1175=VERTEX_POINT('',#3839);
#1176=VERTEX_POINT('',#3846);
#1177=VERTEX_POINT('',#3848);
#1178=VERTEX_POINT('',#3851);
#1179=VERTEX_POINT('',#3854);
#1180=VERTEX_POINT('',#3855);
#1181=VERTEX_POINT('',#3859);
#1182=VERTEX_POINT('',#3861);
#1183=VERTEX_POINT('',#3863);
#1184=VERTEX_POINT('',#3865);
#1185=VERTEX_POINT('',#3869);
#1186=VERTEX_POINT('',#3873);
#1187=VERTEX_POINT('',#3877);
#1188=VERTEX_POINT('',#3879);
#1189=VERTEX_POINT('',#3887);
#1190=VERTEX_POINT('',#3891);
#1191=VERTEX_POINT('',#3895);
#1192=VERTEX_POINT('',#3897);
#1193=VERTEX_POINT('',#3904);
#1194=VERTEX_POINT('',#3910);
#1195=VERTEX_POINT('',#3912);
#1196=VERTEX_POINT('',#3917);
#1197=VERTEX_POINT('',#3919);
#1198=VERTEX_POINT('',#3930);
#1199=VERTEX_POINT('',#3950);
#1200=VERTEX_POINT('',#3954);
#1201=VERTEX_POINT('',#3957);
#1202=VERTEX_POINT('',#3959);
#1203=VERTEX_POINT('',#3963);
#1204=EDGE_CURVE('',#986,#987,#510,.T.);
#1205=EDGE_CURVE('',#988,#986,#422,.T.);
#1206=EDGE_CURVE('',#989,#988,#511,.T.);
#1207=EDGE_CURVE('',#987,#989,#423,.T.);
#1208=EDGE_CURVE('',#990,#989,#512,.T.);
#1209=EDGE_CURVE('',#990,#991,#513,.T.);
#1210=EDGE_CURVE('',#992,#991,#514,.T.);
#1211=EDGE_CURVE('',#993,#992,#515,.T.);
#1212=EDGE_CURVE('',#987,#993,#516,.T.);
#1213=EDGE_CURVE('',#994,#995,#517,.T.);
#1214=EDGE_CURVE('',#995,#994,#424,.T.);
#1215=EDGE_CURVE('',#996,#994,#518,.T.);
#1216=EDGE_CURVE('',#997,#996,#425,.T.);
#1217=EDGE_CURVE('',#995,#997,#519,.T.);
#1218=EDGE_CURVE('',#993,#998,#520,.T.);
#1219=EDGE_CURVE('',#998,#999,#521,.T.);
#1220=EDGE_CURVE('',#999,#990,#522,.T.);
#1221=EDGE_CURVE('',#988,#1000,#523,.T.);
#1222=EDGE_CURVE('',#1000,#1001,#524,.T.);
#1223=EDGE_CURVE('',#1001,#1002,#525,.T.);
#1224=EDGE_CURVE('',#1003,#1002,#526,.T.);
#1225=EDGE_CURVE('',#1004,#1003,#527,.T.);
#1226=EDGE_CURVE('',#1005,#1004,#528,.T.);
#1227=EDGE_CURVE('',#1006,#1005,#529,.T.);
#1228=EDGE_CURVE('',#1007,#1006,#530,.T.);
#1229=EDGE_CURVE('',#1007,#1008,#531,.T.);
#1230=EDGE_CURVE('',#1008,#1009,#532,.T.);
#1231=EDGE_CURVE('',#1009,#996,#533,.T.);
#1232=EDGE_CURVE('',#997,#1010,#534,.T.);
#1233=EDGE_CURVE('',#1010,#1011,#535,.T.);
#1234=EDGE_CURVE('',#1011,#1012,#536,.T.);
#1235=EDGE_CURVE('',#1013,#1012,#537,.T.);
#1236=EDGE_CURVE('',#1014,#1013,#538,.T.);
#1237=EDGE_CURVE('',#1015,#1014,#539,.T.);
#1238=EDGE_CURVE('',#1016,#1015,#540,.T.);
#1239=EDGE_CURVE('',#1017,#1016,#541,.T.);
#1240=EDGE_CURVE('',#1017,#1018,#542,.T.);
#1241=EDGE_CURVE('',#1018,#1019,#543,.T.);
#1242=EDGE_CURVE('',#1019,#986,#544,.T.);
#1243=EDGE_CURVE('',#1020,#1021,#545,.T.);
#1244=EDGE_CURVE('',#1022,#1020,#426,.T.);
#1245=EDGE_CURVE('',#1023,#1022,#546,.T.);
#1246=EDGE_CURVE('',#1021,#1023,#427,.T.);
#1247=EDGE_CURVE('',#1024,#1023,#547,.T.);
#1248=EDGE_CURVE('',#1025,#1024,#428,.T.);
#1249=EDGE_CURVE('',#1021,#1025,#548,.T.);
#1250=EDGE_CURVE('',#1025,#1026,#549,.T.);
#1251=EDGE_CURVE('',#1026,#1027,#550,.T.);
#1252=EDGE_CURVE('',#1028,#1027,#551,.T.);
#1253=EDGE_CURVE('',#1029,#1028,#552,.T.);
#1254=EDGE_CURVE('',#1030,#1029,#553,.T.);
#1255=EDGE_CURVE('',#1031,#1030,#554,.T.);
#1256=EDGE_CURVE('',#1032,#1031,#555,.T.);
#1257=EDGE_CURVE('',#1032,#1033,#556,.T.);
#1258=EDGE_CURVE('',#1033,#1034,#557,.T.);
#1259=EDGE_CURVE('',#1034,#1035,#558,.T.);
#1260=EDGE_CURVE('',#1035,#1036,#559,.T.);
#1261=EDGE_CURVE('',#1036,#1037,#560,.T.);
#1262=EDGE_CURVE('',#1037,#1038,#561,.T.);
#1263=EDGE_CURVE('',#1038,#1039,#562,.T.);
#1264=EDGE_CURVE('',#1039,#1040,#563,.T.);
#1265=EDGE_CURVE('',#1040,#1041,#564,.T.);
#1266=EDGE_CURVE('',#1042,#1041,#565,.T.);
#1267=EDGE_CURVE('',#1043,#1042,#566,.T.);
#1268=EDGE_CURVE('',#1044,#1043,#567,.T.);
#1269=EDGE_CURVE('',#1045,#1044,#568,.T.);
#1270=EDGE_CURVE('',#1046,#1045,#569,.T.);
#1271=EDGE_CURVE('',#1046,#1047,#570,.T.);
#1272=EDGE_CURVE('',#1047,#1024,#571,.T.);
#1273=EDGE_CURVE('',#1022,#1048,#572,.T.);
#1274=EDGE_CURVE('',#1048,#1049,#573,.T.);
#1275=EDGE_CURVE('',#1049,#1050,#574,.T.);
#1276=EDGE_CURVE('',#1050,#1051,#575,.T.);
#1277=EDGE_CURVE('',#1051,#1020,#576,.T.);
#1278=EDGE_CURVE('',#1037,#1036,#429,.T.);
#1279=EDGE_CURVE('',#1038,#1035,#430,.T.);
#1280=EDGE_CURVE('',#1052,#1052,#431,.T.);
#1281=EDGE_CURVE('',#1052,#1053,#577,.T.);
#1282=EDGE_CURVE('',#1053,#1053,#432,.T.);
#1283=EDGE_CURVE('',#1010,#1009,#433,.T.);
#1284=EDGE_CURVE('',#1054,#1054,#434,.T.);
#1285=EDGE_CURVE('',#1054,#1055,#578,.T.);
#1286=EDGE_CURVE('',#1055,#1055,#435,.T.);
#1287=EDGE_CURVE('',#1056,#1056,#436,.T.);
#1288=EDGE_CURVE('',#1056,#1057,#579,.T.);
#1289=EDGE_CURVE('',#1057,#1057,#437,.T.);
#1290=EDGE_CURVE('',#1058,#1058,#438,.T.);
#1291=EDGE_CURVE('',#1058,#1059,#580,.T.);
#1292=EDGE_CURVE('',#1059,#1059,#439,.T.);
#1293=EDGE_CURVE('',#1000,#1019,#440,.T.);
#1294=EDGE_CURVE('',#1018,#1001,#441,.T.);
#1295=EDGE_CURVE('',#1047,#1026,#442,.T.);
#1296=EDGE_CURVE('',#1039,#1034,#443,.T.);
#1297=EDGE_CURVE('',#1060,#1061,#53,.T.);
#1298=EDGE_CURVE('',#1060,#1011,#444,.T.);
#1299=EDGE_CURVE('',#1008,#1061,#445,.T.);
#1300=EDGE_CURVE('',#1062,#1063,#54,.T.);
#1301=EDGE_CURVE('',#1062,#1040,#446,.T.);
#1302=EDGE_CURVE('',#1033,#1063,#447,.T.);
#1303=EDGE_CURVE('',#1064,#1064,#448,.T.);
#1304=EDGE_CURVE('',#1064,#1065,#581,.T.);
#1305=EDGE_CURVE('',#1065,#1065,#449,.T.);
#1306=EDGE_CURVE('',#1066,#1066,#450,.T.);
#1307=EDGE_CURVE('',#1066,#1067,#582,.T.);
#1308=EDGE_CURVE('',#1067,#1067,#451,.T.);
#1309=EDGE_CURVE('',#1068,#1068,#452,.T.);
#1310=EDGE_CURVE('',#1068,#1069,#583,.T.);
#1311=EDGE_CURVE('',#1069,#1069,#453,.T.);
#1312=EDGE_CURVE('',#1070,#1070,#454,.T.);
#1313=EDGE_CURVE('',#1070,#1071,#584,.T.);
#1314=EDGE_CURVE('',#1071,#1071,#455,.T.);
#1315=EDGE_CURVE('',#1072,#1072,#456,.T.);
#1316=EDGE_CURVE('',#1072,#1073,#585,.T.);
#1317=EDGE_CURVE('',#1073,#1073,#457,.T.);
#1318=EDGE_CURVE('',#1074,#1074,#458,.T.);
#1319=EDGE_CURVE('',#1074,#1075,#586,.T.);
#1320=EDGE_CURVE('',#1075,#1075,#459,.T.);
#1321=EDGE_CURVE('',#1076,#1076,#460,.T.);
#1322=EDGE_CURVE('',#1076,#1077,#587,.T.);
#1323=EDGE_CURVE('',#1077,#1077,#461,.T.);
#1324=EDGE_CURVE('',#1078,#1078,#462,.T.);
#1325=EDGE_CURVE('',#1078,#1079,#588,.T.);
#1326=EDGE_CURVE('',#1079,#1079,#463,.T.);
#1327=EDGE_CURVE('',#1080,#1080,#464,.T.);
#1328=EDGE_CURVE('',#1080,#1081,#589,.T.);
#1329=EDGE_CURVE('',#1081,#1081,#465,.T.);
#1330=EDGE_CURVE('',#1082,#1082,#466,.T.);
#1331=EDGE_CURVE('',#1082,#1083,#590,.T.);
#1332=EDGE_CURVE('',#1083,#1083,#467,.T.);
#1333=EDGE_CURVE('',#1084,#1084,#468,.T.);
#1334=EDGE_CURVE('',#1084,#1085,#591,.T.);
#1335=EDGE_CURVE('',#1085,#1085,#469,.T.);
#1336=EDGE_CURVE('',#1086,#1086,#470,.T.);
#1337=EDGE_CURVE('',#1086,#1087,#592,.T.);
#1338=EDGE_CURVE('',#1087,#1087,#471,.T.);
#1339=EDGE_CURVE('',#1088,#1089,#593,.T.);
#1340=EDGE_CURVE('',#1090,#1088,#594,.T.);
#1341=EDGE_CURVE('',#1091,#1090,#595,.T.);
#1342=EDGE_CURVE('',#1089,#1091,#596,.T.);
#1343=EDGE_CURVE('',#1092,#1093,#597,.T.);
#1344=EDGE_CURVE('',#1094,#1092,#598,.T.);
#1345=EDGE_CURVE('',#1095,#1094,#599,.T.);
#1346=EDGE_CURVE('',#1093,#1095,#600,.T.);
#1347=EDGE_CURVE('',#1096,#1097,#601,.T.);
#1348=EDGE_CURVE('',#1097,#1098,#602,.T.);
#1349=EDGE_CURVE('',#1098,#1099,#603,.T.);
#1350=EDGE_CURVE('',#1099,#1100,#604,.T.);
#1351=EDGE_CURVE('',#1101,#1100,#605,.T.);
#1352=EDGE_CURVE('',#1102,#1101,#606,.T.);
#1353=EDGE_CURVE('',#1103,#1102,#607,.T.);
#1354=EDGE_CURVE('',#1103,#1096,#608,.T.);
#1355=EDGE_CURVE('',#1104,#1105,#609,.T.);
#1356=EDGE_CURVE('',#1105,#1106,#472,.T.);
#1357=EDGE_CURVE('',#1106,#1107,#610,.T.);
#1358=EDGE_CURVE('',#1107,#1104,#473,.T.);
#1359=EDGE_CURVE('',#1094,#1088,#474,.T.);
#1360=EDGE_CURVE('',#1089,#1095,#475,.T.);
#1361=EDGE_CURVE('',#1093,#1091,#476,.T.);
#1362=EDGE_CURVE('',#1090,#1092,#477,.T.);
#1363=EDGE_CURVE('',#1108,#1106,#611,.T.);
#1364=EDGE_CURVE('',#1109,#1108,#612,.T.);
#1365=EDGE_CURVE('',#1107,#1109,#613,.T.);
#1366=EDGE_CURVE('',#1110,#1111,#614,.T.);
#1367=EDGE_CURVE('',#1105,#1110,#615,.T.);
#1368=EDGE_CURVE('',#1111,#1104,#616,.T.);
#1369=EDGE_CURVE('',#1111,#1109,#478,.T.);
#1370=EDGE_CURVE('',#1108,#1110,#479,.T.);
#1371=EDGE_CURVE('',#1112,#1113,#617,.T.);
#1372=EDGE_CURVE('',#1114,#1112,#618,.T.);
#1373=EDGE_CURVE('',#1115,#1114,#619,.T.);
#1374=EDGE_CURVE('',#1115,#1113,#620,.T.);
#1375=EDGE_CURVE('',#1096,#1115,#621,.T.);
#1376=EDGE_CURVE('',#1114,#1097,#622,.T.);
#1377=EDGE_CURVE('',#1116,#1117,#623,.T.);
#1378=EDGE_CURVE('',#1116,#1099,#624,.T.);
#1379=EDGE_CURVE('',#1098,#1117,#625,.T.);
#1380=EDGE_CURVE('',#1102,#1118,#626,.T.);
#1381=EDGE_CURVE('',#1118,#1119,#627,.T.);
#1382=EDGE_CURVE('',#1119,#1103,#628,.T.);
#1383=EDGE_CURVE('',#1120,#1101,#629,.T.);
#1384=EDGE_CURVE('',#1100,#1121,#630,.T.);
#1385=EDGE_CURVE('',#1121,#1120,#631,.T.);
#1386=EDGE_CURVE('',#1119,#1121,#632,.T.);
#1387=EDGE_CURVE('',#1122,#1116,#633,.T.);
#1388=EDGE_CURVE('',#1113,#1122,#634,.T.);
#1389=EDGE_CURVE('',#1118,#1120,#635,.T.);
#1390=EDGE_CURVE('',#1123,#1112,#636,.T.);
#1391=EDGE_CURVE('',#1124,#1123,#637,.T.);
#1392=EDGE_CURVE('',#1125,#1124,#638,.T.);
#1393=EDGE_CURVE('',#1126,#1125,#639,.T.);
#1394=EDGE_CURVE('',#1127,#1126,#640,.T.);
#1395=EDGE_CURVE('',#1117,#1127,#641,.T.);
#1396=EDGE_CURVE('',#1128,#1129,#642,.T.);
#1397=EDGE_CURVE('',#1130,#1128,#643,.T.);
#1398=EDGE_CURVE('',#1131,#1130,#644,.T.);
#1399=EDGE_CURVE('',#1132,#1131,#645,.T.);
#1400=EDGE_CURVE('',#1133,#1132,#646,.T.);
#1401=EDGE_CURVE('',#1133,#1129,#647,.T.);
#1402=EDGE_CURVE('',#1134,#1130,#648,.T.);
#1403=EDGE_CURVE('',#1134,#1135,#649,.T.);
#1404=EDGE_CURVE('',#1135,#1131,#650,.T.);
#1405=EDGE_CURVE('',#1136,#1133,#651,.T.);
#1406=EDGE_CURVE('',#1132,#1137,#652,.T.);
#1407=EDGE_CURVE('',#1137,#1136,#653,.T.);
#1408=EDGE_CURVE('',#1138,#1139,#654,.T.);
#1409=EDGE_CURVE('',#1136,#1138,#655,.T.);
#1410=EDGE_CURVE('',#1137,#1135,#656,.T.);
#1411=EDGE_CURVE('',#1139,#1134,#657,.T.);
#1412=EDGE_CURVE('',#1129,#1138,#658,.T.);
#1413=EDGE_CURVE('',#1122,#1140,#659,.T.);
#1414=EDGE_CURVE('',#1140,#1128,#660,.T.);
#1415=EDGE_CURVE('',#1139,#1141,#661,.T.);
#1416=EDGE_CURVE('',#1141,#1142,#662,.T.);
#1417=EDGE_CURVE('',#1142,#1143,#663,.T.);
#1418=EDGE_CURVE('',#1143,#1144,#664,.T.);
#1419=EDGE_CURVE('',#1144,#1145,#665,.T.);
#1420=EDGE_CURVE('',#1145,#1146,#666,.T.);
#1421=EDGE_CURVE('',#1146,#1147,#667,.T.);
#1422=EDGE_CURVE('',#1147,#1123,#668,.T.);
#1423=EDGE_CURVE('',#1148,#1149,#669,.T.);
#1424=EDGE_CURVE('',#1150,#1148,#670,.T.);
#1425=EDGE_CURVE('',#1151,#1150,#671,.T.);
#1426=EDGE_CURVE('',#1149,#1151,#672,.T.);
#1427=EDGE_CURVE('',#1152,#1153,#673,.T.);
#1428=EDGE_CURVE('',#1154,#1152,#674,.T.);
#1429=EDGE_CURVE('',#1155,#1154,#675,.T.);
#1430=EDGE_CURVE('',#1153,#1155,#676,.T.);
#1431=EDGE_CURVE('',#1156,#1157,#677,.T.);
#1432=EDGE_CURVE('',#1158,#1157,#678,.T.);
#1433=EDGE_CURVE('',#1159,#1158,#679,.T.);
#1434=EDGE_CURVE('',#1156,#1159,#680,.T.);
#1435=EDGE_CURVE('',#1160,#1161,#681,.T.);
#1436=EDGE_CURVE('',#1161,#1162,#480,.T.);
#1437=EDGE_CURVE('',#1162,#1163,#682,.T.);
#1438=EDGE_CURVE('',#1163,#1160,#481,.T.);
#1439=EDGE_CURVE('',#1154,#1148,#482,.T.);
#1440=EDGE_CURVE('',#1149,#1155,#483,.T.);
#1441=EDGE_CURVE('',#1153,#1151,#484,.T.);
#1442=EDGE_CURVE('',#1150,#1152,#485,.T.);
#1443=EDGE_CURVE('',#1164,#1162,#683,.T.);
#1444=EDGE_CURVE('',#1165,#1164,#684,.T.);
#1445=EDGE_CURVE('',#1163,#1165,#685,.T.);
#1446=EDGE_CURVE('',#1166,#1167,#686,.T.);
#1447=EDGE_CURVE('',#1161,#1166,#687,.T.);
#1448=EDGE_CURVE('',#1167,#1160,#688,.T.);
#1449=EDGE_CURVE('',#1167,#1165,#486,.T.);
#1450=EDGE_CURVE('',#1164,#1166,#487,.T.);
#1451=EDGE_CURVE('',#1168,#1147,#689,.T.);
#1452=EDGE_CURVE('',#1124,#1168,#690,.T.);
#1453=EDGE_CURVE('',#1125,#1169,#691,.T.);
#1454=EDGE_CURVE('',#1168,#1169,#692,.T.);
#1455=EDGE_CURVE('',#1127,#1170,#693,.T.);
#1456=EDGE_CURVE('',#1171,#1126,#694,.T.);
#1457=EDGE_CURVE('',#1171,#1170,#695,.T.);
#1458=EDGE_CURVE('',#1171,#1172,#696,.T.);
#1459=EDGE_CURVE('',#1157,#1172,#697,.T.);
#1460=EDGE_CURVE('',#1173,#1156,#698,.T.);
#1461=EDGE_CURVE('',#1173,#1169,#699,.T.);
#1462=EDGE_CURVE('',#1170,#1146,#700,.T.);
#1463=EDGE_CURVE('',#1159,#1174,#701,.T.);
#1464=EDGE_CURVE('',#1174,#1173,#702,.T.);
#1465=EDGE_CURVE('',#1175,#1158,#703,.T.);
#1466=EDGE_CURVE('',#1172,#1175,#704,.T.);
#1467=EDGE_CURVE('',#1174,#1175,#705,.T.);
#1468=EDGE_CURVE('',#1145,#1176,#706,.T.);
#1469=EDGE_CURVE('',#1177,#1176,#707,.T.);
#1470=EDGE_CURVE('',#1177,#1049,#708,.T.);
#1471=EDGE_CURVE('',#1178,#1048,#709,.T.);
#1472=EDGE_CURVE('',#1127,#1178,#710,.T.);
#1473=EDGE_CURVE('',#1179,#1180,#488,.T.);
#1474=EDGE_CURVE('',#1179,#1180,#711,.T.);
#1475=EDGE_CURVE('',#1144,#1181,#712,.T.);
#1476=EDGE_CURVE('',#1182,#1143,#713,.T.);
#1477=EDGE_CURVE('',#1183,#1182,#714,.T.);
#1478=EDGE_CURVE('',#1183,#1184,#715,.T.);
#1479=EDGE_CURVE('',#1181,#1184,#716,.T.);
#1480=EDGE_CURVE('',#1185,#1142,#717,.T.);
#1481=EDGE_CURVE('',#1182,#1185,#718,.T.);
#1482=EDGE_CURVE('',#1185,#1186,#719,.T.);
#1483=EDGE_CURVE('',#1186,#1183,#720,.T.);
#1484=EDGE_CURVE('',#1181,#1187,#721,.T.);
#1485=EDGE_CURVE('',#1184,#1188,#722,.T.);
#1486=EDGE_CURVE('',#1188,#1187,#723,.T.);
#1487=EDGE_CURVE('',#1186,#1188,#724,.T.);
#1488=EDGE_CURVE('',#1187,#1141,#725,.T.);
#1489=EDGE_CURVE('',#1140,#1189,#726,.T.);
#1490=EDGE_CURVE('',#1176,#1189,#727,.T.);
#1491=EDGE_CURVE('',#1177,#1190,#728,.T.);
#1492=EDGE_CURVE('',#1189,#1190,#729,.T.);
#1493=EDGE_CURVE('',#1179,#1191,#730,.T.);
#1494=EDGE_CURVE('',#1192,#1180,#731,.T.);
#1495=EDGE_CURVE('',#1192,#1191,#732,.T.);
#1496=EDGE_CURVE('',#1192,#1191,#489,.T.);
#1497=EDGE_CURVE('',#1063,#1062,#733,.T.);
#1498=EDGE_CURVE('',#1193,#1117,#734,.T.);
#1499=EDGE_CURVE('',#1193,#1051,#735,.T.);
#1500=EDGE_CURVE('',#1190,#1050,#736,.T.);
#1501=EDGE_CURVE('',#1194,#1194,#490,.T.);
#1502=EDGE_CURVE('',#1194,#1195,#737,.T.);
#1503=EDGE_CURVE('',#1195,#1195,#491,.T.);
#1504=EDGE_CURVE('',#1061,#1060,#738,.T.);
#1505=EDGE_CURVE('',#991,#1196,#739,.T.);
#1506=EDGE_CURVE('',#1196,#1197,#740,.T.);
#1507=EDGE_CURVE('',#1197,#992,#741,.T.);
#1508=EDGE_CURVE('',#999,#1196,#742,.T.);
#1509=EDGE_CURVE('',#998,#1197,#743,.T.);
#1510=EDGE_CURVE('',#1017,#1027,#492,.T.);
#1511=EDGE_CURVE('',#1046,#1002,#493,.T.);
#1512=EDGE_CURVE('',#1198,#1198,#494,.T.);
#1513=EDGE_CURVE('',#1028,#1016,#495,.T.);
#1514=EDGE_CURVE('',#1003,#1045,#496,.T.);
#1515=EDGE_CURVE('',#1029,#1015,#497,.T.);
#1516=EDGE_CURVE('',#1004,#1044,#498,.T.);
#1517=EDGE_CURVE('',#1032,#1012,#499,.T.);
#1518=EDGE_CURVE('',#1013,#1031,#500,.T.);
#1519=EDGE_CURVE('',#1014,#1030,#501,.T.);
#1520=EDGE_CURVE('',#1178,#1193,#744,.T.);
#1521=EDGE_CURVE('',#1199,#1199,#502,.T.);
#1522=EDGE_CURVE('',#1199,#1198,#745,.T.);
#1523=EDGE_CURVE('',#1200,#1200,#503,.T.);
#1524=EDGE_CURVE('',#1201,#1201,#504,.T.);
#1525=EDGE_CURVE('',#1201,#1202,#746,.T.);
#1526=EDGE_CURVE('',#1202,#1202,#505,.T.);
#1527=EDGE_CURVE('',#1203,#1203,#506,.T.);
#1528=EDGE_CURVE('',#1203,#1200,#747,.T.);
#1529=EDGE_CURVE('',#1043,#1005,#507,.T.);
#1530=EDGE_CURVE('',#1042,#1006,#508,.T.);
#1531=EDGE_CURVE('',#1007,#1041,#509,.T.);
#1532=ORIENTED_EDGE('',*,*,#1204,.F.);
#1533=ORIENTED_EDGE('',*,*,#1205,.F.);
#1534=ORIENTED_EDGE('',*,*,#1206,.F.);
#1535=ORIENTED_EDGE('',*,*,#1207,.F.);
#1536=ORIENTED_EDGE('',*,*,#1207,.T.);
#1537=ORIENTED_EDGE('',*,*,#1208,.F.);
#1538=ORIENTED_EDGE('',*,*,#1209,.T.);
#1539=ORIENTED_EDGE('',*,*,#1210,.F.);
#1540=ORIENTED_EDGE('',*,*,#1211,.F.);
#1541=ORIENTED_EDGE('',*,*,#1212,.F.);
#1542=ORIENTED_EDGE('',*,*,#1213,.F.);
#1543=ORIENTED_EDGE('',*,*,#1214,.F.);
#1544=ORIENTED_EDGE('',*,*,#1215,.F.);
#1545=ORIENTED_EDGE('',*,*,#1216,.F.);
#1546=ORIENTED_EDGE('',*,*,#1217,.F.);
#1547=ORIENTED_EDGE('',*,*,#1214,.T.);
#1548=ORIENTED_EDGE('',*,*,#1204,.T.);
#1549=ORIENTED_EDGE('',*,*,#1212,.T.);
#1550=ORIENTED_EDGE('',*,*,#1218,.T.);
#1551=ORIENTED_EDGE('',*,*,#1219,.T.);
#1552=ORIENTED_EDGE('',*,*,#1220,.T.);
#1553=ORIENTED_EDGE('',*,*,#1208,.T.);
#1554=ORIENTED_EDGE('',*,*,#1206,.T.);
#1555=ORIENTED_EDGE('',*,*,#1221,.T.);
#1556=ORIENTED_EDGE('',*,*,#1222,.T.);
#1557=ORIENTED_EDGE('',*,*,#1223,.T.);
#1558=ORIENTED_EDGE('',*,*,#1224,.F.);
#1559=ORIENTED_EDGE('',*,*,#1225,.F.);
#1560=ORIENTED_EDGE('',*,*,#1226,.F.);
#1561=ORIENTED_EDGE('',*,*,#1227,.F.);
#1562=ORIENTED_EDGE('',*,*,#1228,.F.);
#1563=ORIENTED_EDGE('',*,*,#1229,.T.);
#1564=ORIENTED_EDGE('',*,*,#1230,.T.);
#1565=ORIENTED_EDGE('',*,*,#1231,.T.);
#1566=ORIENTED_EDGE('',*,*,#1215,.T.);
#1567=ORIENTED_EDGE('',*,*,#1213,.T.);
#1568=ORIENTED_EDGE('',*,*,#1217,.T.);
#1569=ORIENTED_EDGE('',*,*,#1232,.T.);
#1570=ORIENTED_EDGE('',*,*,#1233,.T.);
#1571=ORIENTED_EDGE('',*,*,#1234,.T.);
#1572=ORIENTED_EDGE('',*,*,#1235,.F.);
#1573=ORIENTED_EDGE('',*,*,#1236,.F.);
#1574=ORIENTED_EDGE('',*,*,#1237,.F.);
#1575=ORIENTED_EDGE('',*,*,#1238,.F.);
#1576=ORIENTED_EDGE('',*,*,#1239,.F.);
#1577=ORIENTED_EDGE('',*,*,#1240,.T.);
#1578=ORIENTED_EDGE('',*,*,#1241,.T.);
#1579=ORIENTED_EDGE('',*,*,#1242,.T.);
#1580=ORIENTED_EDGE('',*,*,#1243,.F.);
#1581=ORIENTED_EDGE('',*,*,#1244,.F.);
#1582=ORIENTED_EDGE('',*,*,#1245,.F.);
#1583=ORIENTED_EDGE('',*,*,#1246,.F.);
#1584=ORIENTED_EDGE('',*,*,#1246,.T.);
#1585=ORIENTED_EDGE('',*,*,#1247,.F.);
#1586=ORIENTED_EDGE('',*,*,#1248,.F.);
#1587=ORIENTED_EDGE('',*,*,#1249,.F.);
#1588=ORIENTED_EDGE('',*,*,#1243,.T.);
#1589=ORIENTED_EDGE('',*,*,#1249,.T.);
#1590=ORIENTED_EDGE('',*,*,#1250,.T.);
#1591=ORIENTED_EDGE('',*,*,#1251,.T.);
#1592=ORIENTED_EDGE('',*,*,#1252,.F.);
#1593=ORIENTED_EDGE('',*,*,#1253,.F.);
#1594=ORIENTED_EDGE('',*,*,#1254,.F.);
#1595=ORIENTED_EDGE('',*,*,#1255,.F.);
#1596=ORIENTED_EDGE('',*,*,#1256,.F.);
#1597=ORIENTED_EDGE('',*,*,#1257,.T.);
#1598=ORIENTED_EDGE('',*,*,#1258,.T.);
#1599=ORIENTED_EDGE('',*,*,#1259,.T.);
#1600=ORIENTED_EDGE('',*,*,#1260,.T.);
#1601=ORIENTED_EDGE('',*,*,#1261,.T.);
#1602=ORIENTED_EDGE('',*,*,#1262,.T.);
#1603=ORIENTED_EDGE('',*,*,#1263,.T.);
#1604=ORIENTED_EDGE('',*,*,#1264,.T.);
#1605=ORIENTED_EDGE('',*,*,#1265,.T.);
#1606=ORIENTED_EDGE('',*,*,#1266,.F.);
#1607=ORIENTED_EDGE('',*,*,#1267,.F.);
#1608=ORIENTED_EDGE('',*,*,#1268,.F.);
#1609=ORIENTED_EDGE('',*,*,#1269,.F.);
#1610=ORIENTED_EDGE('',*,*,#1270,.F.);
#1611=ORIENTED_EDGE('',*,*,#1271,.T.);
#1612=ORIENTED_EDGE('',*,*,#1272,.T.);
#1613=ORIENTED_EDGE('',*,*,#1247,.T.);
#1614=ORIENTED_EDGE('',*,*,#1245,.T.);
#1615=ORIENTED_EDGE('',*,*,#1273,.T.);
#1616=ORIENTED_EDGE('',*,*,#1274,.T.);
#1617=ORIENTED_EDGE('',*,*,#1275,.T.);
#1618=ORIENTED_EDGE('',*,*,#1276,.T.);
#1619=ORIENTED_EDGE('',*,*,#1277,.T.);
#1620=ORIENTED_EDGE('',*,*,#1261,.F.);
#1621=ORIENTED_EDGE('',*,*,#1278,.F.);
#1622=ORIENTED_EDGE('',*,*,#1260,.F.);
#1623=ORIENTED_EDGE('',*,*,#1279,.F.);
#1624=ORIENTED_EDGE('',*,*,#1262,.F.);
#1625=ORIENTED_EDGE('',*,*,#1278,.T.);
#1626=ORIENTED_EDGE('',*,*,#1280,.F.);
#1627=ORIENTED_EDGE('',*,*,#1281,.T.);
#1628=ORIENTED_EDGE('',*,*,#1282,.F.);
#1629=ORIENTED_EDGE('',*,*,#1281,.F.);
#1630=ORIENTED_EDGE('',*,*,#1216,.T.);
#1631=ORIENTED_EDGE('',*,*,#1231,.F.);
#1632=ORIENTED_EDGE('',*,*,#1283,.F.);
#1633=ORIENTED_EDGE('',*,*,#1232,.F.);
#1634=ORIENTED_EDGE('',*,*,#1284,.F.);
#1635=ORIENTED_EDGE('',*,*,#1285,.T.);
#1636=ORIENTED_EDGE('',*,*,#1286,.F.);
#1637=ORIENTED_EDGE('',*,*,#1285,.F.);
#1638=ORIENTED_EDGE('',*,*,#1287,.F.);
#1639=ORIENTED_EDGE('',*,*,#1288,.T.);
#1640=ORIENTED_EDGE('',*,*,#1289,.F.);
#1641=ORIENTED_EDGE('',*,*,#1288,.F.);
#1642=ORIENTED_EDGE('',*,*,#1290,.F.);
#1643=ORIENTED_EDGE('',*,*,#1291,.T.);
#1644=ORIENTED_EDGE('',*,*,#1292,.F.);
#1645=ORIENTED_EDGE('',*,*,#1291,.F.);
#1646=ORIENTED_EDGE('',*,*,#1205,.T.);
#1647=ORIENTED_EDGE('',*,*,#1242,.F.);
#1648=ORIENTED_EDGE('',*,*,#1293,.F.);
#1649=ORIENTED_EDGE('',*,*,#1221,.F.);
#1650=ORIENTED_EDGE('',*,*,#1241,.F.);
#1651=ORIENTED_EDGE('',*,*,#1294,.T.);
#1652=ORIENTED_EDGE('',*,*,#1222,.F.);
#1653=ORIENTED_EDGE('',*,*,#1293,.T.);
#1654=ORIENTED_EDGE('',*,*,#1250,.F.);
#1655=ORIENTED_EDGE('',*,*,#1248,.T.);
#1656=ORIENTED_EDGE('',*,*,#1272,.F.);
#1657=ORIENTED_EDGE('',*,*,#1295,.T.);
#1658=ORIENTED_EDGE('',*,*,#1279,.T.);
#1659=ORIENTED_EDGE('',*,*,#1259,.F.);
#1660=ORIENTED_EDGE('',*,*,#1296,.F.);
#1661=ORIENTED_EDGE('',*,*,#1263,.F.);
#1662=ORIENTED_EDGE('',*,*,#1297,.F.);
#1663=ORIENTED_EDGE('',*,*,#1298,.T.);
#1664=ORIENTED_EDGE('',*,*,#1233,.F.);
#1665=ORIENTED_EDGE('',*,*,#1283,.T.);
#1666=ORIENTED_EDGE('',*,*,#1230,.F.);
#1667=ORIENTED_EDGE('',*,*,#1299,.T.);
#1668=ORIENTED_EDGE('',*,*,#1300,.F.);
#1669=ORIENTED_EDGE('',*,*,#1301,.T.);
#1670=ORIENTED_EDGE('',*,*,#1264,.F.);
#1671=ORIENTED_EDGE('',*,*,#1296,.T.);
#1672=ORIENTED_EDGE('',*,*,#1258,.F.);
#1673=ORIENTED_EDGE('',*,*,#1302,.T.);
#1674=ORIENTED_EDGE('',*,*,#1303,.T.);
#1675=ORIENTED_EDGE('',*,*,#1304,.T.);
#1676=ORIENTED_EDGE('',*,*,#1305,.F.);
#1677=ORIENTED_EDGE('',*,*,#1304,.F.);
#1678=ORIENTED_EDGE('',*,*,#1303,.F.);
#1679=ORIENTED_EDGE('',*,*,#1306,.F.);
#1680=ORIENTED_EDGE('',*,*,#1307,.T.);
#1681=ORIENTED_EDGE('',*,*,#1308,.F.);
#1682=ORIENTED_EDGE('',*,*,#1307,.F.);
#1683=ORIENTED_EDGE('',*,*,#1306,.T.);
#1684=ORIENTED_EDGE('',*,*,#1305,.T.);
#1685=ORIENTED_EDGE('',*,*,#1309,.F.);
#1686=ORIENTED_EDGE('',*,*,#1310,.T.);
#1687=ORIENTED_EDGE('',*,*,#1311,.T.);
#1688=ORIENTED_EDGE('',*,*,#1310,.F.);
#1689=ORIENTED_EDGE('',*,*,#1311,.F.);
#1690=ORIENTED_EDGE('',*,*,#1312,.F.);
#1691=ORIENTED_EDGE('',*,*,#1313,.T.);
#1692=ORIENTED_EDGE('',*,*,#1314,.F.);
#1693=ORIENTED_EDGE('',*,*,#1313,.F.);
#1694=ORIENTED_EDGE('',*,*,#1314,.T.);
#1695=ORIENTED_EDGE('',*,*,#1309,.T.);
#1696=ORIENTED_EDGE('',*,*,#1315,.T.);
#1697=ORIENTED_EDGE('',*,*,#1316,.T.);
#1698=ORIENTED_EDGE('',*,*,#1317,.F.);
#1699=ORIENTED_EDGE('',*,*,#1316,.F.);
#1700=ORIENTED_EDGE('',*,*,#1315,.F.);
#1701=ORIENTED_EDGE('',*,*,#1318,.F.);
#1702=ORIENTED_EDGE('',*,*,#1319,.T.);
#1703=ORIENTED_EDGE('',*,*,#1320,.F.);
#1704=ORIENTED_EDGE('',*,*,#1319,.F.);
#1705=ORIENTED_EDGE('',*,*,#1318,.T.);
#1706=ORIENTED_EDGE('',*,*,#1317,.T.);
#1707=ORIENTED_EDGE('',*,*,#1321,.F.);
#1708=ORIENTED_EDGE('',*,*,#1322,.T.);
#1709=ORIENTED_EDGE('',*,*,#1323,.T.);
#1710=ORIENTED_EDGE('',*,*,#1322,.F.);
#1711=ORIENTED_EDGE('',*,*,#1323,.F.);
#1712=ORIENTED_EDGE('',*,*,#1324,.F.);
#1713=ORIENTED_EDGE('',*,*,#1325,.T.);
#1714=ORIENTED_EDGE('',*,*,#1326,.F.);
#1715=ORIENTED_EDGE('',*,*,#1325,.F.);
#1716=ORIENTED_EDGE('',*,*,#1326,.T.);
#1717=ORIENTED_EDGE('',*,*,#1321,.T.);
#1718=ORIENTED_EDGE('',*,*,#1327,.T.);
#1719=ORIENTED_EDGE('',*,*,#1328,.T.);
#1720=ORIENTED_EDGE('',*,*,#1329,.F.);
#1721=ORIENTED_EDGE('',*,*,#1328,.F.);
#1722=ORIENTED_EDGE('',*,*,#1327,.F.);
#1723=ORIENTED_EDGE('',*,*,#1330,.T.);
#1724=ORIENTED_EDGE('',*,*,#1331,.T.);
#1725=ORIENTED_EDGE('',*,*,#1332,.F.);
#1726=ORIENTED_EDGE('',*,*,#1331,.F.);
#1727=ORIENTED_EDGE('',*,*,#1330,.F.);
#1728=ORIENTED_EDGE('',*,*,#1333,.T.);
#1729=ORIENTED_EDGE('',*,*,#1334,.T.);
#1730=ORIENTED_EDGE('',*,*,#1335,.F.);
#1731=ORIENTED_EDGE('',*,*,#1334,.F.);
#1732=ORIENTED_EDGE('',*,*,#1333,.F.);
#1733=ORIENTED_EDGE('',*,*,#1336,.T.);
#1734=ORIENTED_EDGE('',*,*,#1337,.T.);
#1735=ORIENTED_EDGE('',*,*,#1338,.F.);
#1736=ORIENTED_EDGE('',*,*,#1337,.F.);
#1737=ORIENTED_EDGE('',*,*,#1336,.F.);
#1738=ORIENTED_EDGE('',*,*,#1339,.F.);
#1739=ORIENTED_EDGE('',*,*,#1340,.F.);
#1740=ORIENTED_EDGE('',*,*,#1341,.F.);
#1741=ORIENTED_EDGE('',*,*,#1342,.F.);
#1742=ORIENTED_EDGE('',*,*,#1343,.F.);
#1743=ORIENTED_EDGE('',*,*,#1344,.F.);
#1744=ORIENTED_EDGE('',*,*,#1345,.F.);
#1745=ORIENTED_EDGE('',*,*,#1346,.F.);
#1746=ORIENTED_EDGE('',*,*,#1347,.T.);
#1747=ORIENTED_EDGE('',*,*,#1348,.T.);
#1748=ORIENTED_EDGE('',*,*,#1349,.T.);
#1749=ORIENTED_EDGE('',*,*,#1350,.T.);
#1750=ORIENTED_EDGE('',*,*,#1351,.F.);
#1751=ORIENTED_EDGE('',*,*,#1352,.F.);
#1752=ORIENTED_EDGE('',*,*,#1353,.F.);
#1753=ORIENTED_EDGE('',*,*,#1354,.T.);
#1754=ORIENTED_EDGE('',*,*,#1355,.T.);
#1755=ORIENTED_EDGE('',*,*,#1356,.T.);
#1756=ORIENTED_EDGE('',*,*,#1357,.T.);
#1757=ORIENTED_EDGE('',*,*,#1358,.T.);
#1758=ORIENTED_EDGE('',*,*,#1345,.T.);
#1759=ORIENTED_EDGE('',*,*,#1359,.T.);
#1760=ORIENTED_EDGE('',*,*,#1339,.T.);
#1761=ORIENTED_EDGE('',*,*,#1360,.T.);
#1762=ORIENTED_EDGE('',*,*,#1346,.T.);
#1763=ORIENTED_EDGE('',*,*,#1360,.F.);
#1764=ORIENTED_EDGE('',*,*,#1342,.T.);
#1765=ORIENTED_EDGE('',*,*,#1361,.F.);
#1766=ORIENTED_EDGE('',*,*,#1344,.T.);
#1767=ORIENTED_EDGE('',*,*,#1362,.F.);
#1768=ORIENTED_EDGE('',*,*,#1340,.T.);
#1769=ORIENTED_EDGE('',*,*,#1359,.F.);
#1770=ORIENTED_EDGE('',*,*,#1357,.F.);
#1771=ORIENTED_EDGE('',*,*,#1363,.F.);
#1772=ORIENTED_EDGE('',*,*,#1364,.F.);
#1773=ORIENTED_EDGE('',*,*,#1365,.F.);
#1774=ORIENTED_EDGE('',*,*,#1366,.F.);
#1775=ORIENTED_EDGE('',*,*,#1367,.F.);
#1776=ORIENTED_EDGE('',*,*,#1355,.F.);
#1777=ORIENTED_EDGE('',*,*,#1368,.F.);
#1778=ORIENTED_EDGE('',*,*,#1368,.T.);
#1779=ORIENTED_EDGE('',*,*,#1358,.F.);
#1780=ORIENTED_EDGE('',*,*,#1365,.T.);
#1781=ORIENTED_EDGE('',*,*,#1369,.F.);
#1782=ORIENTED_EDGE('',*,*,#1367,.T.);
#1783=ORIENTED_EDGE('',*,*,#1370,.F.);
#1784=ORIENTED_EDGE('',*,*,#1363,.T.);
#1785=ORIENTED_EDGE('',*,*,#1356,.F.);
#1786=ORIENTED_EDGE('',*,*,#1371,.F.);
#1787=ORIENTED_EDGE('',*,*,#1372,.F.);
#1788=ORIENTED_EDGE('',*,*,#1373,.F.);
#1789=ORIENTED_EDGE('',*,*,#1374,.T.);
#1790=ORIENTED_EDGE('',*,*,#1347,.F.);
#1791=ORIENTED_EDGE('',*,*,#1375,.T.);
#1792=ORIENTED_EDGE('',*,*,#1373,.T.);
#1793=ORIENTED_EDGE('',*,*,#1376,.T.);
#1794=ORIENTED_EDGE('',*,*,#1377,.F.);
#1795=ORIENTED_EDGE('',*,*,#1378,.T.);
#1796=ORIENTED_EDGE('',*,*,#1349,.F.);
#1797=ORIENTED_EDGE('',*,*,#1379,.T.);
#1798=ORIENTED_EDGE('',*,*,#1380,.T.);
#1799=ORIENTED_EDGE('',*,*,#1381,.T.);
#1800=ORIENTED_EDGE('',*,*,#1382,.T.);
#1801=ORIENTED_EDGE('',*,*,#1353,.T.);
#1802=ORIENTED_EDGE('',*,*,#1383,.T.);
#1803=ORIENTED_EDGE('',*,*,#1351,.T.);
#1804=ORIENTED_EDGE('',*,*,#1384,.T.);
#1805=ORIENTED_EDGE('',*,*,#1385,.T.);
#1806=ORIENTED_EDGE('',*,*,#1354,.F.);
#1807=ORIENTED_EDGE('',*,*,#1382,.F.);
#1808=ORIENTED_EDGE('',*,*,#1386,.T.);
#1809=ORIENTED_EDGE('',*,*,#1384,.F.);
#1810=ORIENTED_EDGE('',*,*,#1350,.F.);
#1811=ORIENTED_EDGE('',*,*,#1378,.F.);
#1812=ORIENTED_EDGE('',*,*,#1387,.F.);
#1813=ORIENTED_EDGE('',*,*,#1388,.F.);
#1814=ORIENTED_EDGE('',*,*,#1374,.F.);
#1815=ORIENTED_EDGE('',*,*,#1375,.F.);
#1816=ORIENTED_EDGE('',*,*,#1389,.T.);
#1817=ORIENTED_EDGE('',*,*,#1385,.F.);
#1818=ORIENTED_EDGE('',*,*,#1386,.F.);
#1819=ORIENTED_EDGE('',*,*,#1381,.F.);
#1820=ORIENTED_EDGE('',*,*,#1343,.T.);
#1821=ORIENTED_EDGE('',*,*,#1361,.T.);
#1822=ORIENTED_EDGE('',*,*,#1341,.T.);
#1823=ORIENTED_EDGE('',*,*,#1362,.T.);
#1824=ORIENTED_EDGE('',*,*,#1366,.T.);
#1825=ORIENTED_EDGE('',*,*,#1369,.T.);
#1826=ORIENTED_EDGE('',*,*,#1364,.T.);
#1827=ORIENTED_EDGE('',*,*,#1370,.T.);
#1828=ORIENTED_EDGE('',*,*,#1352,.T.);
#1829=ORIENTED_EDGE('',*,*,#1383,.F.);
#1830=ORIENTED_EDGE('',*,*,#1389,.F.);
#1831=ORIENTED_EDGE('',*,*,#1380,.F.);
#1832=ORIENTED_EDGE('',*,*,#1390,.F.);
#1833=ORIENTED_EDGE('',*,*,#1391,.F.);
#1834=ORIENTED_EDGE('',*,*,#1392,.F.);
#1835=ORIENTED_EDGE('',*,*,#1393,.F.);
#1836=ORIENTED_EDGE('',*,*,#1394,.F.);
#1837=ORIENTED_EDGE('',*,*,#1395,.F.);
#1838=ORIENTED_EDGE('',*,*,#1379,.F.);
#1839=ORIENTED_EDGE('',*,*,#1348,.F.);
#1840=ORIENTED_EDGE('',*,*,#1376,.F.);
#1841=ORIENTED_EDGE('',*,*,#1372,.T.);
#1842=ORIENTED_EDGE('',*,*,#1396,.F.);
#1843=ORIENTED_EDGE('',*,*,#1397,.F.);
#1844=ORIENTED_EDGE('',*,*,#1398,.F.);
#1845=ORIENTED_EDGE('',*,*,#1399,.F.);
#1846=ORIENTED_EDGE('',*,*,#1400,.F.);
#1847=ORIENTED_EDGE('',*,*,#1401,.T.);
#1848=ORIENTED_EDGE('',*,*,#1308,.T.);
#1849=ORIENTED_EDGE('',*,*,#1320,.T.);
#1850=ORIENTED_EDGE('',*,*,#1402,.F.);
#1851=ORIENTED_EDGE('',*,*,#1403,.T.);
#1852=ORIENTED_EDGE('',*,*,#1404,.T.);
#1853=ORIENTED_EDGE('',*,*,#1398,.T.);
#1854=ORIENTED_EDGE('',*,*,#1405,.T.);
#1855=ORIENTED_EDGE('',*,*,#1400,.T.);
#1856=ORIENTED_EDGE('',*,*,#1406,.T.);
#1857=ORIENTED_EDGE('',*,*,#1407,.T.);
#1858=ORIENTED_EDGE('',*,*,#1329,.T.);
#1859=ORIENTED_EDGE('',*,*,#1335,.T.);
#1860=ORIENTED_EDGE('',*,*,#1408,.F.);
#1861=ORIENTED_EDGE('',*,*,#1409,.F.);
#1862=ORIENTED_EDGE('',*,*,#1407,.F.);
#1863=ORIENTED_EDGE('',*,*,#1410,.T.);
#1864=ORIENTED_EDGE('',*,*,#1403,.F.);
#1865=ORIENTED_EDGE('',*,*,#1411,.F.);
#1866=ORIENTED_EDGE('',*,*,#1399,.T.);
#1867=ORIENTED_EDGE('',*,*,#1404,.F.);
#1868=ORIENTED_EDGE('',*,*,#1410,.F.);
#1869=ORIENTED_EDGE('',*,*,#1406,.F.);
#1870=ORIENTED_EDGE('',*,*,#1412,.F.);
#1871=ORIENTED_EDGE('',*,*,#1401,.F.);
#1872=ORIENTED_EDGE('',*,*,#1405,.F.);
#1873=ORIENTED_EDGE('',*,*,#1409,.T.);
#1874=ORIENTED_EDGE('',*,*,#1388,.T.);
#1875=ORIENTED_EDGE('',*,*,#1413,.T.);
#1876=ORIENTED_EDGE('',*,*,#1414,.T.);
#1877=ORIENTED_EDGE('',*,*,#1396,.T.);
#1878=ORIENTED_EDGE('',*,*,#1412,.T.);
#1879=ORIENTED_EDGE('',*,*,#1408,.T.);
#1880=ORIENTED_EDGE('',*,*,#1415,.T.);
#1881=ORIENTED_EDGE('',*,*,#1416,.T.);
#1882=ORIENTED_EDGE('',*,*,#1417,.T.);
#1883=ORIENTED_EDGE('',*,*,#1418,.T.);
#1884=ORIENTED_EDGE('',*,*,#1419,.T.);
#1885=ORIENTED_EDGE('',*,*,#1420,.T.);
#1886=ORIENTED_EDGE('',*,*,#1421,.T.);
#1887=ORIENTED_EDGE('',*,*,#1422,.T.);
#1888=ORIENTED_EDGE('',*,*,#1390,.T.);
#1889=ORIENTED_EDGE('',*,*,#1371,.T.);
#1890=ORIENTED_EDGE('',*,*,#1423,.F.);
#1891=ORIENTED_EDGE('',*,*,#1424,.F.);
#1892=ORIENTED_EDGE('',*,*,#1425,.F.);
#1893=ORIENTED_EDGE('',*,*,#1426,.F.);
#1894=ORIENTED_EDGE('',*,*,#1427,.F.);
#1895=ORIENTED_EDGE('',*,*,#1428,.F.);
#1896=ORIENTED_EDGE('',*,*,#1429,.F.);
#1897=ORIENTED_EDGE('',*,*,#1430,.F.);
#1898=ORIENTED_EDGE('',*,*,#1431,.T.);
#1899=ORIENTED_EDGE('',*,*,#1432,.F.);
#1900=ORIENTED_EDGE('',*,*,#1433,.F.);
#1901=ORIENTED_EDGE('',*,*,#1434,.F.);
#1902=ORIENTED_EDGE('',*,*,#1435,.T.);
#1903=ORIENTED_EDGE('',*,*,#1436,.T.);
#1904=ORIENTED_EDGE('',*,*,#1437,.T.);
#1905=ORIENTED_EDGE('',*,*,#1438,.T.);
#1906=ORIENTED_EDGE('',*,*,#1429,.T.);
#1907=ORIENTED_EDGE('',*,*,#1439,.T.);
#1908=ORIENTED_EDGE('',*,*,#1423,.T.);
#1909=ORIENTED_EDGE('',*,*,#1440,.T.);
#1910=ORIENTED_EDGE('',*,*,#1430,.T.);
#1911=ORIENTED_EDGE('',*,*,#1440,.F.);
#1912=ORIENTED_EDGE('',*,*,#1426,.T.);
#1913=ORIENTED_EDGE('',*,*,#1441,.F.);
#1914=ORIENTED_EDGE('',*,*,#1428,.T.);
#1915=ORIENTED_EDGE('',*,*,#1442,.F.);
#1916=ORIENTED_EDGE('',*,*,#1424,.T.);
#1917=ORIENTED_EDGE('',*,*,#1439,.F.);
#1918=ORIENTED_EDGE('',*,*,#1437,.F.);
#1919=ORIENTED_EDGE('',*,*,#1443,.F.);
#1920=ORIENTED_EDGE('',*,*,#1444,.F.);
#1921=ORIENTED_EDGE('',*,*,#1445,.F.);
#1922=ORIENTED_EDGE('',*,*,#1446,.F.);
#1923=ORIENTED_EDGE('',*,*,#1447,.F.);
#1924=ORIENTED_EDGE('',*,*,#1435,.F.);
#1925=ORIENTED_EDGE('',*,*,#1448,.F.);
#1926=ORIENTED_EDGE('',*,*,#1448,.T.);
#1927=ORIENTED_EDGE('',*,*,#1438,.F.);
#1928=ORIENTED_EDGE('',*,*,#1445,.T.);
#1929=ORIENTED_EDGE('',*,*,#1449,.F.);
#1930=ORIENTED_EDGE('',*,*,#1447,.T.);
#1931=ORIENTED_EDGE('',*,*,#1450,.F.);
#1932=ORIENTED_EDGE('',*,*,#1443,.T.);
#1933=ORIENTED_EDGE('',*,*,#1436,.F.);
#1934=ORIENTED_EDGE('',*,*,#1422,.F.);
#1935=ORIENTED_EDGE('',*,*,#1451,.F.);
#1936=ORIENTED_EDGE('',*,*,#1452,.F.);
#1937=ORIENTED_EDGE('',*,*,#1391,.T.);
#1938=ORIENTED_EDGE('',*,*,#1453,.F.);
#1939=ORIENTED_EDGE('',*,*,#1392,.T.);
#1940=ORIENTED_EDGE('',*,*,#1452,.T.);
#1941=ORIENTED_EDGE('',*,*,#1454,.T.);
#1942=ORIENTED_EDGE('',*,*,#1455,.F.);
#1943=ORIENTED_EDGE('',*,*,#1394,.T.);
#1944=ORIENTED_EDGE('',*,*,#1456,.F.);
#1945=ORIENTED_EDGE('',*,*,#1457,.T.);
#1946=ORIENTED_EDGE('',*,*,#1458,.T.);
#1947=ORIENTED_EDGE('',*,*,#1459,.F.);
#1948=ORIENTED_EDGE('',*,*,#1431,.F.);
#1949=ORIENTED_EDGE('',*,*,#1460,.F.);
#1950=ORIENTED_EDGE('',*,*,#1461,.T.);
#1951=ORIENTED_EDGE('',*,*,#1454,.F.);
#1952=ORIENTED_EDGE('',*,*,#1451,.T.);
#1953=ORIENTED_EDGE('',*,*,#1421,.F.);
#1954=ORIENTED_EDGE('',*,*,#1462,.F.);
#1955=ORIENTED_EDGE('',*,*,#1457,.F.);
#1956=ORIENTED_EDGE('',*,*,#1463,.T.);
#1957=ORIENTED_EDGE('',*,*,#1464,.T.);
#1958=ORIENTED_EDGE('',*,*,#1460,.T.);
#1959=ORIENTED_EDGE('',*,*,#1434,.T.);
#1960=ORIENTED_EDGE('',*,*,#1465,.T.);
#1961=ORIENTED_EDGE('',*,*,#1432,.T.);
#1962=ORIENTED_EDGE('',*,*,#1459,.T.);
#1963=ORIENTED_EDGE('',*,*,#1466,.T.);
#1964=ORIENTED_EDGE('',*,*,#1453,.T.);
#1965=ORIENTED_EDGE('',*,*,#1461,.F.);
#1966=ORIENTED_EDGE('',*,*,#1464,.F.);
#1967=ORIENTED_EDGE('',*,*,#1467,.T.);
#1968=ORIENTED_EDGE('',*,*,#1466,.F.);
#1969=ORIENTED_EDGE('',*,*,#1458,.F.);
#1970=ORIENTED_EDGE('',*,*,#1456,.T.);
#1971=ORIENTED_EDGE('',*,*,#1393,.T.);
#1972=ORIENTED_EDGE('',*,*,#1427,.T.);
#1973=ORIENTED_EDGE('',*,*,#1441,.T.);
#1974=ORIENTED_EDGE('',*,*,#1425,.T.);
#1975=ORIENTED_EDGE('',*,*,#1442,.T.);
#1976=ORIENTED_EDGE('',*,*,#1446,.T.);
#1977=ORIENTED_EDGE('',*,*,#1449,.T.);
#1978=ORIENTED_EDGE('',*,*,#1444,.T.);
#1979=ORIENTED_EDGE('',*,*,#1450,.T.);
#1980=ORIENTED_EDGE('',*,*,#1433,.T.);
#1981=ORIENTED_EDGE('',*,*,#1465,.F.);
#1982=ORIENTED_EDGE('',*,*,#1467,.F.);
#1983=ORIENTED_EDGE('',*,*,#1463,.F.);
#1984=ORIENTED_EDGE('',*,*,#1455,.T.);
#1985=ORIENTED_EDGE('',*,*,#1462,.T.);
#1986=ORIENTED_EDGE('',*,*,#1420,.F.);
#1987=ORIENTED_EDGE('',*,*,#1468,.T.);
#1988=ORIENTED_EDGE('',*,*,#1469,.F.);
#1989=ORIENTED_EDGE('',*,*,#1470,.T.);
#1990=ORIENTED_EDGE('',*,*,#1274,.F.);
#1991=ORIENTED_EDGE('',*,*,#1471,.F.);
#1992=ORIENTED_EDGE('',*,*,#1472,.F.);
#1993=ORIENTED_EDGE('',*,*,#1473,.T.);
#1994=ORIENTED_EDGE('',*,*,#1474,.F.);
#1995=ORIENTED_EDGE('',*,*,#1475,.F.);
#1996=ORIENTED_EDGE('',*,*,#1418,.F.);
#1997=ORIENTED_EDGE('',*,*,#1476,.F.);
#1998=ORIENTED_EDGE('',*,*,#1477,.F.);
#1999=ORIENTED_EDGE('',*,*,#1478,.T.);
#2000=ORIENTED_EDGE('',*,*,#1479,.F.);
#2001=ORIENTED_EDGE('',*,*,#1312,.T.);
#2002=ORIENTED_EDGE('',*,*,#1324,.T.);
#2003=ORIENTED_EDGE('',*,*,#1417,.F.);
#2004=ORIENTED_EDGE('',*,*,#1480,.F.);
#2005=ORIENTED_EDGE('',*,*,#1481,.F.);
#2006=ORIENTED_EDGE('',*,*,#1476,.T.);
#2007=ORIENTED_EDGE('',*,*,#1481,.T.);
#2008=ORIENTED_EDGE('',*,*,#1482,.T.);
#2009=ORIENTED_EDGE('',*,*,#1483,.T.);
#2010=ORIENTED_EDGE('',*,*,#1477,.T.);
#2011=ORIENTED_EDGE('',*,*,#1332,.T.);
#2012=ORIENTED_EDGE('',*,*,#1338,.T.);
#2013=ORIENTED_EDGE('',*,*,#1484,.F.);
#2014=ORIENTED_EDGE('',*,*,#1479,.T.);
#2015=ORIENTED_EDGE('',*,*,#1485,.T.);
#2016=ORIENTED_EDGE('',*,*,#1486,.T.);
#2017=ORIENTED_EDGE('',*,*,#1487,.T.);
#2018=ORIENTED_EDGE('',*,*,#1485,.F.);
#2019=ORIENTED_EDGE('',*,*,#1478,.F.);
#2020=ORIENTED_EDGE('',*,*,#1483,.F.);
#2021=ORIENTED_EDGE('',*,*,#1488,.F.);
#2022=ORIENTED_EDGE('',*,*,#1486,.F.);
#2023=ORIENTED_EDGE('',*,*,#1487,.F.);
#2024=ORIENTED_EDGE('',*,*,#1482,.F.);
#2025=ORIENTED_EDGE('',*,*,#1480,.T.);
#2026=ORIENTED_EDGE('',*,*,#1416,.F.);
#2027=ORIENTED_EDGE('',*,*,#1397,.T.);
#2028=ORIENTED_EDGE('',*,*,#1414,.F.);
#2029=ORIENTED_EDGE('',*,*,#1489,.T.);
#2030=ORIENTED_EDGE('',*,*,#1490,.F.);
#2031=ORIENTED_EDGE('',*,*,#1468,.F.);
#2032=ORIENTED_EDGE('',*,*,#1419,.F.);
#2033=ORIENTED_EDGE('',*,*,#1475,.T.);
#2034=ORIENTED_EDGE('',*,*,#1484,.T.);
#2035=ORIENTED_EDGE('',*,*,#1488,.T.);
#2036=ORIENTED_EDGE('',*,*,#1415,.F.);
#2037=ORIENTED_EDGE('',*,*,#1411,.T.);
#2038=ORIENTED_EDGE('',*,*,#1402,.T.);
#2039=ORIENTED_EDGE('',*,*,#1491,.F.);
#2040=ORIENTED_EDGE('',*,*,#1469,.T.);
#2041=ORIENTED_EDGE('',*,*,#1490,.T.);
#2042=ORIENTED_EDGE('',*,*,#1492,.T.);
#2043=ORIENTED_EDGE('',*,*,#1493,.F.);
#2044=ORIENTED_EDGE('',*,*,#1474,.T.);
#2045=ORIENTED_EDGE('',*,*,#1494,.F.);
#2046=ORIENTED_EDGE('',*,*,#1495,.T.);
#2047=ORIENTED_EDGE('',*,*,#1493,.T.);
#2048=ORIENTED_EDGE('',*,*,#1496,.F.);
#2049=ORIENTED_EDGE('',*,*,#1494,.T.);
#2050=ORIENTED_EDGE('',*,*,#1473,.F.);
#2051=ORIENTED_EDGE('',*,*,#1300,.T.);
#2052=ORIENTED_EDGE('',*,*,#1497,.T.);
#2053=ORIENTED_EDGE('',*,*,#1377,.T.);
#2054=ORIENTED_EDGE('',*,*,#1498,.F.);
#2055=ORIENTED_EDGE('',*,*,#1499,.T.);
#2056=ORIENTED_EDGE('',*,*,#1276,.F.);
#2057=ORIENTED_EDGE('',*,*,#1500,.F.);
#2058=ORIENTED_EDGE('',*,*,#1492,.F.);
#2059=ORIENTED_EDGE('',*,*,#1489,.F.);
#2060=ORIENTED_EDGE('',*,*,#1413,.F.);
#2061=ORIENTED_EDGE('',*,*,#1387,.T.);
#2062=ORIENTED_EDGE('',*,*,#1496,.T.);
#2063=ORIENTED_EDGE('',*,*,#1495,.F.);
#2064=ORIENTED_EDGE('',*,*,#1491,.T.);
#2065=ORIENTED_EDGE('',*,*,#1500,.T.);
#2066=ORIENTED_EDGE('',*,*,#1275,.F.);
#2067=ORIENTED_EDGE('',*,*,#1470,.F.);
#2068=ORIENTED_EDGE('',*,*,#1501,.F.);
#2069=ORIENTED_EDGE('',*,*,#1502,.T.);
#2070=ORIENTED_EDGE('',*,*,#1503,.F.);
#2071=ORIENTED_EDGE('',*,*,#1502,.F.);
#2072=ORIENTED_EDGE('',*,*,#1297,.T.);
#2073=ORIENTED_EDGE('',*,*,#1504,.T.);
#2074=ORIENTED_EDGE('',*,*,#1210,.T.);
#2075=ORIENTED_EDGE('',*,*,#1505,.T.);
#2076=ORIENTED_EDGE('',*,*,#1506,.T.);
#2077=ORIENTED_EDGE('',*,*,#1507,.T.);
#2078=ORIENTED_EDGE('',*,*,#1508,.T.);
#2079=ORIENTED_EDGE('',*,*,#1505,.F.);
#2080=ORIENTED_EDGE('',*,*,#1209,.F.);
#2081=ORIENTED_EDGE('',*,*,#1220,.F.);
#2082=ORIENTED_EDGE('',*,*,#1501,.T.);
#2083=ORIENTED_EDGE('',*,*,#1509,.T.);
#2084=ORIENTED_EDGE('',*,*,#1506,.F.);
#2085=ORIENTED_EDGE('',*,*,#1508,.F.);
#2086=ORIENTED_EDGE('',*,*,#1219,.F.);
#2087=ORIENTED_EDGE('',*,*,#1211,.T.);
#2088=ORIENTED_EDGE('',*,*,#1507,.F.);
#2089=ORIENTED_EDGE('',*,*,#1509,.F.);
#2090=ORIENTED_EDGE('',*,*,#1218,.F.);
#2091=ORIENTED_EDGE('',*,*,#1503,.T.);
#2092=ORIENTED_EDGE('',*,*,#1510,.T.);
#2093=ORIENTED_EDGE('',*,*,#1251,.F.);
#2094=ORIENTED_EDGE('',*,*,#1295,.F.);
#2095=ORIENTED_EDGE('',*,*,#1271,.F.);
#2096=ORIENTED_EDGE('',*,*,#1511,.T.);
#2097=ORIENTED_EDGE('',*,*,#1223,.F.);
#2098=ORIENTED_EDGE('',*,*,#1294,.F.);
#2099=ORIENTED_EDGE('',*,*,#1240,.F.);
#2100=ORIENTED_EDGE('',*,*,#1282,.T.);
#2101=ORIENTED_EDGE('',*,*,#1286,.T.);
#2102=ORIENTED_EDGE('',*,*,#1289,.T.);
#2103=ORIENTED_EDGE('',*,*,#1292,.T.);
#2104=ORIENTED_EDGE('',*,*,#1512,.T.);
#2105=ORIENTED_EDGE('',*,*,#1239,.T.);
#2106=ORIENTED_EDGE('',*,*,#1513,.F.);
#2107=ORIENTED_EDGE('',*,*,#1252,.T.);
#2108=ORIENTED_EDGE('',*,*,#1510,.F.);
#2109=ORIENTED_EDGE('',*,*,#1224,.T.);
#2110=ORIENTED_EDGE('',*,*,#1511,.F.);
#2111=ORIENTED_EDGE('',*,*,#1270,.T.);
#2112=ORIENTED_EDGE('',*,*,#1514,.F.);
#2113=ORIENTED_EDGE('',*,*,#1238,.T.);
#2114=ORIENTED_EDGE('',*,*,#1515,.F.);
#2115=ORIENTED_EDGE('',*,*,#1253,.T.);
#2116=ORIENTED_EDGE('',*,*,#1513,.T.);
#2117=ORIENTED_EDGE('',*,*,#1225,.T.);
#2118=ORIENTED_EDGE('',*,*,#1514,.T.);
#2119=ORIENTED_EDGE('',*,*,#1269,.T.);
#2120=ORIENTED_EDGE('',*,*,#1516,.F.);
#2121=ORIENTED_EDGE('',*,*,#1235,.T.);
#2122=ORIENTED_EDGE('',*,*,#1517,.F.);
#2123=ORIENTED_EDGE('',*,*,#1256,.T.);
#2124=ORIENTED_EDGE('',*,*,#1518,.F.);
#2125=ORIENTED_EDGE('',*,*,#1237,.T.);
#2126=ORIENTED_EDGE('',*,*,#1519,.T.);
#2127=ORIENTED_EDGE('',*,*,#1254,.T.);
#2128=ORIENTED_EDGE('',*,*,#1515,.T.);
#2129=ORIENTED_EDGE('',*,*,#1236,.T.);
#2130=ORIENTED_EDGE('',*,*,#1518,.T.);
#2131=ORIENTED_EDGE('',*,*,#1255,.T.);
#2132=ORIENTED_EDGE('',*,*,#1519,.F.);
#2133=ORIENTED_EDGE('',*,*,#1395,.T.);
#2134=ORIENTED_EDGE('',*,*,#1472,.T.);
#2135=ORIENTED_EDGE('',*,*,#1520,.T.);
#2136=ORIENTED_EDGE('',*,*,#1498,.T.);
#2137=ORIENTED_EDGE('',*,*,#1244,.T.);
#2138=ORIENTED_EDGE('',*,*,#1277,.F.);
#2139=ORIENTED_EDGE('',*,*,#1499,.F.);
#2140=ORIENTED_EDGE('',*,*,#1520,.F.);
#2141=ORIENTED_EDGE('',*,*,#1471,.T.);
#2142=ORIENTED_EDGE('',*,*,#1273,.F.);
#2143=ORIENTED_EDGE('',*,*,#1521,.T.);
#2144=ORIENTED_EDGE('',*,*,#1522,.T.);
#2145=ORIENTED_EDGE('',*,*,#1512,.F.);
#2146=ORIENTED_EDGE('',*,*,#1522,.F.);
#2147=ORIENTED_EDGE('',*,*,#1521,.F.);
#2148=ORIENTED_EDGE('',*,*,#1523,.F.);
#2149=ORIENTED_EDGE('',*,*,#1524,.F.);
#2150=ORIENTED_EDGE('',*,*,#1525,.T.);
#2151=ORIENTED_EDGE('',*,*,#1526,.T.);
#2152=ORIENTED_EDGE('',*,*,#1525,.F.);
#2153=ORIENTED_EDGE('',*,*,#1526,.F.);
#2154=ORIENTED_EDGE('',*,*,#1527,.F.);
#2155=ORIENTED_EDGE('',*,*,#1527,.T.);
#2156=ORIENTED_EDGE('',*,*,#1528,.T.);
#2157=ORIENTED_EDGE('',*,*,#1523,.T.);
#2158=ORIENTED_EDGE('',*,*,#1528,.F.);
#2159=ORIENTED_EDGE('',*,*,#1227,.T.);
#2160=ORIENTED_EDGE('',*,*,#1529,.F.);
#2161=ORIENTED_EDGE('',*,*,#1267,.T.);
#2162=ORIENTED_EDGE('',*,*,#1530,.T.);
#2163=ORIENTED_EDGE('',*,*,#1228,.T.);
#2164=ORIENTED_EDGE('',*,*,#1530,.F.);
#2165=ORIENTED_EDGE('',*,*,#1266,.T.);
#2166=ORIENTED_EDGE('',*,*,#1531,.F.);
#2167=ORIENTED_EDGE('',*,*,#1226,.T.);
#2168=ORIENTED_EDGE('',*,*,#1516,.T.);
#2169=ORIENTED_EDGE('',*,*,#1268,.T.);
#2170=ORIENTED_EDGE('',*,*,#1529,.T.);
#2171=ORIENTED_EDGE('',*,*,#1531,.T.);
#2172=ORIENTED_EDGE('',*,*,#1265,.F.);
#2173=ORIENTED_EDGE('',*,*,#1301,.F.);
#2174=ORIENTED_EDGE('',*,*,#1497,.F.);
#2175=ORIENTED_EDGE('',*,*,#1302,.F.);
#2176=ORIENTED_EDGE('',*,*,#1257,.F.);
#2177=ORIENTED_EDGE('',*,*,#1517,.T.);
#2178=ORIENTED_EDGE('',*,*,#1234,.F.);
#2179=ORIENTED_EDGE('',*,*,#1298,.F.);
#2180=ORIENTED_EDGE('',*,*,#1504,.F.);
#2181=ORIENTED_EDGE('',*,*,#1299,.F.);
#2182=ORIENTED_EDGE('',*,*,#1229,.F.);
#2183=ORIENTED_EDGE('',*,*,#1280,.T.);
#2184=ORIENTED_EDGE('',*,*,#1284,.T.);
#2185=ORIENTED_EDGE('',*,*,#1287,.T.);
#2186=ORIENTED_EDGE('',*,*,#1290,.T.);
#2187=ORIENTED_EDGE('',*,*,#1524,.T.);
#2188=CYLINDRICAL_SURFACE('',#2369,3.2);
#2189=CYLINDRICAL_SURFACE('',#2375,3.2);
#2190=CYLINDRICAL_SURFACE('',#2378,3.2);
#2191=CYLINDRICAL_SURFACE('',#2386,3.2);
#2192=CYLINDRICAL_SURFACE('',#2388,1.7);
#2193=CYLINDRICAL_SURFACE('',#2393,1.7);
#2194=CYLINDRICAL_SURFACE('',#2396,1.7);
#2195=CYLINDRICAL_SURFACE('',#2399,1.7);
#2196=CYLINDRICAL_SURFACE('',#2404,29.7);
#2197=CYLINDRICAL_SURFACE('',#2406,29.7);
#2198=CYLINDRICAL_SURFACE('',#2410,29.7);
#2199=CYLINDRICAL_SURFACE('',#2413,29.7);
#2200=CYLINDRICAL_SURFACE('',#2416,1.7);
#2201=CYLINDRICAL_SURFACE('',#2420,5.);
#2202=CYLINDRICAL_SURFACE('',#2424,1.7);
#2203=CYLINDRICAL_SURFACE('',#2428,5.);
#2204=CYLINDRICAL_SURFACE('',#2432,1.7);
#2205=CYLINDRICAL_SURFACE('',#2436,5.);
#2206=CYLINDRICAL_SURFACE('',#2440,1.7);
#2207=CYLINDRICAL_SURFACE('',#2444,5.);
#2208=CYLINDRICAL_SURFACE('',#2448,2.2);
#2209=CYLINDRICAL_SURFACE('',#2452,2.2);
#2210=CYLINDRICAL_SURFACE('',#2456,2.2);
#2211=CYLINDRICAL_SURFACE('',#2460,2.2);
#2212=CYLINDRICAL_SURFACE('',#2471,2.7);
#2213=CYLINDRICAL_SURFACE('',#2473,2.7);
#2214=CYLINDRICAL_SURFACE('',#2477,2.7);
#2215=CYLINDRICAL_SURFACE('',#2479,2.7);
#2216=CYLINDRICAL_SURFACE('',#2504,2.7);
#2217=CYLINDRICAL_SURFACE('',#2506,2.7);
#2218=CYLINDRICAL_SURFACE('',#2510,2.7);
#2219=CYLINDRICAL_SURFACE('',#2512,2.7);
#2220=CYLINDRICAL_SURFACE('',#2533,2.2);
#2221=CYLINDRICAL_SURFACE('',#2537,2.2);
#2222=CYLINDRICAL_SURFACE('',#2548,29.5);
#2223=CYLINDRICAL_SURFACE('',#2550,29.5);
#2224=CYLINDRICAL_SURFACE('',#2556,29.5);
#2225=CYLINDRICAL_SURFACE('',#2559,27.);
#2226=CYLINDRICAL_SURFACE('',#2564,13.1);
#2227=CYLINDRICAL_SURFACE('',#2568,13.1);
#2228=CYLINDRICAL_SURFACE('',#2573,9.2);
#2229=CYLINDRICAL_SURFACE('',#2577,29.5);
#2230=CYLINDRICAL_SURFACE('',#2579,27.);
#2231=ADVANCED_FACE('',(#136),#2188,.F.);
#2232=ADVANCED_FACE('',(#137),#55,.F.);
#2233=ADVANCED_FACE('',(#138),#56,.F.);
#2234=ADVANCED_FACE('',(#139),#2189,.F.);
#2235=ADVANCED_FACE('',(#140),#57,.T.);
#2236=ADVANCED_FACE('',(#141),#2190,.F.);
#2237=ADVANCED_FACE('',(#142),#58,.F.);
#2238=ADVANCED_FACE('',(#143),#59,.F.);
#2239=ADVANCED_FACE('',(#144),#60,.F.);
#2240=ADVANCED_FACE('',(#145),#2191,.F.);
#2241=ADVANCED_FACE('',(#146),#2192,.F.);
#2242=ADVANCED_FACE('',(#147),#61,.F.);
#2243=ADVANCED_FACE('',(#148),#2193,.F.);
#2244=ADVANCED_FACE('',(#149),#2194,.F.);
#2245=ADVANCED_FACE('',(#150),#2195,.F.);
#2246=ADVANCED_FACE('',(#151),#62,.F.);
#2247=ADVANCED_FACE('',(#152),#2196,.F.);
#2248=ADVANCED_FACE('',(#153),#2197,.F.);
#2249=ADVANCED_FACE('',(#154),#63,.F.);
#2250=ADVANCED_FACE('',(#155),#2198,.F.);
#2251=ADVANCED_FACE('',(#156),#2199,.F.);
#2252=ADVANCED_FACE('',(#157),#2200,.F.);
#2253=ADVANCED_FACE('',(#158),#64,.F.);
#2254=ADVANCED_FACE('',(#159),#2201,.T.);
#2255=ADVANCED_FACE('',(#160,#15),#65,.T.);
#2256=ADVANCED_FACE('',(#161),#2202,.F.);
#2257=ADVANCED_FACE('',(#162),#66,.F.);
#2258=ADVANCED_FACE('',(#163),#2203,.T.);
#2259=ADVANCED_FACE('',(#164,#16),#67,.T.);
#2260=ADVANCED_FACE('',(#165),#2204,.F.);
#2261=ADVANCED_FACE('',(#166),#68,.F.);
#2262=ADVANCED_FACE('',(#167),#2205,.T.);
#2263=ADVANCED_FACE('',(#168,#17),#69,.T.);
#2264=ADVANCED_FACE('',(#169),#2206,.F.);
#2265=ADVANCED_FACE('',(#170),#70,.F.);
#2266=ADVANCED_FACE('',(#171),#2207,.T.);
#2267=ADVANCED_FACE('',(#172,#18),#71,.T.);
#2268=ADVANCED_FACE('',(#173),#2208,.F.);
#2269=ADVANCED_FACE('',(#174),#72,.F.);
#2270=ADVANCED_FACE('',(#175),#2209,.F.);
#2271=ADVANCED_FACE('',(#176),#73,.F.);
#2272=ADVANCED_FACE('',(#177),#2210,.F.);
#2273=ADVANCED_FACE('',(#178),#74,.F.);
#2274=ADVANCED_FACE('',(#179),#2211,.F.);
#2275=ADVANCED_FACE('',(#180),#75,.F.);
#2276=ADVANCED_FACE('',(#181),#76,.T.);
#2277=ADVANCED_FACE('',(#182),#77,.T.);
#2278=ADVANCED_FACE('',(#183,#19,#20),#78,.F.);
#2279=ADVANCED_FACE('',(#184),#2212,.F.);
#2280=ADVANCED_FACE('',(#185),#2213,.F.);
#2281=ADVANCED_FACE('',(#186),#79,.T.);
#2282=ADVANCED_FACE('',(#187),#80,.T.);
#2283=ADVANCED_FACE('',(#188),#2214,.F.);
#2284=ADVANCED_FACE('',(#189),#2215,.F.);
#2285=ADVANCED_FACE('',(#190),#81,.F.);
#2286=ADVANCED_FACE('',(#191),#82,.T.);
#2287=ADVANCED_FACE('',(#192),#83,.F.);
#2288=ADVANCED_FACE('',(#193),#84,.T.);
#2289=ADVANCED_FACE('',(#194),#85,.F.);
#2290=ADVANCED_FACE('',(#195),#86,.F.);
#2291=ADVANCED_FACE('',(#196,#21,#22),#87,.F.);
#2292=ADVANCED_FACE('',(#197),#88,.F.);
#2293=ADVANCED_FACE('',(#198),#89,.F.);
#2294=ADVANCED_FACE('',(#199,#23,#24),#90,.F.);
#2295=ADVANCED_FACE('',(#200),#91,.F.);
#2296=ADVANCED_FACE('',(#201,#25,#26),#92,.T.);
#2297=ADVANCED_FACE('',(#202),#93,.F.);
#2298=ADVANCED_FACE('',(#203),#94,.F.);
#2299=ADVANCED_FACE('',(#204),#95,.F.);
#2300=ADVANCED_FACE('',(#205),#96,.T.);
#2301=ADVANCED_FACE('',(#206),#97,.T.);
#2302=ADVANCED_FACE('',(#207),#98,.T.);
#2303=ADVANCED_FACE('',(#208,#27,#28),#99,.F.);
#2304=ADVANCED_FACE('',(#209),#2216,.F.);
#2305=ADVANCED_FACE('',(#210),#2217,.F.);
#2306=ADVANCED_FACE('',(#211),#100,.T.);
#2307=ADVANCED_FACE('',(#212),#101,.T.);
#2308=ADVANCED_FACE('',(#213),#2218,.F.);
#2309=ADVANCED_FACE('',(#214),#2219,.F.);
#2310=ADVANCED_FACE('',(#215),#102,.F.);
#2311=ADVANCED_FACE('',(#216),#103,.T.);
#2312=ADVANCED_FACE('',(#217),#104,.F.);
#2313=ADVANCED_FACE('',(#218),#105,.F.);
#2314=ADVANCED_FACE('',(#219),#106,.T.);
#2315=ADVANCED_FACE('',(#220),#107,.F.);
#2316=ADVANCED_FACE('',(#221,#29,#30),#108,.F.);
#2317=ADVANCED_FACE('',(#222),#109,.F.);
#2318=ADVANCED_FACE('',(#223,#31),#110,.F.);
#2319=ADVANCED_FACE('',(#224,#32,#33),#111,.F.);
#2320=ADVANCED_FACE('',(#225),#112,.F.);
#2321=ADVANCED_FACE('',(#226,#34,#35),#113,.T.);
#2322=ADVANCED_FACE('',(#227),#114,.F.);
#2323=ADVANCED_FACE('',(#228),#115,.F.);
#2324=ADVANCED_FACE('',(#229),#116,.F.);
#2325=ADVANCED_FACE('',(#230),#117,.F.);
#2326=ADVANCED_FACE('',(#231),#118,.F.);
#2327=ADVANCED_FACE('',(#232),#119,.F.);
#2328=ADVANCED_FACE('',(#233,#36),#2220,.F.);
#2329=ADVANCED_FACE('',(#234,#37),#120,.F.);
#2330=ADVANCED_FACE('',(#235),#121,.F.);
#2331=ADVANCED_FACE('',(#236,#38),#2221,.F.);
#2332=ADVANCED_FACE('',(#237),#122,.F.);
#2333=ADVANCED_FACE('',(#238,#39),#123,.F.);
#2334=ADVANCED_FACE('',(#239),#124,.F.);
#2335=ADVANCED_FACE('',(#240,#40),#125,.F.);
#2336=ADVANCED_FACE('',(#241,#41,#42,#43,#44,#45),#126,.T.);
#2337=ADVANCED_FACE('',(#242),#2222,.T.);
#2338=ADVANCED_FACE('',(#243),#2223,.T.);
#2339=ADVANCED_FACE('',(#244),#127,.T.);
#2340=ADVANCED_FACE('',(#245),#128,.T.);
#2341=ADVANCED_FACE('',(#246),#2224,.T.);
#2342=ADVANCED_FACE('',(#247),#2225,.T.);
#2343=ADVANCED_FACE('',(#248),#129,.T.);
#2344=ADVANCED_FACE('',(#249),#130,.T.);
#2345=ADVANCED_FACE('',(#250),#131,.F.);
#2346=ADVANCED_FACE('',(#251),#2226,.F.);
#2347=ADVANCED_FACE('',(#252,#46),#132,.F.);
#2348=ADVANCED_FACE('',(#253),#2227,.F.);
#2349=ADVANCED_FACE('',(#254,#47),#133,.F.);
#2350=ADVANCED_FACE('',(#255),#2228,.F.);
#2351=ADVANCED_FACE('',(#256),#134,.T.);
#2352=ADVANCED_FACE('',(#257),#2229,.T.);
#2353=ADVANCED_FACE('',(#258),#2230,.T.);
#2354=ADVANCED_FACE('',(#259,#48,#49,#50,#51,#52),#135,.T.);
#2355=CLOSED_SHELL('',(#2231,#2232,#2233,#2234,#2235,#2236,#2237,#2238,
#2239,#2240,#2241,#2242,#2243,#2244,#2245,#2246,#2247,#2248,#2249,#2250,
#2251,#2252,#2253,#2254,#2255,#2256,#2257,#2258,#2259,#2260,#2261,#2262,
#2263,#2264,#2265,#2266,#2267,#2268,#2269,#2270,#2271,#2272,#2273,#2274,
#2275,#2276,#2277,#2278,#2279,#2280,#2281,#2282,#2283,#2284,#2285,#2286,
#2287,#2288,#2289,#2290,#2291,#2292,#2293,#2294,#2295,#2296,#2297,#2298,
#2299,#2300,#2301,#2302,#2303,#2304,#2305,#2306,#2307,#2308,#2309,#2310,
#2311,#2312,#2313,#2314,#2315,#2316,#2317,#2318,#2319,#2320,#2321,#2322,
#2323,#2324,#2325,#2326,#2327,#2328,#2329,#2330,#2331,#2332,#2333,#2334,
#2335,#2336,#2337,#2338,#2339,#2340,#2341,#2342,#2343,#2344,#2345,#2346,
#2347,#2348,#2349,#2350,#2351,#2352,#2353,#2354));
#2356=DERIVED_UNIT_ELEMENT(#2358,1.);
#2357=DERIVED_UNIT_ELEMENT(#3979,-3.);
#2358=(
MASS_UNIT()
NAMED_UNIT(*)
SI_UNIT(.KILO.,.GRAM.)
);
#2359=DERIVED_UNIT((#2356,#2357));
#2360=MEASURE_REPRESENTATION_ITEM('density measure',
POSITIVE_RATIO_MEASURE(7850.),#2359);
#2361=PROPERTY_DEFINITION_REPRESENTATION(#2366,#2363);
#2362=PROPERTY_DEFINITION_REPRESENTATION(#2367,#2364);
#2363=REPRESENTATION('material name',(#2365),#3976);
#2364=REPRESENTATION('density',(#2360),#3976);
#2365=DESCRIPTIVE_REPRESENTATION_ITEM('Steel','Steel');
#2366=PROPERTY_DEFINITION('material property','material name',#3986);
#2367=PROPERTY_DEFINITION('material property','density of part',#3986);
#2368=AXIS2_PLACEMENT_3D('',#3245,#2581,#2582);
#2369=AXIS2_PLACEMENT_3D('',#3246,#2583,#2584);
#2370=AXIS2_PLACEMENT_3D('',#3251,#2586,#2587);
#2371=AXIS2_PLACEMENT_3D('',#3254,#2589,#2590);
#2372=AXIS2_PLACEMENT_3D('',#3255,#2591,#2592);
#2373=AXIS2_PLACEMENT_3D('',#3265,#2598,#2599);
#2374=AXIS2_PLACEMENT_3D('',#3269,#2601,#2602);
#2375=AXIS2_PLACEMENT_3D('',#3270,#2603,#2604);
#2376=AXIS2_PLACEMENT_3D('',#3274,#2606,#2607);
#2377=AXIS2_PLACEMENT_3D('',#3276,#2609,#2610);
#2378=AXIS2_PLACEMENT_3D('',#3324,#2636,#2637);
#2379=AXIS2_PLACEMENT_3D('',#3329,#2639,#2640);
#2380=AXIS2_PLACEMENT_3D('',#3332,#2642,#2643);
#2381=AXIS2_PLACEMENT_3D('',#3333,#2644,#2645);
#2382=AXIS2_PLACEMENT_3D('',#3337,#2647,#2648);
#2383=AXIS2_PLACEMENT_3D('',#3339,#2650,#2651);
#2384=AXIS2_PLACEMENT_3D('',#3394,#2680,#2681);
#2385=AXIS2_PLACEMENT_3D('',#3395,#2682,#2683);
#2386=AXIS2_PLACEMENT_3D('',#3396,#2684,#2685);
#2387=AXIS2_PLACEMENT_3D('',#3397,#2686,#2687);
#2388=AXIS2_PLACEMENT_3D('',#3398,#2688,#2689);
#2389=AXIS2_PLACEMENT_3D('',#3400,#2690,#2691);
#2390=AXIS2_PLACEMENT_3D('',#3403,#2693,#2694);
#2391=AXIS2_PLACEMENT_3D('',#3404,#2695,#2696);
#2392=AXIS2_PLACEMENT_3D('',#3405,#2697,#2698);
#2393=AXIS2_PLACEMENT_3D('',#3406,#2699,#2700);
#2394=AXIS2_PLACEMENT_3D('',#3408,#2701,#2702);
#2395=AXIS2_PLACEMENT_3D('',#3411,#2704,#2705);
#2396=AXIS2_PLACEMENT_3D('',#3412,#2706,#2707);
#2397=AXIS2_PLACEMENT_3D('',#3414,#2708,#2709);
#2398=AXIS2_PLACEMENT_3D('',#3417,#2711,#2712);
#2399=AXIS2_PLACEMENT_3D('',#3418,#2713,#2714);
#2400=AXIS2_PLACEMENT_3D('',#3420,#2715,#2716);
#2401=AXIS2_PLACEMENT_3D('',#3423,#2718,#2719);
#2402=AXIS2_PLACEMENT_3D('',#3424,#2720,#2721);
#2403=AXIS2_PLACEMENT_3D('',#3425,#2722,#2723);
#2404=AXIS2_PLACEMENT_3D('',#3426,#2724,#2725);
#2405=AXIS2_PLACEMENT_3D('',#3427,#2726,#2727);
#2406=AXIS2_PLACEMENT_3D('',#3428,#2728,#2729);
#2407=AXIS2_PLACEMENT_3D('',#3429,#2730,#2731);
#2408=AXIS2_PLACEMENT_3D('',#3430,#2732,#2733);
#2409=AXIS2_PLACEMENT_3D('',#3431,#2734,#2735);
#2410=AXIS2_PLACEMENT_3D('',#3432,#2736,#2737);
#2411=AXIS2_PLACEMENT_3D('',#3465,#2738,#2739);
#2412=AXIS2_PLACEMENT_3D('',#3466,#2740,#2741);
#2413=AXIS2_PLACEMENT_3D('',#3467,#2742,#2743);
#2414=AXIS2_PLACEMENT_3D('',#3500,#2744,#2745);
#2415=AXIS2_PLACEMENT_3D('',#3501,#2746,#2747);
#2416=AXIS2_PLACEMENT_3D('',#3502,#2748,#2749);
#2417=AXIS2_PLACEMENT_3D('',#3504,#2750,#2751);
#2418=AXIS2_PLACEMENT_3D('',#3507,#2753,#2754);
#2419=AXIS2_PLACEMENT_3D('',#3508,#2755,#2756);
#2420=AXIS2_PLACEMENT_3D('',#3509,#2757,#2758);
#2421=AXIS2_PLACEMENT_3D('',#3511,#2759,#2760);
#2422=AXIS2_PLACEMENT_3D('',#3514,#2762,#2763);
#2423=AXIS2_PLACEMENT_3D('',#3515,#2764,#2765);
#2424=AXIS2_PLACEMENT_3D('',#3516,#2766,#2767);
#2425=AXIS2_PLACEMENT_3D('',#3518,#2768,#2769);
#2426=AXIS2_PLACEMENT_3D('',#3521,#2771,#2772);
#2427=AXIS2_PLACEMENT_3D('',#3522,#2773,#2774);
#2428=AXIS2_PLACEMENT_3D('',#3523,#2775,#2776);
#2429=AXIS2_PLACEMENT_3D('',#3525,#2777,#2778);
#2430=AXIS2_PLACEMENT_3D('',#3528,#2780,#2781);
#2431=AXIS2_PLACEMENT_3D('',#3529,#2782,#2783);
#2432=AXIS2_PLACEMENT_3D('',#3530,#2784,#2785);
#2433=AXIS2_PLACEMENT_3D('',#3532,#2786,#2787);
#2434=AXIS2_PLACEMENT_3D('',#3535,#2789,#2790);
#2435=AXIS2_PLACEMENT_3D('',#3536,#2791,#2792);
#2436=AXIS2_PLACEMENT_3D('',#3537,#2793,#2794);
#2437=AXIS2_PLACEMENT_3D('',#3539,#2795,#2796);
#2438=AXIS2_PLACEMENT_3D('',#3542,#2798,#2799);
#2439=AXIS2_PLACEMENT_3D('',#3543,#2800,#2801);
#2440=AXIS2_PLACEMENT_3D('',#3544,#2802,#2803);
#2441=AXIS2_PLACEMENT_3D('',#3546,#2804,#2805);
#2442=AXIS2_PLACEMENT_3D('',#3549,#2807,#2808);
#2443=AXIS2_PLACEMENT_3D('',#3550,#2809,#2810);
#2444=AXIS2_PLACEMENT_3D('',#3551,#2811,#2812);
#2445=AXIS2_PLACEMENT_3D('',#3553,#2813,#2814);
#2446=AXIS2_PLACEMENT_3D('',#3556,#2816,#2817);
#2447=AXIS2_PLACEMENT_3D('',#3557,#2818,#2819);
#2448=AXIS2_PLACEMENT_3D('',#3558,#2820,#2821);
#2449=AXIS2_PLACEMENT_3D('',#3560,#2822,#2823);
#2450=AXIS2_PLACEMENT_3D('',#3563,#2825,#2826);
#2451=AXIS2_PLACEMENT_3D('',#3564,#2827,#2828);
#2452=AXIS2_PLACEMENT_3D('',#3565,#2829,#2830);
#2453=AXIS2_PLACEMENT_3D('',#3567,#2831,#2832);
#2454=AXIS2_PLACEMENT_3D('',#3570,#2834,#2835);
#2455=AXIS2_PLACEMENT_3D('',#3571,#2836,#2837);
#2456=AXIS2_PLACEMENT_3D('',#3572,#2838,#2839);
#2457=AXIS2_PLACEMENT_3D('',#3574,#2840,#2841);
#2458=AXIS2_PLACEMENT_3D('',#3577,#2843,#2844);
#2459=AXIS2_PLACEMENT_3D('',#3578,#2845,#2846);
#2460=AXIS2_PLACEMENT_3D('',#3579,#2847,#2848);
#2461=AXIS2_PLACEMENT_3D('',#3581,#2849,#2850);
#2462=AXIS2_PLACEMENT_3D('',#3584,#2852,#2853);
#2463=AXIS2_PLACEMENT_3D('',#3585,#2854,#2855);
#2464=AXIS2_PLACEMENT_3D('',#3586,#2856,#2857);
#2465=AXIS2_PLACEMENT_3D('',#3595,#2862,#2863);
#2466=AXIS2_PLACEMENT_3D('',#3604,#2868,#2869);
#2467=AXIS2_PLACEMENT_3D('',#3625,#2879,#2880);
#2468=AXIS2_PLACEMENT_3D('',#3628,#2882,#2883);
#2469=AXIS2_PLACEMENT_3D('',#3629,#2884,#2885);
#2470=AXIS2_PLACEMENT_3D('',#3630,#2886,#2887);
#2471=AXIS2_PLACEMENT_3D('',#3631,#2888,#2889);
#2472=AXIS2_PLACEMENT_3D('',#3632,#2890,#2891);
#2473=AXIS2_PLACEMENT_3D('',#3633,#2892,#2893);
#2474=AXIS2_PLACEMENT_3D('',#3634,#2894,#2895);
#2475=AXIS2_PLACEMENT_3D('',#3635,#2896,#2897);
#2476=AXIS2_PLACEMENT_3D('',#3641,#2901,#2902);
#2477=AXIS2_PLACEMENT_3D('',#3647,#2906,#2907);
#2478=AXIS2_PLACEMENT_3D('',#3648,#2908,#2909);
#2479=AXIS2_PLACEMENT_3D('',#3649,#2910,#2911);
#2480=AXIS2_PLACEMENT_3D('',#3650,#2912,#2913);
#2481=AXIS2_PLACEMENT_3D('',#3651,#2914,#2915);
#2482=AXIS2_PLACEMENT_3D('',#3660,#2920,#2921);
#2483=AXIS2_PLACEMENT_3D('',#3663,#2924,#2925);
#2484=AXIS2_PLACEMENT_3D('',#3669,#2929,#2930);
#2485=AXIS2_PLACEMENT_3D('',#3675,#2934,#2935);
#2486=AXIS2_PLACEMENT_3D('',#3681,#2939,#2940);
#2487=AXIS2_PLACEMENT_3D('',#3686,#2944,#2945);
#2488=AXIS2_PLACEMENT_3D('',#3688,#2947,#2948);
#2489=AXIS2_PLACEMENT_3D('',#3689,#2949,#2950);
#2490=AXIS2_PLACEMENT_3D('',#3701,#2957,#2958);
#2491=AXIS2_PLACEMENT_3D('',#3714,#2965,#2966);
#2492=AXIS2_PLACEMENT_3D('',#3720,#2970,#2971);
#2493=AXIS2_PLACEMENT_3D('',#3726,#2975,#2976);
#2494=AXIS2_PLACEMENT_3D('',#3733,#2981,#2982);
#2495=AXIS2_PLACEMENT_3D('',#3734,#2983,#2984);
#2496=AXIS2_PLACEMENT_3D('',#3736,#2986,#2987);
#2497=AXIS2_PLACEMENT_3D('',#3755,#2998,#2999);
#2498=AXIS2_PLACEMENT_3D('',#3764,#3004,#3005);
#2499=AXIS2_PLACEMENT_3D('',#3773,#3010,#3011);
#2500=AXIS2_PLACEMENT_3D('',#3786,#3017,#3018);
#2501=AXIS2_PLACEMENT_3D('',#3789,#3020,#3021);
#2502=AXIS2_PLACEMENT_3D('',#3790,#3022,#3023);
#2503=AXIS2_PLACEMENT_3D('',#3791,#3024,#3025);
#2504=AXIS2_PLACEMENT_3D('',#3792,#3026,#3027);
#2505=AXIS2_PLACEMENT_3D('',#3793,#3028,#3029);
#2506=AXIS2_PLACEMENT_3D('',#3794,#3030,#3031);
#2507=AXIS2_PLACEMENT_3D('',#3795,#3032,#3033);
#2508=AXIS2_PLACEMENT_3D('',#3796,#3034,#3035);
#2509=AXIS2_PLACEMENT_3D('',#3802,#3039,#3040);
#2510=AXIS2_PLACEMENT_3D('',#3808,#3044,#3045);
#2511=AXIS2_PLACEMENT_3D('',#3809,#3046,#3047);
#2512=AXIS2_PLACEMENT_3D('',#3810,#3048,#3049);
#2513=AXIS2_PLACEMENT_3D('',#3811,#3050,#3051);
#2514=AXIS2_PLACEMENT_3D('',#3812,#3052,#3053);
#2515=AXIS2_PLACEMENT_3D('',#3816,#3056,#3057);
#2516=AXIS2_PLACEMENT_3D('',#3820,#3060,#3061);
#2517=AXIS2_PLACEMENT_3D('',#3826,#3065,#3066);
#2518=AXIS2_PLACEMENT_3D('',#3834,#3072,#3073);
#2519=AXIS2_PLACEMENT_3D('',#3838,#3076,#3077);
#2520=AXIS2_PLACEMENT_3D('',#3842,#3080,#3081);
#2521=AXIS2_PLACEMENT_3D('',#3844,#3083,#3084);
#2522=AXIS2_PLACEMENT_3D('',#3845,#3085,#3086);
#2523=AXIS2_PLACEMENT_3D('',#3856,#3092,#3093);
#2524=AXIS2_PLACEMENT_3D('',#3858,#3095,#3096);
#2525=AXIS2_PLACEMENT_3D('',#3868,#3102,#3103);
#2526=AXIS2_PLACEMENT_3D('',#3872,#3106,#3107);
#2527=AXIS2_PLACEMENT_3D('',#3876,#3110,#3111);
#2528=AXIS2_PLACEMENT_3D('',#3882,#3115,#3116);
#2529=AXIS2_PLACEMENT_3D('',#3884,#3118,#3119);
#2530=AXIS2_PLACEMENT_3D('',#3886,#3121,#3122);
#2531=AXIS2_PLACEMENT_3D('',#3890,#3125,#3126);
#2532=AXIS2_PLACEMENT_3D('',#3894,#3129,#3130);
#2533=AXIS2_PLACEMENT_3D('',#3900,#3134,#3135);
#2534=AXIS2_PLACEMENT_3D('',#3901,#3136,#3137);
#2535=AXIS2_PLACEMENT_3D('',#3903,#3139,#3140);
#2536=AXIS2_PLACEMENT_3D('',#3908,#3144,#3145);
#2537=AXIS2_PLACEMENT_3D('',#3909,#3146,#3147);
#2538=AXIS2_PLACEMENT_3D('',#3911,#3148,#3149);
#2539=AXIS2_PLACEMENT_3D('',#3914,#3151,#3152);
#2540=AXIS2_PLACEMENT_3D('',#3916,#3154,#3155);
#2541=AXIS2_PLACEMENT_3D('',#3922,#3159,#3160);
#2542=AXIS2_PLACEMENT_3D('',#3924,#3162,#3163);
#2543=AXIS2_PLACEMENT_3D('',#3926,#3165,#3166);
#2544=AXIS2_PLACEMENT_3D('',#3927,#3167,#3168);
#2545=AXIS2_PLACEMENT_3D('',#3928,#3169,#3170);
#2546=AXIS2_PLACEMENT_3D('',#3929,#3171,#3172);
#2547=AXIS2_PLACEMENT_3D('',#3931,#3173,#3174);
#2548=AXIS2_PLACEMENT_3D('',#3932,#3175,#3176);
#2549=AXIS2_PLACEMENT_3D('',#3933,#3177,#3178);
#2550=AXIS2_PLACEMENT_3D('',#3934,#3179,#3180);
#2551=AXIS2_PLACEMENT_3D('',#3935,#3181,#3182);
#2552=AXIS2_PLACEMENT_3D('',#3936,#3183,#3184);
#2553=AXIS2_PLACEMENT_3D('',#3937,#3185,#3186);
#2554=AXIS2_PLACEMENT_3D('',#3938,#3187,#3188);
#2555=AXIS2_PLACEMENT_3D('',#3939,#3189,#3190);
#2556=AXIS2_PLACEMENT_3D('',#3940,#3191,#3192);
#2557=AXIS2_PLACEMENT_3D('',#3941,#3193,#3194);
#2558=AXIS2_PLACEMENT_3D('',#3942,#3195,#3196);
#2559=AXIS2_PLACEMENT_3D('',#3943,#3197,#3198);
#2560=AXIS2_PLACEMENT_3D('',#3944,#3199,#3200);
#2561=AXIS2_PLACEMENT_3D('',#3945,#3201,#3202);
#2562=AXIS2_PLACEMENT_3D('',#3946,#3203,#3204);
#2563=AXIS2_PLACEMENT_3D('',#3948,#3206,#3207);
#2564=AXIS2_PLACEMENT_3D('',#3949,#3208,#3209);
#2565=AXIS2_PLACEMENT_3D('',#3951,#3210,#3211);
#2566=AXIS2_PLACEMENT_3D('',#3953,#3213,#3214);
#2567=AXIS2_PLACEMENT_3D('',#3955,#3215,#3216);
#2568=AXIS2_PLACEMENT_3D('',#3956,#3217,#3218);
#2569=AXIS2_PLACEMENT_3D('',#3958,#3219,#3220);
#2570=AXIS2_PLACEMENT_3D('',#3961,#3222,#3223);
#2571=AXIS2_PLACEMENT_3D('',#3962,#3224,#3225);
#2572=AXIS2_PLACEMENT_3D('',#3964,#3226,#3227);
#2573=AXIS2_PLACEMENT_3D('',#3965,#3228,#3229);
#2574=AXIS2_PLACEMENT_3D('',#3967,#3231,#3232);
#2575=AXIS2_PLACEMENT_3D('',#3968,#3233,#3234);
#2576=AXIS2_PLACEMENT_3D('',#3969,#3235,#3236);
#2577=AXIS2_PLACEMENT_3D('',#3970,#3237,#3238);
#2578=AXIS2_PLACEMENT_3D('',#3971,#3239,#3240);
#2579=AXIS2_PLACEMENT_3D('',#3972,#3241,#3242);
#2580=AXIS2_PLACEMENT_3D('',#3973,#3243,#3244);
#2581=DIRECTION('axis',(0.,0.,1.));
#2582=DIRECTION('refdir',(1.,0.,0.));
#2583=DIRECTION('center_axis',(1.,0.,0.));
#2584=DIRECTION('ref_axis',(0.,0.,-1.));
#2585=DIRECTION('',(1.,0.,0.));
#2586=DIRECTION('center_axis',(1.,0.,0.));
#2587=DIRECTION('ref_axis',(0.,0.,-1.));
#2588=DIRECTION('',(-1.,0.,0.));
#2589=DIRECTION('center_axis',(-1.,0.,0.));
#2590=DIRECTION('ref_axis',(0.,0.,-1.));
#2591=DIRECTION('center_axis',(-1.,0.,0.));
#2592=DIRECTION('ref_axis',(0.,0.,1.));
#2593=DIRECTION('',(0.,1.,0.));
#2594=DIRECTION('',(0.,0.,-1.));
#2595=DIRECTION('',(0.,-1.,0.));
#2596=DIRECTION('',(0.,0.,-1.));
#2597=DIRECTION('',(0.,1.,0.));
#2598=DIRECTION('center_axis',(-1.,0.,0.));
#2599=DIRECTION('ref_axis',(0.,0.,1.));
#2600=DIRECTION('',(0.,1.,0.));
#2601=DIRECTION('center_axis',(-1.,0.,0.));
#2602=DIRECTION('ref_axis',(0.,0.,-1.));
#2603=DIRECTION('center_axis',(1.,0.,0.));
#2604=DIRECTION('ref_axis',(0.,0.,-1.));
#2605=DIRECTION('',(-1.,0.,0.));
#2606=DIRECTION('center_axis',(-1.,0.,0.));
#2607=DIRECTION('ref_axis',(0.,0.,-1.));
#2608=DIRECTION('',(1.,0.,0.));
#2609=DIRECTION('center_axis',(0.,0.,1.));
#2610=DIRECTION('ref_axis',(1.,0.,0.));
#2611=DIRECTION('',(-1.,0.,0.));
#2612=DIRECTION('',(0.,-1.,0.));
#2613=DIRECTION('',(1.,0.,0.));
#2614=DIRECTION('',(0.,-1.,0.));
#2615=DIRECTION('',(-1.,0.,0.));
#2616=DIRECTION('',(0.,1.,0.));
#2617=DIRECTION('',(1.,0.,0.));
#2618=DIRECTION('',(0.,-1.,0.));
#2619=DIRECTION('',(1.,0.,0.));
#2620=DIRECTION('',(0.,1.,0.));
#2621=DIRECTION('',(1.,0.,0.));
#2622=DIRECTION('',(0.,-1.,0.));
#2623=DIRECTION('',(-1.,0.,0.));
#2624=DIRECTION('',(0.,1.,0.));
#2625=DIRECTION('',(0.,1.,0.));
#2626=DIRECTION('',(1.,0.,0.));
#2627=DIRECTION('',(0.,-1.,0.));
#2628=DIRECTION('',(-1.,0.,0.));
#2629=DIRECTION('',(0.,1.,0.));
#2630=DIRECTION('',(-1.,0.,0.));
#2631=DIRECTION('',(0.,-1.,0.));
#2632=DIRECTION('',(-1.,0.,0.));
#2633=DIRECTION('',(0.,1.,0.));
#2634=DIRECTION('',(1.,0.,0.));
#2635=DIRECTION('',(0.,-1.,0.));
#2636=DIRECTION('center_axis',(1.,0.,0.));
#2637=DIRECTION('ref_axis',(0.,1.22464679914735E-16,1.));
#2638=DIRECTION('',(-1.,0.,0.));
#2639=DIRECTION('center_axis',(-1.,0.,0.));
#2640=DIRECTION('ref_axis',(0.,0.,-1.));
#2641=DIRECTION('',(1.,0.,0.));
#2642=DIRECTION('center_axis',(1.,0.,0.));
#2643=DIRECTION('ref_axis',(0.,0.,-1.));
#2644=DIRECTION('center_axis',(1.,0.,0.));
#2645=DIRECTION('ref_axis',(0.,0.,-1.));
#2646=DIRECTION('',(0.,1.,0.));
#2647=DIRECTION('center_axis',(1.,0.,0.));
#2648=DIRECTION('ref_axis',(0.,0.,-1.));
#2649=DIRECTION('',(0.,1.,0.));
#2650=DIRECTION('center_axis',(0.,0.,1.));
#2651=DIRECTION('ref_axis',(1.,0.,0.));
#2652=DIRECTION('',(-1.,0.,0.));
#2653=DIRECTION('',(0.,-1.,0.));
#2654=DIRECTION('',(1.,0.,0.));
#2655=DIRECTION('',(0.,1.,0.));
#2656=DIRECTION('',(1.,0.,0.));
#2657=DIRECTION('',(0.,-1.,0.));
#2658=DIRECTION('',(1.,0.,0.));
#2659=DIRECTION('',(0.,1.,0.));
#2660=DIRECTION('',(-1.,0.,0.));
#2661=DIRECTION('',(0.,-1.,0.));
#2662=DIRECTION('',(-1.,0.,0.));
#2663=DIRECTION('',(0.,-1.,0.));
#2664=DIRECTION('',(1.,0.,0.));
#2665=DIRECTION('',(0.,-1.,0.));
#2666=DIRECTION('',(1.,0.,0.));
#2667=DIRECTION('',(0.,1.,0.));
#2668=DIRECTION('',(-1.,0.,0.));
#2669=DIRECTION('',(0.,-1.,0.));
#2670=DIRECTION('',(-1.,0.,0.));
#2671=DIRECTION('',(0.,1.,0.));
#2672=DIRECTION('',(-1.,0.,0.));
#2673=DIRECTION('',(0.,-1.,0.));
#2674=DIRECTION('',(1.,0.,0.));
#2675=DIRECTION('',(0.,-1.,0.));
#2676=DIRECTION('',(-1.,0.,0.));
#2677=DIRECTION('',(0.,1.,0.));
#2678=DIRECTION('',(1.,0.,0.));
#2679=DIRECTION('',(0.,-1.,0.));
#2680=DIRECTION('center_axis',(-1.,0.,0.));
#2681=DIRECTION('ref_axis',(0.,0.,1.));
#2682=DIRECTION('center_axis',(-1.,0.,0.));
#2683=DIRECTION('ref_axis',(0.,0.,-1.));
#2684=DIRECTION('center_axis',(1.,0.,0.));
#2685=DIRECTION('ref_axis',(0.,1.22464679914735E-16,1.));
#2686=DIRECTION('center_axis',(-1.,0.,0.));
#2687=DIRECTION('ref_axis',(0.,0.,-1.));
#2688=DIRECTION('center_axis',(1.,0.,0.));
#2689=DIRECTION('ref_axis',(0.,0.,-1.));
#2690=DIRECTION('center_axis',(1.,0.,0.));
#2691=DIRECTION('ref_axis',(0.,0.,-1.));
#2692=DIRECTION('',(1.,0.,0.));
#2693=DIRECTION('center_axis',(-1.,0.,0.));
#2694=DIRECTION('ref_axis',(0.,0.,-1.));
#2695=DIRECTION('center_axis',(-1.,0.,0.));
#2696=DIRECTION('ref_axis',(0.,0.,1.));
#2697=DIRECTION('center_axis',(-1.,0.,0.));
#2698=DIRECTION('ref_axis',(0.,0.,-1.));
#2699=DIRECTION('center_axis',(1.,0.,0.));
#2700=DIRECTION('ref_axis',(0.,0.,-1.));
#2701=DIRECTION('center_axis',(1.,0.,0.));
#2702=DIRECTION('ref_axis',(0.,0.,-1.));
#2703=DIRECTION('',(1.,0.,0.));
#2704=DIRECTION('center_axis',(-1.,0.,0.));
#2705=DIRECTION('ref_axis',(0.,0.,-1.));
#2706=DIRECTION('center_axis',(1.,0.,0.));
#2707=DIRECTION('ref_axis',(0.,0.,-1.));
#2708=DIRECTION('center_axis',(1.,0.,0.));
#2709=DIRECTION('ref_axis',(0.,0.,-1.));
#2710=DIRECTION('',(1.,0.,0.));
#2711=DIRECTION('center_axis',(-1.,0.,0.));
#2712=DIRECTION('ref_axis',(0.,0.,-1.));
#2713=DIRECTION('center_axis',(1.,0.,0.));
#2714=DIRECTION('ref_axis',(0.,0.,-1.));
#2715=DIRECTION('center_axis',(1.,0.,0.));
#2716=DIRECTION('ref_axis',(0.,0.,-1.));
#2717=DIRECTION('',(1.,0.,0.));
#2718=DIRECTION('center_axis',(-1.,0.,0.));
#2719=DIRECTION('ref_axis',(0.,0.,-1.));
#2720=DIRECTION('center_axis',(1.,0.,0.));
#2721=DIRECTION('ref_axis',(0.,0.,-1.));
#2722=DIRECTION('center_axis',(1.,0.,0.));
#2723=DIRECTION('ref_axis',(0.,0.,-1.));
#2724=DIRECTION('center_axis',(1.,0.,0.));
#2725=DIRECTION('ref_axis',(0.,0.,-1.));
#2726=DIRECTION('center_axis',(-1.,0.,0.));
#2727=DIRECTION('ref_axis',(0.,0.,-1.));
#2728=DIRECTION('center_axis',(1.,0.,0.));
#2729=DIRECTION('ref_axis',(0.,1.22464679914735E-16,1.));
#2730=DIRECTION('center_axis',(-1.,0.,0.));
#2731=DIRECTION('ref_axis',(0.,0.,-1.));
#2732=DIRECTION('center_axis',(-1.,0.,0.));
#2733=DIRECTION('ref_axis',(0.,0.,1.));
#2734=DIRECTION('center_axis',(-1.,0.,0.));
#2735=DIRECTION('ref_axis',(0.,0.,-1.));
#2736=DIRECTION('center_axis',(1.,0.,0.));
#2737=DIRECTION('ref_axis',(0.,0.,-1.));
#2738=DIRECTION('center_axis',(1.,0.,0.));
#2739=DIRECTION('ref_axis',(0.,0.,-1.));
#2740=DIRECTION('center_axis',(1.,0.,0.));
#2741=DIRECTION('ref_axis',(0.,0.,-1.));
#2742=DIRECTION('center_axis',(1.,0.,0.));
#2743=DIRECTION('ref_axis',(0.,1.22464679914735E-16,1.));
#2744=DIRECTION('center_axis',(1.,0.,0.));
#2745=DIRECTION('ref_axis',(0.,0.,-1.));
#2746=DIRECTION('center_axis',(1.,0.,0.));
#2747=DIRECTION('ref_axis',(0.,0.,-1.));
#2748=DIRECTION('center_axis',(0.,1.,0.));
#2749=DIRECTION('ref_axis',(1.,0.,0.));
#2750=DIRECTION('center_axis',(0.,-1.,0.));
#2751=DIRECTION('ref_axis',(1.,0.,0.));
#2752=DIRECTION('',(0.,1.,0.));
#2753=DIRECTION('center_axis',(0.,-1.,0.));
#2754=DIRECTION('ref_axis',(1.,0.,0.));
#2755=DIRECTION('center_axis',(0.,-1.,0.));
#2756=DIRECTION('ref_axis',(-1.,0.,0.));
#2757=DIRECTION('center_axis',(0.,1.,0.));
#2758=DIRECTION('ref_axis',(1.,0.,0.));
#2759=DIRECTION('center_axis',(0.,1.,0.));
#2760=DIRECTION('ref_axis',(1.,0.,0.));
#2761=DIRECTION('',(0.,-1.,0.));
#2762=DIRECTION('center_axis',(0.,-1.,0.));
#2763=DIRECTION('ref_axis',(1.,0.,0.));
#2764=DIRECTION('center_axis',(0.,1.,0.));
#2765=DIRECTION('ref_axis',(1.,0.,0.));
#2766=DIRECTION('center_axis',(0.,1.,0.));
#2767=DIRECTION('ref_axis',(1.,0.,0.));
#2768=DIRECTION('center_axis',(0.,1.,0.));
#2769=DIRECTION('ref_axis',(1.,0.,0.));
#2770=DIRECTION('',(0.,1.,0.));
#2771=DIRECTION('center_axis',(0.,1.,0.));
#2772=DIRECTION('ref_axis',(1.,0.,0.));
#2773=DIRECTION('center_axis',(0.,1.,0.));
#2774=DIRECTION('ref_axis',(1.,0.,0.));
#2775=DIRECTION('center_axis',(0.,1.,0.));
#2776=DIRECTION('ref_axis',(1.,0.,0.));
#2777=DIRECTION('center_axis',(0.,1.,0.));
#2778=DIRECTION('ref_axis',(1.,0.,0.));
#2779=DIRECTION('',(0.,-1.,0.));
#2780=DIRECTION('center_axis',(0.,-1.,0.));
#2781=DIRECTION('ref_axis',(1.,0.,0.));
#2782=DIRECTION('center_axis',(0.,-1.,0.));
#2783=DIRECTION('ref_axis',(-1.,0.,0.));
#2784=DIRECTION('center_axis',(0.,1.,0.));
#2785=DIRECTION('ref_axis',(1.,0.,0.));
#2786=DIRECTION('center_axis',(0.,-1.,0.));
#2787=DIRECTION('ref_axis',(1.,0.,0.));
#2788=DIRECTION('',(0.,1.,0.));
#2789=DIRECTION('center_axis',(0.,-1.,0.));
#2790=DIRECTION('ref_axis',(1.,0.,0.));
#2791=DIRECTION('center_axis',(0.,-1.,0.));
#2792=DIRECTION('ref_axis',(-1.,0.,0.));
#2793=DIRECTION('center_axis',(0.,1.,0.));
#2794=DIRECTION('ref_axis',(1.,0.,0.));
#2795=DIRECTION('center_axis',(0.,1.,0.));
#2796=DIRECTION('ref_axis',(1.,0.,0.));
#2797=DIRECTION('',(0.,-1.,0.));
#2798=DIRECTION('center_axis',(0.,-1.,0.));
#2799=DIRECTION('ref_axis',(1.,0.,0.));
#2800=DIRECTION('center_axis',(0.,1.,0.));
#2801=DIRECTION('ref_axis',(1.,0.,0.));
#2802=DIRECTION('center_axis',(0.,1.,0.));
#2803=DIRECTION('ref_axis',(1.,0.,0.));
#2804=DIRECTION('center_axis',(0.,1.,0.));
#2805=DIRECTION('ref_axis',(1.,0.,0.));
#2806=DIRECTION('',(0.,1.,0.));
#2807=DIRECTION('center_axis',(0.,1.,0.));
#2808=DIRECTION('ref_axis',(1.,0.,0.));
#2809=DIRECTION('center_axis',(0.,1.,0.));
#2810=DIRECTION('ref_axis',(1.,0.,0.));
#2811=DIRECTION('center_axis',(0.,1.,0.));
#2812=DIRECTION('ref_axis',(1.,0.,0.));
#2813=DIRECTION('center_axis',(0.,1.,0.));
#2814=DIRECTION('ref_axis',(1.,0.,0.));
#2815=DIRECTION('',(0.,-1.,0.));
#2816=DIRECTION('center_axis',(0.,-1.,0.));
#2817=DIRECTION('ref_axis',(1.,0.,0.));
#2818=DIRECTION('center_axis',(0.,-1.,0.));
#2819=DIRECTION('ref_axis',(-1.,0.,0.));
#2820=DIRECTION('center_axis',(0.,0.,1.));
#2821=DIRECTION('ref_axis',(1.,0.,0.));
#2822=DIRECTION('center_axis',(0.,0.,-1.));
#2823=DIRECTION('ref_axis',(1.,0.,0.));
#2824=DIRECTION('',(0.,0.,1.));
#2825=DIRECTION('center_axis',(0.,0.,-1.));
#2826=DIRECTION('ref_axis',(1.,0.,0.));
#2827=DIRECTION('center_axis',(0.,0.,-1.));
#2828=DIRECTION('ref_axis',(-1.,0.,0.));
#2829=DIRECTION('center_axis',(0.,0.,1.));
#2830=DIRECTION('ref_axis',(1.,0.,0.));
#2831=DIRECTION('center_axis',(0.,0.,-1.));
#2832=DIRECTION('ref_axis',(1.,0.,0.));
#2833=DIRECTION('',(0.,0.,1.));
#2834=DIRECTION('center_axis',(0.,0.,-1.));
#2835=DIRECTION('ref_axis',(1.,0.,0.));
#2836=DIRECTION('center_axis',(0.,0.,-1.));
#2837=DIRECTION('ref_axis',(-1.,0.,0.));
#2838=DIRECTION('center_axis',(0.,0.,1.));
#2839=DIRECTION('ref_axis',(1.,0.,0.));
#2840=DIRECTION('center_axis',(0.,0.,-1.));
#2841=DIRECTION('ref_axis',(1.,0.,0.));
#2842=DIRECTION('',(0.,0.,1.));
#2843=DIRECTION('center_axis',(0.,0.,-1.));
#2844=DIRECTION('ref_axis',(1.,0.,0.));
#2845=DIRECTION('center_axis',(0.,0.,-1.));
#2846=DIRECTION('ref_axis',(-1.,0.,0.));
#2847=DIRECTION('center_axis',(0.,0.,1.));
#2848=DIRECTION('ref_axis',(1.,0.,0.));
#2849=DIRECTION('center_axis',(0.,0.,-1.));
#2850=DIRECTION('ref_axis',(1.,0.,0.));
#2851=DIRECTION('',(0.,0.,1.));
#2852=DIRECTION('center_axis',(0.,0.,-1.));
#2853=DIRECTION('ref_axis',(1.,0.,0.));
#2854=DIRECTION('center_axis',(0.,0.,-1.));
#2855=DIRECTION('ref_axis',(-1.,0.,0.));
#2856=DIRECTION('center_axis',(1.,0.,0.));
#2857=DIRECTION('ref_axis',(0.,0.,-1.));
#2858=DIRECTION('',(0.,0.,1.));
#2859=DIRECTION('',(0.,-1.,0.));
#2860=DIRECTION('',(0.,0.,-1.));
#2861=DIRECTION('',(0.,1.,0.));
#2862=DIRECTION('center_axis',(-1.,0.,0.));
#2863=DIRECTION('ref_axis',(0.,0.,1.));
#2864=DIRECTION('',(0.,0.,1.));
#2865=DIRECTION('',(0.,1.,0.));
#2866=DIRECTION('',(0.,0.,-1.));
#2867=DIRECTION('',(0.,-1.,0.));
#2868=DIRECTION('center_axis',(0.,1.,0.));
#2869=DIRECTION('ref_axis',(0.,0.,1.));
#2870=DIRECTION('',(1.,0.,0.));
#2871=DIRECTION('',(0.,0.,-1.));
#2872=DIRECTION('',(-1.,0.,0.));
#2873=DIRECTION('',(0.,0.,-1.));
#2874=DIRECTION('',(-1.,0.,0.));
#2875=DIRECTION('',(0.,0.,-1.));
#2876=DIRECTION('',(1.,0.,0.));
#2877=DIRECTION('',(0.,0.,-1.));
#2878=DIRECTION('',(0.,0.,-1.));
#2879=DIRECTION('center_axis',(0.,1.,0.));
#2880=DIRECTION('ref_axis',(1.,0.,0.));
#2881=DIRECTION('',(0.,0.,1.));
#2882=DIRECTION('center_axis',(0.,1.,0.));
#2883=DIRECTION('ref_axis',(1.,0.,0.));
#2884=DIRECTION('center_axis',(0.,1.,0.));
#2885=DIRECTION('ref_axis',(1.,0.,0.));
#2886=DIRECTION('center_axis',(0.,1.,0.));
#2887=DIRECTION('ref_axis',(1.,0.,0.));
#2888=DIRECTION('center_axis',(0.,1.,0.));
#2889=DIRECTION('ref_axis',(1.,0.,0.));
#2890=DIRECTION('center_axis',(0.,-1.,0.));
#2891=DIRECTION('ref_axis',(1.,0.,0.));
#2892=DIRECTION('center_axis',(0.,1.,0.));
#2893=DIRECTION('ref_axis',(1.,0.,0.));
#2894=DIRECTION('center_axis',(0.,-1.,0.));
#2895=DIRECTION('ref_axis',(1.,0.,0.));
#2896=DIRECTION('center_axis',(1.,0.,0.));
#2897=DIRECTION('ref_axis',(0.,0.,-1.));
#2898=DIRECTION('',(0.,-1.,0.));
#2899=DIRECTION('',(0.,0.,-1.));
#2900=DIRECTION('',(0.,1.,0.));
#2901=DIRECTION('center_axis',(-1.,0.,0.));
#2902=DIRECTION('ref_axis',(0.,0.,1.));
#2903=DIRECTION('',(0.,0.,1.));
#2904=DIRECTION('',(0.,1.,0.));
#2905=DIRECTION('',(0.,-1.,0.));
#2906=DIRECTION('center_axis',(0.,1.,0.));
#2907=DIRECTION('ref_axis',(1.,0.,0.));
#2908=DIRECTION('center_axis',(0.,-1.,0.));
#2909=DIRECTION('ref_axis',(1.,0.,0.));
#2910=DIRECTION('center_axis',(0.,1.,0.));
#2911=DIRECTION('ref_axis',(1.,0.,0.));
#2912=DIRECTION('center_axis',(0.,-1.,0.));
#2913=DIRECTION('ref_axis',(1.,0.,0.));
#2914=DIRECTION('center_axis',(0.,1.,0.));
#2915=DIRECTION('ref_axis',(0.,0.,1.));
#2916=DIRECTION('',(-1.,0.,0.));
#2917=DIRECTION('',(0.,0.,-1.));
#2918=DIRECTION('',(1.,0.,0.));
#2919=DIRECTION('',(0.,0.,-1.));
#2920=DIRECTION('center_axis',(0.,0.,1.));
#2921=DIRECTION('ref_axis',(1.,0.,0.));
#2922=DIRECTION('',(0.,-1.,0.));
#2923=DIRECTION('',(0.,1.,0.));
#2924=DIRECTION('center_axis',(0.,0.,1.));
#2925=DIRECTION('ref_axis',(1.,0.,0.));
#2926=DIRECTION('',(1.,0.,0.));
#2927=DIRECTION('',(0.,1.,0.));
#2928=DIRECTION('',(0.,-1.,0.));
#2929=DIRECTION('center_axis',(0.,0.,1.));
#2930=DIRECTION('ref_axis',(1.,0.,0.));
#2931=DIRECTION('',(0.,1.,0.));
#2932=DIRECTION('',(-1.,0.,0.));
#2933=DIRECTION('',(0.,-1.,0.));
#2934=DIRECTION('center_axis',(0.,0.,1.));
#2935=DIRECTION('ref_axis',(1.,0.,0.));
#2936=DIRECTION('',(0.,-1.,0.));
#2937=DIRECTION('',(0.,1.,0.));
#2938=DIRECTION('',(1.,0.,0.));
#2939=DIRECTION('center_axis',(1.,0.,0.));
#2940=DIRECTION('ref_axis',(0.,0.,-1.));
#2941=DIRECTION('',(0.,0.,-1.));
#2942=DIRECTION('',(0.,0.,-1.));
#2943=DIRECTION('',(0.,1.,0.));
#2944=DIRECTION('center_axis',(0.,-1.,0.));
#2945=DIRECTION('ref_axis',(0.,0.,-1.));
#2946=DIRECTION('',(0.,0.,-1.));
#2947=DIRECTION('center_axis',(-1.,0.,0.));
#2948=DIRECTION('ref_axis',(0.,0.,1.));
#2949=DIRECTION('center_axis',(-1.,0.,0.));
#2950=DIRECTION('ref_axis',(0.,0.,1.));
#2951=DIRECTION('',(0.,1.,0.));
#2952=DIRECTION('',(0.,0.,-1.));
#2953=DIRECTION('',(0.,1.,0.));
#2954=DIRECTION('',(0.,0.,1.));
#2955=DIRECTION('',(0.,-1.,0.));
#2956=DIRECTION('',(0.,-1.,0.));
#2957=DIRECTION('center_axis',(0.,-1.,0.));
#2958=DIRECTION('ref_axis',(0.,0.,-1.));
#2959=DIRECTION('',(1.,0.,0.));
#2960=DIRECTION('',(0.,0.,1.));
#2961=DIRECTION('',(1.,0.,0.));
#2962=DIRECTION('',(0.,0.,-1.));
#2963=DIRECTION('',(-1.,0.,0.));
#2964=DIRECTION('',(0.,0.,-1.));
#2965=DIRECTION('center_axis',(0.,0.,1.));
#2966=DIRECTION('ref_axis',(1.,0.,0.));
#2967=DIRECTION('',(0.,1.,0.));
#2968=DIRECTION('',(-1.,0.,0.));
#2969=DIRECTION('',(0.,1.,0.));
#2970=DIRECTION('center_axis',(0.,0.,1.));
#2971=DIRECTION('ref_axis',(1.,0.,0.));
#2972=DIRECTION('',(0.,1.,0.));
#2973=DIRECTION('',(0.,-1.,0.));
#2974=DIRECTION('',(1.,0.,0.));
#2975=DIRECTION('center_axis',(0.,1.,0.));
#2976=DIRECTION('ref_axis',(0.,0.,1.));
#2977=DIRECTION('',(-1.,0.,0.));
#2978=DIRECTION('',(0.,0.,-1.));
#2979=DIRECTION('',(0.,0.,-1.));
#2980=DIRECTION('',(0.,0.,-1.));
#2981=DIRECTION('center_axis',(1.,0.,0.));
#2982=DIRECTION('ref_axis',(0.,0.,-1.));
#2983=DIRECTION('center_axis',(-1.,0.,0.));
#2984=DIRECTION('ref_axis',(0.,0.,1.));
#2985=DIRECTION('',(0.,-1.,0.));
#2986=DIRECTION('center_axis',(0.,0.,1.));
#2987=DIRECTION('ref_axis',(1.,0.,0.));
#2988=DIRECTION('',(-1.,0.,0.));
#2989=DIRECTION('',(0.,-1.,0.));
#2990=DIRECTION('',(0.,-1.,0.));
#2991=DIRECTION('',(1.,0.,0.));
#2992=DIRECTION('',(0.,-1.,0.));
#2993=DIRECTION('',(-1.,0.,0.));
#2994=DIRECTION('',(0.,-1.,0.));
#2995=DIRECTION('',(1.,0.,0.));
#2996=DIRECTION('',(0.,1.,0.));
#2997=DIRECTION('',(1.,0.,0.));
#2998=DIRECTION('center_axis',(1.,0.,0.));
#2999=DIRECTION('ref_axis',(0.,0.,-1.));
#3000=DIRECTION('',(0.,0.,1.));
#3001=DIRECTION('',(0.,-1.,0.));
#3002=DIRECTION('',(0.,0.,-1.));
#3003=DIRECTION('',(0.,1.,0.));
#3004=DIRECTION('center_axis',(-1.,0.,0.));
#3005=DIRECTION('ref_axis',(0.,0.,1.));
#3006=DIRECTION('',(0.,0.,1.));
#3007=DIRECTION('',(0.,1.,0.));
#3008=DIRECTION('',(0.,0.,-1.));
#3009=DIRECTION('',(0.,-1.,0.));
#3010=DIRECTION('center_axis',(0.,1.,0.));
#3011=DIRECTION('ref_axis',(0.,0.,1.));
#3012=DIRECTION('',(0.,0.,-1.));
#3013=DIRECTION('',(-1.,0.,0.));
#3014=DIRECTION('',(0.,0.,-1.));
#3015=DIRECTION('',(1.,0.,0.));
#3016=DIRECTION('',(0.,0.,-1.));
#3017=DIRECTION('center_axis',(0.,1.,0.));
#3018=DIRECTION('ref_axis',(1.,0.,0.));
#3019=DIRECTION('',(0.,0.,1.));
#3020=DIRECTION('center_axis',(0.,1.,0.));
#3021=DIRECTION('ref_axis',(1.,0.,0.));
#3022=DIRECTION('center_axis',(0.,1.,0.));
#3023=DIRECTION('ref_axis',(1.,0.,0.));
#3024=DIRECTION('center_axis',(0.,1.,0.));
#3025=DIRECTION('ref_axis',(1.,0.,0.));
#3026=DIRECTION('center_axis',(0.,1.,0.));
#3027=DIRECTION('ref_axis',(1.,0.,0.));
#3028=DIRECTION('center_axis',(0.,-1.,0.));
#3029=DIRECTION('ref_axis',(1.,0.,0.));
#3030=DIRECTION('center_axis',(0.,1.,0.));
#3031=DIRECTION('ref_axis',(1.,0.,0.));
#3032=DIRECTION('center_axis',(0.,-1.,0.));
#3033=DIRECTION('ref_axis',(1.,0.,0.));
#3034=DIRECTION('center_axis',(1.,0.,0.));
#3035=DIRECTION('ref_axis',(0.,0.,-1.));
#3036=DIRECTION('',(0.,-1.,0.));
#3037=DIRECTION('',(0.,0.,-1.));
#3038=DIRECTION('',(0.,1.,0.));
#3039=DIRECTION('center_axis',(-1.,0.,0.));
#3040=DIRECTION('ref_axis',(0.,0.,1.));
#3041=DIRECTION('',(0.,0.,1.));
#3042=DIRECTION('',(0.,1.,0.));
#3043=DIRECTION('',(0.,-1.,0.));
#3044=DIRECTION('center_axis',(0.,1.,0.));
#3045=DIRECTION('ref_axis',(1.,0.,0.));
#3046=DIRECTION('center_axis',(0.,-1.,0.));
#3047=DIRECTION('ref_axis',(1.,0.,0.));
#3048=DIRECTION('center_axis',(0.,1.,0.));
#3049=DIRECTION('ref_axis',(1.,0.,0.));
#3050=DIRECTION('center_axis',(0.,-1.,0.));
#3051=DIRECTION('ref_axis',(1.,0.,0.));
#3052=DIRECTION('center_axis',(0.,-1.,0.));
#3053=DIRECTION('ref_axis',(0.,0.,-1.));
#3054=DIRECTION('',(0.,0.,-1.));
#3055=DIRECTION('',(-1.,0.,0.));
#3056=DIRECTION('center_axis',(0.,0.,1.));
#3057=DIRECTION('ref_axis',(1.,0.,0.));
#3058=DIRECTION('',(-1.,0.,0.));
#3059=DIRECTION('',(0.,-1.,0.));
#3060=DIRECTION('center_axis',(0.,0.,1.));
#3061=DIRECTION('ref_axis',(1.,0.,0.));
#3062=DIRECTION('',(-1.,0.,0.));
#3063=DIRECTION('',(1.,0.,0.));
#3064=DIRECTION('',(0.,1.,0.));
#3065=DIRECTION('center_axis',(1.,0.,0.));
#3066=DIRECTION('ref_axis',(0.,0.,-1.));
#3067=DIRECTION('',(0.,0.,-1.));
#3068=DIRECTION('',(0.,1.,0.));
#3069=DIRECTION('',(0.,-1.,0.));
#3070=DIRECTION('',(0.,0.,-1.));
#3071=DIRECTION('',(0.,0.,1.));
#3072=DIRECTION('center_axis',(0.,0.,1.));
#3073=DIRECTION('ref_axis',(1.,0.,0.));
#3074=DIRECTION('',(0.,1.,0.));
#3075=DIRECTION('',(-1.,0.,0.));
#3076=DIRECTION('center_axis',(0.,0.,1.));
#3077=DIRECTION('ref_axis',(1.,0.,0.));
#3078=DIRECTION('',(0.,-1.,0.));
#3079=DIRECTION('',(1.,0.,0.));
#3080=DIRECTION('center_axis',(0.,-1.,0.));
#3081=DIRECTION('ref_axis',(0.,0.,-1.));
#3082=DIRECTION('',(0.,0.,-1.));
#3083=DIRECTION('center_axis',(-1.,0.,0.));
#3084=DIRECTION('ref_axis',(0.,0.,1.));
#3085=DIRECTION('center_axis',(0.,1.,0.));
#3086=DIRECTION('ref_axis',(0.,0.,1.));
#3087=DIRECTION('',(0.,0.,-1.));
#3088=DIRECTION('',(-1.,0.,0.));
#3089=DIRECTION('',(0.,0.,-1.));
#3090=DIRECTION('',(0.,0.,-1.));
#3091=DIRECTION('',(1.,0.,0.));
#3092=DIRECTION('center_axis',(0.,1.,0.));
#3093=DIRECTION('ref_axis',(1.,0.,0.));
#3094=DIRECTION('',(-1.,0.,0.));
#3095=DIRECTION('center_axis',(0.,1.,0.));
#3096=DIRECTION('ref_axis',(0.,0.,1.));
#3097=DIRECTION('',(0.,0.,-1.));
#3098=DIRECTION('',(0.,0.,-1.));
#3099=DIRECTION('',(1.,0.,0.));
#3100=DIRECTION('',(0.,0.,-1.));
#3101=DIRECTION('',(-1.,0.,0.));
#3102=DIRECTION('center_axis',(-1.,0.,0.));
#3103=DIRECTION('ref_axis',(0.,0.,1.));
#3104=DIRECTION('',(0.,0.,-1.));
#3105=DIRECTION('',(0.,1.,0.));
#3106=DIRECTION('center_axis',(0.,0.,1.));
#3107=DIRECTION('ref_axis',(1.,0.,0.));
#3108=DIRECTION('',(-1.,0.,0.));
#3109=DIRECTION('',(0.,-1.,0.));
#3110=DIRECTION('center_axis',(0.,0.,1.));
#3111=DIRECTION('ref_axis',(1.,0.,0.));
#3112=DIRECTION('',(0.,1.,0.));
#3113=DIRECTION('',(0.,1.,0.));
#3114=DIRECTION('',(1.,0.,0.));
#3115=DIRECTION('center_axis',(1.,0.,0.));
#3116=DIRECTION('ref_axis',(0.,0.,-1.));
#3117=DIRECTION('',(0.,0.,-1.));
#3118=DIRECTION('center_axis',(0.,-1.,0.));
#3119=DIRECTION('ref_axis',(0.,0.,-1.));
#3120=DIRECTION('',(0.,0.,1.));
#3121=DIRECTION('center_axis',(1.,0.,0.));
#3122=DIRECTION('ref_axis',(0.,0.,-1.));
#3123=DIRECTION('',(0.,0.,-1.));
#3124=DIRECTION('',(0.,1.,0.));
#3125=DIRECTION('center_axis',(0.,0.,1.));
#3126=DIRECTION('ref_axis',(1.,0.,0.));
#3127=DIRECTION('',(0.,1.,0.));
#3128=DIRECTION('',(1.,0.,0.));
#3129=DIRECTION('center_axis',(0.,0.,1.));
#3130=DIRECTION('ref_axis',(1.,0.,0.));
#3131=DIRECTION('',(0.,1.,0.));
#3132=DIRECTION('',(0.,-1.,0.));
#3133=DIRECTION('',(1.,0.,0.));
#3134=DIRECTION('center_axis',(0.,1.,0.));
#3135=DIRECTION('ref_axis',(1.,0.,0.));
#3136=DIRECTION('center_axis',(0.,-1.,0.));
#3137=DIRECTION('ref_axis',(1.,0.,0.));
#3138=DIRECTION('',(0.,-1.,0.));
#3139=DIRECTION('center_axis',(0.,-1.,0.));
#3140=DIRECTION('ref_axis',(0.,0.,-1.));
#3141=DIRECTION('',(-1.,0.,0.));
#3142=DIRECTION('',(0.,0.,-1.));
#3143=DIRECTION('',(0.,0.,-1.));
#3144=DIRECTION('center_axis',(1.,0.,0.));
#3145=DIRECTION('ref_axis',(0.,0.,-1.));
#3146=DIRECTION('center_axis',(0.,1.,0.));
#3147=DIRECTION('ref_axis',(1.,0.,0.));
#3148=DIRECTION('center_axis',(0.,1.,0.));
#3149=DIRECTION('ref_axis',(1.,0.,0.));
#3150=DIRECTION('',(0.,1.,0.));
#3151=DIRECTION('center_axis',(0.,-1.,0.));
#3152=DIRECTION('ref_axis',(1.,0.,0.));
#3153=DIRECTION('',(0.,1.,0.));
#3154=DIRECTION('center_axis',(0.,0.,1.));
#3155=DIRECTION('ref_axis',(1.,0.,0.));
#3156=DIRECTION('',(-1.,0.,0.));
#3157=DIRECTION('',(0.,1.,0.));
#3158=DIRECTION('',(1.,0.,0.));
#3159=DIRECTION('center_axis',(0.,1.,0.));
#3160=DIRECTION('ref_axis',(0.,0.,1.));
#3161=DIRECTION('',(0.,0.,-1.));
#3162=DIRECTION('center_axis',(1.,0.,0.));
#3163=DIRECTION('ref_axis',(0.,0.,-1.));
#3164=DIRECTION('',(0.,0.,-1.));
#3165=DIRECTION('center_axis',(0.,-1.,0.));
#3166=DIRECTION('ref_axis',(0.,0.,-1.));
#3167=DIRECTION('center_axis',(1.,0.,0.));
#3168=DIRECTION('ref_axis',(0.,0.,-1.));
#3169=DIRECTION('center_axis',(1.,0.,0.));
#3170=DIRECTION('ref_axis',(0.,0.,-1.));
#3171=DIRECTION('center_axis',(1.,0.,0.));
#3172=DIRECTION('ref_axis',(0.,0.,-1.));
#3173=DIRECTION('center_axis',(-1.,0.,0.));
#3174=DIRECTION('ref_axis',(0.,0.,-1.));
#3175=DIRECTION('center_axis',(1.,0.,0.));
#3176=DIRECTION('ref_axis',(0.,0.,-1.));
#3177=DIRECTION('center_axis',(-1.,0.,0.));
#3178=DIRECTION('ref_axis',(0.,0.,-1.));
#3179=DIRECTION('center_axis',(1.,0.,0.));
#3180=DIRECTION('ref_axis',(0.,0.,-1.));
#3181=DIRECTION('center_axis',(-1.,0.,0.));
#3182=DIRECTION('ref_axis',(0.,0.,-1.));
#3183=DIRECTION('center_axis',(-1.,0.,0.));
#3184=DIRECTION('ref_axis',(0.,0.,1.));
#3185=DIRECTION('center_axis',(-1.,0.,0.));
#3186=DIRECTION('ref_axis',(0.,0.,-1.));
#3187=DIRECTION('center_axis',(-1.,0.,0.));
#3188=DIRECTION('ref_axis',(0.,0.,1.));
#3189=DIRECTION('center_axis',(-1.,0.,0.));
#3190=DIRECTION('ref_axis',(0.,0.,-1.));
#3191=DIRECTION('center_axis',(1.,0.,0.));
#3192=DIRECTION('ref_axis',(0.,0.,-1.));
#3193=DIRECTION('center_axis',(-1.,0.,0.));
#3194=DIRECTION('ref_axis',(0.,0.,-1.));
#3195=DIRECTION('center_axis',(1.,0.,0.));
#3196=DIRECTION('ref_axis',(0.,0.,-1.));
#3197=DIRECTION('center_axis',(1.,0.,0.));
#3198=DIRECTION('ref_axis',(0.,0.,-1.));
#3199=DIRECTION('center_axis',(1.,0.,0.));
#3200=DIRECTION('ref_axis',(0.,0.,-1.));
#3201=DIRECTION('center_axis',(1.,0.,0.));
#3202=DIRECTION('ref_axis',(0.,0.,-1.));
#3203=DIRECTION('center_axis',(0.,0.,1.));
#3204=DIRECTION('ref_axis',(1.,0.,0.));
#3205=DIRECTION('',(0.,1.,0.));
#3206=DIRECTION('center_axis',(-1.,0.,0.));
#3207=DIRECTION('ref_axis',(0.,0.,1.));
#3208=DIRECTION('center_axis',(1.,0.,0.));
#3209=DIRECTION('ref_axis',(0.,0.,-1.));
#3210=DIRECTION('center_axis',(-1.,0.,0.));
#3211=DIRECTION('ref_axis',(0.,0.,-1.));
#3212=DIRECTION('',(1.,0.,0.));
#3213=DIRECTION('center_axis',(-1.,0.,0.));
#3214=DIRECTION('ref_axis',(0.,0.,1.));
#3215=DIRECTION('center_axis',(1.,0.,0.));
#3216=DIRECTION('ref_axis',(0.,0.,-1.));
#3217=DIRECTION('center_axis',(1.,0.,0.));
#3218=DIRECTION('ref_axis',(0.,0.,-1.));
#3219=DIRECTION('center_axis',(1.,0.,0.));
#3220=DIRECTION('ref_axis',(0.,0.,-1.));
#3221=DIRECTION('',(1.,0.,0.));
#3222=DIRECTION('center_axis',(1.,0.,0.));
#3223=DIRECTION('ref_axis',(0.,0.,-1.));
#3224=DIRECTION('center_axis',(1.,0.,0.));
#3225=DIRECTION('ref_axis',(0.,0.,-1.));
#3226=DIRECTION('center_axis',(-1.,0.,0.));
#3227=DIRECTION('ref_axis',(0.,0.,-1.));
#3228=DIRECTION('center_axis',(1.,0.,0.));
#3229=DIRECTION('ref_axis',(0.,0.,-1.));
#3230=DIRECTION('',(1.,0.,0.));
#3231=DIRECTION('center_axis',(1.,0.,0.));
#3232=DIRECTION('ref_axis',(0.,0.,-1.));
#3233=DIRECTION('center_axis',(1.,0.,0.));
#3234=DIRECTION('ref_axis',(0.,0.,-1.));
#3235=DIRECTION('center_axis',(1.,0.,0.));
#3236=DIRECTION('ref_axis',(0.,0.,-1.));
#3237=DIRECTION('center_axis',(1.,0.,0.));
#3238=DIRECTION('ref_axis',(0.,0.,-1.));
#3239=DIRECTION('center_axis',(-1.,0.,0.));
#3240=DIRECTION('ref_axis',(0.,0.,-1.));
#3241=DIRECTION('center_axis',(1.,0.,0.));
#3242=DIRECTION('ref_axis',(0.,0.,-1.));
#3243=DIRECTION('center_axis',(-1.,0.,0.));
#3244=DIRECTION('ref_axis',(0.,0.,1.));
#3245=CARTESIAN_POINT('',(0.,0.,0.));
#3246=CARTESIAN_POINT('Origin',(369.95,-4.40872847693047E-15,216.));
#3247=CARTESIAN_POINT('',(368.5,3.2,216.));
#3248=CARTESIAN_POINT('',(372.,3.2,216.));
#3249=CARTESIAN_POINT('',(369.95,3.2,216.));
#3250=CARTESIAN_POINT('',(368.5,-3.2,216.));
#3251=CARTESIAN_POINT('Origin',(368.5,-4.40872847693047E-15,216.));
#3252=CARTESIAN_POINT('',(372.,-3.2,216.));
#3253=CARTESIAN_POINT('',(369.95,-3.2,216.));
#3254=CARTESIAN_POINT('Origin',(372.,-4.40872847693047E-15,216.));
#3255=CARTESIAN_POINT('Origin',(372.,0.,211.));
#3256=CARTESIAN_POINT('',(372.,-30.,216.));
#3257=CARTESIAN_POINT('',(372.,0.,216.));
#3258=CARTESIAN_POINT('',(372.,-30.,206.));
#3259=CARTESIAN_POINT('',(372.,-30.,211.));
#3260=CARTESIAN_POINT('',(372.,30.,206.));
#3261=CARTESIAN_POINT('',(372.,0.,206.));
#3262=CARTESIAN_POINT('',(372.,30.,216.));
#3263=CARTESIAN_POINT('',(372.,30.,211.));
#3264=CARTESIAN_POINT('',(372.,0.,216.));
#3265=CARTESIAN_POINT('Origin',(323.5,-4.40872847693047E-15,216.));
#3266=CARTESIAN_POINT('',(323.5,-3.2,216.));
#3267=CARTESIAN_POINT('',(323.5,3.2,216.));
#3268=CARTESIAN_POINT('',(323.5,-2.20436423846524E-15,216.));
#3269=CARTESIAN_POINT('Origin',(323.5,-4.40872847693047E-15,216.));
#3270=CARTESIAN_POINT('Origin',(325.3,-4.40872847693047E-15,216.));
#3271=CARTESIAN_POINT('',(326.5,-3.2,216.));
#3272=CARTESIAN_POINT('',(325.3,-3.2,216.));
#3273=CARTESIAN_POINT('',(326.5,3.2,216.));
#3274=CARTESIAN_POINT('Origin',(326.5,-4.40872847693047E-15,216.));
#3275=CARTESIAN_POINT('',(325.3,3.2,216.));
#3276=CARTESIAN_POINT('Origin',(342.,0.,216.));
#3277=CARTESIAN_POINT('',(312.,30.,216.));
#3278=CARTESIAN_POINT('',(342.,30.,216.));
#3279=CARTESIAN_POINT('',(312.,-30.,216.));
#3280=CARTESIAN_POINT('',(312.,0.,216.));
#3281=CARTESIAN_POINT('',(342.,-30.,216.));
#3282=CARTESIAN_POINT('',(368.5,-17.495427974188,216.));
#3283=CARTESIAN_POINT('',(368.5,0.,216.));
#3284=CARTESIAN_POINT('',(364.,-17.495427974188,216.));
#3285=CARTESIAN_POINT('',(366.25,-17.495427974188,216.));
#3286=CARTESIAN_POINT('',(364.,-17.1537167984085,216.));
#3287=CARTESIAN_POINT('',(364.,0.,216.));
#3288=CARTESIAN_POINT('',(361.,-17.1537167984085,216.));
#3289=CARTESIAN_POINT('',(362.5,-17.1537167984085,216.));
#3290=CARTESIAN_POINT('',(361.,-12.369316876853,216.));
#3291=CARTESIAN_POINT('',(361.,0.,216.));
#3292=CARTESIAN_POINT('',(333.,-12.369316876853,216.));
#3293=CARTESIAN_POINT('',(347.,-12.369316876853,216.));
#3294=CARTESIAN_POINT('',(333.,-17.1537167984085,216.));
#3295=CARTESIAN_POINT('',(333.,0.,216.));
#3296=CARTESIAN_POINT('',(330.,-17.1537167984085,216.));
#3297=CARTESIAN_POINT('',(331.5,-17.1537167984085,216.));
#3298=CARTESIAN_POINT('',(330.,-17.495427974188,216.));
#3299=CARTESIAN_POINT('',(330.,0.,216.));
#3300=CARTESIAN_POINT('',(326.5,-17.495427974188,216.));
#3301=CARTESIAN_POINT('',(328.25,-17.495427974188,216.));
#3302=CARTESIAN_POINT('',(326.5,0.,216.));
#3303=CARTESIAN_POINT('',(326.5,17.495427974188,216.));
#3304=CARTESIAN_POINT('',(326.5,0.,216.));
#3305=CARTESIAN_POINT('',(330.,17.495427974188,216.));
#3306=CARTESIAN_POINT('',(328.25,17.495427974188,216.));
#3307=CARTESIAN_POINT('',(330.,17.1537167984085,216.));
#3308=CARTESIAN_POINT('',(330.,0.,216.));
#3309=CARTESIAN_POINT('',(333.,17.1537167984085,216.));
#3310=CARTESIAN_POINT('',(331.5,17.1537167984085,216.));
#3311=CARTESIAN_POINT('',(333.,12.369316876853,216.));
#3312=CARTESIAN_POINT('',(333.,0.,216.));
#3313=CARTESIAN_POINT('',(361.,12.369316876853,216.));
#3314=CARTESIAN_POINT('',(347.,12.369316876853,216.));
#3315=CARTESIAN_POINT('',(361.,17.1537167984085,216.));
#3316=CARTESIAN_POINT('',(361.,0.,216.));
#3317=CARTESIAN_POINT('',(364.,17.1537167984085,216.));
#3318=CARTESIAN_POINT('',(362.5,17.1537167984085,216.));
#3319=CARTESIAN_POINT('',(364.,17.495427974188,216.));
#3320=CARTESIAN_POINT('',(364.,0.,216.));
#3321=CARTESIAN_POINT('',(368.5,17.495427974188,216.));
#3322=CARTESIAN_POINT('',(366.25,17.495427974188,216.));
#3323=CARTESIAN_POINT('',(368.5,0.,216.));
#3324=CARTESIAN_POINT('Origin',(369.95,1.46957615897682E-15,264.));
#3325=CARTESIAN_POINT('',(372.,3.2,264.));
#3326=CARTESIAN_POINT('',(368.5,3.2,264.));
#3327=CARTESIAN_POINT('',(369.95,3.2,264.));
#3328=CARTESIAN_POINT('',(372.,-3.2,264.));
#3329=CARTESIAN_POINT('Origin',(372.,1.46957615897682E-15,264.));
#3330=CARTESIAN_POINT('',(368.5,-3.2,264.));
#3331=CARTESIAN_POINT('',(369.95,-3.2,264.));
#3332=CARTESIAN_POINT('Origin',(368.5,1.46957615897682E-15,264.));
#3333=CARTESIAN_POINT('Origin',(368.5,0.,240.));
#3334=CARTESIAN_POINT('',(368.5,-17.495427974188,264.));
#3335=CARTESIAN_POINT('',(368.5,0.,264.));
#3336=CARTESIAN_POINT('',(368.5,17.495427974188,264.));
#3337=CARTESIAN_POINT('Origin',(368.5,0.,240.));
#3338=CARTESIAN_POINT('',(368.5,0.,264.));
#3339=CARTESIAN_POINT('Origin',(342.,0.,264.));
#3340=CARTESIAN_POINT('',(364.,17.495427974188,264.));
#3341=CARTESIAN_POINT('',(366.25,17.495427974188,264.));
#3342=CARTESIAN_POINT('',(364.,17.1537167984085,264.));
#3343=CARTESIAN_POINT('',(364.,0.,264.));
#3344=CARTESIAN_POINT('',(361.,17.1537167984085,264.));
#3345=CARTESIAN_POINT('',(362.5,17.1537167984085,264.));
#3346=CARTESIAN_POINT('',(361.,12.369316876853,264.));
#3347=CARTESIAN_POINT('',(361.,0.,264.));
#3348=CARTESIAN_POINT('',(333.,12.369316876853,264.));
#3349=CARTESIAN_POINT('',(347.,12.369316876853,264.));
#3350=CARTESIAN_POINT('',(333.,17.1537167984085,264.));
#3351=CARTESIAN_POINT('',(333.,0.,264.));
#3352=CARTESIAN_POINT('',(330.,17.1537167984085,264.));
#3353=CARTESIAN_POINT('',(331.5,17.1537167984085,264.));
#3354=CARTESIAN_POINT('',(330.,17.495427974188,264.));
#3355=CARTESIAN_POINT('',(330.,0.,264.));
#3356=CARTESIAN_POINT('',(326.5,17.495427974188,264.));
#3357=CARTESIAN_POINT('',(328.25,17.495427974188,264.));
#3358=CARTESIAN_POINT('',(326.5,3.2,264.));
#3359=CARTESIAN_POINT('',(326.5,0.,264.));
#3360=CARTESIAN_POINT('',(323.5,3.2,264.));
#3361=CARTESIAN_POINT('',(325.3,3.2,264.));
#3362=CARTESIAN_POINT('',(323.5,-3.2,264.));
#3363=CARTESIAN_POINT('',(323.5,7.34788079488412E-16,264.));
#3364=CARTESIAN_POINT('',(326.5,-3.2,264.));
#3365=CARTESIAN_POINT('',(325.3,-3.2,264.));
#3366=CARTESIAN_POINT('',(326.5,-17.495427974188,264.));
#3367=CARTESIAN_POINT('',(326.5,0.,264.));
#3368=CARTESIAN_POINT('',(330.,-17.495427974188,264.));
#3369=CARTESIAN_POINT('',(328.25,-17.495427974188,264.));
#3370=CARTESIAN_POINT('',(330.,-17.1537167984085,264.));
#3371=CARTESIAN_POINT('',(330.,0.,264.));
#3372=CARTESIAN_POINT('',(333.,-17.1537167984085,264.));
#3373=CARTESIAN_POINT('',(331.5,-17.1537167984085,264.));
#3374=CARTESIAN_POINT('',(333.,-12.369316876853,264.));
#3375=CARTESIAN_POINT('',(333.,0.,264.));
#3376=CARTESIAN_POINT('',(361.,-12.369316876853,264.));
#3377=CARTESIAN_POINT('',(347.,-12.369316876853,264.));
#3378=CARTESIAN_POINT('',(361.,-17.1537167984085,264.));
#3379=CARTESIAN_POINT('',(361.,0.,264.));
#3380=CARTESIAN_POINT('',(364.,-17.1537167984085,264.));
#3381=CARTESIAN_POINT('',(362.5,-17.1537167984085,264.));
#3382=CARTESIAN_POINT('',(364.,-17.495427974188,264.));
#3383=CARTESIAN_POINT('',(364.,0.,264.));
#3384=CARTESIAN_POINT('',(366.25,-17.495427974188,264.));
#3385=CARTESIAN_POINT('',(372.,-30.,264.));
#3386=CARTESIAN_POINT('',(372.,0.,264.));
#3387=CARTESIAN_POINT('',(312.,-30.,264.));
#3388=CARTESIAN_POINT('',(342.,-30.,264.));
#3389=CARTESIAN_POINT('',(312.,30.,264.));
#3390=CARTESIAN_POINT('',(312.,0.,264.));
#3391=CARTESIAN_POINT('',(372.,30.,264.));
#3392=CARTESIAN_POINT('',(342.,30.,264.));
#3393=CARTESIAN_POINT('',(372.,0.,264.));
#3394=CARTESIAN_POINT('Origin',(323.5,1.46957615897682E-15,264.));
#3395=CARTESIAN_POINT('Origin',(323.5,1.46957615897682E-15,264.));
#3396=CARTESIAN_POINT('Origin',(325.3,1.46957615897682E-15,264.));
#3397=CARTESIAN_POINT('Origin',(326.5,1.46957615897682E-15,264.));
#3398=CARTESIAN_POINT('Origin',(347.5,-4.40872847693047E-15,216.));
#3399=CARTESIAN_POINT('',(330.,-4.61691843278552E-15,217.7));
#3400=CARTESIAN_POINT('Origin',(330.,-4.40872847693047E-15,216.));
#3401=CARTESIAN_POINT('',(364.,-4.20053852107542E-15,217.7));
#3402=CARTESIAN_POINT('',(347.5,-4.61691843278552E-15,217.7));
#3403=CARTESIAN_POINT('Origin',(364.,-4.40872847693047E-15,216.));
#3404=CARTESIAN_POINT('Origin',(326.5,0.,240.));
#3405=CARTESIAN_POINT('Origin',(326.5,0.,240.));
#3406=CARTESIAN_POINT('Origin',(347.5,-24.,240.));
#3407=CARTESIAN_POINT('',(330.,-24.,241.7));
#3408=CARTESIAN_POINT('Origin',(330.,-24.,240.));
#3409=CARTESIAN_POINT('',(364.,-24.,241.7));
#3410=CARTESIAN_POINT('',(347.5,-24.,241.7));
#3411=CARTESIAN_POINT('Origin',(364.,-24.,240.));
#3412=CARTESIAN_POINT('Origin',(347.5,1.46957615897682E-15,264.));
#3413=CARTESIAN_POINT('',(330.,1.26138620312177E-15,265.7));
#3414=CARTESIAN_POINT('Origin',(330.,1.46957615897682E-15,264.));
#3415=CARTESIAN_POINT('',(364.,1.67776611483187E-15,265.7));
#3416=CARTESIAN_POINT('',(347.5,1.26138620312177E-15,265.7));
#3417=CARTESIAN_POINT('Origin',(364.,1.46957615897682E-15,264.));
#3418=CARTESIAN_POINT('Origin',(347.5,24.,240.));
#3419=CARTESIAN_POINT('',(330.,24.,241.7));
#3420=CARTESIAN_POINT('Origin',(330.,24.,240.));
#3421=CARTESIAN_POINT('',(364.,24.,241.7));
#3422=CARTESIAN_POINT('',(347.5,24.,241.7));
#3423=CARTESIAN_POINT('Origin',(364.,24.,240.));
#3424=CARTESIAN_POINT('Origin',(368.5,0.,240.));
#3425=CARTESIAN_POINT('Origin',(368.5,0.,240.));
#3426=CARTESIAN_POINT('Origin',(366.25,0.,240.));
#3427=CARTESIAN_POINT('Origin',(364.,0.,240.));
#3428=CARTESIAN_POINT('Origin',(366.25,0.,240.));
#3429=CARTESIAN_POINT('Origin',(364.,0.,240.));
#3430=CARTESIAN_POINT('Origin',(326.5,0.,240.));
#3431=CARTESIAN_POINT('Origin',(326.5,0.,240.));
#3432=CARTESIAN_POINT('Origin',(328.25,0.,240.));
#3433=CARTESIAN_POINT('',(330.,10.4522724801835,212.2));
#3434=CARTESIAN_POINT('',(330.,-10.4522724801835,212.2));
#3435=CARTESIAN_POINT('Ctrl Pts',(330.,10.4522724801834,212.2));
#3436=CARTESIAN_POINT('Ctrl Pts',(329.906877318632,10.4522724801834,212.2));
#3437=CARTESIAN_POINT('Ctrl Pts',(329.815166150238,10.4363728455242,212.194009051019));
#3438=CARTESIAN_POINT('Ctrl Pts',(329.639194069579,10.3776161731161,212.172027744299));
#3439=CARTESIAN_POINT('Ctrl Pts',(329.554937307197,10.3347459538744,212.156039401256));
#3440=CARTESIAN_POINT('Ctrl Pts',(329.318470692025,10.1776374985638,212.098061720454));
#3441=CARTESIAN_POINT('Ctrl Pts',(329.18246509702,10.0341792901974,212.045963763824));
#3442=CARTESIAN_POINT('Ctrl Pts',(328.905080119877,9.66971971921014,211.917232234174));
#3443=CARTESIAN_POINT('Ctrl Pts',(328.752267516317,9.3742803725466,211.816929612186));
#3444=CARTESIAN_POINT('Ctrl Pts',(328.381215636418,8.47639690473639,211.527293821728));
#3445=CARTESIAN_POINT('Ctrl Pts',(328.210712473141,7.65645532325162,211.294892106224));
#3446=CARTESIAN_POINT('Ctrl Pts',(327.957820581517,5.89702128365525,210.870826955483));
#3447=CARTESIAN_POINT('Ctrl Pts',(327.893424174306,4.71012870811241,210.651040573223));
#3448=CARTESIAN_POINT('Ctrl Pts',(327.82564295024,2.31315684891097,210.36562737454));
#3449=CARTESIAN_POINT('Ctrl Pts',(327.82055052823,1.10312622349237,210.3));
#3450=CARTESIAN_POINT('Ctrl Pts',(327.82055052823,-1.10312622349237,210.3));
#3451=CARTESIAN_POINT('Ctrl Pts',(327.82564295024,-2.31315684891097,210.36562737454));
#3452=CARTESIAN_POINT('Ctrl Pts',(327.893424174306,-4.71012870811241,210.651040573223));
#3453=CARTESIAN_POINT('Ctrl Pts',(327.957820581517,-5.89702128365525,210.870826955483));
#3454=CARTESIAN_POINT('Ctrl Pts',(328.210712473141,-7.65645532325163,211.294892106224));
#3455=CARTESIAN_POINT('Ctrl Pts',(328.381215636418,-8.47639690473639,211.527293821728));
#3456=CARTESIAN_POINT('Ctrl Pts',(328.752267516317,-9.3742803725466,211.816929612186));
#3457=CARTESIAN_POINT('Ctrl Pts',(328.905080119877,-9.66971971921015,211.917232234174));
#3458=CARTESIAN_POINT('Ctrl Pts',(329.18246509702,-10.0341792901974,212.045963763824));
#3459=CARTESIAN_POINT('Ctrl Pts',(329.318470692025,-10.1776374985638,212.098061720454));
#3460=CARTESIAN_POINT('Ctrl Pts',(329.554937307197,-10.3347459538744,212.156039401256));
#3461=CARTESIAN_POINT('Ctrl Pts',(329.639194069579,-10.3776161731161,212.172027744299));
#3462=CARTESIAN_POINT('Ctrl Pts',(329.815166150238,-10.4363728455242,212.194009051019));
#3463=CARTESIAN_POINT('Ctrl Pts',(329.906877318632,-10.4522724801834,212.2));
#3464=CARTESIAN_POINT('Ctrl Pts',(330.,-10.4522724801834,212.2));
#3465=CARTESIAN_POINT('Origin',(330.,0.,240.));
#3466=CARTESIAN_POINT('Origin',(330.,0.,240.));
#3467=CARTESIAN_POINT('Origin',(328.25,0.,240.));
#3468=CARTESIAN_POINT('',(330.,-10.4522724801835,267.8));
#3469=CARTESIAN_POINT('',(330.,10.4522724801835,267.8));
#3470=CARTESIAN_POINT('Ctrl Pts',(330.,-10.4522724801834,267.8));
#3471=CARTESIAN_POINT('Ctrl Pts',(329.906877318632,-10.4522724801834,267.8));
#3472=CARTESIAN_POINT('Ctrl Pts',(329.815166150238,-10.4363728455242,267.805990948981));
#3473=CARTESIAN_POINT('Ctrl Pts',(329.639194069579,-10.3776161731161,267.827972255701));
#3474=CARTESIAN_POINT('Ctrl Pts',(329.554937307197,-10.3347459538744,267.843960598744));
#3475=CARTESIAN_POINT('Ctrl Pts',(329.318470692025,-10.1776374985638,267.901938279546));
#3476=CARTESIAN_POINT('Ctrl Pts',(329.18246509702,-10.0341792901974,267.954036236176));
#3477=CARTESIAN_POINT('Ctrl Pts',(328.905080119877,-9.66971971921015,268.082767765826));
#3478=CARTESIAN_POINT('Ctrl Pts',(328.752267516317,-9.3742803725466,268.183070387814));
#3479=CARTESIAN_POINT('Ctrl Pts',(328.381215636418,-8.4763969047364,268.472706178272));
#3480=CARTESIAN_POINT('Ctrl Pts',(328.210712473141,-7.65645532325163,268.705107893776));
#3481=CARTESIAN_POINT('Ctrl Pts',(327.957820581517,-5.89702128365525,269.129173044517));
#3482=CARTESIAN_POINT('Ctrl Pts',(327.893424174306,-4.71012870811241,269.348959426777));
#3483=CARTESIAN_POINT('Ctrl Pts',(327.82564295024,-2.31315684891097,269.63437262546));
#3484=CARTESIAN_POINT('Ctrl Pts',(327.82055052823,-1.10312622349237,269.7));
#3485=CARTESIAN_POINT('Ctrl Pts',(327.82055052823,1.10312622349237,269.7));
#3486=CARTESIAN_POINT('Ctrl Pts',(327.82564295024,2.31315684891096,269.63437262546));
#3487=CARTESIAN_POINT('Ctrl Pts',(327.893424174306,4.7101287081124,269.348959426777));
#3488=CARTESIAN_POINT('Ctrl Pts',(327.957820581517,5.89702128365524,269.129173044517));
#3489=CARTESIAN_POINT('Ctrl Pts',(328.210712473141,7.65645532325162,268.705107893776));
#3490=CARTESIAN_POINT('Ctrl Pts',(328.381215636418,8.47639690473639,268.472706178272));
#3491=CARTESIAN_POINT('Ctrl Pts',(328.752267516317,9.3742803725466,268.183070387814));
#3492=CARTESIAN_POINT('Ctrl Pts',(328.905080119877,9.66971971921014,268.082767765826));
#3493=CARTESIAN_POINT('Ctrl Pts',(329.18246509702,10.0341792901974,267.954036236176));
#3494=CARTESIAN_POINT('Ctrl Pts',(329.318470692025,10.1776374985638,267.901938279546));
#3495=CARTESIAN_POINT('Ctrl Pts',(329.554937307197,10.3347459538744,267.843960598744));
#3496=CARTESIAN_POINT('Ctrl Pts',(329.639194069579,10.3776161731161,267.827972255701));
#3497=CARTESIAN_POINT('Ctrl Pts',(329.815166150238,10.4363728455242,267.805990948981));
#3498=CARTESIAN_POINT('Ctrl Pts',(329.906877318632,10.4522724801834,267.8));
#3499=CARTESIAN_POINT('Ctrl Pts',(330.,10.4522724801834,267.8));
#3500=CARTESIAN_POINT('Origin',(330.,0.,240.));
#3501=CARTESIAN_POINT('Origin',(330.,0.,240.));
#3502=CARTESIAN_POINT('Origin',(332.,32.75,311.8935055785));
#3503=CARTESIAN_POINT('',(330.3,26.5,311.8935055785));
#3504=CARTESIAN_POINT('Origin',(332.,26.5,311.8935055785));
#3505=CARTESIAN_POINT('',(330.3,37.,311.8935055785));
#3506=CARTESIAN_POINT('',(330.3,32.75,311.8935055785));
#3507=CARTESIAN_POINT('Origin',(332.,37.,311.8935055785));
#3508=CARTESIAN_POINT('Origin',(332.,26.5,311.8935055785));
#3509=CARTESIAN_POINT('Origin',(332.,32.75,311.8935055785));
#3510=CARTESIAN_POINT('',(327.,37.,311.8935055785));
#3511=CARTESIAN_POINT('Origin',(332.,37.,311.8935055785));
#3512=CARTESIAN_POINT('',(327.,29.,311.8935055785));
#3513=CARTESIAN_POINT('',(327.,32.75,311.8935055785));
#3514=CARTESIAN_POINT('Origin',(332.,29.,311.8935055785));
#3515=CARTESIAN_POINT('Origin',(332.,37.,311.8935055785));
#3516=CARTESIAN_POINT('Origin',(332.,-32.75,311.8935055785));
#3517=CARTESIAN_POINT('',(330.3,-37.,311.8935055785));
#3518=CARTESIAN_POINT('Origin',(332.,-37.,311.8935055785));
#3519=CARTESIAN_POINT('',(330.3,-26.5,311.8935055785));
#3520=CARTESIAN_POINT('',(330.3,-32.75,311.8935055785));
#3521=CARTESIAN_POINT('Origin',(332.,-26.5,311.8935055785));
#3522=CARTESIAN_POINT('Origin',(332.,-26.5,311.8935055785));
#3523=CARTESIAN_POINT('Origin',(332.,-32.75,311.8935055785));
#3524=CARTESIAN_POINT('',(327.,-29.,311.8935055785));
#3525=CARTESIAN_POINT('Origin',(332.,-29.,311.8935055785));
#3526=CARTESIAN_POINT('',(327.,-37.,311.8935055785));
#3527=CARTESIAN_POINT('',(327.,-32.75,311.8935055785));
#3528=CARTESIAN_POINT('Origin',(332.,-37.,311.8935055785));
#3529=CARTESIAN_POINT('Origin',(332.,-37.,311.8935055785));
#3530=CARTESIAN_POINT('Origin',(304.,32.75,311.8935055785));
#3531=CARTESIAN_POINT('',(302.3,26.5,311.8935055785));
#3532=CARTESIAN_POINT('Origin',(304.,26.5,311.8935055785));
#3533=CARTESIAN_POINT('',(302.3,37.,311.8935055785));
#3534=CARTESIAN_POINT('',(302.3,32.75,311.8935055785));
#3535=CARTESIAN_POINT('Origin',(304.,37.,311.8935055785));
#3536=CARTESIAN_POINT('Origin',(304.,26.5,311.8935055785));
#3537=CARTESIAN_POINT('Origin',(304.,32.75,311.8935055785));
#3538=CARTESIAN_POINT('',(299.,37.,311.8935055785));
#3539=CARTESIAN_POINT('Origin',(304.,37.,311.8935055785));
#3540=CARTESIAN_POINT('',(299.,29.,311.8935055785));
#3541=CARTESIAN_POINT('',(299.,32.75,311.8935055785));
#3542=CARTESIAN_POINT('Origin',(304.,29.,311.8935055785));
#3543=CARTESIAN_POINT('Origin',(304.,37.,311.8935055785));
#3544=CARTESIAN_POINT('Origin',(304.,-32.75,311.8935055785));
#3545=CARTESIAN_POINT('',(302.3,-37.,311.8935055785));
#3546=CARTESIAN_POINT('Origin',(304.,-37.,311.8935055785));
#3547=CARTESIAN_POINT('',(302.3,-26.5,311.8935055785));
#3548=CARTESIAN_POINT('',(302.3,-32.75,311.8935055785));
#3549=CARTESIAN_POINT('Origin',(304.,-26.5,311.8935055785));
#3550=CARTESIAN_POINT('Origin',(304.,-26.5,311.8935055785));
#3551=CARTESIAN_POINT('Origin',(304.,-32.75,311.8935055785));
#3552=CARTESIAN_POINT('',(299.,-29.,311.8935055785));
#3553=CARTESIAN_POINT('Origin',(304.,-29.,311.8935055785));
#3554=CARTESIAN_POINT('',(299.,-37.,311.8935055785));
#3555=CARTESIAN_POINT('',(299.,-32.75,311.8935055785));
#3556=CARTESIAN_POINT('Origin',(304.,-37.,311.8935055785));
#3557=CARTESIAN_POINT('Origin',(304.,-37.,311.8935055785));
#3558=CARTESIAN_POINT('Origin',(332.,25.,324.8935055785));
#3559=CARTESIAN_POINT('',(329.8,25.,314.8935055785));
#3560=CARTESIAN_POINT('Origin',(332.,25.,314.8935055785));
#3561=CARTESIAN_POINT('',(329.8,25.,323.8935055785));
#3562=CARTESIAN_POINT('',(329.8,25.,324.8935055785));
#3563=CARTESIAN_POINT('Origin',(332.,25.,323.8935055785));
#3564=CARTESIAN_POINT('Origin',(332.,25.,314.8935055785));
#3565=CARTESIAN_POINT('Origin',(332.,-25.,324.8935055785));
#3566=CARTESIAN_POINT('',(329.8,-25.,314.8935055785));
#3567=CARTESIAN_POINT('Origin',(332.,-25.,314.8935055785));
#3568=CARTESIAN_POINT('',(329.8,-25.,323.8935055785));
#3569=CARTESIAN_POINT('',(329.8,-25.,324.8935055785));
#3570=CARTESIAN_POINT('Origin',(332.,-25.,323.8935055785));
#3571=CARTESIAN_POINT('Origin',(332.,-25.,314.8935055785));
#3572=CARTESIAN_POINT('Origin',(304.,25.,324.8935055785));
#3573=CARTESIAN_POINT('',(301.8,25.,314.8935055785));
#3574=CARTESIAN_POINT('Origin',(304.,25.,314.8935055785));
#3575=CARTESIAN_POINT('',(301.8,25.,323.8935055785));
#3576=CARTESIAN_POINT('',(301.8,25.,324.8935055785));
#3577=CARTESIAN_POINT('Origin',(304.,25.,323.8935055785));
#3578=CARTESIAN_POINT('Origin',(304.,25.,314.8935055785));
#3579=CARTESIAN_POINT('Origin',(304.,-25.,324.8935055785));
#3580=CARTESIAN_POINT('',(301.8,-25.,314.8935055785));
#3581=CARTESIAN_POINT('Origin',(304.,-25.,314.8935055785));
#3582=CARTESIAN_POINT('',(301.8,-25.,323.8935055785));
#3583=CARTESIAN_POINT('',(301.8,-25.,324.8935055785));
#3584=CARTESIAN_POINT('Origin',(304.,-25.,323.8935055785));
#3585=CARTESIAN_POINT('Origin',(304.,-25.,314.8935055785));
#3586=CARTESIAN_POINT('Origin',(373.3,35.5,317.8935055785));
#3587=CARTESIAN_POINT('',(373.3,32.,315.3935055785));
#3588=CARTESIAN_POINT('',(373.3,32.,320.3935055785));
#3589=CARTESIAN_POINT('',(373.3,32.,309.3935055785));
#3590=CARTESIAN_POINT('',(373.3,39.,315.3935055785));
#3591=CARTESIAN_POINT('',(373.3,35.5,315.3935055785));
#3592=CARTESIAN_POINT('',(373.3,39.,320.3935055785));
#3593=CARTESIAN_POINT('',(373.3,39.,309.3935055785));
#3594=CARTESIAN_POINT('',(373.3,35.5,320.3935055785));
#3595=CARTESIAN_POINT('Origin',(378.7,35.5,317.8935055785));
#3596=CARTESIAN_POINT('',(378.7,39.,315.3935055785));
#3597=CARTESIAN_POINT('',(378.7,39.,320.3935055785));
#3598=CARTESIAN_POINT('',(378.7,39.,309.3935055785));
#3599=CARTESIAN_POINT('',(378.7,32.,315.3935055785));
#3600=CARTESIAN_POINT('',(378.7,35.5,315.3935055785));
#3601=CARTESIAN_POINT('',(378.7,32.,320.3935055785));
#3602=CARTESIAN_POINT('',(378.7,32.,309.3935055785));
#3603=CARTESIAN_POINT('',(378.7,35.5,320.3935055785));
#3604=CARTESIAN_POINT('Origin',(376.,32.,300.8935055785));
#3605=CARTESIAN_POINT('',(366.,32.,298.));
#3606=CARTESIAN_POINT('',(371.5,32.,298.));
#3607=CARTESIAN_POINT('',(372.375,32.,298.));
#3608=CARTESIAN_POINT('',(371.5,32.,274.));
#3609=CARTESIAN_POINT('',(371.5,32.,293.44675278925));
#3610=CARTESIAN_POINT('',(366.,32.,274.));
#3611=CARTESIAN_POINT('',(372.375,32.,274.));
#3612=CARTESIAN_POINT('',(366.,32.,267.8935055785));
#3613=CARTESIAN_POINT('',(366.,32.,300.8935055785));
#3614=CARTESIAN_POINT('',(386.,32.,267.8935055785));
#3615=CARTESIAN_POINT('',(376.,32.,267.8935055785));
#3616=CARTESIAN_POINT('',(386.,32.,333.8935055785));
#3617=CARTESIAN_POINT('',(386.,32.,300.8935055785));
#3618=CARTESIAN_POINT('',(366.,32.,333.8935055785));
#3619=CARTESIAN_POINT('',(376.,32.,333.8935055785));
#3620=CARTESIAN_POINT('',(366.,32.,300.8935055785));
#3621=CARTESIAN_POINT('',(378.7,32.,286.3935055785));
#3622=CARTESIAN_POINT('',(378.7,32.,281.3935055785));
#3623=CARTESIAN_POINT('',(378.7,32.,292.3935055785));
#3624=CARTESIAN_POINT('',(373.3,32.,281.3935055785));
#3625=CARTESIAN_POINT('Origin',(376.,32.,281.3935055785));
#3626=CARTESIAN_POINT('',(373.3,32.,286.3935055785));
#3627=CARTESIAN_POINT('',(373.3,32.,292.3935055785));
#3628=CARTESIAN_POINT('Origin',(376.,32.,286.3935055785));
#3629=CARTESIAN_POINT('Origin',(376.,32.,315.3935055785));
#3630=CARTESIAN_POINT('Origin',(376.,32.,320.3935055785));
#3631=CARTESIAN_POINT('Origin',(376.,35.5,320.3935055785));
#3632=CARTESIAN_POINT('Origin',(376.,39.,320.3935055785));
#3633=CARTESIAN_POINT('Origin',(376.,35.5,315.3935055785));
#3634=CARTESIAN_POINT('Origin',(376.,39.,315.3935055785));
#3635=CARTESIAN_POINT('Origin',(373.3,35.5,283.8935055785));
#3636=CARTESIAN_POINT('',(373.3,39.,281.3935055785));
#3637=CARTESIAN_POINT('',(373.3,35.5,281.3935055785));
#3638=CARTESIAN_POINT('',(373.3,39.,286.3935055785));
#3639=CARTESIAN_POINT('',(373.3,39.,292.3935055785));
#3640=CARTESIAN_POINT('',(373.3,35.5,286.3935055785));
#3641=CARTESIAN_POINT('Origin',(378.7,35.5,283.8935055785));
#3642=CARTESIAN_POINT('',(378.7,39.,281.3935055785));
#3643=CARTESIAN_POINT('',(378.7,39.,286.3935055785));
#3644=CARTESIAN_POINT('',(378.7,39.,292.3935055785));
#3645=CARTESIAN_POINT('',(378.7,35.5,281.3935055785));
#3646=CARTESIAN_POINT('',(378.7,35.5,286.3935055785));
#3647=CARTESIAN_POINT('Origin',(376.,35.5,286.3935055785));
#3648=CARTESIAN_POINT('Origin',(376.,39.,286.3935055785));
#3649=CARTESIAN_POINT('Origin',(376.,35.5,281.3935055785));
#3650=CARTESIAN_POINT('Origin',(376.,39.,281.3935055785));
#3651=CARTESIAN_POINT('Origin',(368.75,28.,286.));
#3652=CARTESIAN_POINT('',(371.5,28.,279.));
#3653=CARTESIAN_POINT('',(366.,28.,279.));
#3654=CARTESIAN_POINT('',(354.25,28.,279.));
#3655=CARTESIAN_POINT('',(371.5,28.,298.));
#3656=CARTESIAN_POINT('',(371.5,28.,286.));
#3657=CARTESIAN_POINT('',(366.,28.,298.));
#3658=CARTESIAN_POINT('',(368.75,28.,298.));
#3659=CARTESIAN_POINT('',(366.,28.,286.));
#3660=CARTESIAN_POINT('Origin',(368.75,33.,298.));
#3661=CARTESIAN_POINT('',(366.,33.,298.));
#3662=CARTESIAN_POINT('',(371.5,33.,298.));
#3663=CARTESIAN_POINT('Origin',(368.75,33.,274.));
#3664=CARTESIAN_POINT('',(366.,30.,274.));
#3665=CARTESIAN_POINT('',(371.5,30.,274.));
#3666=CARTESIAN_POINT('',(355.375,30.,274.));
#3667=CARTESIAN_POINT('',(366.,33.,274.));
#3668=CARTESIAN_POINT('',(371.5,33.,274.));
#3669=CARTESIAN_POINT('Origin',(376.,35.5,333.8935055785));
#3670=CARTESIAN_POINT('',(386.,39.,333.8935055785));
#3671=CARTESIAN_POINT('',(386.,35.5,333.8935055785));
#3672=CARTESIAN_POINT('',(366.,39.,333.8935055785));
#3673=CARTESIAN_POINT('',(376.,39.,333.8935055785));
#3674=CARTESIAN_POINT('',(366.,35.5,333.8935055785));
#3675=CARTESIAN_POINT('Origin',(376.,35.5,267.8935055785));
#3676=CARTESIAN_POINT('',(386.,39.,267.8935055785));
#3677=CARTESIAN_POINT('',(386.,35.5,267.8935055785));
#3678=CARTESIAN_POINT('',(366.,39.,267.8935055785));
#3679=CARTESIAN_POINT('',(366.,35.5,267.8935055785));
#3680=CARTESIAN_POINT('',(376.,39.,267.8935055785));
#3681=CARTESIAN_POINT('Origin',(366.,35.5,300.8935055785));
#3682=CARTESIAN_POINT('',(366.,39.,300.8935055785));
#3683=CARTESIAN_POINT('',(366.,30.,279.));
#3684=CARTESIAN_POINT('',(366.,30.,277.5));
#3685=CARTESIAN_POINT('',(366.,16.5,279.));
#3686=CARTESIAN_POINT('Origin',(376.,39.,300.8935055785));
#3687=CARTESIAN_POINT('',(386.,39.,300.8935055785));
#3688=CARTESIAN_POINT('Origin',(386.,35.5,300.8935055785));
#3689=CARTESIAN_POINT('Origin',(371.5,0.,274.5));
#3690=CARTESIAN_POINT('',(371.5,-28.,279.));
#3691=CARTESIAN_POINT('',(371.5,0.,279.));
#3692=CARTESIAN_POINT('',(371.5,-28.,298.));
#3693=CARTESIAN_POINT('',(371.5,-28.,286.));
#3694=CARTESIAN_POINT('',(371.5,-32.,298.));
#3695=CARTESIAN_POINT('',(371.5,-33.,298.));
#3696=CARTESIAN_POINT('',(371.5,-32.,274.));
#3697=CARTESIAN_POINT('',(371.5,-32.,293.44675278925));
#3698=CARTESIAN_POINT('',(371.5,-30.,274.));
#3699=CARTESIAN_POINT('',(371.5,-33.,274.));
#3700=CARTESIAN_POINT('',(371.5,0.,274.));
#3701=CARTESIAN_POINT('Origin',(318.,29.,300.8935055785));
#3702=CARTESIAN_POINT('',(308.,29.,279.));
#3703=CARTESIAN_POINT('',(342.,29.,279.));
#3704=CARTESIAN_POINT('',(328.875,29.,279.));
#3705=CARTESIAN_POINT('',(308.,29.,277.8935055785));
#3706=CARTESIAN_POINT('',(308.,29.,287.69675278925));
#3707=CARTESIAN_POINT('',(294.,29.,277.8935055785));
#3708=CARTESIAN_POINT('',(318.,29.,277.8935055785));
#3709=CARTESIAN_POINT('',(294.,29.,323.8935055785));
#3710=CARTESIAN_POINT('',(294.,29.,300.8935055785));
#3711=CARTESIAN_POINT('',(342.,29.,323.8935055785));
#3712=CARTESIAN_POINT('',(318.,29.,323.8935055785));
#3713=CARTESIAN_POINT('',(342.,29.,300.8935055785));
#3714=CARTESIAN_POINT('Origin',(318.,25.,277.8935055785));
#3715=CARTESIAN_POINT('',(308.,21.,277.8935055785));
#3716=CARTESIAN_POINT('',(308.,12.5,277.8935055785));
#3717=CARTESIAN_POINT('',(294.,21.,277.8935055785));
#3718=CARTESIAN_POINT('',(318.,21.,277.8935055785));
#3719=CARTESIAN_POINT('',(294.,25.,277.8935055785));
#3720=CARTESIAN_POINT('Origin',(318.,25.,323.8935055785));
#3721=CARTESIAN_POINT('',(342.,21.,323.8935055785));
#3722=CARTESIAN_POINT('',(342.,25.,323.8935055785));
#3723=CARTESIAN_POINT('',(294.,21.,323.8935055785));
#3724=CARTESIAN_POINT('',(294.,25.,323.8935055785));
#3725=CARTESIAN_POINT('',(318.,21.,323.8935055785));
#3726=CARTESIAN_POINT('Origin',(318.,21.,300.8935055785));
#3727=CARTESIAN_POINT('',(342.,21.,279.));
#3728=CARTESIAN_POINT('',(308.,21.,279.));
#3729=CARTESIAN_POINT('',(328.875,21.,279.));
#3730=CARTESIAN_POINT('',(342.,21.,300.8935055785));
#3731=CARTESIAN_POINT('',(294.,21.,300.8935055785));
#3732=CARTESIAN_POINT('',(308.,21.,287.69675278925));
#3733=CARTESIAN_POINT('Origin',(294.,25.,300.8935055785));
#3734=CARTESIAN_POINT('Origin',(342.,25.,300.8935055785));
#3735=CARTESIAN_POINT('',(342.,12.5,279.));
#3736=CARTESIAN_POINT('Origin',(339.75,0.,279.));
#3737=CARTESIAN_POINT('',(308.,30.,279.));
#3738=CARTESIAN_POINT('',(339.75,30.,279.));
#3739=CARTESIAN_POINT('',(308.,0.,279.));
#3740=CARTESIAN_POINT('',(308.,-21.,279.));
#3741=CARTESIAN_POINT('',(308.,0.,279.));
#3742=CARTESIAN_POINT('',(342.,-21.,279.));
#3743=CARTESIAN_POINT('',(328.875,-21.,279.));
#3744=CARTESIAN_POINT('',(342.,-29.,279.));
#3745=CARTESIAN_POINT('',(342.,-12.5,279.));
#3746=CARTESIAN_POINT('',(308.,-29.,279.));
#3747=CARTESIAN_POINT('',(328.875,-29.,279.));
#3748=CARTESIAN_POINT('',(308.,-30.,279.));
#3749=CARTESIAN_POINT('',(308.,0.,279.));
#3750=CARTESIAN_POINT('',(366.,-30.,279.));
#3751=CARTESIAN_POINT('',(339.75,-30.,279.));
#3752=CARTESIAN_POINT('',(366.,-28.,279.));
#3753=CARTESIAN_POINT('',(366.,-16.5,279.));
#3754=CARTESIAN_POINT('',(354.25,-28.,279.));
#3755=CARTESIAN_POINT('Origin',(373.3,-35.5,317.8935055785));
#3756=CARTESIAN_POINT('',(373.3,-39.,315.3935055785));
#3757=CARTESIAN_POINT('',(373.3,-39.,320.3935055785));
#3758=CARTESIAN_POINT('',(373.3,-39.,309.3935055785));
#3759=CARTESIAN_POINT('',(373.3,-32.,315.3935055785));
#3760=CARTESIAN_POINT('',(373.3,-35.5,315.3935055785));
#3761=CARTESIAN_POINT('',(373.3,-32.,320.3935055785));
#3762=CARTESIAN_POINT('',(373.3,-32.,309.3935055785));
#3763=CARTESIAN_POINT('',(373.3,-35.5,320.3935055785));
#3764=CARTESIAN_POINT('Origin',(378.7,-35.5,317.8935055785));
#3765=CARTESIAN_POINT('',(378.7,-32.,315.3935055785));
#3766=CARTESIAN_POINT('',(378.7,-32.,320.3935055785));
#3767=CARTESIAN_POINT('',(378.7,-32.,309.3935055785));
#3768=CARTESIAN_POINT('',(378.7,-39.,315.3935055785));
#3769=CARTESIAN_POINT('',(378.7,-35.5,315.3935055785));
#3770=CARTESIAN_POINT('',(378.7,-39.,320.3935055785));
#3771=CARTESIAN_POINT('',(378.7,-39.,309.3935055785));
#3772=CARTESIAN_POINT('',(378.7,-35.5,320.3935055785));
#3773=CARTESIAN_POINT('Origin',(376.,-39.,300.8935055785));
#3774=CARTESIAN_POINT('',(366.,-39.,333.8935055785));
#3775=CARTESIAN_POINT('',(366.,-39.,267.8935055785));
#3776=CARTESIAN_POINT('',(366.,-39.,300.8935055785));
#3777=CARTESIAN_POINT('',(386.,-39.,267.8935055785));
#3778=CARTESIAN_POINT('',(376.,-39.,267.8935055785));
#3779=CARTESIAN_POINT('',(386.,-39.,333.8935055785));
#3780=CARTESIAN_POINT('',(386.,-39.,300.8935055785));
#3781=CARTESIAN_POINT('',(376.,-39.,333.8935055785));
#3782=CARTESIAN_POINT('',(378.7,-39.,286.3935055785));
#3783=CARTESIAN_POINT('',(378.7,-39.,281.3935055785));
#3784=CARTESIAN_POINT('',(378.7,-39.,292.3935055785));
#3785=CARTESIAN_POINT('',(373.3,-39.,281.3935055785));
#3786=CARTESIAN_POINT('Origin',(376.,-39.,281.3935055785));
#3787=CARTESIAN_POINT('',(373.3,-39.,286.3935055785));
#3788=CARTESIAN_POINT('',(373.3,-39.,292.3935055785));
#3789=CARTESIAN_POINT('Origin',(376.,-39.,286.3935055785));
#3790=CARTESIAN_POINT('Origin',(376.,-39.,315.3935055785));
#3791=CARTESIAN_POINT('Origin',(376.,-39.,320.3935055785));
#3792=CARTESIAN_POINT('Origin',(376.,-35.5,320.3935055785));
#3793=CARTESIAN_POINT('Origin',(376.,-32.,320.3935055785));
#3794=CARTESIAN_POINT('Origin',(376.,-35.5,315.3935055785));
#3795=CARTESIAN_POINT('Origin',(376.,-32.,315.3935055785));
#3796=CARTESIAN_POINT('Origin',(373.3,-35.5,283.8935055785));
#3797=CARTESIAN_POINT('',(373.3,-32.,281.3935055785));
#3798=CARTESIAN_POINT('',(373.3,-35.5,281.3935055785));
#3799=CARTESIAN_POINT('',(373.3,-32.,286.3935055785));
#3800=CARTESIAN_POINT('',(373.3,-32.,292.3935055785));
#3801=CARTESIAN_POINT('',(373.3,-35.5,286.3935055785));
#3802=CARTESIAN_POINT('Origin',(378.7,-35.5,283.8935055785));
#3803=CARTESIAN_POINT('',(378.7,-32.,281.3935055785));
#3804=CARTESIAN_POINT('',(378.7,-32.,286.3935055785));
#3805=CARTESIAN_POINT('',(378.7,-32.,292.3935055785));
#3806=CARTESIAN_POINT('',(378.7,-35.5,281.3935055785));
#3807=CARTESIAN_POINT('',(378.7,-35.5,286.3935055785));
#3808=CARTESIAN_POINT('Origin',(376.,-35.5,286.3935055785));
#3809=CARTESIAN_POINT('Origin',(376.,-32.,286.3935055785));
#3810=CARTESIAN_POINT('Origin',(376.,-35.5,281.3935055785));
#3811=CARTESIAN_POINT('Origin',(376.,-32.,281.3935055785));
#3812=CARTESIAN_POINT('Origin',(368.75,-28.,286.));
#3813=CARTESIAN_POINT('',(366.,-28.,298.));
#3814=CARTESIAN_POINT('',(366.,-28.,286.));
#3815=CARTESIAN_POINT('',(368.75,-28.,298.));
#3816=CARTESIAN_POINT('Origin',(368.75,-33.,298.));
#3817=CARTESIAN_POINT('',(366.,-32.,298.));
#3818=CARTESIAN_POINT('',(372.375,-32.,298.));
#3819=CARTESIAN_POINT('',(366.,-33.,298.));
#3820=CARTESIAN_POINT('Origin',(368.75,-33.,274.));
#3821=CARTESIAN_POINT('',(366.,-30.,274.));
#3822=CARTESIAN_POINT('',(355.375,-30.,274.));
#3823=CARTESIAN_POINT('',(366.,-32.,274.));
#3824=CARTESIAN_POINT('',(372.375,-32.,274.));
#3825=CARTESIAN_POINT('',(366.,-33.,274.));
#3826=CARTESIAN_POINT('Origin',(366.,-35.5,300.8935055785));
#3827=CARTESIAN_POINT('',(366.,-32.,267.8935055785));
#3828=CARTESIAN_POINT('',(366.,-32.,300.8935055785));
#3829=CARTESIAN_POINT('',(366.,-35.5,267.8935055785));
#3830=CARTESIAN_POINT('',(366.,-32.,333.8935055785));
#3831=CARTESIAN_POINT('',(366.,-35.5,333.8935055785));
#3832=CARTESIAN_POINT('',(366.,-32.,300.8935055785));
#3833=CARTESIAN_POINT('',(366.,-30.,277.5));
#3834=CARTESIAN_POINT('Origin',(376.,-35.5,333.8935055785));
#3835=CARTESIAN_POINT('',(386.,-32.,333.8935055785));
#3836=CARTESIAN_POINT('',(386.,-35.5,333.8935055785));
#3837=CARTESIAN_POINT('',(376.,-32.,333.8935055785));
#3838=CARTESIAN_POINT('Origin',(376.,-35.5,267.8935055785));
#3839=CARTESIAN_POINT('',(386.,-32.,267.8935055785));
#3840=CARTESIAN_POINT('',(386.,-35.5,267.8935055785));
#3841=CARTESIAN_POINT('',(376.,-32.,267.8935055785));
#3842=CARTESIAN_POINT('Origin',(376.,-32.,300.8935055785));
#3843=CARTESIAN_POINT('',(386.,-32.,300.8935055785));
#3844=CARTESIAN_POINT('Origin',(386.,-35.5,300.8935055785));
#3845=CARTESIAN_POINT('Origin',(342.,-30.,269.));
#3846=CARTESIAN_POINT('',(308.,-30.,270.));
#3847=CARTESIAN_POINT('',(308.,-30.,274.5));
#3848=CARTESIAN_POINT('',(312.,-30.,270.));
#3849=CARTESIAN_POINT('',(339.75,-30.,270.));
#3850=CARTESIAN_POINT('',(312.,-30.,269.));
#3851=CARTESIAN_POINT('',(372.,-30.,274.));
#3852=CARTESIAN_POINT('',(372.,-30.,269.));
#3853=CARTESIAN_POINT('',(342.,-30.,274.));
#3854=CARTESIAN_POINT('',(332.2,-30.,270.));
#3855=CARTESIAN_POINT('',(327.8,-30.,270.));
#3856=CARTESIAN_POINT('Origin',(330.,-30.,270.));
#3857=CARTESIAN_POINT('',(339.75,-30.,270.));
#3858=CARTESIAN_POINT('Origin',(318.,-29.,300.8935055785));
#3859=CARTESIAN_POINT('',(308.,-29.,277.8935055785));
#3860=CARTESIAN_POINT('',(308.,-29.,287.69675278925));
#3861=CARTESIAN_POINT('',(342.,-29.,323.8935055785));
#3862=CARTESIAN_POINT('',(342.,-29.,300.8935055785));
#3863=CARTESIAN_POINT('',(294.,-29.,323.8935055785));
#3864=CARTESIAN_POINT('',(318.,-29.,323.8935055785));
#3865=CARTESIAN_POINT('',(294.,-29.,277.8935055785));
#3866=CARTESIAN_POINT('',(294.,-29.,300.8935055785));
#3867=CARTESIAN_POINT('',(318.,-29.,277.8935055785));
#3868=CARTESIAN_POINT('Origin',(342.,-25.,300.8935055785));
#3869=CARTESIAN_POINT('',(342.,-21.,323.8935055785));
#3870=CARTESIAN_POINT('',(342.,-21.,300.8935055785));
#3871=CARTESIAN_POINT('',(342.,-25.,323.8935055785));
#3872=CARTESIAN_POINT('Origin',(318.,-25.,323.8935055785));
#3873=CARTESIAN_POINT('',(294.,-21.,323.8935055785));
#3874=CARTESIAN_POINT('',(318.,-21.,323.8935055785));
#3875=CARTESIAN_POINT('',(294.,-25.,323.8935055785));
#3876=CARTESIAN_POINT('Origin',(318.,-25.,277.8935055785));
#3877=CARTESIAN_POINT('',(308.,-21.,277.8935055785));
#3878=CARTESIAN_POINT('',(308.,-12.5,277.8935055785));
#3879=CARTESIAN_POINT('',(294.,-21.,277.8935055785));
#3880=CARTESIAN_POINT('',(294.,-25.,277.8935055785));
#3881=CARTESIAN_POINT('',(318.,-21.,277.8935055785));
#3882=CARTESIAN_POINT('Origin',(294.,-25.,300.8935055785));
#3883=CARTESIAN_POINT('',(294.,-21.,300.8935055785));
#3884=CARTESIAN_POINT('Origin',(318.,-21.,300.8935055785));
#3885=CARTESIAN_POINT('',(308.,-21.,287.69675278925));
#3886=CARTESIAN_POINT('Origin',(308.,0.,274.5));
#3887=CARTESIAN_POINT('',(308.,30.,270.));
#3888=CARTESIAN_POINT('',(308.,30.,274.5));
#3889=CARTESIAN_POINT('',(308.,0.,270.));
#3890=CARTESIAN_POINT('Origin',(339.75,0.,270.));
#3891=CARTESIAN_POINT('',(312.,30.,270.));
#3892=CARTESIAN_POINT('',(312.,0.,270.));
#3893=CARTESIAN_POINT('',(339.75,30.,270.));
#3894=CARTESIAN_POINT('Origin',(339.75,0.,270.));
#3895=CARTESIAN_POINT('',(332.2,30.,270.));
#3896=CARTESIAN_POINT('',(332.2,0.,270.));
#3897=CARTESIAN_POINT('',(327.8,30.,270.));
#3898=CARTESIAN_POINT('',(327.8,0.,270.));
#3899=CARTESIAN_POINT('',(339.75,30.,270.));
#3900=CARTESIAN_POINT('Origin',(330.,0.,270.));
#3901=CARTESIAN_POINT('Origin',(330.,30.,270.));
#3902=CARTESIAN_POINT('',(330.,0.,267.8));
#3903=CARTESIAN_POINT('Origin',(342.,30.,269.));
#3904=CARTESIAN_POINT('',(372.,30.,274.));
#3905=CARTESIAN_POINT('',(342.,30.,274.));
#3906=CARTESIAN_POINT('',(372.,30.,269.));
#3907=CARTESIAN_POINT('',(312.,30.,269.));
#3908=CARTESIAN_POINT('Origin',(312.,0.,269.));
#3909=CARTESIAN_POINT('Origin',(330.,0.,210.));
#3910=CARTESIAN_POINT('',(327.8,-30.,210.));
#3911=CARTESIAN_POINT('Origin',(330.,-30.,210.));
#3912=CARTESIAN_POINT('',(327.8,30.,210.));
#3913=CARTESIAN_POINT('',(327.8,0.,210.));
#3914=CARTESIAN_POINT('Origin',(330.,30.,210.));
#3915=CARTESIAN_POINT('',(330.,0.,212.2));
#3916=CARTESIAN_POINT('Origin',(342.,0.,206.));
#3917=CARTESIAN_POINT('',(312.,-30.,206.));
#3918=CARTESIAN_POINT('',(342.,-30.,206.));
#3919=CARTESIAN_POINT('',(312.,30.,206.));
#3920=CARTESIAN_POINT('',(312.,0.,206.));
#3921=CARTESIAN_POINT('',(342.,30.,206.));
#3922=CARTESIAN_POINT('Origin',(342.,-30.,211.));
#3923=CARTESIAN_POINT('',(312.,-30.,211.));
#3924=CARTESIAN_POINT('Origin',(312.,0.,211.));
#3925=CARTESIAN_POINT('',(312.,30.,211.));
#3926=CARTESIAN_POINT('Origin',(342.,30.,211.));
#3927=CARTESIAN_POINT('Origin',(364.,0.,240.));
#3928=CARTESIAN_POINT('Origin',(364.,0.,240.));
#3929=CARTESIAN_POINT('Origin',(364.,0.,240.));
#3930=CARTESIAN_POINT('',(364.,1.60428730688303E-15,253.1));
#3931=CARTESIAN_POINT('Origin',(364.,0.,240.));
#3932=CARTESIAN_POINT('Origin',(362.5,0.,240.));
#3933=CARTESIAN_POINT('Origin',(361.,0.,240.));
#3934=CARTESIAN_POINT('Origin',(362.5,0.,240.));
#3935=CARTESIAN_POINT('Origin',(361.,0.,240.));
#3936=CARTESIAN_POINT('Origin',(361.,0.,240.));
#3937=CARTESIAN_POINT('Origin',(361.,0.,240.));
#3938=CARTESIAN_POINT('Origin',(361.,0.,240.));
#3939=CARTESIAN_POINT('Origin',(361.,0.,240.));
#3940=CARTESIAN_POINT('Origin',(331.5,0.,240.));
#3941=CARTESIAN_POINT('Origin',(330.,0.,240.));
#3942=CARTESIAN_POINT('Origin',(333.,0.,240.));
#3943=CARTESIAN_POINT('Origin',(347.,0.,240.));
#3944=CARTESIAN_POINT('Origin',(333.,0.,240.));
#3945=CARTESIAN_POINT('Origin',(333.,0.,240.));
#3946=CARTESIAN_POINT('Origin',(342.,0.,274.));
#3947=CARTESIAN_POINT('',(372.,0.,274.));
#3948=CARTESIAN_POINT('Origin',(372.,0.,269.));
#3949=CARTESIAN_POINT('Origin',(362.,0.,240.));
#3950=CARTESIAN_POINT('',(358.,-1.60428730688303E-15,253.1));
#3951=CARTESIAN_POINT('Origin',(358.,0.,240.));
#3952=CARTESIAN_POINT('',(362.,-1.60428730688303E-15,253.1));
#3953=CARTESIAN_POINT('Origin',(358.,0.,240.));
#3954=CARTESIAN_POINT('',(358.,-1.12667505521557E-15,249.2));
#3955=CARTESIAN_POINT('Origin',(358.,0.,240.));
#3956=CARTESIAN_POINT('Origin',(332.,0.,240.));
#3957=CARTESIAN_POINT('',(330.,-1.60428730688303E-15,253.1));
#3958=CARTESIAN_POINT('Origin',(330.,0.,240.));
#3959=CARTESIAN_POINT('',(336.,-1.60428730688303E-15,253.1));
#3960=CARTESIAN_POINT('',(332.,-1.60428730688303E-15,253.1));
#3961=CARTESIAN_POINT('Origin',(336.,0.,240.));
#3962=CARTESIAN_POINT('Origin',(336.,0.,240.));
#3963=CARTESIAN_POINT('',(336.,1.12667505521557E-15,249.2));
#3964=CARTESIAN_POINT('Origin',(336.,0.,240.));
#3965=CARTESIAN_POINT('Origin',(347.,0.,240.));
#3966=CARTESIAN_POINT('',(347.,-1.12667505521557E-15,249.2));
#3967=CARTESIAN_POINT('Origin',(333.,0.,240.));
#3968=CARTESIAN_POINT('Origin',(333.,0.,240.));
#3969=CARTESIAN_POINT('Origin',(333.,0.,240.));
#3970=CARTESIAN_POINT('Origin',(331.5,0.,240.));
#3971=CARTESIAN_POINT('Origin',(330.,0.,240.));
#3972=CARTESIAN_POINT('Origin',(347.,0.,240.));
#3973=CARTESIAN_POINT('Origin',(330.,0.,240.));
#3974=UNCERTAINTY_MEASURE_WITH_UNIT(LENGTH_MEASURE(0.01),#3978,
'DISTANCE_ACCURACY_VALUE',
'Maximum model space distance between geometric entities at asserted c
onnectivities');
#3975=UNCERTAINTY_MEASURE_WITH_UNIT(LENGTH_MEASURE(0.01),#3978,
'DISTANCE_ACCURACY_VALUE',
'Maximum model space distance between geometric entities at asserted c
onnectivities');
#3976=(
GEOMETRIC_REPRESENTATION_CONTEXT(3)
GLOBAL_UNCERTAINTY_ASSIGNED_CONTEXT((#3974))
GLOBAL_UNIT_ASSIGNED_CONTEXT((#3978,#3980,#3981))
REPRESENTATION_CONTEXT('','3D')
);
#3977=(
GEOMETRIC_REPRESENTATION_CONTEXT(3)
GLOBAL_UNCERTAINTY_ASSIGNED_CONTEXT((#3975))
GLOBAL_UNIT_ASSIGNED_CONTEXT((#3978,#3980,#3981))
REPRESENTATION_CONTEXT('','3D')
);
#3978=(
LENGTH_UNIT()
NAMED_UNIT(*)
SI_UNIT(.MILLI.,.METRE.)
);
#3979=(
LENGTH_UNIT()
NAMED_UNIT(*)
SI_UNIT($,.METRE.)
);
#3980=(
NAMED_UNIT(*)
PLANE_ANGLE_UNIT()
SI_UNIT($,.RADIAN.)
);
#3981=(
NAMED_UNIT(*)
SI_UNIT($,.STERADIAN.)
SOLID_ANGLE_UNIT()
);
#3982=SHAPE_DEFINITION_REPRESENTATION(#3983,#3984);
#3983=PRODUCT_DEFINITION_SHAPE('',$,#3986);
#3984=SHAPE_REPRESENTATION('',(#2368),#3976);
#3985=PRODUCT_DEFINITION_CONTEXT('part definition',#3990,'design');
#3986=PRODUCT_DEFINITION('2026-08-12-23-08-42-904',
'EXPORT_TMP_PRINT_V007F_P304_J4_DualBearingHousing_H',#3987,#3985);
#3987=PRODUCT_DEFINITION_FORMATION('',$,#3992);
#3988=PRODUCT_RELATED_PRODUCT_CATEGORY(
'EXPORT_TMP_PRINT_V007F_P304_J4_DualBearingHousing_H',
'EXPORT_TMP_PRINT_V007F_P304_J4_DualBearingHousing_H',(#3992));
#3989=APPLICATION_PROTOCOL_DEFINITION('international standard',
'automotive_design',2009,#3990);
#3990=APPLICATION_CONTEXT(
'Core Data for Automotive Mechanical Design Process');
#3991=PRODUCT_CONTEXT('part definition',#3990,'mechanical');
#3992=PRODUCT('2026-08-12-23-08-42-904',
'EXPORT_TMP_PRINT_V007F_P304_J4_DualBearingHousing_H',$,(#3991));
#3993=PRESENTATION_STYLE_ASSIGNMENT((#3994));
#3994=SURFACE_STYLE_USAGE(.BOTH.,#3995);
#3995=SURFACE_SIDE_STYLE('',(#3996));
#3996=SURFACE_STYLE_FILL_AREA(#3997);
#3997=FILL_AREA_STYLE('Steel - Satin',(#3998));
#3998=FILL_AREA_STYLE_COLOUR('Steel - Satin',#3999);
#3999=COLOUR_RGB('Steel - Satin',0.627450980392157,0.627450980392157,0.627450980392157);
ENDSEC;
END-ISO-10303-21;
