ISO-10303-21;
HEADER;
/* Generated by software containing ST-Developer
 * from STEP Tools, Inc. (www.steptools.com) 
 */

FILE_DESCRIPTION(
/* description */ (''),
/* implementation_level */ '2;1');

FILE_NAME(
/* name */ 
'PRINT_V007I_P402_36T_HTD3M_DFlat_OutputFlange_SingleM5Clamp.step',
/* time_stamp */ '2026-08-12T23:09:26+02:00',
/* author */ (''),
/* organization */ (''),
/* preprocessor_version */ 'ST-DEVELOPER v20.1',
/* originating_system */ 'Autodesk Translation Framework v15.8.0.0',
/* authorisation */ '');

FILE_SCHEMA (('AUTOMOTIVE_DESIGN { 1 0 10303 214 3 1 1 }'));
ENDSEC;

DATA;
#10=MECHANICAL_DESIGN_GEOMETRIC_PRESENTATION_REPRESENTATION('',(#13),#3379);
#11=SHAPE_REPRESENTATION_RELATIONSHIP('SRR','None',#3386,#12);
#12=ADVANCED_BREP_SHAPE_REPRESENTATION('',(#14),#3378);
#13=STYLED_ITEM('',(#3395),#14);
#14=MANIFOLD_SOLID_BREP(
'PRINT_V007I_P402_36T_HTD3M_DFlat_OutputFlange_SingleM5Clamp',#1867);
#15=FACE_BOUND('',#155,.T.);
#16=FACE_BOUND('',#159,.T.);
#17=FACE_BOUND('',#168,.T.);
#18=FACE_BOUND('',#169,.T.);
#19=FACE_BOUND('',#170,.T.);
#20=FACE_BOUND('',#171,.T.);
#21=FACE_BOUND('',#172,.T.);
#22=FACE_BOUND('',#173,.T.);
#23=FACE_BOUND('',#174,.T.);
#24=FACE_BOUND('',#177,.T.);
#25=FACE_BOUND('',#178,.T.);
#26=FACE_BOUND('',#179,.T.);
#27=FACE_BOUND('',#180,.T.);
#28=FACE_BOUND('',#181,.T.);
#29=FACE_BOUND('',#182,.T.);
#30=FACE_BOUND('',#183,.T.);
#31=FACE_BOUND('',#185,.T.);
#32=FACE_BOUND('',#188,.T.);
#33=PLANE('',#1905);
#34=PLANE('',#1906);
#35=PLANE('',#1907);
#36=PLANE('',#1908);
#37=PLANE('',#1911);
#38=PLANE('',#1912);
#39=PLANE('',#1924);
#40=PLANE('',#1928);
#41=PLANE('',#2000);
#42=PLANE('',#2001);
#43=PLANE('',#2005);
#44=PLANE('',#2006);
#45=PLANE('',#2081);
#46=FACE_OUTER_BOUND('',#144,.T.);
#47=FACE_OUTER_BOUND('',#145,.T.);
#48=FACE_OUTER_BOUND('',#146,.T.);
#49=FACE_OUTER_BOUND('',#147,.T.);
#50=FACE_OUTER_BOUND('',#148,.T.);
#51=FACE_OUTER_BOUND('',#149,.T.);
#52=FACE_OUTER_BOUND('',#150,.T.);
#53=FACE_OUTER_BOUND('',#151,.T.);
#54=FACE_OUTER_BOUND('',#152,.T.);
#55=FACE_OUTER_BOUND('',#153,.T.);
#56=FACE_OUTER_BOUND('',#154,.T.);
#57=FACE_OUTER_BOUND('',#156,.T.);
#58=FACE_OUTER_BOUND('',#157,.T.);
#59=FACE_OUTER_BOUND('',#158,.T.);
#60=FACE_OUTER_BOUND('',#160,.T.);
#61=FACE_OUTER_BOUND('',#161,.T.);
#62=FACE_OUTER_BOUND('',#162,.T.);
#63=FACE_OUTER_BOUND('',#163,.T.);
#64=FACE_OUTER_BOUND('',#164,.T.);
#65=FACE_OUTER_BOUND('',#165,.T.);
#66=FACE_OUTER_BOUND('',#166,.T.);
#67=FACE_OUTER_BOUND('',#167,.T.);
#68=FACE_OUTER_BOUND('',#175,.T.);
#69=FACE_OUTER_BOUND('',#176,.T.);
#70=FACE_OUTER_BOUND('',#184,.T.);
#71=FACE_OUTER_BOUND('',#186,.T.);
#72=FACE_OUTER_BOUND('',#187,.T.);
#73=FACE_OUTER_BOUND('',#189,.T.);
#74=FACE_OUTER_BOUND('',#190,.T.);
#75=FACE_OUTER_BOUND('',#191,.T.);
#76=FACE_OUTER_BOUND('',#192,.T.);
#77=FACE_OUTER_BOUND('',#193,.T.);
#78=FACE_OUTER_BOUND('',#194,.T.);
#79=FACE_OUTER_BOUND('',#195,.T.);
#80=FACE_OUTER_BOUND('',#196,.T.);
#81=FACE_OUTER_BOUND('',#197,.T.);
#82=FACE_OUTER_BOUND('',#198,.T.);
#83=FACE_OUTER_BOUND('',#199,.T.);
#84=FACE_OUTER_BOUND('',#200,.T.);
#85=FACE_OUTER_BOUND('',#201,.T.);
#86=FACE_OUTER_BOUND('',#202,.T.);
#87=FACE_OUTER_BOUND('',#203,.T.);
#88=FACE_OUTER_BOUND('',#204,.T.);
#89=FACE_OUTER_BOUND('',#205,.T.);
#90=FACE_OUTER_BOUND('',#206,.T.);
#91=FACE_OUTER_BOUND('',#207,.T.);
#92=FACE_OUTER_BOUND('',#208,.T.);
#93=FACE_OUTER_BOUND('',#209,.T.);
#94=FACE_OUTER_BOUND('',#210,.T.);
#95=FACE_OUTER_BOUND('',#211,.T.);
#96=FACE_OUTER_BOUND('',#212,.T.);
#97=FACE_OUTER_BOUND('',#213,.T.);
#98=FACE_OUTER_BOUND('',#214,.T.);
#99=FACE_OUTER_BOUND('',#215,.T.);
#100=FACE_OUTER_BOUND('',#216,.T.);
#101=FACE_OUTER_BOUND('',#217,.T.);
#102=FACE_OUTER_BOUND('',#218,.T.);
#103=FACE_OUTER_BOUND('',#219,.T.);
#104=FACE_OUTER_BOUND('',#220,.T.);
#105=FACE_OUTER_BOUND('',#221,.T.);
#106=FACE_OUTER_BOUND('',#222,.T.);
#107=FACE_OUTER_BOUND('',#223,.T.);
#108=FACE_OUTER_BOUND('',#224,.T.);
#109=FACE_OUTER_BOUND('',#225,.T.);
#110=FACE_OUTER_BOUND('',#226,.T.);
#111=FACE_OUTER_BOUND('',#227,.T.);
#112=FACE_OUTER_BOUND('',#228,.T.);
#113=FACE_OUTER_BOUND('',#229,.T.);
#114=FACE_OUTER_BOUND('',#230,.T.);
#115=FACE_OUTER_BOUND('',#231,.T.);
#116=FACE_OUTER_BOUND('',#232,.T.);
#117=FACE_OUTER_BOUND('',#233,.T.);
#118=FACE_OUTER_BOUND('',#234,.T.);
#119=FACE_OUTER_BOUND('',#235,.T.);
#120=FACE_OUTER_BOUND('',#236,.T.);
#121=FACE_OUTER_BOUND('',#237,.T.);
#122=FACE_OUTER_BOUND('',#238,.T.);
#123=FACE_OUTER_BOUND('',#239,.T.);
#124=FACE_OUTER_BOUND('',#240,.T.);
#125=FACE_OUTER_BOUND('',#241,.T.);
#126=FACE_OUTER_BOUND('',#242,.T.);
#127=FACE_OUTER_BOUND('',#243,.T.);
#128=FACE_OUTER_BOUND('',#244,.T.);
#129=FACE_OUTER_BOUND('',#245,.T.);
#130=FACE_OUTER_BOUND('',#246,.T.);
#131=FACE_OUTER_BOUND('',#247,.T.);
#132=FACE_OUTER_BOUND('',#248,.T.);
#133=FACE_OUTER_BOUND('',#249,.T.);
#134=FACE_OUTER_BOUND('',#250,.T.);
#135=FACE_OUTER_BOUND('',#251,.T.);
#136=FACE_OUTER_BOUND('',#252,.T.);
#137=FACE_OUTER_BOUND('',#253,.T.);
#138=FACE_OUTER_BOUND('',#254,.T.);
#139=FACE_OUTER_BOUND('',#255,.T.);
#140=FACE_OUTER_BOUND('',#256,.T.);
#141=FACE_OUTER_BOUND('',#257,.T.);
#142=FACE_OUTER_BOUND('',#258,.T.);
#143=FACE_OUTER_BOUND('',#259,.T.);
#144=EDGE_LOOP('',(#1120,#1121,#1122,#1123));
#145=EDGE_LOOP('',(#1124,#1125,#1126,#1127));
#146=EDGE_LOOP('',(#1128,#1129,#1130,#1131));
#147=EDGE_LOOP('',(#1132,#1133,#1134,#1135));
#148=EDGE_LOOP('',(#1136,#1137,#1138,#1139));
#149=EDGE_LOOP('',(#1140,#1141,#1142,#1143));
#150=EDGE_LOOP('',(#1144,#1145,#1146,#1147));
#151=EDGE_LOOP('',(#1148,#1149,#1150,#1151));
#152=EDGE_LOOP('',(#1152));
#153=EDGE_LOOP('',(#1153));
#154=EDGE_LOOP('',(#1154,#1155,#1156,#1157,#1158,#1159,#1160,#1161,#1162,
#1163));
#155=EDGE_LOOP('',(#1164));
#156=EDGE_LOOP('',(#1165,#1166,#1167,#1168));
#157=EDGE_LOOP('',(#1169,#1170,#1171,#1172));
#158=EDGE_LOOP('',(#1173,#1174,#1175,#1176,#1177,#1178,#1179,#1180,#1181,
#1182));
#159=EDGE_LOOP('',(#1183));
#160=EDGE_LOOP('',(#1184,#1185,#1186,#1187,#1188,#1189,#1190,#1191));
#161=EDGE_LOOP('',(#1192,#1193,#1194,#1195));
#162=EDGE_LOOP('',(#1196,#1197,#1198,#1199,#1200,#1201,#1202,#1203));
#163=EDGE_LOOP('',(#1204,#1205,#1206,#1207));
#164=EDGE_LOOP('',(#1208,#1209,#1210,#1211));
#165=EDGE_LOOP('',(#1212,#1213,#1214,#1215,#1216,#1217,#1218,#1219,#1220,
#1221,#1222,#1223,#1224,#1225,#1226,#1227,#1228,#1229,#1230,#1231,#1232,
#1233,#1234,#1235,#1236,#1237,#1238,#1239,#1240,#1241,#1242,#1243,#1244,
#1245,#1246,#1247,#1248,#1249,#1250,#1251,#1252,#1253,#1254,#1255,#1256,
#1257,#1258,#1259,#1260,#1261,#1262,#1263,#1264,#1265,#1266,#1267,#1268,
#1269,#1270,#1271,#1272,#1273,#1274,#1275,#1276,#1277,#1278,#1279,#1280,
#1281,#1282,#1283,#1284,#1285,#1286,#1287));
#166=EDGE_LOOP('',(#1288,#1289,#1290,#1291));
#167=EDGE_LOOP('',(#1292));
#168=EDGE_LOOP('',(#1293));
#169=EDGE_LOOP('',(#1294));
#170=EDGE_LOOP('',(#1295));
#171=EDGE_LOOP('',(#1296));
#172=EDGE_LOOP('',(#1297));
#173=EDGE_LOOP('',(#1298));
#174=EDGE_LOOP('',(#1299,#1300,#1301,#1302));
#175=EDGE_LOOP('',(#1303,#1304,#1305,#1306));
#176=EDGE_LOOP('',(#1307));
#177=EDGE_LOOP('',(#1308));
#178=EDGE_LOOP('',(#1309));
#179=EDGE_LOOP('',(#1310));
#180=EDGE_LOOP('',(#1311));
#181=EDGE_LOOP('',(#1312));
#182=EDGE_LOOP('',(#1313));
#183=EDGE_LOOP('',(#1314,#1315,#1316,#1317,#1318,#1319));
#184=EDGE_LOOP('',(#1320));
#185=EDGE_LOOP('',(#1321,#1322,#1323,#1324,#1325,#1326,#1327,#1328,#1329,
#1330,#1331,#1332,#1333,#1334,#1335,#1336,#1337,#1338,#1339,#1340,#1341,
#1342,#1343,#1344,#1345,#1346,#1347,#1348,#1349,#1350,#1351,#1352,#1353,
#1354,#1355,#1356,#1357,#1358,#1359,#1360,#1361,#1362,#1363,#1364,#1365,
#1366,#1367,#1368,#1369,#1370,#1371,#1372,#1373,#1374,#1375,#1376,#1377,
#1378,#1379,#1380,#1381,#1382,#1383,#1384,#1385,#1386,#1387,#1388,#1389,
#1390,#1391,#1392));
#186=EDGE_LOOP('',(#1393,#1394,#1395,#1396));
#187=EDGE_LOOP('',(#1397));
#188=EDGE_LOOP('',(#1398,#1399));
#189=EDGE_LOOP('',(#1400,#1401,#1402,#1403));
#190=EDGE_LOOP('',(#1404,#1405,#1406,#1407));
#191=EDGE_LOOP('',(#1408,#1409,#1410,#1411));
#192=EDGE_LOOP('',(#1412,#1413,#1414,#1415));
#193=EDGE_LOOP('',(#1416,#1417,#1418,#1419));
#194=EDGE_LOOP('',(#1420,#1421,#1422,#1423));
#195=EDGE_LOOP('',(#1424,#1425,#1426,#1427));
#196=EDGE_LOOP('',(#1428,#1429,#1430,#1431));
#197=EDGE_LOOP('',(#1432,#1433,#1434,#1435));
#198=EDGE_LOOP('',(#1436,#1437,#1438,#1439));
#199=EDGE_LOOP('',(#1440,#1441,#1442,#1443));
#200=EDGE_LOOP('',(#1444,#1445,#1446,#1447));
#201=EDGE_LOOP('',(#1448,#1449,#1450,#1451));
#202=EDGE_LOOP('',(#1452,#1453,#1454,#1455));
#203=EDGE_LOOP('',(#1456,#1457,#1458,#1459));
#204=EDGE_LOOP('',(#1460,#1461,#1462,#1463));
#205=EDGE_LOOP('',(#1464,#1465,#1466,#1467));
#206=EDGE_LOOP('',(#1468,#1469,#1470,#1471));
#207=EDGE_LOOP('',(#1472,#1473,#1474,#1475));
#208=EDGE_LOOP('',(#1476,#1477,#1478,#1479));
#209=EDGE_LOOP('',(#1480,#1481,#1482,#1483));
#210=EDGE_LOOP('',(#1484,#1485,#1486,#1487));
#211=EDGE_LOOP('',(#1488,#1489,#1490,#1491));
#212=EDGE_LOOP('',(#1492,#1493,#1494,#1495));
#213=EDGE_LOOP('',(#1496,#1497,#1498,#1499));
#214=EDGE_LOOP('',(#1500,#1501,#1502,#1503));
#215=EDGE_LOOP('',(#1504,#1505,#1506,#1507));
#216=EDGE_LOOP('',(#1508,#1509,#1510,#1511));
#217=EDGE_LOOP('',(#1512,#1513,#1514,#1515));
#218=EDGE_LOOP('',(#1516,#1517,#1518,#1519));
#219=EDGE_LOOP('',(#1520,#1521,#1522,#1523));
#220=EDGE_LOOP('',(#1524,#1525,#1526,#1527));
#221=EDGE_LOOP('',(#1528,#1529,#1530,#1531));
#222=EDGE_LOOP('',(#1532,#1533,#1534,#1535));
#223=EDGE_LOOP('',(#1536,#1537,#1538,#1539));
#224=EDGE_LOOP('',(#1540,#1541,#1542,#1543));
#225=EDGE_LOOP('',(#1544,#1545,#1546,#1547));
#226=EDGE_LOOP('',(#1548,#1549,#1550,#1551));
#227=EDGE_LOOP('',(#1552,#1553,#1554,#1555));
#228=EDGE_LOOP('',(#1556,#1557,#1558,#1559));
#229=EDGE_LOOP('',(#1560,#1561,#1562,#1563));
#230=EDGE_LOOP('',(#1564,#1565,#1566,#1567));
#231=EDGE_LOOP('',(#1568,#1569,#1570,#1571));
#232=EDGE_LOOP('',(#1572,#1573,#1574,#1575));
#233=EDGE_LOOP('',(#1576,#1577,#1578,#1579));
#234=EDGE_LOOP('',(#1580,#1581,#1582,#1583));
#235=EDGE_LOOP('',(#1584,#1585,#1586,#1587));
#236=EDGE_LOOP('',(#1588,#1589,#1590,#1591));
#237=EDGE_LOOP('',(#1592,#1593,#1594,#1595));
#238=EDGE_LOOP('',(#1596,#1597,#1598,#1599));
#239=EDGE_LOOP('',(#1600,#1601,#1602,#1603));
#240=EDGE_LOOP('',(#1604,#1605,#1606,#1607));
#241=EDGE_LOOP('',(#1608,#1609,#1610,#1611));
#242=EDGE_LOOP('',(#1612,#1613,#1614,#1615));
#243=EDGE_LOOP('',(#1616,#1617,#1618,#1619));
#244=EDGE_LOOP('',(#1620,#1621,#1622,#1623));
#245=EDGE_LOOP('',(#1624,#1625,#1626,#1627));
#246=EDGE_LOOP('',(#1628,#1629,#1630,#1631));
#247=EDGE_LOOP('',(#1632,#1633,#1634,#1635));
#248=EDGE_LOOP('',(#1636,#1637,#1638,#1639));
#249=EDGE_LOOP('',(#1640,#1641,#1642,#1643));
#250=EDGE_LOOP('',(#1644,#1645,#1646,#1647));
#251=EDGE_LOOP('',(#1648,#1649,#1650,#1651));
#252=EDGE_LOOP('',(#1652,#1653,#1654,#1655));
#253=EDGE_LOOP('',(#1656,#1657,#1658,#1659));
#254=EDGE_LOOP('',(#1660,#1661,#1662,#1663));
#255=EDGE_LOOP('',(#1664,#1665,#1666,#1667));
#256=EDGE_LOOP('',(#1668,#1669,#1670,#1671));
#257=EDGE_LOOP('',(#1672,#1673,#1674,#1675));
#258=EDGE_LOOP('',(#1676,#1677,#1678,#1679));
#259=EDGE_LOOP('',(#1680,#1681,#1682,#1683));
#260=LINE('',#2812,#368);
#261=LINE('',#2818,#369);
#262=LINE('',#2824,#370);
#263=LINE('',#2830,#371);
#264=LINE('',#2836,#372);
#265=LINE('',#2842,#373);
#266=LINE('',#2848,#374);
#267=LINE('',#2854,#375);
#268=LINE('',#2861,#376);
#269=LINE('',#2863,#377);
#270=LINE('',#2865,#378);
#271=LINE('',#2867,#379);
#272=LINE('',#2869,#380);
#273=LINE('',#2871,#381);
#274=LINE('',#2873,#382);
#275=LINE('',#2875,#383);
#276=LINE('',#2877,#384);
#277=LINE('',#2878,#385);
#278=LINE('',#2884,#386);
#279=LINE('',#2887,#387);
#280=LINE('',#2889,#388);
#281=LINE('',#2890,#389);
#282=LINE('',#2893,#390);
#283=LINE('',#2894,#391);
#284=LINE('',#2896,#392);
#285=LINE('',#2898,#393);
#286=LINE('',#2900,#394);
#287=LINE('',#2902,#395);
#288=LINE('',#2904,#396);
#289=LINE('',#2905,#397);
#290=LINE('',#2910,#398);
#291=LINE('',#2914,#399);
#292=LINE('',#2923,#400);
#293=LINE('',#2927,#401);
#294=LINE('',#3076,#402);
#295=LINE('',#3077,#403);
#296=LINE('',#3084,#404);
#297=LINE('',#3232,#405);
#298=LINE('',#3236,#406);
#299=LINE('',#3237,#407);
#300=LINE('',#3239,#408);
#301=LINE('',#3241,#409);
#302=LINE('',#3243,#410);
#303=LINE('',#3245,#411);
#304=LINE('',#3247,#412);
#305=LINE('',#3249,#413);
#306=LINE('',#3251,#414);
#307=LINE('',#3253,#415);
#308=LINE('',#3255,#416);
#309=LINE('',#3257,#417);
#310=LINE('',#3259,#418);
#311=LINE('',#3261,#419);
#312=LINE('',#3263,#420);
#313=LINE('',#3265,#421);
#314=LINE('',#3267,#422);
#315=LINE('',#3269,#423);
#316=LINE('',#3271,#424);
#317=LINE('',#3273,#425);
#318=LINE('',#3275,#426);
#319=LINE('',#3277,#427);
#320=LINE('',#3279,#428);
#321=LINE('',#3281,#429);
#322=LINE('',#3283,#430);
#323=LINE('',#3285,#431);
#324=LINE('',#3287,#432);
#325=LINE('',#3289,#433);
#326=LINE('',#3291,#434);
#327=LINE('',#3293,#435);
#328=LINE('',#3295,#436);
#329=LINE('',#3297,#437);
#330=LINE('',#3299,#438);
#331=LINE('',#3301,#439);
#332=LINE('',#3303,#440);
#333=LINE('',#3305,#441);
#334=LINE('',#3307,#442);
#335=LINE('',#3309,#443);
#336=LINE('',#3311,#444);
#337=LINE('',#3313,#445);
#338=LINE('',#3315,#446);
#339=LINE('',#3317,#447);
#340=LINE('',#3319,#448);
#341=LINE('',#3321,#449);
#342=LINE('',#3323,#450);
#343=LINE('',#3325,#451);
#344=LINE('',#3327,#452);
#345=LINE('',#3329,#453);
#346=LINE('',#3331,#454);
#347=LINE('',#3333,#455);
#348=LINE('',#3335,#456);
#349=LINE('',#3337,#457);
#350=LINE('',#3340,#458);
#351=LINE('',#3342,#459);
#352=LINE('',#3344,#460);
#353=LINE('',#3346,#461);
#354=LINE('',#3348,#462);
#355=LINE('',#3350,#463);
#356=LINE('',#3352,#464);
#357=LINE('',#3354,#465);
#358=LINE('',#3356,#466);
#359=LINE('',#3358,#467);
#360=LINE('',#3360,#468);
#361=LINE('',#3362,#469);
#362=LINE('',#3364,#470);
#363=LINE('',#3366,#471);
#364=LINE('',#3368,#472);
#365=LINE('',#3370,#473);
#366=LINE('',#3372,#474);
#367=LINE('',#3374,#475);
#368=VECTOR('',#2159,2.7);
#369=VECTOR('',#2166,2.7);
#370=VECTOR('',#2173,2.7);
#371=VECTOR('',#2180,2.7);
#372=VECTOR('',#2187,2.7);
#373=VECTOR('',#2194,2.7);
#374=VECTOR('',#2201,2.7);
#375=VECTOR('',#2208,2.7);
#376=VECTOR('',#2217,10.);
#377=VECTOR('',#2218,10.);
#378=VECTOR('',#2219,10.);
#379=VECTOR('',#2220,10.);
#380=VECTOR('',#2221,10.);
#381=VECTOR('',#2222,10.);
#382=VECTOR('',#2223,10.);
#383=VECTOR('',#2224,10.);
#384=VECTOR('',#2225,10.);
#385=VECTOR('',#2226,10.);
#386=VECTOR('',#2233,10.);
#387=VECTOR('',#2236,10.);
#388=VECTOR('',#2237,10.);
#389=VECTOR('',#2238,10.);
#390=VECTOR('',#2241,10.);
#391=VECTOR('',#2242,10.);
#392=VECTOR('',#2243,10.);
#393=VECTOR('',#2244,10.);
#394=VECTOR('',#2245,10.);
#395=VECTOR('',#2246,10.);
#396=VECTOR('',#2247,10.);
#397=VECTOR('',#2248,10.);
#398=VECTOR('',#2253,10.);
#399=VECTOR('',#2256,10.);
#400=VECTOR('',#2269,10.);
#401=VECTOR('',#2272,10.);
#402=VECTOR('',#2429,10.);
#403=VECTOR('',#2430,10.);
#404=VECTOR('',#2439,39.);
#405=VECTOR('',#2590,19.3077338539247);
#406=VECTOR('',#2597,10.);
#407=VECTOR('',#2598,10.);
#408=VECTOR('',#2601,10.);
#409=VECTOR('',#2604,10.);
#410=VECTOR('',#2607,10.);
#411=VECTOR('',#2610,10.);
#412=VECTOR('',#2613,10.);
#413=VECTOR('',#2616,10.);
#414=VECTOR('',#2619,10.);
#415=VECTOR('',#2622,10.);
#416=VECTOR('',#2625,10.);
#417=VECTOR('',#2628,10.);
#418=VECTOR('',#2631,10.);
#419=VECTOR('',#2634,10.);
#420=VECTOR('',#2637,10.);
#421=VECTOR('',#2640,10.);
#422=VECTOR('',#2643,10.);
#423=VECTOR('',#2646,10.);
#424=VECTOR('',#2649,10.);
#425=VECTOR('',#2652,10.);
#426=VECTOR('',#2655,10.);
#427=VECTOR('',#2658,10.);
#428=VECTOR('',#2661,10.);
#429=VECTOR('',#2664,10.);
#430=VECTOR('',#2667,10.);
#431=VECTOR('',#2670,10.);
#432=VECTOR('',#2673,10.);
#433=VECTOR('',#2676,10.);
#434=VECTOR('',#2679,10.);
#435=VECTOR('',#2682,10.);
#436=VECTOR('',#2685,10.);
#437=VECTOR('',#2688,10.);
#438=VECTOR('',#2691,10.);
#439=VECTOR('',#2694,10.);
#440=VECTOR('',#2697,10.);
#441=VECTOR('',#2700,10.);
#442=VECTOR('',#2703,10.);
#443=VECTOR('',#2706,10.);
#444=VECTOR('',#2709,10.);
#445=VECTOR('',#2712,10.);
#446=VECTOR('',#2715,10.);
#447=VECTOR('',#2718,10.);
#448=VECTOR('',#2721,10.);
#449=VECTOR('',#2724,10.);
#450=VECTOR('',#2727,10.);
#451=VECTOR('',#2730,10.);
#452=VECTOR('',#2733,10.);
#453=VECTOR('',#2736,10.);
#454=VECTOR('',#2739,10.);
#455=VECTOR('',#2742,10.);
#456=VECTOR('',#2745,10.);
#457=VECTOR('',#2748,10.);
#458=VECTOR('',#2753,10.);
#459=VECTOR('',#2756,10.);
#460=VECTOR('',#2759,10.);
#461=VECTOR('',#2762,10.);
#462=VECTOR('',#2765,10.);
#463=VECTOR('',#2768,10.);
#464=VECTOR('',#2771,10.);
#465=VECTOR('',#2774,10.);
#466=VECTOR('',#2777,10.);
#467=VECTOR('',#2780,10.);
#468=VECTOR('',#2783,10.);
#469=VECTOR('',#2786,10.);
#470=VECTOR('',#2789,10.);
#471=VECTOR('',#2792,10.);
#472=VECTOR('',#2795,10.);
#473=VECTOR('',#2798,10.);
#474=VECTOR('',#2801,10.);
#475=VECTOR('',#2804,10.);
#476=CIRCLE('',#1882,2.7);
#477=CIRCLE('',#1883,2.7);
#478=CIRCLE('',#1885,2.7);
#479=CIRCLE('',#1886,2.7);
#480=CIRCLE('',#1888,2.7);
#481=CIRCLE('',#1889,2.7);
#482=CIRCLE('',#1891,2.7);
#483=CIRCLE('',#1892,2.7);
#484=CIRCLE('',#1894,2.7);
#485=CIRCLE('',#1895,2.7);
#486=CIRCLE('',#1897,2.7);
#487=CIRCLE('',#1898,2.7);
#488=CIRCLE('',#1900,2.7);
#489=CIRCLE('',#1901,2.7);
#490=CIRCLE('',#1903,2.7);
#491=CIRCLE('',#1904,2.7);
#492=CIRCLE('',#1909,8.65);
#493=CIRCLE('',#1910,0.927);
#494=CIRCLE('',#1914,8.65);
#495=CIRCLE('',#1915,8.65);
#496=CIRCLE('',#1916,8.65);
#497=CIRCLE('',#1918,22.);
#498=CIRCLE('',#1919,22.);
#499=CIRCLE('',#1921,0.927);
#500=CIRCLE('',#1922,0.927);
#501=CIRCLE('',#1923,0.927);
#502=CIRCLE('',#1925,19.3077338539247);
#503=CIRCLE('',#1927,19.3077338539247);
#504=CIRCLE('',#1929,16.8077338539247);
#505=CIRCLE('',#1930,0.927);
#506=CIRCLE('',#1931,16.8077338539247);
#507=CIRCLE('',#1932,0.927);
#508=CIRCLE('',#1933,16.8077338539247);
#509=CIRCLE('',#1934,0.927);
#510=CIRCLE('',#1935,16.8077338539247);
#511=CIRCLE('',#1936,0.927);
#512=CIRCLE('',#1937,16.8077338539247);
#513=CIRCLE('',#1938,0.927);
#514=CIRCLE('',#1939,16.8077338539247);
#515=CIRCLE('',#1940,0.927);
#516=CIRCLE('',#1941,16.8077338539247);
#517=CIRCLE('',#1942,0.927);
#518=CIRCLE('',#1943,16.8077338539247);
#519=CIRCLE('',#1944,0.927);
#520=CIRCLE('',#1945,16.8077338539247);
#521=CIRCLE('',#1946,0.927);
#522=CIRCLE('',#1947,16.8077338539247);
#523=CIRCLE('',#1948,0.927);
#524=CIRCLE('',#1949,16.8077338539247);
#525=CIRCLE('',#1950,0.927);
#526=CIRCLE('',#1951,16.8077338539247);
#527=CIRCLE('',#1952,0.927);
#528=CIRCLE('',#1953,16.8077338539247);
#529=CIRCLE('',#1954,0.927);
#530=CIRCLE('',#1955,16.8077338539247);
#531=CIRCLE('',#1956,0.927);
#532=CIRCLE('',#1957,16.8077338539247);
#533=CIRCLE('',#1958,0.927);
#534=CIRCLE('',#1959,16.8077338539247);
#535=CIRCLE('',#1960,0.927);
#536=CIRCLE('',#1961,16.8077338539247);
#537=CIRCLE('',#1962,0.927);
#538=CIRCLE('',#1963,16.8077338539247);
#539=CIRCLE('',#1964,0.927);
#540=CIRCLE('',#1965,16.8077338539247);
#541=CIRCLE('',#1966,0.927);
#542=CIRCLE('',#1967,16.8077338539247);
#543=CIRCLE('',#1968,0.927);
#544=CIRCLE('',#1969,16.8077338539247);
#545=CIRCLE('',#1970,0.927);
#546=CIRCLE('',#1971,16.8077338539247);
#547=CIRCLE('',#1972,0.927);
#548=CIRCLE('',#1973,16.8077338539247);
#549=CIRCLE('',#1974,0.927);
#550=CIRCLE('',#1975,16.8077338539247);
#551=CIRCLE('',#1976,0.927);
#552=CIRCLE('',#1977,16.8077338539247);
#553=CIRCLE('',#1978,0.927);
#554=CIRCLE('',#1979,16.8077338539247);
#555=CIRCLE('',#1980,0.927);
#556=CIRCLE('',#1981,16.8077338539247);
#557=CIRCLE('',#1982,0.927);
#558=CIRCLE('',#1983,16.8077338539247);
#559=CIRCLE('',#1984,0.927);
#560=CIRCLE('',#1985,16.8077338539247);
#561=CIRCLE('',#1986,0.927);
#562=CIRCLE('',#1987,16.8077338539247);
#563=CIRCLE('',#1988,0.927);
#564=CIRCLE('',#1989,16.8077338539247);
#565=CIRCLE('',#1990,0.927);
#566=CIRCLE('',#1991,16.8077338539247);
#567=CIRCLE('',#1992,0.927);
#568=CIRCLE('',#1993,16.8077338539247);
#569=CIRCLE('',#1994,0.927);
#570=CIRCLE('',#1995,16.8077338539247);
#571=CIRCLE('',#1996,0.927);
#572=CIRCLE('',#1997,16.8077338539247);
#573=CIRCLE('',#1998,0.927);
#574=CIRCLE('',#1999,16.8077338539247);
#575=CIRCLE('',#2002,39.);
#576=CIRCLE('',#2004,39.);
#577=CIRCLE('',#2007,19.3077338539247);
#578=CIRCLE('',#2008,0.927);
#579=CIRCLE('',#2009,16.8077338539247);
#580=CIRCLE('',#2010,0.927);
#581=CIRCLE('',#2011,16.8077338539247);
#582=CIRCLE('',#2012,0.927);
#583=CIRCLE('',#2013,16.8077338539247);
#584=CIRCLE('',#2014,0.927);
#585=CIRCLE('',#2015,16.8077338539247);
#586=CIRCLE('',#2016,0.927);
#587=CIRCLE('',#2017,16.8077338539247);
#588=CIRCLE('',#2018,0.927);
#589=CIRCLE('',#2019,16.8077338539247);
#590=CIRCLE('',#2020,0.927);
#591=CIRCLE('',#2021,16.8077338539247);
#592=CIRCLE('',#2022,0.927);
#593=CIRCLE('',#2023,16.8077338539247);
#594=CIRCLE('',#2024,0.927);
#595=CIRCLE('',#2025,16.8077338539247);
#596=CIRCLE('',#2026,0.927);
#597=CIRCLE('',#2027,16.8077338539247);
#598=CIRCLE('',#2028,0.927);
#599=CIRCLE('',#2029,16.8077338539247);
#600=CIRCLE('',#2030,0.927);
#601=CIRCLE('',#2031,16.8077338539247);
#602=CIRCLE('',#2032,0.927);
#603=CIRCLE('',#2033,16.8077338539247);
#604=CIRCLE('',#2034,0.927);
#605=CIRCLE('',#2035,16.8077338539247);
#606=CIRCLE('',#2036,0.927);
#607=CIRCLE('',#2037,16.8077338539247);
#608=CIRCLE('',#2038,0.927);
#609=CIRCLE('',#2039,16.8077338539247);
#610=CIRCLE('',#2040,0.927);
#611=CIRCLE('',#2041,16.8077338539247);
#612=CIRCLE('',#2042,0.927);
#613=CIRCLE('',#2043,16.8077338539247);
#614=CIRCLE('',#2044,0.927);
#615=CIRCLE('',#2045,16.8077338539247);
#616=CIRCLE('',#2046,0.927);
#617=CIRCLE('',#2047,16.8077338539247);
#618=CIRCLE('',#2048,0.927);
#619=CIRCLE('',#2049,16.8077338539247);
#620=CIRCLE('',#2050,0.927);
#621=CIRCLE('',#2051,16.8077338539247);
#622=CIRCLE('',#2052,0.927);
#623=CIRCLE('',#2053,16.8077338539247);
#624=CIRCLE('',#2054,0.927);
#625=CIRCLE('',#2055,16.8077338539247);
#626=CIRCLE('',#2056,0.927);
#627=CIRCLE('',#2057,16.8077338539247);
#628=CIRCLE('',#2058,0.927);
#629=CIRCLE('',#2059,16.8077338539247);
#630=CIRCLE('',#2060,16.8077338539247);
#631=CIRCLE('',#2061,0.927);
#632=CIRCLE('',#2062,16.8077338539247);
#633=CIRCLE('',#2063,0.927);
#634=CIRCLE('',#2064,16.8077338539247);
#635=CIRCLE('',#2065,0.927);
#636=CIRCLE('',#2066,16.8077338539247);
#637=CIRCLE('',#2067,0.927);
#638=CIRCLE('',#2068,16.8077338539247);
#639=CIRCLE('',#2069,0.927);
#640=CIRCLE('',#2070,16.8077338539247);
#641=CIRCLE('',#2071,0.927);
#642=CIRCLE('',#2072,16.8077338539247);
#643=CIRCLE('',#2073,0.927);
#644=CIRCLE('',#2074,16.8077338539247);
#645=CIRCLE('',#2075,0.927);
#646=CIRCLE('',#2076,16.8077338539247);
#647=CIRCLE('',#2077,0.927);
#648=CIRCLE('',#2078,16.8077338539247);
#649=CIRCLE('',#2080,19.3077338539247);
#650=VERTEX_POINT('',#2809);
#651=VERTEX_POINT('',#2811);
#652=VERTEX_POINT('',#2815);
#653=VERTEX_POINT('',#2817);
#654=VERTEX_POINT('',#2821);
#655=VERTEX_POINT('',#2823);
#656=VERTEX_POINT('',#2827);
#657=VERTEX_POINT('',#2829);
#658=VERTEX_POINT('',#2833);
#659=VERTEX_POINT('',#2835);
#660=VERTEX_POINT('',#2839);
#661=VERTEX_POINT('',#2841);
#662=VERTEX_POINT('',#2845);
#663=VERTEX_POINT('',#2847);
#664=VERTEX_POINT('',#2851);
#665=VERTEX_POINT('',#2853);
#666=VERTEX_POINT('',#2859);
#667=VERTEX_POINT('',#2860);
#668=VERTEX_POINT('',#2862);
#669=VERTEX_POINT('',#2864);
#670=VERTEX_POINT('',#2866);
#671=VERTEX_POINT('',#2868);
#672=VERTEX_POINT('',#2870);
#673=VERTEX_POINT('',#2872);
#674=VERTEX_POINT('',#2874);
#675=VERTEX_POINT('',#2876);
#676=VERTEX_POINT('',#2880);
#677=VERTEX_POINT('',#2882);
#678=VERTEX_POINT('',#2886);
#679=VERTEX_POINT('',#2888);
#680=VERTEX_POINT('',#2892);
#681=VERTEX_POINT('',#2895);
#682=VERTEX_POINT('',#2897);
#683=VERTEX_POINT('',#2899);
#684=VERTEX_POINT('',#2901);
#685=VERTEX_POINT('',#2903);
#686=VERTEX_POINT('',#2907);
#687=VERTEX_POINT('',#2909);
#688=VERTEX_POINT('',#2911);
#689=VERTEX_POINT('',#2913);
#690=VERTEX_POINT('',#2920);
#691=VERTEX_POINT('',#2922);
#692=VERTEX_POINT('',#2924);
#693=VERTEX_POINT('',#2926);
#694=VERTEX_POINT('',#2934);
#695=VERTEX_POINT('',#2936);
#696=VERTEX_POINT('',#2938);
#697=VERTEX_POINT('',#2940);
#698=VERTEX_POINT('',#2942);
#699=VERTEX_POINT('',#2944);
#700=VERTEX_POINT('',#2946);
#701=VERTEX_POINT('',#2948);
#702=VERTEX_POINT('',#2950);
#703=VERTEX_POINT('',#2952);
#704=VERTEX_POINT('',#2954);
#705=VERTEX_POINT('',#2956);
#706=VERTEX_POINT('',#2958);
#707=VERTEX_POINT('',#2960);
#708=VERTEX_POINT('',#2962);
#709=VERTEX_POINT('',#2964);
#710=VERTEX_POINT('',#2966);
#711=VERTEX_POINT('',#2968);
#712=VERTEX_POINT('',#2970);
#713=VERTEX_POINT('',#2972);
#714=VERTEX_POINT('',#2974);
#715=VERTEX_POINT('',#2976);
#716=VERTEX_POINT('',#2978);
#717=VERTEX_POINT('',#2980);
#718=VERTEX_POINT('',#2982);
#719=VERTEX_POINT('',#2984);
#720=VERTEX_POINT('',#2986);
#721=VERTEX_POINT('',#2988);
#722=VERTEX_POINT('',#2990);
#723=VERTEX_POINT('',#2992);
#724=VERTEX_POINT('',#2994);
#725=VERTEX_POINT('',#2996);
#726=VERTEX_POINT('',#2998);
#727=VERTEX_POINT('',#3000);
#728=VERTEX_POINT('',#3002);
#729=VERTEX_POINT('',#3004);
#730=VERTEX_POINT('',#3006);
#731=VERTEX_POINT('',#3008);
#732=VERTEX_POINT('',#3010);
#733=VERTEX_POINT('',#3012);
#734=VERTEX_POINT('',#3014);
#735=VERTEX_POINT('',#3016);
#736=VERTEX_POINT('',#3018);
#737=VERTEX_POINT('',#3020);
#738=VERTEX_POINT('',#3022);
#739=VERTEX_POINT('',#3024);
#740=VERTEX_POINT('',#3026);
#741=VERTEX_POINT('',#3028);
#742=VERTEX_POINT('',#3030);
#743=VERTEX_POINT('',#3032);
#744=VERTEX_POINT('',#3034);
#745=VERTEX_POINT('',#3036);
#746=VERTEX_POINT('',#3038);
#747=VERTEX_POINT('',#3040);
#748=VERTEX_POINT('',#3042);
#749=VERTEX_POINT('',#3044);
#750=VERTEX_POINT('',#3046);
#751=VERTEX_POINT('',#3048);
#752=VERTEX_POINT('',#3050);
#753=VERTEX_POINT('',#3052);
#754=VERTEX_POINT('',#3054);
#755=VERTEX_POINT('',#3056);
#756=VERTEX_POINT('',#3058);
#757=VERTEX_POINT('',#3060);
#758=VERTEX_POINT('',#3062);
#759=VERTEX_POINT('',#3064);
#760=VERTEX_POINT('',#3066);
#761=VERTEX_POINT('',#3068);
#762=VERTEX_POINT('',#3070);
#763=VERTEX_POINT('',#3072);
#764=VERTEX_POINT('',#3079);
#765=VERTEX_POINT('',#3082);
#766=VERTEX_POINT('',#3087);
#767=VERTEX_POINT('',#3089);
#768=VERTEX_POINT('',#3090);
#769=VERTEX_POINT('',#3092);
#770=VERTEX_POINT('',#3094);
#771=VERTEX_POINT('',#3096);
#772=VERTEX_POINT('',#3098);
#773=VERTEX_POINT('',#3100);
#774=VERTEX_POINT('',#3102);
#775=VERTEX_POINT('',#3104);
#776=VERTEX_POINT('',#3106);
#777=VERTEX_POINT('',#3108);
#778=VERTEX_POINT('',#3110);
#779=VERTEX_POINT('',#3112);
#780=VERTEX_POINT('',#3114);
#781=VERTEX_POINT('',#3116);
#782=VERTEX_POINT('',#3118);
#783=VERTEX_POINT('',#3120);
#784=VERTEX_POINT('',#3122);
#785=VERTEX_POINT('',#3124);
#786=VERTEX_POINT('',#3126);
#787=VERTEX_POINT('',#3128);
#788=VERTEX_POINT('',#3130);
#789=VERTEX_POINT('',#3132);
#790=VERTEX_POINT('',#3134);
#791=VERTEX_POINT('',#3136);
#792=VERTEX_POINT('',#3138);
#793=VERTEX_POINT('',#3140);
#794=VERTEX_POINT('',#3142);
#795=VERTEX_POINT('',#3144);
#796=VERTEX_POINT('',#3146);
#797=VERTEX_POINT('',#3148);
#798=VERTEX_POINT('',#3150);
#799=VERTEX_POINT('',#3152);
#800=VERTEX_POINT('',#3154);
#801=VERTEX_POINT('',#3156);
#802=VERTEX_POINT('',#3158);
#803=VERTEX_POINT('',#3160);
#804=VERTEX_POINT('',#3162);
#805=VERTEX_POINT('',#3164);
#806=VERTEX_POINT('',#3166);
#807=VERTEX_POINT('',#3168);
#808=VERTEX_POINT('',#3170);
#809=VERTEX_POINT('',#3172);
#810=VERTEX_POINT('',#3174);
#811=VERTEX_POINT('',#3176);
#812=VERTEX_POINT('',#3178);
#813=VERTEX_POINT('',#3180);
#814=VERTEX_POINT('',#3182);
#815=VERTEX_POINT('',#3184);
#816=VERTEX_POINT('',#3186);
#817=VERTEX_POINT('',#3188);
#818=VERTEX_POINT('',#3190);
#819=VERTEX_POINT('',#3193);
#820=VERTEX_POINT('',#3195);
#821=VERTEX_POINT('',#3197);
#822=VERTEX_POINT('',#3199);
#823=VERTEX_POINT('',#3201);
#824=VERTEX_POINT('',#3203);
#825=VERTEX_POINT('',#3205);
#826=VERTEX_POINT('',#3207);
#827=VERTEX_POINT('',#3209);
#828=VERTEX_POINT('',#3211);
#829=VERTEX_POINT('',#3213);
#830=VERTEX_POINT('',#3215);
#831=VERTEX_POINT('',#3217);
#832=VERTEX_POINT('',#3219);
#833=VERTEX_POINT('',#3221);
#834=VERTEX_POINT('',#3223);
#835=VERTEX_POINT('',#3225);
#836=VERTEX_POINT('',#3227);
#837=VERTEX_POINT('',#3231);
#838=EDGE_CURVE('',#650,#650,#476,.T.);
#839=EDGE_CURVE('',#650,#651,#260,.T.);
#840=EDGE_CURVE('',#651,#651,#477,.T.);
#841=EDGE_CURVE('',#652,#652,#478,.T.);
#842=EDGE_CURVE('',#652,#653,#261,.T.);
#843=EDGE_CURVE('',#653,#653,#479,.T.);
#844=EDGE_CURVE('',#654,#654,#480,.T.);
#845=EDGE_CURVE('',#654,#655,#262,.T.);
#846=EDGE_CURVE('',#655,#655,#481,.T.);
#847=EDGE_CURVE('',#656,#656,#482,.T.);
#848=EDGE_CURVE('',#656,#657,#263,.T.);
#849=EDGE_CURVE('',#657,#657,#483,.T.);
#850=EDGE_CURVE('',#658,#658,#484,.T.);
#851=EDGE_CURVE('',#658,#659,#264,.T.);
#852=EDGE_CURVE('',#659,#659,#485,.T.);
#853=EDGE_CURVE('',#660,#660,#486,.T.);
#854=EDGE_CURVE('',#660,#661,#265,.T.);
#855=EDGE_CURVE('',#661,#661,#487,.T.);
#856=EDGE_CURVE('',#662,#662,#488,.T.);
#857=EDGE_CURVE('',#662,#663,#266,.T.);
#858=EDGE_CURVE('',#663,#663,#489,.T.);
#859=EDGE_CURVE('',#664,#664,#490,.T.);
#860=EDGE_CURVE('',#664,#665,#267,.T.);
#861=EDGE_CURVE('',#665,#665,#491,.T.);
#862=EDGE_CURVE('',#666,#667,#268,.T.);
#863=EDGE_CURVE('',#666,#668,#269,.T.);
#864=EDGE_CURVE('',#669,#668,#270,.T.);
#865=EDGE_CURVE('',#670,#669,#271,.T.);
#866=EDGE_CURVE('',#671,#670,#272,.T.);
#867=EDGE_CURVE('',#672,#671,#273,.T.);
#868=EDGE_CURVE('',#673,#672,#274,.T.);
#869=EDGE_CURVE('',#674,#673,#275,.T.);
#870=EDGE_CURVE('',#674,#675,#276,.T.);
#871=EDGE_CURVE('',#667,#675,#277,.T.);
#872=EDGE_CURVE('',#675,#676,#492,.T.);
#873=EDGE_CURVE('',#677,#674,#493,.T.);
#874=EDGE_CURVE('',#677,#676,#278,.T.);
#875=EDGE_CURVE('',#678,#666,#279,.T.);
#876=EDGE_CURVE('',#679,#678,#280,.T.);
#877=EDGE_CURVE('',#668,#679,#281,.T.);
#878=EDGE_CURVE('',#680,#678,#282,.T.);
#879=EDGE_CURVE('',#676,#680,#283,.T.);
#880=EDGE_CURVE('',#681,#677,#284,.T.);
#881=EDGE_CURVE('',#682,#681,#285,.T.);
#882=EDGE_CURVE('',#683,#682,#286,.T.);
#883=EDGE_CURVE('',#684,#683,#287,.T.);
#884=EDGE_CURVE('',#685,#684,#288,.T.);
#885=EDGE_CURVE('',#679,#685,#289,.T.);
#886=EDGE_CURVE('',#686,#680,#494,.T.);
#887=EDGE_CURVE('',#687,#686,#290,.T.);
#888=EDGE_CURVE('',#688,#687,#495,.T.);
#889=EDGE_CURVE('',#689,#688,#291,.T.);
#890=EDGE_CURVE('',#667,#689,#496,.T.);
#891=EDGE_CURVE('',#670,#684,#497,.T.);
#892=EDGE_CURVE('',#669,#685,#498,.T.);
#893=EDGE_CURVE('',#690,#673,#499,.T.);
#894=EDGE_CURVE('',#691,#690,#292,.T.);
#895=EDGE_CURVE('',#692,#691,#500,.T.);
#896=EDGE_CURVE('',#693,#692,#293,.T.);
#897=EDGE_CURVE('',#681,#693,#501,.T.);
#898=EDGE_CURVE('',#671,#683,#502,.T.);
#899=EDGE_CURVE('',#672,#682,#503,.T.);
#900=EDGE_CURVE('',#693,#694,#504,.T.);
#901=EDGE_CURVE('',#694,#695,#505,.T.);
#902=EDGE_CURVE('',#695,#696,#506,.T.);
#903=EDGE_CURVE('',#696,#697,#507,.T.);
#904=EDGE_CURVE('',#697,#698,#508,.T.);
#905=EDGE_CURVE('',#698,#699,#509,.T.);
#906=EDGE_CURVE('',#699,#700,#510,.T.);
#907=EDGE_CURVE('',#700,#701,#511,.T.);
#908=EDGE_CURVE('',#701,#702,#512,.T.);
#909=EDGE_CURVE('',#702,#703,#513,.T.);
#910=EDGE_CURVE('',#703,#704,#514,.T.);
#911=EDGE_CURVE('',#704,#705,#515,.T.);
#912=EDGE_CURVE('',#705,#706,#516,.T.);
#913=EDGE_CURVE('',#706,#707,#517,.T.);
#914=EDGE_CURVE('',#707,#708,#518,.T.);
#915=EDGE_CURVE('',#708,#709,#519,.T.);
#916=EDGE_CURVE('',#709,#710,#520,.T.);
#917=EDGE_CURVE('',#710,#711,#521,.T.);
#918=EDGE_CURVE('',#711,#712,#522,.T.);
#919=EDGE_CURVE('',#712,#713,#523,.T.);
#920=EDGE_CURVE('',#713,#714,#524,.T.);
#921=EDGE_CURVE('',#714,#715,#525,.T.);
#922=EDGE_CURVE('',#715,#716,#526,.T.);
#923=EDGE_CURVE('',#716,#717,#527,.T.);
#924=EDGE_CURVE('',#717,#718,#528,.T.);
#925=EDGE_CURVE('',#718,#719,#529,.T.);
#926=EDGE_CURVE('',#719,#720,#530,.T.);
#927=EDGE_CURVE('',#720,#721,#531,.T.);
#928=EDGE_CURVE('',#721,#722,#532,.T.);
#929=EDGE_CURVE('',#722,#723,#533,.T.);
#930=EDGE_CURVE('',#723,#724,#534,.T.);
#931=EDGE_CURVE('',#724,#725,#535,.T.);
#932=EDGE_CURVE('',#725,#726,#536,.T.);
#933=EDGE_CURVE('',#726,#727,#537,.T.);
#934=EDGE_CURVE('',#727,#728,#538,.T.);
#935=EDGE_CURVE('',#728,#729,#539,.T.);
#936=EDGE_CURVE('',#729,#730,#540,.T.);
#937=EDGE_CURVE('',#730,#731,#541,.T.);
#938=EDGE_CURVE('',#731,#732,#542,.T.);
#939=EDGE_CURVE('',#732,#733,#543,.T.);
#940=EDGE_CURVE('',#733,#734,#544,.T.);
#941=EDGE_CURVE('',#734,#735,#545,.T.);
#942=EDGE_CURVE('',#735,#736,#546,.T.);
#943=EDGE_CURVE('',#736,#737,#547,.T.);
#944=EDGE_CURVE('',#737,#738,#548,.T.);
#945=EDGE_CURVE('',#738,#739,#549,.T.);
#946=EDGE_CURVE('',#739,#740,#550,.T.);
#947=EDGE_CURVE('',#740,#741,#551,.T.);
#948=EDGE_CURVE('',#741,#742,#552,.T.);
#949=EDGE_CURVE('',#742,#743,#553,.T.);
#950=EDGE_CURVE('',#743,#744,#554,.T.);
#951=EDGE_CURVE('',#744,#745,#555,.T.);
#952=EDGE_CURVE('',#745,#746,#556,.T.);
#953=EDGE_CURVE('',#746,#747,#557,.T.);
#954=EDGE_CURVE('',#747,#748,#558,.T.);
#955=EDGE_CURVE('',#748,#749,#559,.T.);
#956=EDGE_CURVE('',#749,#750,#560,.T.);
#957=EDGE_CURVE('',#750,#751,#561,.T.);
#958=EDGE_CURVE('',#751,#752,#562,.T.);
#959=EDGE_CURVE('',#752,#753,#563,.T.);
#960=EDGE_CURVE('',#753,#754,#564,.T.);
#961=EDGE_CURVE('',#754,#755,#565,.T.);
#962=EDGE_CURVE('',#755,#756,#566,.T.);
#963=EDGE_CURVE('',#756,#757,#567,.T.);
#964=EDGE_CURVE('',#757,#758,#568,.T.);
#965=EDGE_CURVE('',#758,#759,#569,.T.);
#966=EDGE_CURVE('',#759,#760,#570,.T.);
#967=EDGE_CURVE('',#760,#761,#571,.T.);
#968=EDGE_CURVE('',#761,#762,#572,.T.);
#969=EDGE_CURVE('',#762,#763,#573,.T.);
#970=EDGE_CURVE('',#763,#690,#574,.T.);
#971=EDGE_CURVE('',#689,#686,#294,.T.);
#972=EDGE_CURVE('',#687,#688,#295,.T.);
#973=EDGE_CURVE('',#764,#764,#575,.T.);
#974=EDGE_CURVE('',#765,#765,#576,.T.);
#975=EDGE_CURVE('',#765,#764,#296,.T.);
#976=EDGE_CURVE('',#766,#766,#577,.T.);
#977=EDGE_CURVE('',#767,#768,#578,.T.);
#978=EDGE_CURVE('',#768,#769,#579,.T.);
#979=EDGE_CURVE('',#769,#770,#580,.T.);
#980=EDGE_CURVE('',#770,#771,#581,.T.);
#981=EDGE_CURVE('',#771,#772,#582,.T.);
#982=EDGE_CURVE('',#772,#773,#583,.T.);
#983=EDGE_CURVE('',#773,#774,#584,.T.);
#984=EDGE_CURVE('',#774,#775,#585,.T.);
#985=EDGE_CURVE('',#775,#776,#586,.T.);
#986=EDGE_CURVE('',#776,#777,#587,.T.);
#987=EDGE_CURVE('',#777,#778,#588,.T.);
#988=EDGE_CURVE('',#778,#779,#589,.T.);
#989=EDGE_CURVE('',#779,#780,#590,.T.);
#990=EDGE_CURVE('',#780,#781,#591,.T.);
#991=EDGE_CURVE('',#781,#782,#592,.T.);
#992=EDGE_CURVE('',#782,#783,#593,.T.);
#993=EDGE_CURVE('',#783,#784,#594,.T.);
#994=EDGE_CURVE('',#784,#785,#595,.T.);
#995=EDGE_CURVE('',#785,#786,#596,.T.);
#996=EDGE_CURVE('',#786,#787,#597,.T.);
#997=EDGE_CURVE('',#787,#788,#598,.T.);
#998=EDGE_CURVE('',#788,#789,#599,.T.);
#999=EDGE_CURVE('',#789,#790,#600,.T.);
#1000=EDGE_CURVE('',#790,#791,#601,.T.);
#1001=EDGE_CURVE('',#791,#792,#602,.T.);
#1002=EDGE_CURVE('',#792,#793,#603,.T.);
#1003=EDGE_CURVE('',#793,#794,#604,.T.);
#1004=EDGE_CURVE('',#794,#795,#605,.T.);
#1005=EDGE_CURVE('',#795,#796,#606,.T.);
#1006=EDGE_CURVE('',#796,#797,#607,.T.);
#1007=EDGE_CURVE('',#797,#798,#608,.T.);
#1008=EDGE_CURVE('',#798,#799,#609,.T.);
#1009=EDGE_CURVE('',#799,#800,#610,.T.);
#1010=EDGE_CURVE('',#800,#801,#611,.T.);
#1011=EDGE_CURVE('',#801,#802,#612,.T.);
#1012=EDGE_CURVE('',#802,#803,#613,.T.);
#1013=EDGE_CURVE('',#803,#804,#614,.T.);
#1014=EDGE_CURVE('',#804,#805,#615,.T.);
#1015=EDGE_CURVE('',#805,#806,#616,.T.);
#1016=EDGE_CURVE('',#806,#807,#617,.T.);
#1017=EDGE_CURVE('',#807,#808,#618,.T.);
#1018=EDGE_CURVE('',#808,#809,#619,.T.);
#1019=EDGE_CURVE('',#809,#810,#620,.T.);
#1020=EDGE_CURVE('',#810,#811,#621,.T.);
#1021=EDGE_CURVE('',#811,#812,#622,.T.);
#1022=EDGE_CURVE('',#812,#813,#623,.T.);
#1023=EDGE_CURVE('',#813,#814,#624,.T.);
#1024=EDGE_CURVE('',#814,#815,#625,.T.);
#1025=EDGE_CURVE('',#815,#816,#626,.T.);
#1026=EDGE_CURVE('',#816,#817,#627,.T.);
#1027=EDGE_CURVE('',#817,#818,#628,.T.);
#1028=EDGE_CURVE('',#818,#692,#629,.T.);
#1029=EDGE_CURVE('',#691,#819,#630,.T.);
#1030=EDGE_CURVE('',#819,#820,#631,.T.);
#1031=EDGE_CURVE('',#820,#821,#632,.T.);
#1032=EDGE_CURVE('',#821,#822,#633,.T.);
#1033=EDGE_CURVE('',#822,#823,#634,.T.);
#1034=EDGE_CURVE('',#823,#824,#635,.T.);
#1035=EDGE_CURVE('',#824,#825,#636,.T.);
#1036=EDGE_CURVE('',#825,#826,#637,.T.);
#1037=EDGE_CURVE('',#826,#827,#638,.T.);
#1038=EDGE_CURVE('',#827,#828,#639,.T.);
#1039=EDGE_CURVE('',#828,#829,#640,.T.);
#1040=EDGE_CURVE('',#829,#830,#641,.T.);
#1041=EDGE_CURVE('',#830,#831,#642,.T.);
#1042=EDGE_CURVE('',#831,#832,#643,.T.);
#1043=EDGE_CURVE('',#832,#833,#644,.T.);
#1044=EDGE_CURVE('',#833,#834,#645,.T.);
#1045=EDGE_CURVE('',#834,#835,#646,.T.);
#1046=EDGE_CURVE('',#835,#836,#647,.T.);
#1047=EDGE_CURVE('',#836,#767,#648,.T.);
#1048=EDGE_CURVE('',#766,#837,#297,.T.);
#1049=EDGE_CURVE('',#837,#837,#649,.T.);
#1050=EDGE_CURVE('',#768,#744,#298,.T.);
#1051=EDGE_CURVE('',#745,#767,#299,.T.);
#1052=EDGE_CURVE('',#743,#769,#300,.T.);
#1053=EDGE_CURVE('',#770,#742,#301,.T.);
#1054=EDGE_CURVE('',#741,#771,#302,.T.);
#1055=EDGE_CURVE('',#772,#740,#303,.T.);
#1056=EDGE_CURVE('',#739,#773,#304,.T.);
#1057=EDGE_CURVE('',#774,#738,#305,.T.);
#1058=EDGE_CURVE('',#737,#775,#306,.T.);
#1059=EDGE_CURVE('',#776,#736,#307,.T.);
#1060=EDGE_CURVE('',#735,#777,#308,.T.);
#1061=EDGE_CURVE('',#778,#734,#309,.T.);
#1062=EDGE_CURVE('',#733,#779,#310,.T.);
#1063=EDGE_CURVE('',#780,#732,#311,.T.);
#1064=EDGE_CURVE('',#731,#781,#312,.T.);
#1065=EDGE_CURVE('',#782,#730,#313,.T.);
#1066=EDGE_CURVE('',#729,#783,#314,.T.);
#1067=EDGE_CURVE('',#784,#728,#315,.T.);
#1068=EDGE_CURVE('',#727,#785,#316,.T.);
#1069=EDGE_CURVE('',#786,#726,#317,.T.);
#1070=EDGE_CURVE('',#725,#787,#318,.T.);
#1071=EDGE_CURVE('',#788,#724,#319,.T.);
#1072=EDGE_CURVE('',#723,#789,#320,.T.);
#1073=EDGE_CURVE('',#790,#722,#321,.T.);
#1074=EDGE_CURVE('',#721,#791,#322,.T.);
#1075=EDGE_CURVE('',#792,#720,#323,.T.);
#1076=EDGE_CURVE('',#719,#793,#324,.T.);
#1077=EDGE_CURVE('',#794,#718,#325,.T.);
#1078=EDGE_CURVE('',#717,#795,#326,.T.);
#1079=EDGE_CURVE('',#796,#716,#327,.T.);
#1080=EDGE_CURVE('',#715,#797,#328,.T.);
#1081=EDGE_CURVE('',#798,#714,#329,.T.);
#1082=EDGE_CURVE('',#713,#799,#330,.T.);
#1083=EDGE_CURVE('',#800,#712,#331,.T.);
#1084=EDGE_CURVE('',#711,#801,#332,.T.);
#1085=EDGE_CURVE('',#802,#710,#333,.T.);
#1086=EDGE_CURVE('',#709,#803,#334,.T.);
#1087=EDGE_CURVE('',#804,#708,#335,.T.);
#1088=EDGE_CURVE('',#707,#805,#336,.T.);
#1089=EDGE_CURVE('',#806,#706,#337,.T.);
#1090=EDGE_CURVE('',#705,#807,#338,.T.);
#1091=EDGE_CURVE('',#808,#704,#339,.T.);
#1092=EDGE_CURVE('',#703,#809,#340,.T.);
#1093=EDGE_CURVE('',#810,#702,#341,.T.);
#1094=EDGE_CURVE('',#701,#811,#342,.T.);
#1095=EDGE_CURVE('',#812,#700,#343,.T.);
#1096=EDGE_CURVE('',#699,#813,#344,.T.);
#1097=EDGE_CURVE('',#814,#698,#345,.T.);
#1098=EDGE_CURVE('',#697,#815,#346,.T.);
#1099=EDGE_CURVE('',#816,#696,#347,.T.);
#1100=EDGE_CURVE('',#695,#817,#348,.T.);
#1101=EDGE_CURVE('',#818,#694,#349,.T.);
#1102=EDGE_CURVE('',#763,#819,#350,.T.);
#1103=EDGE_CURVE('',#820,#762,#351,.T.);
#1104=EDGE_CURVE('',#761,#821,#352,.T.);
#1105=EDGE_CURVE('',#822,#760,#353,.T.);
#1106=EDGE_CURVE('',#759,#823,#354,.T.);
#1107=EDGE_CURVE('',#824,#758,#355,.T.);
#1108=EDGE_CURVE('',#757,#825,#356,.T.);
#1109=EDGE_CURVE('',#826,#756,#357,.T.);
#1110=EDGE_CURVE('',#755,#827,#358,.T.);
#1111=EDGE_CURVE('',#828,#754,#359,.T.);
#1112=EDGE_CURVE('',#753,#829,#360,.T.);
#1113=EDGE_CURVE('',#830,#752,#361,.T.);
#1114=EDGE_CURVE('',#751,#831,#362,.T.);
#1115=EDGE_CURVE('',#832,#750,#363,.T.);
#1116=EDGE_CURVE('',#749,#833,#364,.T.);
#1117=EDGE_CURVE('',#834,#748,#365,.T.);
#1118=EDGE_CURVE('',#836,#746,#366,.T.);
#1119=EDGE_CURVE('',#747,#835,#367,.T.);
#1120=ORIENTED_EDGE('',*,*,#838,.F.);
#1121=ORIENTED_EDGE('',*,*,#839,.T.);
#1122=ORIENTED_EDGE('',*,*,#840,.F.);
#1123=ORIENTED_EDGE('',*,*,#839,.F.);
#1124=ORIENTED_EDGE('',*,*,#841,.F.);
#1125=ORIENTED_EDGE('',*,*,#842,.T.);
#1126=ORIENTED_EDGE('',*,*,#843,.F.);
#1127=ORIENTED_EDGE('',*,*,#842,.F.);
#1128=ORIENTED_EDGE('',*,*,#844,.F.);
#1129=ORIENTED_EDGE('',*,*,#845,.T.);
#1130=ORIENTED_EDGE('',*,*,#846,.F.);
#1131=ORIENTED_EDGE('',*,*,#845,.F.);
#1132=ORIENTED_EDGE('',*,*,#847,.F.);
#1133=ORIENTED_EDGE('',*,*,#848,.T.);
#1134=ORIENTED_EDGE('',*,*,#849,.F.);
#1135=ORIENTED_EDGE('',*,*,#848,.F.);
#1136=ORIENTED_EDGE('',*,*,#850,.F.);
#1137=ORIENTED_EDGE('',*,*,#851,.T.);
#1138=ORIENTED_EDGE('',*,*,#852,.F.);
#1139=ORIENTED_EDGE('',*,*,#851,.F.);
#1140=ORIENTED_EDGE('',*,*,#853,.F.);
#1141=ORIENTED_EDGE('',*,*,#854,.T.);
#1142=ORIENTED_EDGE('',*,*,#855,.F.);
#1143=ORIENTED_EDGE('',*,*,#854,.F.);
#1144=ORIENTED_EDGE('',*,*,#856,.T.);
#1145=ORIENTED_EDGE('',*,*,#857,.T.);
#1146=ORIENTED_EDGE('',*,*,#858,.F.);
#1147=ORIENTED_EDGE('',*,*,#857,.F.);
#1148=ORIENTED_EDGE('',*,*,#859,.F.);
#1149=ORIENTED_EDGE('',*,*,#860,.T.);
#1150=ORIENTED_EDGE('',*,*,#861,.T.);
#1151=ORIENTED_EDGE('',*,*,#860,.F.);
#1152=ORIENTED_EDGE('',*,*,#856,.F.);
#1153=ORIENTED_EDGE('',*,*,#861,.F.);
#1154=ORIENTED_EDGE('',*,*,#862,.F.);
#1155=ORIENTED_EDGE('',*,*,#863,.T.);
#1156=ORIENTED_EDGE('',*,*,#864,.F.);
#1157=ORIENTED_EDGE('',*,*,#865,.F.);
#1158=ORIENTED_EDGE('',*,*,#866,.F.);
#1159=ORIENTED_EDGE('',*,*,#867,.F.);
#1160=ORIENTED_EDGE('',*,*,#868,.F.);
#1161=ORIENTED_EDGE('',*,*,#869,.F.);
#1162=ORIENTED_EDGE('',*,*,#870,.T.);
#1163=ORIENTED_EDGE('',*,*,#871,.F.);
#1164=ORIENTED_EDGE('',*,*,#859,.T.);
#1165=ORIENTED_EDGE('',*,*,#872,.F.);
#1166=ORIENTED_EDGE('',*,*,#870,.F.);
#1167=ORIENTED_EDGE('',*,*,#873,.F.);
#1168=ORIENTED_EDGE('',*,*,#874,.T.);
#1169=ORIENTED_EDGE('',*,*,#875,.F.);
#1170=ORIENTED_EDGE('',*,*,#876,.F.);
#1171=ORIENTED_EDGE('',*,*,#877,.F.);
#1172=ORIENTED_EDGE('',*,*,#863,.F.);
#1173=ORIENTED_EDGE('',*,*,#878,.F.);
#1174=ORIENTED_EDGE('',*,*,#879,.F.);
#1175=ORIENTED_EDGE('',*,*,#874,.F.);
#1176=ORIENTED_EDGE('',*,*,#880,.F.);
#1177=ORIENTED_EDGE('',*,*,#881,.F.);
#1178=ORIENTED_EDGE('',*,*,#882,.F.);
#1179=ORIENTED_EDGE('',*,*,#883,.F.);
#1180=ORIENTED_EDGE('',*,*,#884,.F.);
#1181=ORIENTED_EDGE('',*,*,#885,.F.);
#1182=ORIENTED_EDGE('',*,*,#876,.T.);
#1183=ORIENTED_EDGE('',*,*,#858,.T.);
#1184=ORIENTED_EDGE('',*,*,#871,.T.);
#1185=ORIENTED_EDGE('',*,*,#872,.T.);
#1186=ORIENTED_EDGE('',*,*,#879,.T.);
#1187=ORIENTED_EDGE('',*,*,#886,.F.);
#1188=ORIENTED_EDGE('',*,*,#887,.F.);
#1189=ORIENTED_EDGE('',*,*,#888,.F.);
#1190=ORIENTED_EDGE('',*,*,#889,.F.);
#1191=ORIENTED_EDGE('',*,*,#890,.F.);
#1192=ORIENTED_EDGE('',*,*,#884,.T.);
#1193=ORIENTED_EDGE('',*,*,#891,.F.);
#1194=ORIENTED_EDGE('',*,*,#865,.T.);
#1195=ORIENTED_EDGE('',*,*,#892,.T.);
#1196=ORIENTED_EDGE('',*,*,#880,.T.);
#1197=ORIENTED_EDGE('',*,*,#873,.T.);
#1198=ORIENTED_EDGE('',*,*,#869,.T.);
#1199=ORIENTED_EDGE('',*,*,#893,.F.);
#1200=ORIENTED_EDGE('',*,*,#894,.F.);
#1201=ORIENTED_EDGE('',*,*,#895,.F.);
#1202=ORIENTED_EDGE('',*,*,#896,.F.);
#1203=ORIENTED_EDGE('',*,*,#897,.F.);
#1204=ORIENTED_EDGE('',*,*,#883,.T.);
#1205=ORIENTED_EDGE('',*,*,#898,.F.);
#1206=ORIENTED_EDGE('',*,*,#866,.T.);
#1207=ORIENTED_EDGE('',*,*,#891,.T.);
#1208=ORIENTED_EDGE('',*,*,#882,.T.);
#1209=ORIENTED_EDGE('',*,*,#899,.F.);
#1210=ORIENTED_EDGE('',*,*,#867,.T.);
#1211=ORIENTED_EDGE('',*,*,#898,.T.);
#1212=ORIENTED_EDGE('',*,*,#881,.T.);
#1213=ORIENTED_EDGE('',*,*,#897,.T.);
#1214=ORIENTED_EDGE('',*,*,#900,.T.);
#1215=ORIENTED_EDGE('',*,*,#901,.T.);
#1216=ORIENTED_EDGE('',*,*,#902,.T.);
#1217=ORIENTED_EDGE('',*,*,#903,.T.);
#1218=ORIENTED_EDGE('',*,*,#904,.T.);
#1219=ORIENTED_EDGE('',*,*,#905,.T.);
#1220=ORIENTED_EDGE('',*,*,#906,.T.);
#1221=ORIENTED_EDGE('',*,*,#907,.T.);
#1222=ORIENTED_EDGE('',*,*,#908,.T.);
#1223=ORIENTED_EDGE('',*,*,#909,.T.);
#1224=ORIENTED_EDGE('',*,*,#910,.T.);
#1225=ORIENTED_EDGE('',*,*,#911,.T.);
#1226=ORIENTED_EDGE('',*,*,#912,.T.);
#1227=ORIENTED_EDGE('',*,*,#913,.T.);
#1228=ORIENTED_EDGE('',*,*,#914,.T.);
#1229=ORIENTED_EDGE('',*,*,#915,.T.);
#1230=ORIENTED_EDGE('',*,*,#916,.T.);
#1231=ORIENTED_EDGE('',*,*,#917,.T.);
#1232=ORIENTED_EDGE('',*,*,#918,.T.);
#1233=ORIENTED_EDGE('',*,*,#919,.T.);
#1234=ORIENTED_EDGE('',*,*,#920,.T.);
#1235=ORIENTED_EDGE('',*,*,#921,.T.);
#1236=ORIENTED_EDGE('',*,*,#922,.T.);
#1237=ORIENTED_EDGE('',*,*,#923,.T.);
#1238=ORIENTED_EDGE('',*,*,#924,.T.);
#1239=ORIENTED_EDGE('',*,*,#925,.T.);
#1240=ORIENTED_EDGE('',*,*,#926,.T.);
#1241=ORIENTED_EDGE('',*,*,#927,.T.);
#1242=ORIENTED_EDGE('',*,*,#928,.T.);
#1243=ORIENTED_EDGE('',*,*,#929,.T.);
#1244=ORIENTED_EDGE('',*,*,#930,.T.);
#1245=ORIENTED_EDGE('',*,*,#931,.T.);
#1246=ORIENTED_EDGE('',*,*,#932,.T.);
#1247=ORIENTED_EDGE('',*,*,#933,.T.);
#1248=ORIENTED_EDGE('',*,*,#934,.T.);
#1249=ORIENTED_EDGE('',*,*,#935,.T.);
#1250=ORIENTED_EDGE('',*,*,#936,.T.);
#1251=ORIENTED_EDGE('',*,*,#937,.T.);
#1252=ORIENTED_EDGE('',*,*,#938,.T.);
#1253=ORIENTED_EDGE('',*,*,#939,.T.);
#1254=ORIENTED_EDGE('',*,*,#940,.T.);
#1255=ORIENTED_EDGE('',*,*,#941,.T.);
#1256=ORIENTED_EDGE('',*,*,#942,.T.);
#1257=ORIENTED_EDGE('',*,*,#943,.T.);
#1258=ORIENTED_EDGE('',*,*,#944,.T.);
#1259=ORIENTED_EDGE('',*,*,#945,.T.);
#1260=ORIENTED_EDGE('',*,*,#946,.T.);
#1261=ORIENTED_EDGE('',*,*,#947,.T.);
#1262=ORIENTED_EDGE('',*,*,#948,.T.);
#1263=ORIENTED_EDGE('',*,*,#949,.T.);
#1264=ORIENTED_EDGE('',*,*,#950,.T.);
#1265=ORIENTED_EDGE('',*,*,#951,.T.);
#1266=ORIENTED_EDGE('',*,*,#952,.T.);
#1267=ORIENTED_EDGE('',*,*,#953,.T.);
#1268=ORIENTED_EDGE('',*,*,#954,.T.);
#1269=ORIENTED_EDGE('',*,*,#955,.T.);
#1270=ORIENTED_EDGE('',*,*,#956,.T.);
#1271=ORIENTED_EDGE('',*,*,#957,.T.);
#1272=ORIENTED_EDGE('',*,*,#958,.T.);
#1273=ORIENTED_EDGE('',*,*,#959,.T.);
#1274=ORIENTED_EDGE('',*,*,#960,.T.);
#1275=ORIENTED_EDGE('',*,*,#961,.T.);
#1276=ORIENTED_EDGE('',*,*,#962,.T.);
#1277=ORIENTED_EDGE('',*,*,#963,.T.);
#1278=ORIENTED_EDGE('',*,*,#964,.T.);
#1279=ORIENTED_EDGE('',*,*,#965,.T.);
#1280=ORIENTED_EDGE('',*,*,#966,.T.);
#1281=ORIENTED_EDGE('',*,*,#967,.T.);
#1282=ORIENTED_EDGE('',*,*,#968,.T.);
#1283=ORIENTED_EDGE('',*,*,#969,.T.);
#1284=ORIENTED_EDGE('',*,*,#970,.T.);
#1285=ORIENTED_EDGE('',*,*,#893,.T.);
#1286=ORIENTED_EDGE('',*,*,#868,.T.);
#1287=ORIENTED_EDGE('',*,*,#899,.T.);
#1288=ORIENTED_EDGE('',*,*,#971,.F.);
#1289=ORIENTED_EDGE('',*,*,#889,.T.);
#1290=ORIENTED_EDGE('',*,*,#972,.F.);
#1291=ORIENTED_EDGE('',*,*,#887,.T.);
#1292=ORIENTED_EDGE('',*,*,#973,.T.);
#1293=ORIENTED_EDGE('',*,*,#838,.T.);
#1294=ORIENTED_EDGE('',*,*,#841,.T.);
#1295=ORIENTED_EDGE('',*,*,#844,.T.);
#1296=ORIENTED_EDGE('',*,*,#847,.T.);
#1297=ORIENTED_EDGE('',*,*,#850,.T.);
#1298=ORIENTED_EDGE('',*,*,#853,.T.);
#1299=ORIENTED_EDGE('',*,*,#885,.T.);
#1300=ORIENTED_EDGE('',*,*,#892,.F.);
#1301=ORIENTED_EDGE('',*,*,#864,.T.);
#1302=ORIENTED_EDGE('',*,*,#877,.T.);
#1303=ORIENTED_EDGE('',*,*,#974,.F.);
#1304=ORIENTED_EDGE('',*,*,#975,.T.);
#1305=ORIENTED_EDGE('',*,*,#973,.F.);
#1306=ORIENTED_EDGE('',*,*,#975,.F.);
#1307=ORIENTED_EDGE('',*,*,#974,.T.);
#1308=ORIENTED_EDGE('',*,*,#840,.T.);
#1309=ORIENTED_EDGE('',*,*,#843,.T.);
#1310=ORIENTED_EDGE('',*,*,#846,.T.);
#1311=ORIENTED_EDGE('',*,*,#849,.T.);
#1312=ORIENTED_EDGE('',*,*,#852,.T.);
#1313=ORIENTED_EDGE('',*,*,#855,.T.);
#1314=ORIENTED_EDGE('',*,*,#862,.T.);
#1315=ORIENTED_EDGE('',*,*,#890,.T.);
#1316=ORIENTED_EDGE('',*,*,#971,.T.);
#1317=ORIENTED_EDGE('',*,*,#886,.T.);
#1318=ORIENTED_EDGE('',*,*,#878,.T.);
#1319=ORIENTED_EDGE('',*,*,#875,.T.);
#1320=ORIENTED_EDGE('',*,*,#976,.T.);
#1321=ORIENTED_EDGE('',*,*,#977,.T.);
#1322=ORIENTED_EDGE('',*,*,#978,.T.);
#1323=ORIENTED_EDGE('',*,*,#979,.T.);
#1324=ORIENTED_EDGE('',*,*,#980,.T.);
#1325=ORIENTED_EDGE('',*,*,#981,.T.);
#1326=ORIENTED_EDGE('',*,*,#982,.T.);
#1327=ORIENTED_EDGE('',*,*,#983,.T.);
#1328=ORIENTED_EDGE('',*,*,#984,.T.);
#1329=ORIENTED_EDGE('',*,*,#985,.T.);
#1330=ORIENTED_EDGE('',*,*,#986,.T.);
#1331=ORIENTED_EDGE('',*,*,#987,.T.);
#1332=ORIENTED_EDGE('',*,*,#988,.T.);
#1333=ORIENTED_EDGE('',*,*,#989,.T.);
#1334=ORIENTED_EDGE('',*,*,#990,.T.);
#1335=ORIENTED_EDGE('',*,*,#991,.T.);
#1336=ORIENTED_EDGE('',*,*,#992,.T.);
#1337=ORIENTED_EDGE('',*,*,#993,.T.);
#1338=ORIENTED_EDGE('',*,*,#994,.T.);
#1339=ORIENTED_EDGE('',*,*,#995,.T.);
#1340=ORIENTED_EDGE('',*,*,#996,.T.);
#1341=ORIENTED_EDGE('',*,*,#997,.T.);
#1342=ORIENTED_EDGE('',*,*,#998,.T.);
#1343=ORIENTED_EDGE('',*,*,#999,.T.);
#1344=ORIENTED_EDGE('',*,*,#1000,.T.);
#1345=ORIENTED_EDGE('',*,*,#1001,.T.);
#1346=ORIENTED_EDGE('',*,*,#1002,.T.);
#1347=ORIENTED_EDGE('',*,*,#1003,.T.);
#1348=ORIENTED_EDGE('',*,*,#1004,.T.);
#1349=ORIENTED_EDGE('',*,*,#1005,.T.);
#1350=ORIENTED_EDGE('',*,*,#1006,.T.);
#1351=ORIENTED_EDGE('',*,*,#1007,.T.);
#1352=ORIENTED_EDGE('',*,*,#1008,.T.);
#1353=ORIENTED_EDGE('',*,*,#1009,.T.);
#1354=ORIENTED_EDGE('',*,*,#1010,.T.);
#1355=ORIENTED_EDGE('',*,*,#1011,.T.);
#1356=ORIENTED_EDGE('',*,*,#1012,.T.);
#1357=ORIENTED_EDGE('',*,*,#1013,.T.);
#1358=ORIENTED_EDGE('',*,*,#1014,.T.);
#1359=ORIENTED_EDGE('',*,*,#1015,.T.);
#1360=ORIENTED_EDGE('',*,*,#1016,.T.);
#1361=ORIENTED_EDGE('',*,*,#1017,.T.);
#1362=ORIENTED_EDGE('',*,*,#1018,.T.);
#1363=ORIENTED_EDGE('',*,*,#1019,.T.);
#1364=ORIENTED_EDGE('',*,*,#1020,.T.);
#1365=ORIENTED_EDGE('',*,*,#1021,.T.);
#1366=ORIENTED_EDGE('',*,*,#1022,.T.);
#1367=ORIENTED_EDGE('',*,*,#1023,.T.);
#1368=ORIENTED_EDGE('',*,*,#1024,.T.);
#1369=ORIENTED_EDGE('',*,*,#1025,.T.);
#1370=ORIENTED_EDGE('',*,*,#1026,.T.);
#1371=ORIENTED_EDGE('',*,*,#1027,.T.);
#1372=ORIENTED_EDGE('',*,*,#1028,.T.);
#1373=ORIENTED_EDGE('',*,*,#895,.T.);
#1374=ORIENTED_EDGE('',*,*,#1029,.T.);
#1375=ORIENTED_EDGE('',*,*,#1030,.T.);
#1376=ORIENTED_EDGE('',*,*,#1031,.T.);
#1377=ORIENTED_EDGE('',*,*,#1032,.T.);
#1378=ORIENTED_EDGE('',*,*,#1033,.T.);
#1379=ORIENTED_EDGE('',*,*,#1034,.T.);
#1380=ORIENTED_EDGE('',*,*,#1035,.T.);
#1381=ORIENTED_EDGE('',*,*,#1036,.T.);
#1382=ORIENTED_EDGE('',*,*,#1037,.T.);
#1383=ORIENTED_EDGE('',*,*,#1038,.T.);
#1384=ORIENTED_EDGE('',*,*,#1039,.T.);
#1385=ORIENTED_EDGE('',*,*,#1040,.T.);
#1386=ORIENTED_EDGE('',*,*,#1041,.T.);
#1387=ORIENTED_EDGE('',*,*,#1042,.T.);
#1388=ORIENTED_EDGE('',*,*,#1043,.T.);
#1389=ORIENTED_EDGE('',*,*,#1044,.T.);
#1390=ORIENTED_EDGE('',*,*,#1045,.T.);
#1391=ORIENTED_EDGE('',*,*,#1046,.T.);
#1392=ORIENTED_EDGE('',*,*,#1047,.T.);
#1393=ORIENTED_EDGE('',*,*,#976,.F.);
#1394=ORIENTED_EDGE('',*,*,#1048,.T.);
#1395=ORIENTED_EDGE('',*,*,#1049,.F.);
#1396=ORIENTED_EDGE('',*,*,#1048,.F.);
#1397=ORIENTED_EDGE('',*,*,#1049,.T.);
#1398=ORIENTED_EDGE('',*,*,#972,.T.);
#1399=ORIENTED_EDGE('',*,*,#888,.T.);
#1400=ORIENTED_EDGE('',*,*,#951,.F.);
#1401=ORIENTED_EDGE('',*,*,#1050,.F.);
#1402=ORIENTED_EDGE('',*,*,#977,.F.);
#1403=ORIENTED_EDGE('',*,*,#1051,.F.);
#1404=ORIENTED_EDGE('',*,*,#1050,.T.);
#1405=ORIENTED_EDGE('',*,*,#950,.F.);
#1406=ORIENTED_EDGE('',*,*,#1052,.T.);
#1407=ORIENTED_EDGE('',*,*,#978,.F.);
#1408=ORIENTED_EDGE('',*,*,#949,.F.);
#1409=ORIENTED_EDGE('',*,*,#1053,.F.);
#1410=ORIENTED_EDGE('',*,*,#979,.F.);
#1411=ORIENTED_EDGE('',*,*,#1052,.F.);
#1412=ORIENTED_EDGE('',*,*,#1053,.T.);
#1413=ORIENTED_EDGE('',*,*,#948,.F.);
#1414=ORIENTED_EDGE('',*,*,#1054,.T.);
#1415=ORIENTED_EDGE('',*,*,#980,.F.);
#1416=ORIENTED_EDGE('',*,*,#947,.F.);
#1417=ORIENTED_EDGE('',*,*,#1055,.F.);
#1418=ORIENTED_EDGE('',*,*,#981,.F.);
#1419=ORIENTED_EDGE('',*,*,#1054,.F.);
#1420=ORIENTED_EDGE('',*,*,#1055,.T.);
#1421=ORIENTED_EDGE('',*,*,#946,.F.);
#1422=ORIENTED_EDGE('',*,*,#1056,.T.);
#1423=ORIENTED_EDGE('',*,*,#982,.F.);
#1424=ORIENTED_EDGE('',*,*,#945,.F.);
#1425=ORIENTED_EDGE('',*,*,#1057,.F.);
#1426=ORIENTED_EDGE('',*,*,#983,.F.);
#1427=ORIENTED_EDGE('',*,*,#1056,.F.);
#1428=ORIENTED_EDGE('',*,*,#1057,.T.);
#1429=ORIENTED_EDGE('',*,*,#944,.F.);
#1430=ORIENTED_EDGE('',*,*,#1058,.T.);
#1431=ORIENTED_EDGE('',*,*,#984,.F.);
#1432=ORIENTED_EDGE('',*,*,#943,.F.);
#1433=ORIENTED_EDGE('',*,*,#1059,.F.);
#1434=ORIENTED_EDGE('',*,*,#985,.F.);
#1435=ORIENTED_EDGE('',*,*,#1058,.F.);
#1436=ORIENTED_EDGE('',*,*,#1059,.T.);
#1437=ORIENTED_EDGE('',*,*,#942,.F.);
#1438=ORIENTED_EDGE('',*,*,#1060,.T.);
#1439=ORIENTED_EDGE('',*,*,#986,.F.);
#1440=ORIENTED_EDGE('',*,*,#941,.F.);
#1441=ORIENTED_EDGE('',*,*,#1061,.F.);
#1442=ORIENTED_EDGE('',*,*,#987,.F.);
#1443=ORIENTED_EDGE('',*,*,#1060,.F.);
#1444=ORIENTED_EDGE('',*,*,#1061,.T.);
#1445=ORIENTED_EDGE('',*,*,#940,.F.);
#1446=ORIENTED_EDGE('',*,*,#1062,.T.);
#1447=ORIENTED_EDGE('',*,*,#988,.F.);
#1448=ORIENTED_EDGE('',*,*,#939,.F.);
#1449=ORIENTED_EDGE('',*,*,#1063,.F.);
#1450=ORIENTED_EDGE('',*,*,#989,.F.);
#1451=ORIENTED_EDGE('',*,*,#1062,.F.);
#1452=ORIENTED_EDGE('',*,*,#1063,.T.);
#1453=ORIENTED_EDGE('',*,*,#938,.F.);
#1454=ORIENTED_EDGE('',*,*,#1064,.T.);
#1455=ORIENTED_EDGE('',*,*,#990,.F.);
#1456=ORIENTED_EDGE('',*,*,#937,.F.);
#1457=ORIENTED_EDGE('',*,*,#1065,.F.);
#1458=ORIENTED_EDGE('',*,*,#991,.F.);
#1459=ORIENTED_EDGE('',*,*,#1064,.F.);
#1460=ORIENTED_EDGE('',*,*,#1065,.T.);
#1461=ORIENTED_EDGE('',*,*,#936,.F.);
#1462=ORIENTED_EDGE('',*,*,#1066,.T.);
#1463=ORIENTED_EDGE('',*,*,#992,.F.);
#1464=ORIENTED_EDGE('',*,*,#935,.F.);
#1465=ORIENTED_EDGE('',*,*,#1067,.F.);
#1466=ORIENTED_EDGE('',*,*,#993,.F.);
#1467=ORIENTED_EDGE('',*,*,#1066,.F.);
#1468=ORIENTED_EDGE('',*,*,#1067,.T.);
#1469=ORIENTED_EDGE('',*,*,#934,.F.);
#1470=ORIENTED_EDGE('',*,*,#1068,.T.);
#1471=ORIENTED_EDGE('',*,*,#994,.F.);
#1472=ORIENTED_EDGE('',*,*,#933,.F.);
#1473=ORIENTED_EDGE('',*,*,#1069,.F.);
#1474=ORIENTED_EDGE('',*,*,#995,.F.);
#1475=ORIENTED_EDGE('',*,*,#1068,.F.);
#1476=ORIENTED_EDGE('',*,*,#1069,.T.);
#1477=ORIENTED_EDGE('',*,*,#932,.F.);
#1478=ORIENTED_EDGE('',*,*,#1070,.T.);
#1479=ORIENTED_EDGE('',*,*,#996,.F.);
#1480=ORIENTED_EDGE('',*,*,#931,.F.);
#1481=ORIENTED_EDGE('',*,*,#1071,.F.);
#1482=ORIENTED_EDGE('',*,*,#997,.F.);
#1483=ORIENTED_EDGE('',*,*,#1070,.F.);
#1484=ORIENTED_EDGE('',*,*,#1071,.T.);
#1485=ORIENTED_EDGE('',*,*,#930,.F.);
#1486=ORIENTED_EDGE('',*,*,#1072,.T.);
#1487=ORIENTED_EDGE('',*,*,#998,.F.);
#1488=ORIENTED_EDGE('',*,*,#929,.F.);
#1489=ORIENTED_EDGE('',*,*,#1073,.F.);
#1490=ORIENTED_EDGE('',*,*,#999,.F.);
#1491=ORIENTED_EDGE('',*,*,#1072,.F.);
#1492=ORIENTED_EDGE('',*,*,#1073,.T.);
#1493=ORIENTED_EDGE('',*,*,#928,.F.);
#1494=ORIENTED_EDGE('',*,*,#1074,.T.);
#1495=ORIENTED_EDGE('',*,*,#1000,.F.);
#1496=ORIENTED_EDGE('',*,*,#927,.F.);
#1497=ORIENTED_EDGE('',*,*,#1075,.F.);
#1498=ORIENTED_EDGE('',*,*,#1001,.F.);
#1499=ORIENTED_EDGE('',*,*,#1074,.F.);
#1500=ORIENTED_EDGE('',*,*,#1075,.T.);
#1501=ORIENTED_EDGE('',*,*,#926,.F.);
#1502=ORIENTED_EDGE('',*,*,#1076,.T.);
#1503=ORIENTED_EDGE('',*,*,#1002,.F.);
#1504=ORIENTED_EDGE('',*,*,#925,.F.);
#1505=ORIENTED_EDGE('',*,*,#1077,.F.);
#1506=ORIENTED_EDGE('',*,*,#1003,.F.);
#1507=ORIENTED_EDGE('',*,*,#1076,.F.);
#1508=ORIENTED_EDGE('',*,*,#1077,.T.);
#1509=ORIENTED_EDGE('',*,*,#924,.F.);
#1510=ORIENTED_EDGE('',*,*,#1078,.T.);
#1511=ORIENTED_EDGE('',*,*,#1004,.F.);
#1512=ORIENTED_EDGE('',*,*,#923,.F.);
#1513=ORIENTED_EDGE('',*,*,#1079,.F.);
#1514=ORIENTED_EDGE('',*,*,#1005,.F.);
#1515=ORIENTED_EDGE('',*,*,#1078,.F.);
#1516=ORIENTED_EDGE('',*,*,#1079,.T.);
#1517=ORIENTED_EDGE('',*,*,#922,.F.);
#1518=ORIENTED_EDGE('',*,*,#1080,.T.);
#1519=ORIENTED_EDGE('',*,*,#1006,.F.);
#1520=ORIENTED_EDGE('',*,*,#921,.F.);
#1521=ORIENTED_EDGE('',*,*,#1081,.F.);
#1522=ORIENTED_EDGE('',*,*,#1007,.F.);
#1523=ORIENTED_EDGE('',*,*,#1080,.F.);
#1524=ORIENTED_EDGE('',*,*,#1081,.T.);
#1525=ORIENTED_EDGE('',*,*,#920,.F.);
#1526=ORIENTED_EDGE('',*,*,#1082,.T.);
#1527=ORIENTED_EDGE('',*,*,#1008,.F.);
#1528=ORIENTED_EDGE('',*,*,#919,.F.);
#1529=ORIENTED_EDGE('',*,*,#1083,.F.);
#1530=ORIENTED_EDGE('',*,*,#1009,.F.);
#1531=ORIENTED_EDGE('',*,*,#1082,.F.);
#1532=ORIENTED_EDGE('',*,*,#1083,.T.);
#1533=ORIENTED_EDGE('',*,*,#918,.F.);
#1534=ORIENTED_EDGE('',*,*,#1084,.T.);
#1535=ORIENTED_EDGE('',*,*,#1010,.F.);
#1536=ORIENTED_EDGE('',*,*,#917,.F.);
#1537=ORIENTED_EDGE('',*,*,#1085,.F.);
#1538=ORIENTED_EDGE('',*,*,#1011,.F.);
#1539=ORIENTED_EDGE('',*,*,#1084,.F.);
#1540=ORIENTED_EDGE('',*,*,#1085,.T.);
#1541=ORIENTED_EDGE('',*,*,#916,.F.);
#1542=ORIENTED_EDGE('',*,*,#1086,.T.);
#1543=ORIENTED_EDGE('',*,*,#1012,.F.);
#1544=ORIENTED_EDGE('',*,*,#915,.F.);
#1545=ORIENTED_EDGE('',*,*,#1087,.F.);
#1546=ORIENTED_EDGE('',*,*,#1013,.F.);
#1547=ORIENTED_EDGE('',*,*,#1086,.F.);
#1548=ORIENTED_EDGE('',*,*,#1087,.T.);
#1549=ORIENTED_EDGE('',*,*,#914,.F.);
#1550=ORIENTED_EDGE('',*,*,#1088,.T.);
#1551=ORIENTED_EDGE('',*,*,#1014,.F.);
#1552=ORIENTED_EDGE('',*,*,#913,.F.);
#1553=ORIENTED_EDGE('',*,*,#1089,.F.);
#1554=ORIENTED_EDGE('',*,*,#1015,.F.);
#1555=ORIENTED_EDGE('',*,*,#1088,.F.);
#1556=ORIENTED_EDGE('',*,*,#1089,.T.);
#1557=ORIENTED_EDGE('',*,*,#912,.F.);
#1558=ORIENTED_EDGE('',*,*,#1090,.T.);
#1559=ORIENTED_EDGE('',*,*,#1016,.F.);
#1560=ORIENTED_EDGE('',*,*,#911,.F.);
#1561=ORIENTED_EDGE('',*,*,#1091,.F.);
#1562=ORIENTED_EDGE('',*,*,#1017,.F.);
#1563=ORIENTED_EDGE('',*,*,#1090,.F.);
#1564=ORIENTED_EDGE('',*,*,#1091,.T.);
#1565=ORIENTED_EDGE('',*,*,#910,.F.);
#1566=ORIENTED_EDGE('',*,*,#1092,.T.);
#1567=ORIENTED_EDGE('',*,*,#1018,.F.);
#1568=ORIENTED_EDGE('',*,*,#909,.F.);
#1569=ORIENTED_EDGE('',*,*,#1093,.F.);
#1570=ORIENTED_EDGE('',*,*,#1019,.F.);
#1571=ORIENTED_EDGE('',*,*,#1092,.F.);
#1572=ORIENTED_EDGE('',*,*,#1093,.T.);
#1573=ORIENTED_EDGE('',*,*,#908,.F.);
#1574=ORIENTED_EDGE('',*,*,#1094,.T.);
#1575=ORIENTED_EDGE('',*,*,#1020,.F.);
#1576=ORIENTED_EDGE('',*,*,#907,.F.);
#1577=ORIENTED_EDGE('',*,*,#1095,.F.);
#1578=ORIENTED_EDGE('',*,*,#1021,.F.);
#1579=ORIENTED_EDGE('',*,*,#1094,.F.);
#1580=ORIENTED_EDGE('',*,*,#1095,.T.);
#1581=ORIENTED_EDGE('',*,*,#906,.F.);
#1582=ORIENTED_EDGE('',*,*,#1096,.T.);
#1583=ORIENTED_EDGE('',*,*,#1022,.F.);
#1584=ORIENTED_EDGE('',*,*,#905,.F.);
#1585=ORIENTED_EDGE('',*,*,#1097,.F.);
#1586=ORIENTED_EDGE('',*,*,#1023,.F.);
#1587=ORIENTED_EDGE('',*,*,#1096,.F.);
#1588=ORIENTED_EDGE('',*,*,#1097,.T.);
#1589=ORIENTED_EDGE('',*,*,#904,.F.);
#1590=ORIENTED_EDGE('',*,*,#1098,.T.);
#1591=ORIENTED_EDGE('',*,*,#1024,.F.);
#1592=ORIENTED_EDGE('',*,*,#903,.F.);
#1593=ORIENTED_EDGE('',*,*,#1099,.F.);
#1594=ORIENTED_EDGE('',*,*,#1025,.F.);
#1595=ORIENTED_EDGE('',*,*,#1098,.F.);
#1596=ORIENTED_EDGE('',*,*,#1099,.T.);
#1597=ORIENTED_EDGE('',*,*,#902,.F.);
#1598=ORIENTED_EDGE('',*,*,#1100,.T.);
#1599=ORIENTED_EDGE('',*,*,#1026,.F.);
#1600=ORIENTED_EDGE('',*,*,#901,.F.);
#1601=ORIENTED_EDGE('',*,*,#1101,.F.);
#1602=ORIENTED_EDGE('',*,*,#1027,.F.);
#1603=ORIENTED_EDGE('',*,*,#1100,.F.);
#1604=ORIENTED_EDGE('',*,*,#1101,.T.);
#1605=ORIENTED_EDGE('',*,*,#900,.F.);
#1606=ORIENTED_EDGE('',*,*,#896,.T.);
#1607=ORIENTED_EDGE('',*,*,#1028,.F.);
#1608=ORIENTED_EDGE('',*,*,#894,.T.);
#1609=ORIENTED_EDGE('',*,*,#970,.F.);
#1610=ORIENTED_EDGE('',*,*,#1102,.T.);
#1611=ORIENTED_EDGE('',*,*,#1029,.F.);
#1612=ORIENTED_EDGE('',*,*,#969,.F.);
#1613=ORIENTED_EDGE('',*,*,#1103,.F.);
#1614=ORIENTED_EDGE('',*,*,#1030,.F.);
#1615=ORIENTED_EDGE('',*,*,#1102,.F.);
#1616=ORIENTED_EDGE('',*,*,#1103,.T.);
#1617=ORIENTED_EDGE('',*,*,#968,.F.);
#1618=ORIENTED_EDGE('',*,*,#1104,.T.);
#1619=ORIENTED_EDGE('',*,*,#1031,.F.);
#1620=ORIENTED_EDGE('',*,*,#967,.F.);
#1621=ORIENTED_EDGE('',*,*,#1105,.F.);
#1622=ORIENTED_EDGE('',*,*,#1032,.F.);
#1623=ORIENTED_EDGE('',*,*,#1104,.F.);
#1624=ORIENTED_EDGE('',*,*,#1105,.T.);
#1625=ORIENTED_EDGE('',*,*,#966,.F.);
#1626=ORIENTED_EDGE('',*,*,#1106,.T.);
#1627=ORIENTED_EDGE('',*,*,#1033,.F.);
#1628=ORIENTED_EDGE('',*,*,#965,.F.);
#1629=ORIENTED_EDGE('',*,*,#1107,.F.);
#1630=ORIENTED_EDGE('',*,*,#1034,.F.);
#1631=ORIENTED_EDGE('',*,*,#1106,.F.);
#1632=ORIENTED_EDGE('',*,*,#1107,.T.);
#1633=ORIENTED_EDGE('',*,*,#964,.F.);
#1634=ORIENTED_EDGE('',*,*,#1108,.T.);
#1635=ORIENTED_EDGE('',*,*,#1035,.F.);
#1636=ORIENTED_EDGE('',*,*,#963,.F.);
#1637=ORIENTED_EDGE('',*,*,#1109,.F.);
#1638=ORIENTED_EDGE('',*,*,#1036,.F.);
#1639=ORIENTED_EDGE('',*,*,#1108,.F.);
#1640=ORIENTED_EDGE('',*,*,#1109,.T.);
#1641=ORIENTED_EDGE('',*,*,#962,.F.);
#1642=ORIENTED_EDGE('',*,*,#1110,.T.);
#1643=ORIENTED_EDGE('',*,*,#1037,.F.);
#1644=ORIENTED_EDGE('',*,*,#961,.F.);
#1645=ORIENTED_EDGE('',*,*,#1111,.F.);
#1646=ORIENTED_EDGE('',*,*,#1038,.F.);
#1647=ORIENTED_EDGE('',*,*,#1110,.F.);
#1648=ORIENTED_EDGE('',*,*,#1111,.T.);
#1649=ORIENTED_EDGE('',*,*,#960,.F.);
#1650=ORIENTED_EDGE('',*,*,#1112,.T.);
#1651=ORIENTED_EDGE('',*,*,#1039,.F.);
#1652=ORIENTED_EDGE('',*,*,#959,.F.);
#1653=ORIENTED_EDGE('',*,*,#1113,.F.);
#1654=ORIENTED_EDGE('',*,*,#1040,.F.);
#1655=ORIENTED_EDGE('',*,*,#1112,.F.);
#1656=ORIENTED_EDGE('',*,*,#1113,.T.);
#1657=ORIENTED_EDGE('',*,*,#958,.F.);
#1658=ORIENTED_EDGE('',*,*,#1114,.T.);
#1659=ORIENTED_EDGE('',*,*,#1041,.F.);
#1660=ORIENTED_EDGE('',*,*,#957,.F.);
#1661=ORIENTED_EDGE('',*,*,#1115,.F.);
#1662=ORIENTED_EDGE('',*,*,#1042,.F.);
#1663=ORIENTED_EDGE('',*,*,#1114,.F.);
#1664=ORIENTED_EDGE('',*,*,#1115,.T.);
#1665=ORIENTED_EDGE('',*,*,#956,.F.);
#1666=ORIENTED_EDGE('',*,*,#1116,.T.);
#1667=ORIENTED_EDGE('',*,*,#1043,.F.);
#1668=ORIENTED_EDGE('',*,*,#1044,.F.);
#1669=ORIENTED_EDGE('',*,*,#1116,.F.);
#1670=ORIENTED_EDGE('',*,*,#955,.F.);
#1671=ORIENTED_EDGE('',*,*,#1117,.F.);
#1672=ORIENTED_EDGE('',*,*,#1051,.T.);
#1673=ORIENTED_EDGE('',*,*,#1047,.F.);
#1674=ORIENTED_EDGE('',*,*,#1118,.T.);
#1675=ORIENTED_EDGE('',*,*,#952,.F.);
#1676=ORIENTED_EDGE('',*,*,#1118,.F.);
#1677=ORIENTED_EDGE('',*,*,#1046,.F.);
#1678=ORIENTED_EDGE('',*,*,#1119,.F.);
#1679=ORIENTED_EDGE('',*,*,#953,.F.);
#1680=ORIENTED_EDGE('',*,*,#1117,.T.);
#1681=ORIENTED_EDGE('',*,*,#954,.F.);
#1682=ORIENTED_EDGE('',*,*,#1119,.T.);
#1683=ORIENTED_EDGE('',*,*,#1045,.F.);
#1684=CYLINDRICAL_SURFACE('',#1881,2.7);
#1685=CYLINDRICAL_SURFACE('',#1884,2.7);
#1686=CYLINDRICAL_SURFACE('',#1887,2.7);
#1687=CYLINDRICAL_SURFACE('',#1890,2.7);
#1688=CYLINDRICAL_SURFACE('',#1893,2.7);
#1689=CYLINDRICAL_SURFACE('',#1896,2.7);
#1690=CYLINDRICAL_SURFACE('',#1899,2.7);
#1691=CYLINDRICAL_SURFACE('',#1902,2.7);
#1692=CYLINDRICAL_SURFACE('',#1913,8.65);
#1693=CYLINDRICAL_SURFACE('',#1917,22.);
#1694=CYLINDRICAL_SURFACE('',#1920,0.927);
#1695=CYLINDRICAL_SURFACE('',#1926,19.3077338539247);
#1696=CYLINDRICAL_SURFACE('',#2003,39.);
#1697=CYLINDRICAL_SURFACE('',#2079,19.3077338539247);
#1698=CYLINDRICAL_SURFACE('',#2082,0.927);
#1699=CYLINDRICAL_SURFACE('',#2083,16.8077338539247);
#1700=CYLINDRICAL_SURFACE('',#2084,0.927);
#1701=CYLINDRICAL_SURFACE('',#2085,16.8077338539247);
#1702=CYLINDRICAL_SURFACE('',#2086,0.927);
#1703=CYLINDRICAL_SURFACE('',#2087,16.8077338539247);
#1704=CYLINDRICAL_SURFACE('',#2088,0.927);
#1705=CYLINDRICAL_SURFACE('',#2089,16.8077338539247);
#1706=CYLINDRICAL_SURFACE('',#2090,0.927);
#1707=CYLINDRICAL_SURFACE('',#2091,16.8077338539247);
#1708=CYLINDRICAL_SURFACE('',#2092,0.927);
#1709=CYLINDRICAL_SURFACE('',#2093,16.8077338539247);
#1710=CYLINDRICAL_SURFACE('',#2094,0.927);
#1711=CYLINDRICAL_SURFACE('',#2095,16.8077338539247);
#1712=CYLINDRICAL_SURFACE('',#2096,0.927);
#1713=CYLINDRICAL_SURFACE('',#2097,16.8077338539247);
#1714=CYLINDRICAL_SURFACE('',#2098,0.927);
#1715=CYLINDRICAL_SURFACE('',#2099,16.8077338539247);
#1716=CYLINDRICAL_SURFACE('',#2100,0.927);
#1717=CYLINDRICAL_SURFACE('',#2101,16.8077338539247);
#1718=CYLINDRICAL_SURFACE('',#2102,0.927);
#1719=CYLINDRICAL_SURFACE('',#2103,16.8077338539247);
#1720=CYLINDRICAL_SURFACE('',#2104,0.927);
#1721=CYLINDRICAL_SURFACE('',#2105,16.8077338539247);
#1722=CYLINDRICAL_SURFACE('',#2106,0.927);
#1723=CYLINDRICAL_SURFACE('',#2107,16.8077338539247);
#1724=CYLINDRICAL_SURFACE('',#2108,0.927);
#1725=CYLINDRICAL_SURFACE('',#2109,16.8077338539247);
#1726=CYLINDRICAL_SURFACE('',#2110,0.927);
#1727=CYLINDRICAL_SURFACE('',#2111,16.8077338539247);
#1728=CYLINDRICAL_SURFACE('',#2112,0.927);
#1729=CYLINDRICAL_SURFACE('',#2113,16.8077338539247);
#1730=CYLINDRICAL_SURFACE('',#2114,0.927);
#1731=CYLINDRICAL_SURFACE('',#2115,16.8077338539247);
#1732=CYLINDRICAL_SURFACE('',#2116,0.927);
#1733=CYLINDRICAL_SURFACE('',#2117,16.8077338539247);
#1734=CYLINDRICAL_SURFACE('',#2118,0.927);
#1735=CYLINDRICAL_SURFACE('',#2119,16.8077338539247);
#1736=CYLINDRICAL_SURFACE('',#2120,0.927);
#1737=CYLINDRICAL_SURFACE('',#2121,16.8077338539247);
#1738=CYLINDRICAL_SURFACE('',#2122,0.927);
#1739=CYLINDRICAL_SURFACE('',#2123,16.8077338539247);
#1740=CYLINDRICAL_SURFACE('',#2124,0.927);
#1741=CYLINDRICAL_SURFACE('',#2125,16.8077338539247);
#1742=CYLINDRICAL_SURFACE('',#2126,0.927);
#1743=CYLINDRICAL_SURFACE('',#2127,16.8077338539247);
#1744=CYLINDRICAL_SURFACE('',#2128,0.927);
#1745=CYLINDRICAL_SURFACE('',#2129,16.8077338539247);
#1746=CYLINDRICAL_SURFACE('',#2130,0.927);
#1747=CYLINDRICAL_SURFACE('',#2131,16.8077338539247);
#1748=CYLINDRICAL_SURFACE('',#2132,0.927);
#1749=CYLINDRICAL_SURFACE('',#2133,16.8077338539247);
#1750=CYLINDRICAL_SURFACE('',#2134,16.8077338539247);
#1751=CYLINDRICAL_SURFACE('',#2135,0.927);
#1752=CYLINDRICAL_SURFACE('',#2136,16.8077338539247);
#1753=CYLINDRICAL_SURFACE('',#2137,0.927);
#1754=CYLINDRICAL_SURFACE('',#2138,16.8077338539247);
#1755=CYLINDRICAL_SURFACE('',#2139,0.927);
#1756=CYLINDRICAL_SURFACE('',#2140,16.8077338539247);
#1757=CYLINDRICAL_SURFACE('',#2141,0.927);
#1758=CYLINDRICAL_SURFACE('',#2142,16.8077338539247);
#1759=CYLINDRICAL_SURFACE('',#2143,0.927);
#1760=CYLINDRICAL_SURFACE('',#2144,16.8077338539247);
#1761=CYLINDRICAL_SURFACE('',#2145,0.927);
#1762=CYLINDRICAL_SURFACE('',#2146,16.8077338539247);
#1763=CYLINDRICAL_SURFACE('',#2147,0.927);
#1764=CYLINDRICAL_SURFACE('',#2148,16.8077338539247);
#1765=CYLINDRICAL_SURFACE('',#2149,0.927);
#1766=CYLINDRICAL_SURFACE('',#2150,16.8077338539247);
#1767=CYLINDRICAL_SURFACE('',#2151,0.927);
#1768=CYLINDRICAL_SURFACE('',#2152,16.8077338539247);
#1769=ADVANCED_FACE('',(#46),#1684,.F.);
#1770=ADVANCED_FACE('',(#47),#1685,.F.);
#1771=ADVANCED_FACE('',(#48),#1686,.F.);
#1772=ADVANCED_FACE('',(#49),#1687,.F.);
#1773=ADVANCED_FACE('',(#50),#1688,.F.);
#1774=ADVANCED_FACE('',(#51),#1689,.F.);
#1775=ADVANCED_FACE('',(#52),#1690,.F.);
#1776=ADVANCED_FACE('',(#53),#1691,.F.);
#1777=ADVANCED_FACE('',(#54),#33,.F.);
#1778=ADVANCED_FACE('',(#55),#34,.F.);
#1779=ADVANCED_FACE('',(#56,#15),#35,.T.);
#1780=ADVANCED_FACE('',(#57),#36,.T.);
#1781=ADVANCED_FACE('',(#58),#37,.F.);
#1782=ADVANCED_FACE('',(#59,#16),#38,.T.);
#1783=ADVANCED_FACE('',(#60),#1692,.F.);
#1784=ADVANCED_FACE('',(#61),#1693,.T.);
#1785=ADVANCED_FACE('',(#62),#1694,.F.);
#1786=ADVANCED_FACE('',(#63),#39,.T.);
#1787=ADVANCED_FACE('',(#64),#1695,.T.);
#1788=ADVANCED_FACE('',(#65),#40,.T.);
#1789=ADVANCED_FACE('',(#66),#41,.F.);
#1790=ADVANCED_FACE('',(#67,#17,#18,#19,#20,#21,#22,#23),#42,.T.);
#1791=ADVANCED_FACE('',(#68),#1696,.T.);
#1792=ADVANCED_FACE('',(#69,#24,#25,#26,#27,#28,#29,#30),#43,.T.);
#1793=ADVANCED_FACE('',(#70,#31),#44,.T.);
#1794=ADVANCED_FACE('',(#71),#1697,.T.);
#1795=ADVANCED_FACE('',(#72,#32),#45,.T.);
#1796=ADVANCED_FACE('',(#73),#1698,.F.);
#1797=ADVANCED_FACE('',(#74),#1699,.T.);
#1798=ADVANCED_FACE('',(#75),#1700,.F.);
#1799=ADVANCED_FACE('',(#76),#1701,.T.);
#1800=ADVANCED_FACE('',(#77),#1702,.F.);
#1801=ADVANCED_FACE('',(#78),#1703,.T.);
#1802=ADVANCED_FACE('',(#79),#1704,.F.);
#1803=ADVANCED_FACE('',(#80),#1705,.T.);
#1804=ADVANCED_FACE('',(#81),#1706,.F.);
#1805=ADVANCED_FACE('',(#82),#1707,.T.);
#1806=ADVANCED_FACE('',(#83),#1708,.F.);
#1807=ADVANCED_FACE('',(#84),#1709,.T.);
#1808=ADVANCED_FACE('',(#85),#1710,.F.);
#1809=ADVANCED_FACE('',(#86),#1711,.T.);
#1810=ADVANCED_FACE('',(#87),#1712,.F.);
#1811=ADVANCED_FACE('',(#88),#1713,.T.);
#1812=ADVANCED_FACE('',(#89),#1714,.F.);
#1813=ADVANCED_FACE('',(#90),#1715,.T.);
#1814=ADVANCED_FACE('',(#91),#1716,.F.);
#1815=ADVANCED_FACE('',(#92),#1717,.T.);
#1816=ADVANCED_FACE('',(#93),#1718,.F.);
#1817=ADVANCED_FACE('',(#94),#1719,.T.);
#1818=ADVANCED_FACE('',(#95),#1720,.F.);
#1819=ADVANCED_FACE('',(#96),#1721,.T.);
#1820=ADVANCED_FACE('',(#97),#1722,.F.);
#1821=ADVANCED_FACE('',(#98),#1723,.T.);
#1822=ADVANCED_FACE('',(#99),#1724,.F.);
#1823=ADVANCED_FACE('',(#100),#1725,.T.);
#1824=ADVANCED_FACE('',(#101),#1726,.F.);
#1825=ADVANCED_FACE('',(#102),#1727,.T.);
#1826=ADVANCED_FACE('',(#103),#1728,.F.);
#1827=ADVANCED_FACE('',(#104),#1729,.T.);
#1828=ADVANCED_FACE('',(#105),#1730,.F.);
#1829=ADVANCED_FACE('',(#106),#1731,.T.);
#1830=ADVANCED_FACE('',(#107),#1732,.F.);
#1831=ADVANCED_FACE('',(#108),#1733,.T.);
#1832=ADVANCED_FACE('',(#109),#1734,.F.);
#1833=ADVANCED_FACE('',(#110),#1735,.T.);
#1834=ADVANCED_FACE('',(#111),#1736,.F.);
#1835=ADVANCED_FACE('',(#112),#1737,.T.);
#1836=ADVANCED_FACE('',(#113),#1738,.F.);
#1837=ADVANCED_FACE('',(#114),#1739,.T.);
#1838=ADVANCED_FACE('',(#115),#1740,.F.);
#1839=ADVANCED_FACE('',(#116),#1741,.T.);
#1840=ADVANCED_FACE('',(#117),#1742,.F.);
#1841=ADVANCED_FACE('',(#118),#1743,.T.);
#1842=ADVANCED_FACE('',(#119),#1744,.F.);
#1843=ADVANCED_FACE('',(#120),#1745,.T.);
#1844=ADVANCED_FACE('',(#121),#1746,.F.);
#1845=ADVANCED_FACE('',(#122),#1747,.T.);
#1846=ADVANCED_FACE('',(#123),#1748,.F.);
#1847=ADVANCED_FACE('',(#124),#1749,.T.);
#1848=ADVANCED_FACE('',(#125),#1750,.T.);
#1849=ADVANCED_FACE('',(#126),#1751,.F.);
#1850=ADVANCED_FACE('',(#127),#1752,.T.);
#1851=ADVANCED_FACE('',(#128),#1753,.F.);
#1852=ADVANCED_FACE('',(#129),#1754,.T.);
#1853=ADVANCED_FACE('',(#130),#1755,.F.);
#1854=ADVANCED_FACE('',(#131),#1756,.T.);
#1855=ADVANCED_FACE('',(#132),#1757,.F.);
#1856=ADVANCED_FACE('',(#133),#1758,.T.);
#1857=ADVANCED_FACE('',(#134),#1759,.F.);
#1858=ADVANCED_FACE('',(#135),#1760,.T.);
#1859=ADVANCED_FACE('',(#136),#1761,.F.);
#1860=ADVANCED_FACE('',(#137),#1762,.T.);
#1861=ADVANCED_FACE('',(#138),#1763,.F.);
#1862=ADVANCED_FACE('',(#139),#1764,.T.);
#1863=ADVANCED_FACE('',(#140),#1765,.F.);
#1864=ADVANCED_FACE('',(#141),#1766,.T.);
#1865=ADVANCED_FACE('',(#142),#1767,.F.);
#1866=ADVANCED_FACE('',(#143),#1768,.T.);
#1867=CLOSED_SHELL('',(#1769,#1770,#1771,#1772,#1773,#1774,#1775,#1776,
#1777,#1778,#1779,#1780,#1781,#1782,#1783,#1784,#1785,#1786,#1787,#1788,
#1789,#1790,#1791,#1792,#1793,#1794,#1795,#1796,#1797,#1798,#1799,#1800,
#1801,#1802,#1803,#1804,#1805,#1806,#1807,#1808,#1809,#1810,#1811,#1812,
#1813,#1814,#1815,#1816,#1817,#1818,#1819,#1820,#1821,#1822,#1823,#1824,
#1825,#1826,#1827,#1828,#1829,#1830,#1831,#1832,#1833,#1834,#1835,#1836,
#1837,#1838,#1839,#1840,#1841,#1842,#1843,#1844,#1845,#1846,#1847,#1848,
#1849,#1850,#1851,#1852,#1853,#1854,#1855,#1856,#1857,#1858,#1859,#1860,
#1861,#1862,#1863,#1864,#1865,#1866));
#1868=DERIVED_UNIT_ELEMENT(#1870,1.);
#1869=DERIVED_UNIT_ELEMENT(#3381,-3.);
#1870=(
MASS_UNIT()
NAMED_UNIT(*)
SI_UNIT(.KILO.,.GRAM.)
);
#1871=DERIVED_UNIT((#1868,#1869));
#1872=MEASURE_REPRESENTATION_ITEM('density measure',
POSITIVE_RATIO_MEASURE(7850.),#1871);
#1873=PROPERTY_DEFINITION_REPRESENTATION(#1878,#1875);
#1874=PROPERTY_DEFINITION_REPRESENTATION(#1879,#1876);
#1875=REPRESENTATION('material name',(#1877),#3378);
#1876=REPRESENTATION('density',(#1872),#3378);
#1877=DESCRIPTIVE_REPRESENTATION_ITEM('Steel','Steel');
#1878=PROPERTY_DEFINITION('material property','material name',#3388);
#1879=PROPERTY_DEFINITION('material property','density of part',#3388);
#1880=AXIS2_PLACEMENT_3D('',#2807,#2153,#2154);
#1881=AXIS2_PLACEMENT_3D('',#2808,#2155,#2156);
#1882=AXIS2_PLACEMENT_3D('',#2810,#2157,#2158);
#1883=AXIS2_PLACEMENT_3D('',#2813,#2160,#2161);
#1884=AXIS2_PLACEMENT_3D('',#2814,#2162,#2163);
#1885=AXIS2_PLACEMENT_3D('',#2816,#2164,#2165);
#1886=AXIS2_PLACEMENT_3D('',#2819,#2167,#2168);
#1887=AXIS2_PLACEMENT_3D('',#2820,#2169,#2170);
#1888=AXIS2_PLACEMENT_3D('',#2822,#2171,#2172);
#1889=AXIS2_PLACEMENT_3D('',#2825,#2174,#2175);
#1890=AXIS2_PLACEMENT_3D('',#2826,#2176,#2177);
#1891=AXIS2_PLACEMENT_3D('',#2828,#2178,#2179);
#1892=AXIS2_PLACEMENT_3D('',#2831,#2181,#2182);
#1893=AXIS2_PLACEMENT_3D('',#2832,#2183,#2184);
#1894=AXIS2_PLACEMENT_3D('',#2834,#2185,#2186);
#1895=AXIS2_PLACEMENT_3D('',#2837,#2188,#2189);
#1896=AXIS2_PLACEMENT_3D('',#2838,#2190,#2191);
#1897=AXIS2_PLACEMENT_3D('',#2840,#2192,#2193);
#1898=AXIS2_PLACEMENT_3D('',#2843,#2195,#2196);
#1899=AXIS2_PLACEMENT_3D('',#2844,#2197,#2198);
#1900=AXIS2_PLACEMENT_3D('',#2846,#2199,#2200);
#1901=AXIS2_PLACEMENT_3D('',#2849,#2202,#2203);
#1902=AXIS2_PLACEMENT_3D('',#2850,#2204,#2205);
#1903=AXIS2_PLACEMENT_3D('',#2852,#2206,#2207);
#1904=AXIS2_PLACEMENT_3D('',#2855,#2209,#2210);
#1905=AXIS2_PLACEMENT_3D('',#2856,#2211,#2212);
#1906=AXIS2_PLACEMENT_3D('',#2857,#2213,#2214);
#1907=AXIS2_PLACEMENT_3D('',#2858,#2215,#2216);
#1908=AXIS2_PLACEMENT_3D('',#2879,#2227,#2228);
#1909=AXIS2_PLACEMENT_3D('',#2881,#2229,#2230);
#1910=AXIS2_PLACEMENT_3D('',#2883,#2231,#2232);
#1911=AXIS2_PLACEMENT_3D('',#2885,#2234,#2235);
#1912=AXIS2_PLACEMENT_3D('',#2891,#2239,#2240);
#1913=AXIS2_PLACEMENT_3D('',#2906,#2249,#2250);
#1914=AXIS2_PLACEMENT_3D('',#2908,#2251,#2252);
#1915=AXIS2_PLACEMENT_3D('',#2912,#2254,#2255);
#1916=AXIS2_PLACEMENT_3D('',#2915,#2257,#2258);
#1917=AXIS2_PLACEMENT_3D('',#2916,#2259,#2260);
#1918=AXIS2_PLACEMENT_3D('',#2917,#2261,#2262);
#1919=AXIS2_PLACEMENT_3D('',#2918,#2263,#2264);
#1920=AXIS2_PLACEMENT_3D('',#2919,#2265,#2266);
#1921=AXIS2_PLACEMENT_3D('',#2921,#2267,#2268);
#1922=AXIS2_PLACEMENT_3D('',#2925,#2270,#2271);
#1923=AXIS2_PLACEMENT_3D('',#2928,#2273,#2274);
#1924=AXIS2_PLACEMENT_3D('',#2929,#2275,#2276);
#1925=AXIS2_PLACEMENT_3D('',#2930,#2277,#2278);
#1926=AXIS2_PLACEMENT_3D('',#2931,#2279,#2280);
#1927=AXIS2_PLACEMENT_3D('',#2932,#2281,#2282);
#1928=AXIS2_PLACEMENT_3D('',#2933,#2283,#2284);
#1929=AXIS2_PLACEMENT_3D('',#2935,#2285,#2286);
#1930=AXIS2_PLACEMENT_3D('',#2937,#2287,#2288);
#1931=AXIS2_PLACEMENT_3D('',#2939,#2289,#2290);
#1932=AXIS2_PLACEMENT_3D('',#2941,#2291,#2292);
#1933=AXIS2_PLACEMENT_3D('',#2943,#2293,#2294);
#1934=AXIS2_PLACEMENT_3D('',#2945,#2295,#2296);
#1935=AXIS2_PLACEMENT_3D('',#2947,#2297,#2298);
#1936=AXIS2_PLACEMENT_3D('',#2949,#2299,#2300);
#1937=AXIS2_PLACEMENT_3D('',#2951,#2301,#2302);
#1938=AXIS2_PLACEMENT_3D('',#2953,#2303,#2304);
#1939=AXIS2_PLACEMENT_3D('',#2955,#2305,#2306);
#1940=AXIS2_PLACEMENT_3D('',#2957,#2307,#2308);
#1941=AXIS2_PLACEMENT_3D('',#2959,#2309,#2310);
#1942=AXIS2_PLACEMENT_3D('',#2961,#2311,#2312);
#1943=AXIS2_PLACEMENT_3D('',#2963,#2313,#2314);
#1944=AXIS2_PLACEMENT_3D('',#2965,#2315,#2316);
#1945=AXIS2_PLACEMENT_3D('',#2967,#2317,#2318);
#1946=AXIS2_PLACEMENT_3D('',#2969,#2319,#2320);
#1947=AXIS2_PLACEMENT_3D('',#2971,#2321,#2322);
#1948=AXIS2_PLACEMENT_3D('',#2973,#2323,#2324);
#1949=AXIS2_PLACEMENT_3D('',#2975,#2325,#2326);
#1950=AXIS2_PLACEMENT_3D('',#2977,#2327,#2328);
#1951=AXIS2_PLACEMENT_3D('',#2979,#2329,#2330);
#1952=AXIS2_PLACEMENT_3D('',#2981,#2331,#2332);
#1953=AXIS2_PLACEMENT_3D('',#2983,#2333,#2334);
#1954=AXIS2_PLACEMENT_3D('',#2985,#2335,#2336);
#1955=AXIS2_PLACEMENT_3D('',#2987,#2337,#2338);
#1956=AXIS2_PLACEMENT_3D('',#2989,#2339,#2340);
#1957=AXIS2_PLACEMENT_3D('',#2991,#2341,#2342);
#1958=AXIS2_PLACEMENT_3D('',#2993,#2343,#2344);
#1959=AXIS2_PLACEMENT_3D('',#2995,#2345,#2346);
#1960=AXIS2_PLACEMENT_3D('',#2997,#2347,#2348);
#1961=AXIS2_PLACEMENT_3D('',#2999,#2349,#2350);
#1962=AXIS2_PLACEMENT_3D('',#3001,#2351,#2352);
#1963=AXIS2_PLACEMENT_3D('',#3003,#2353,#2354);
#1964=AXIS2_PLACEMENT_3D('',#3005,#2355,#2356);
#1965=AXIS2_PLACEMENT_3D('',#3007,#2357,#2358);
#1966=AXIS2_PLACEMENT_3D('',#3009,#2359,#2360);
#1967=AXIS2_PLACEMENT_3D('',#3011,#2361,#2362);
#1968=AXIS2_PLACEMENT_3D('',#3013,#2363,#2364);
#1969=AXIS2_PLACEMENT_3D('',#3015,#2365,#2366);
#1970=AXIS2_PLACEMENT_3D('',#3017,#2367,#2368);
#1971=AXIS2_PLACEMENT_3D('',#3019,#2369,#2370);
#1972=AXIS2_PLACEMENT_3D('',#3021,#2371,#2372);
#1973=AXIS2_PLACEMENT_3D('',#3023,#2373,#2374);
#1974=AXIS2_PLACEMENT_3D('',#3025,#2375,#2376);
#1975=AXIS2_PLACEMENT_3D('',#3027,#2377,#2378);
#1976=AXIS2_PLACEMENT_3D('',#3029,#2379,#2380);
#1977=AXIS2_PLACEMENT_3D('',#3031,#2381,#2382);
#1978=AXIS2_PLACEMENT_3D('',#3033,#2383,#2384);
#1979=AXIS2_PLACEMENT_3D('',#3035,#2385,#2386);
#1980=AXIS2_PLACEMENT_3D('',#3037,#2387,#2388);
#1981=AXIS2_PLACEMENT_3D('',#3039,#2389,#2390);
#1982=AXIS2_PLACEMENT_3D('',#3041,#2391,#2392);
#1983=AXIS2_PLACEMENT_3D('',#3043,#2393,#2394);
#1984=AXIS2_PLACEMENT_3D('',#3045,#2395,#2396);
#1985=AXIS2_PLACEMENT_3D('',#3047,#2397,#2398);
#1986=AXIS2_PLACEMENT_3D('',#3049,#2399,#2400);
#1987=AXIS2_PLACEMENT_3D('',#3051,#2401,#2402);
#1988=AXIS2_PLACEMENT_3D('',#3053,#2403,#2404);
#1989=AXIS2_PLACEMENT_3D('',#3055,#2405,#2406);
#1990=AXIS2_PLACEMENT_3D('',#3057,#2407,#2408);
#1991=AXIS2_PLACEMENT_3D('',#3059,#2409,#2410);
#1992=AXIS2_PLACEMENT_3D('',#3061,#2411,#2412);
#1993=AXIS2_PLACEMENT_3D('',#3063,#2413,#2414);
#1994=AXIS2_PLACEMENT_3D('',#3065,#2415,#2416);
#1995=AXIS2_PLACEMENT_3D('',#3067,#2417,#2418);
#1996=AXIS2_PLACEMENT_3D('',#3069,#2419,#2420);
#1997=AXIS2_PLACEMENT_3D('',#3071,#2421,#2422);
#1998=AXIS2_PLACEMENT_3D('',#3073,#2423,#2424);
#1999=AXIS2_PLACEMENT_3D('',#3074,#2425,#2426);
#2000=AXIS2_PLACEMENT_3D('',#3075,#2427,#2428);
#2001=AXIS2_PLACEMENT_3D('',#3078,#2431,#2432);
#2002=AXIS2_PLACEMENT_3D('',#3080,#2433,#2434);
#2003=AXIS2_PLACEMENT_3D('',#3081,#2435,#2436);
#2004=AXIS2_PLACEMENT_3D('',#3083,#2437,#2438);
#2005=AXIS2_PLACEMENT_3D('',#3085,#2440,#2441);
#2006=AXIS2_PLACEMENT_3D('',#3086,#2442,#2443);
#2007=AXIS2_PLACEMENT_3D('',#3088,#2444,#2445);
#2008=AXIS2_PLACEMENT_3D('',#3091,#2446,#2447);
#2009=AXIS2_PLACEMENT_3D('',#3093,#2448,#2449);
#2010=AXIS2_PLACEMENT_3D('',#3095,#2450,#2451);
#2011=AXIS2_PLACEMENT_3D('',#3097,#2452,#2453);
#2012=AXIS2_PLACEMENT_3D('',#3099,#2454,#2455);
#2013=AXIS2_PLACEMENT_3D('',#3101,#2456,#2457);
#2014=AXIS2_PLACEMENT_3D('',#3103,#2458,#2459);
#2015=AXIS2_PLACEMENT_3D('',#3105,#2460,#2461);
#2016=AXIS2_PLACEMENT_3D('',#3107,#2462,#2463);
#2017=AXIS2_PLACEMENT_3D('',#3109,#2464,#2465);
#2018=AXIS2_PLACEMENT_3D('',#3111,#2466,#2467);
#2019=AXIS2_PLACEMENT_3D('',#3113,#2468,#2469);
#2020=AXIS2_PLACEMENT_3D('',#3115,#2470,#2471);
#2021=AXIS2_PLACEMENT_3D('',#3117,#2472,#2473);
#2022=AXIS2_PLACEMENT_3D('',#3119,#2474,#2475);
#2023=AXIS2_PLACEMENT_3D('',#3121,#2476,#2477);
#2024=AXIS2_PLACEMENT_3D('',#3123,#2478,#2479);
#2025=AXIS2_PLACEMENT_3D('',#3125,#2480,#2481);
#2026=AXIS2_PLACEMENT_3D('',#3127,#2482,#2483);
#2027=AXIS2_PLACEMENT_3D('',#3129,#2484,#2485);
#2028=AXIS2_PLACEMENT_3D('',#3131,#2486,#2487);
#2029=AXIS2_PLACEMENT_3D('',#3133,#2488,#2489);
#2030=AXIS2_PLACEMENT_3D('',#3135,#2490,#2491);
#2031=AXIS2_PLACEMENT_3D('',#3137,#2492,#2493);
#2032=AXIS2_PLACEMENT_3D('',#3139,#2494,#2495);
#2033=AXIS2_PLACEMENT_3D('',#3141,#2496,#2497);
#2034=AXIS2_PLACEMENT_3D('',#3143,#2498,#2499);
#2035=AXIS2_PLACEMENT_3D('',#3145,#2500,#2501);
#2036=AXIS2_PLACEMENT_3D('',#3147,#2502,#2503);
#2037=AXIS2_PLACEMENT_3D('',#3149,#2504,#2505);
#2038=AXIS2_PLACEMENT_3D('',#3151,#2506,#2507);
#2039=AXIS2_PLACEMENT_3D('',#3153,#2508,#2509);
#2040=AXIS2_PLACEMENT_3D('',#3155,#2510,#2511);
#2041=AXIS2_PLACEMENT_3D('',#3157,#2512,#2513);
#2042=AXIS2_PLACEMENT_3D('',#3159,#2514,#2515);
#2043=AXIS2_PLACEMENT_3D('',#3161,#2516,#2517);
#2044=AXIS2_PLACEMENT_3D('',#3163,#2518,#2519);
#2045=AXIS2_PLACEMENT_3D('',#3165,#2520,#2521);
#2046=AXIS2_PLACEMENT_3D('',#3167,#2522,#2523);
#2047=AXIS2_PLACEMENT_3D('',#3169,#2524,#2525);
#2048=AXIS2_PLACEMENT_3D('',#3171,#2526,#2527);
#2049=AXIS2_PLACEMENT_3D('',#3173,#2528,#2529);
#2050=AXIS2_PLACEMENT_3D('',#3175,#2530,#2531);
#2051=AXIS2_PLACEMENT_3D('',#3177,#2532,#2533);
#2052=AXIS2_PLACEMENT_3D('',#3179,#2534,#2535);
#2053=AXIS2_PLACEMENT_3D('',#3181,#2536,#2537);
#2054=AXIS2_PLACEMENT_3D('',#3183,#2538,#2539);
#2055=AXIS2_PLACEMENT_3D('',#3185,#2540,#2541);
#2056=AXIS2_PLACEMENT_3D('',#3187,#2542,#2543);
#2057=AXIS2_PLACEMENT_3D('',#3189,#2544,#2545);
#2058=AXIS2_PLACEMENT_3D('',#3191,#2546,#2547);
#2059=AXIS2_PLACEMENT_3D('',#3192,#2548,#2549);
#2060=AXIS2_PLACEMENT_3D('',#3194,#2550,#2551);
#2061=AXIS2_PLACEMENT_3D('',#3196,#2552,#2553);
#2062=AXIS2_PLACEMENT_3D('',#3198,#2554,#2555);
#2063=AXIS2_PLACEMENT_3D('',#3200,#2556,#2557);
#2064=AXIS2_PLACEMENT_3D('',#3202,#2558,#2559);
#2065=AXIS2_PLACEMENT_3D('',#3204,#2560,#2561);
#2066=AXIS2_PLACEMENT_3D('',#3206,#2562,#2563);
#2067=AXIS2_PLACEMENT_3D('',#3208,#2564,#2565);
#2068=AXIS2_PLACEMENT_3D('',#3210,#2566,#2567);
#2069=AXIS2_PLACEMENT_3D('',#3212,#2568,#2569);
#2070=AXIS2_PLACEMENT_3D('',#3214,#2570,#2571);
#2071=AXIS2_PLACEMENT_3D('',#3216,#2572,#2573);
#2072=AXIS2_PLACEMENT_3D('',#3218,#2574,#2575);
#2073=AXIS2_PLACEMENT_3D('',#3220,#2576,#2577);
#2074=AXIS2_PLACEMENT_3D('',#3222,#2578,#2579);
#2075=AXIS2_PLACEMENT_3D('',#3224,#2580,#2581);
#2076=AXIS2_PLACEMENT_3D('',#3226,#2582,#2583);
#2077=AXIS2_PLACEMENT_3D('',#3228,#2584,#2585);
#2078=AXIS2_PLACEMENT_3D('',#3229,#2586,#2587);
#2079=AXIS2_PLACEMENT_3D('',#3230,#2588,#2589);
#2080=AXIS2_PLACEMENT_3D('',#3233,#2591,#2592);
#2081=AXIS2_PLACEMENT_3D('',#3234,#2593,#2594);
#2082=AXIS2_PLACEMENT_3D('',#3235,#2595,#2596);
#2083=AXIS2_PLACEMENT_3D('',#3238,#2599,#2600);
#2084=AXIS2_PLACEMENT_3D('',#3240,#2602,#2603);
#2085=AXIS2_PLACEMENT_3D('',#3242,#2605,#2606);
#2086=AXIS2_PLACEMENT_3D('',#3244,#2608,#2609);
#2087=AXIS2_PLACEMENT_3D('',#3246,#2611,#2612);
#2088=AXIS2_PLACEMENT_3D('',#3248,#2614,#2615);
#2089=AXIS2_PLACEMENT_3D('',#3250,#2617,#2618);
#2090=AXIS2_PLACEMENT_3D('',#3252,#2620,#2621);
#2091=AXIS2_PLACEMENT_3D('',#3254,#2623,#2624);
#2092=AXIS2_PLACEMENT_3D('',#3256,#2626,#2627);
#2093=AXIS2_PLACEMENT_3D('',#3258,#2629,#2630);
#2094=AXIS2_PLACEMENT_3D('',#3260,#2632,#2633);
#2095=AXIS2_PLACEMENT_3D('',#3262,#2635,#2636);
#2096=AXIS2_PLACEMENT_3D('',#3264,#2638,#2639);
#2097=AXIS2_PLACEMENT_3D('',#3266,#2641,#2642);
#2098=AXIS2_PLACEMENT_3D('',#3268,#2644,#2645);
#2099=AXIS2_PLACEMENT_3D('',#3270,#2647,#2648);
#2100=AXIS2_PLACEMENT_3D('',#3272,#2650,#2651);
#2101=AXIS2_PLACEMENT_3D('',#3274,#2653,#2654);
#2102=AXIS2_PLACEMENT_3D('',#3276,#2656,#2657);
#2103=AXIS2_PLACEMENT_3D('',#3278,#2659,#2660);
#2104=AXIS2_PLACEMENT_3D('',#3280,#2662,#2663);
#2105=AXIS2_PLACEMENT_3D('',#3282,#2665,#2666);
#2106=AXIS2_PLACEMENT_3D('',#3284,#2668,#2669);
#2107=AXIS2_PLACEMENT_3D('',#3286,#2671,#2672);
#2108=AXIS2_PLACEMENT_3D('',#3288,#2674,#2675);
#2109=AXIS2_PLACEMENT_3D('',#3290,#2677,#2678);
#2110=AXIS2_PLACEMENT_3D('',#3292,#2680,#2681);
#2111=AXIS2_PLACEMENT_3D('',#3294,#2683,#2684);
#2112=AXIS2_PLACEMENT_3D('',#3296,#2686,#2687);
#2113=AXIS2_PLACEMENT_3D('',#3298,#2689,#2690);
#2114=AXIS2_PLACEMENT_3D('',#3300,#2692,#2693);
#2115=AXIS2_PLACEMENT_3D('',#3302,#2695,#2696);
#2116=AXIS2_PLACEMENT_3D('',#3304,#2698,#2699);
#2117=AXIS2_PLACEMENT_3D('',#3306,#2701,#2702);
#2118=AXIS2_PLACEMENT_3D('',#3308,#2704,#2705);
#2119=AXIS2_PLACEMENT_3D('',#3310,#2707,#2708);
#2120=AXIS2_PLACEMENT_3D('',#3312,#2710,#2711);
#2121=AXIS2_PLACEMENT_3D('',#3314,#2713,#2714);
#2122=AXIS2_PLACEMENT_3D('',#3316,#2716,#2717);
#2123=AXIS2_PLACEMENT_3D('',#3318,#2719,#2720);
#2124=AXIS2_PLACEMENT_3D('',#3320,#2722,#2723);
#2125=AXIS2_PLACEMENT_3D('',#3322,#2725,#2726);
#2126=AXIS2_PLACEMENT_3D('',#3324,#2728,#2729);
#2127=AXIS2_PLACEMENT_3D('',#3326,#2731,#2732);
#2128=AXIS2_PLACEMENT_3D('',#3328,#2734,#2735);
#2129=AXIS2_PLACEMENT_3D('',#3330,#2737,#2738);
#2130=AXIS2_PLACEMENT_3D('',#3332,#2740,#2741);
#2131=AXIS2_PLACEMENT_3D('',#3334,#2743,#2744);
#2132=AXIS2_PLACEMENT_3D('',#3336,#2746,#2747);
#2133=AXIS2_PLACEMENT_3D('',#3338,#2749,#2750);
#2134=AXIS2_PLACEMENT_3D('',#3339,#2751,#2752);
#2135=AXIS2_PLACEMENT_3D('',#3341,#2754,#2755);
#2136=AXIS2_PLACEMENT_3D('',#3343,#2757,#2758);
#2137=AXIS2_PLACEMENT_3D('',#3345,#2760,#2761);
#2138=AXIS2_PLACEMENT_3D('',#3347,#2763,#2764);
#2139=AXIS2_PLACEMENT_3D('',#3349,#2766,#2767);
#2140=AXIS2_PLACEMENT_3D('',#3351,#2769,#2770);
#2141=AXIS2_PLACEMENT_3D('',#3353,#2772,#2773);
#2142=AXIS2_PLACEMENT_3D('',#3355,#2775,#2776);
#2143=AXIS2_PLACEMENT_3D('',#3357,#2778,#2779);
#2144=AXIS2_PLACEMENT_3D('',#3359,#2781,#2782);
#2145=AXIS2_PLACEMENT_3D('',#3361,#2784,#2785);
#2146=AXIS2_PLACEMENT_3D('',#3363,#2787,#2788);
#2147=AXIS2_PLACEMENT_3D('',#3365,#2790,#2791);
#2148=AXIS2_PLACEMENT_3D('',#3367,#2793,#2794);
#2149=AXIS2_PLACEMENT_3D('',#3369,#2796,#2797);
#2150=AXIS2_PLACEMENT_3D('',#3371,#2799,#2800);
#2151=AXIS2_PLACEMENT_3D('',#3373,#2802,#2803);
#2152=AXIS2_PLACEMENT_3D('',#3375,#2805,#2806);
#2153=DIRECTION('axis',(0.,0.,1.));
#2154=DIRECTION('refdir',(1.,0.,0.));
#2155=DIRECTION('center_axis',(1.,0.,0.));
#2156=DIRECTION('ref_axis',(0.,0.,-1.));
#2157=DIRECTION('center_axis',(1.,0.,0.));
#2158=DIRECTION('ref_axis',(0.,0.,-1.));
#2159=DIRECTION('',(1.,0.,0.));
#2160=DIRECTION('center_axis',(-1.,0.,0.));
#2161=DIRECTION('ref_axis',(0.,0.,-1.));
#2162=DIRECTION('center_axis',(1.,0.,0.));
#2163=DIRECTION('ref_axis',(0.,0.,-1.));
#2164=DIRECTION('center_axis',(1.,0.,0.));
#2165=DIRECTION('ref_axis',(0.,0.,-1.));
#2166=DIRECTION('',(1.,0.,0.));
#2167=DIRECTION('center_axis',(-1.,0.,0.));
#2168=DIRECTION('ref_axis',(0.,0.,-1.));
#2169=DIRECTION('center_axis',(1.,0.,0.));
#2170=DIRECTION('ref_axis',(0.,0.,-1.));
#2171=DIRECTION('center_axis',(1.,0.,0.));
#2172=DIRECTION('ref_axis',(0.,0.,-1.));
#2173=DIRECTION('',(1.,0.,0.));
#2174=DIRECTION('center_axis',(-1.,0.,0.));
#2175=DIRECTION('ref_axis',(0.,0.,-1.));
#2176=DIRECTION('center_axis',(1.,0.,0.));
#2177=DIRECTION('ref_axis',(0.,0.,-1.));
#2178=DIRECTION('center_axis',(1.,0.,0.));
#2179=DIRECTION('ref_axis',(0.,0.,-1.));
#2180=DIRECTION('',(1.,0.,0.));
#2181=DIRECTION('center_axis',(-1.,0.,0.));
#2182=DIRECTION('ref_axis',(0.,0.,-1.));
#2183=DIRECTION('center_axis',(1.,0.,0.));
#2184=DIRECTION('ref_axis',(0.,0.,-1.));
#2185=DIRECTION('center_axis',(1.,0.,0.));
#2186=DIRECTION('ref_axis',(0.,0.,-1.));
#2187=DIRECTION('',(1.,0.,0.));
#2188=DIRECTION('center_axis',(-1.,0.,0.));
#2189=DIRECTION('ref_axis',(0.,0.,-1.));
#2190=DIRECTION('center_axis',(1.,0.,0.));
#2191=DIRECTION('ref_axis',(0.,0.,-1.));
#2192=DIRECTION('center_axis',(1.,0.,0.));
#2193=DIRECTION('ref_axis',(0.,0.,-1.));
#2194=DIRECTION('',(1.,0.,0.));
#2195=DIRECTION('center_axis',(-1.,0.,0.));
#2196=DIRECTION('ref_axis',(0.,0.,-1.));
#2197=DIRECTION('center_axis',(0.,1.,0.));
#2198=DIRECTION('ref_axis',(1.,0.,0.));
#2199=DIRECTION('center_axis',(0.,-1.,0.));
#2200=DIRECTION('ref_axis',(1.,0.,0.));
#2201=DIRECTION('',(0.,1.,0.));
#2202=DIRECTION('center_axis',(0.,-1.,0.));
#2203=DIRECTION('ref_axis',(1.,0.,0.));
#2204=DIRECTION('center_axis',(0.,1.,0.));
#2205=DIRECTION('ref_axis',(1.,0.,0.));
#2206=DIRECTION('center_axis',(0.,1.,0.));
#2207=DIRECTION('ref_axis',(1.,0.,0.));
#2208=DIRECTION('',(0.,1.,0.));
#2209=DIRECTION('center_axis',(0.,1.,0.));
#2210=DIRECTION('ref_axis',(1.,0.,0.));
#2211=DIRECTION('center_axis',(0.,-1.,0.));
#2212=DIRECTION('ref_axis',(-1.,0.,0.));
#2213=DIRECTION('center_axis',(0.,1.,0.));
#2214=DIRECTION('ref_axis',(1.,0.,0.));
#2215=DIRECTION('center_axis',(0.,-1.,0.));
#2216=DIRECTION('ref_axis',(0.,0.,-1.));
#2217=DIRECTION('',(0.,0.,-1.));
#2218=DIRECTION('',(-1.,0.,0.));
#2219=DIRECTION('',(0.,0.,1.));
#2220=DIRECTION('',(1.,0.,0.));
#2221=DIRECTION('',(0.,0.,1.));
#2222=DIRECTION('',(1.,0.,0.));
#2223=DIRECTION('',(0.,0.,1.));
#2224=DIRECTION('',(1.,0.,0.));
#2225=DIRECTION('',(0.,0.,-1.));
#2226=DIRECTION('',(-1.,0.,0.));
#2227=DIRECTION('center_axis',(1.,0.,0.));
#2228=DIRECTION('ref_axis',(0.,0.,-1.));
#2229=DIRECTION('center_axis',(1.,0.,0.));
#2230=DIRECTION('ref_axis',(0.,0.,-1.));
#2231=DIRECTION('center_axis',(1.,0.,0.));
#2232=DIRECTION('ref_axis',(0.,0.,-1.));
#2233=DIRECTION('',(0.,0.,-1.));
#2234=DIRECTION('center_axis',(0.,0.,1.));
#2235=DIRECTION('ref_axis',(1.,0.,0.));
#2236=DIRECTION('',(0.,1.,0.));
#2237=DIRECTION('',(1.,0.,0.));
#2238=DIRECTION('',(0.,-1.,0.));
#2239=DIRECTION('center_axis',(0.,1.,0.));
#2240=DIRECTION('ref_axis',(0.,0.,1.));
#2241=DIRECTION('',(0.,0.,1.));
#2242=DIRECTION('',(1.,0.,0.));
#2243=DIRECTION('',(-1.,0.,0.));
#2244=DIRECTION('',(0.,0.,-1.));
#2245=DIRECTION('',(-1.,0.,0.));
#2246=DIRECTION('',(0.,0.,-1.));
#2247=DIRECTION('',(-1.,0.,0.));
#2248=DIRECTION('',(0.,0.,-1.));
#2249=DIRECTION('center_axis',(1.,0.,0.));
#2250=DIRECTION('ref_axis',(0.,-1.,1.83697019872103E-16));
#2251=DIRECTION('center_axis',(-1.,0.,0.));
#2252=DIRECTION('ref_axis',(0.,0.,-1.));
#2253=DIRECTION('',(1.,0.,0.));
#2254=DIRECTION('center_axis',(1.,0.,0.));
#2255=DIRECTION('ref_axis',(0.,0.,-1.));
#2256=DIRECTION('',(-1.,0.,0.));
#2257=DIRECTION('center_axis',(-1.,0.,0.));
#2258=DIRECTION('ref_axis',(0.,0.,-1.));
#2259=DIRECTION('center_axis',(1.,0.,0.));
#2260=DIRECTION('ref_axis',(0.,0.,-1.));
#2261=DIRECTION('center_axis',(-1.,0.,0.));
#2262=DIRECTION('ref_axis',(0.,0.,-1.));
#2263=DIRECTION('center_axis',(-1.,0.,0.));
#2264=DIRECTION('ref_axis',(0.,0.,-1.));
#2265=DIRECTION('center_axis',(1.,0.,0.));
#2266=DIRECTION('ref_axis',(0.,0.,-1.));
#2267=DIRECTION('center_axis',(-1.,0.,0.));
#2268=DIRECTION('ref_axis',(0.,0.,-1.));
#2269=DIRECTION('',(1.,0.,0.));
#2270=DIRECTION('center_axis',(1.,0.,0.));
#2271=DIRECTION('ref_axis',(0.,0.,-1.));
#2272=DIRECTION('',(-1.,0.,0.));
#2273=DIRECTION('center_axis',(-1.,0.,0.));
#2274=DIRECTION('ref_axis',(0.,0.,-1.));
#2275=DIRECTION('center_axis',(-1.,0.,0.));
#2276=DIRECTION('ref_axis',(0.,0.,1.));
#2277=DIRECTION('center_axis',(-1.,0.,0.));
#2278=DIRECTION('ref_axis',(0.,0.,-1.));
#2279=DIRECTION('center_axis',(1.,0.,0.));
#2280=DIRECTION('ref_axis',(0.,0.,-1.));
#2281=DIRECTION('center_axis',(-1.,0.,0.));
#2282=DIRECTION('ref_axis',(0.,0.,-1.));
#2283=DIRECTION('center_axis',(-1.,0.,0.));
#2284=DIRECTION('ref_axis',(0.,0.,1.));
#2285=DIRECTION('center_axis',(1.,0.,0.));
#2286=DIRECTION('ref_axis',(0.,0.,-1.));
#2287=DIRECTION('center_axis',(-1.,0.,0.));
#2288=DIRECTION('ref_axis',(0.,0.,-1.));
#2289=DIRECTION('center_axis',(1.,0.,0.));
#2290=DIRECTION('ref_axis',(0.,0.,-1.));
#2291=DIRECTION('center_axis',(-1.,0.,0.));
#2292=DIRECTION('ref_axis',(0.,0.,-1.));
#2293=DIRECTION('center_axis',(1.,0.,0.));
#2294=DIRECTION('ref_axis',(0.,0.,-1.));
#2295=DIRECTION('center_axis',(-1.,0.,0.));
#2296=DIRECTION('ref_axis',(0.,0.,-1.));
#2297=DIRECTION('center_axis',(1.,0.,0.));
#2298=DIRECTION('ref_axis',(0.,0.,-1.));
#2299=DIRECTION('center_axis',(-1.,0.,0.));
#2300=DIRECTION('ref_axis',(0.,0.,-1.));
#2301=DIRECTION('center_axis',(1.,0.,0.));
#2302=DIRECTION('ref_axis',(0.,0.,-1.));
#2303=DIRECTION('center_axis',(-1.,0.,0.));
#2304=DIRECTION('ref_axis',(0.,0.,-1.));
#2305=DIRECTION('center_axis',(1.,0.,0.));
#2306=DIRECTION('ref_axis',(0.,0.,-1.));
#2307=DIRECTION('center_axis',(-1.,0.,0.));
#2308=DIRECTION('ref_axis',(0.,0.,-1.));
#2309=DIRECTION('center_axis',(1.,0.,0.));
#2310=DIRECTION('ref_axis',(0.,0.,-1.));
#2311=DIRECTION('center_axis',(-1.,0.,0.));
#2312=DIRECTION('ref_axis',(0.,0.,-1.));
#2313=DIRECTION('center_axis',(1.,0.,0.));
#2314=DIRECTION('ref_axis',(0.,0.,-1.));
#2315=DIRECTION('center_axis',(-1.,0.,0.));
#2316=DIRECTION('ref_axis',(0.,0.,-1.));
#2317=DIRECTION('center_axis',(1.,0.,0.));
#2318=DIRECTION('ref_axis',(0.,0.,-1.));
#2319=DIRECTION('center_axis',(-1.,0.,0.));
#2320=DIRECTION('ref_axis',(0.,0.,-1.));
#2321=DIRECTION('center_axis',(1.,0.,0.));
#2322=DIRECTION('ref_axis',(0.,0.,-1.));
#2323=DIRECTION('center_axis',(-1.,0.,0.));
#2324=DIRECTION('ref_axis',(0.,0.,-1.));
#2325=DIRECTION('center_axis',(1.,0.,0.));
#2326=DIRECTION('ref_axis',(0.,0.,-1.));
#2327=DIRECTION('center_axis',(-1.,0.,0.));
#2328=DIRECTION('ref_axis',(0.,0.,-1.));
#2329=DIRECTION('center_axis',(1.,0.,0.));
#2330=DIRECTION('ref_axis',(0.,0.,-1.));
#2331=DIRECTION('center_axis',(-1.,0.,0.));
#2332=DIRECTION('ref_axis',(0.,0.,-1.));
#2333=DIRECTION('center_axis',(1.,0.,0.));
#2334=DIRECTION('ref_axis',(0.,0.,-1.));
#2335=DIRECTION('center_axis',(-1.,0.,0.));
#2336=DIRECTION('ref_axis',(0.,0.,-1.));
#2337=DIRECTION('center_axis',(1.,0.,0.));
#2338=DIRECTION('ref_axis',(0.,0.,-1.));
#2339=DIRECTION('center_axis',(-1.,0.,0.));
#2340=DIRECTION('ref_axis',(0.,0.,-1.));
#2341=DIRECTION('center_axis',(1.,0.,0.));
#2342=DIRECTION('ref_axis',(0.,0.,-1.));
#2343=DIRECTION('center_axis',(-1.,0.,0.));
#2344=DIRECTION('ref_axis',(0.,0.,-1.));
#2345=DIRECTION('center_axis',(1.,0.,0.));
#2346=DIRECTION('ref_axis',(0.,0.,-1.));
#2347=DIRECTION('center_axis',(-1.,0.,0.));
#2348=DIRECTION('ref_axis',(0.,0.,-1.));
#2349=DIRECTION('center_axis',(1.,0.,0.));
#2350=DIRECTION('ref_axis',(0.,0.,-1.));
#2351=DIRECTION('center_axis',(-1.,0.,0.));
#2352=DIRECTION('ref_axis',(0.,0.,-1.));
#2353=DIRECTION('center_axis',(1.,0.,0.));
#2354=DIRECTION('ref_axis',(0.,0.,-1.));
#2355=DIRECTION('center_axis',(-1.,0.,0.));
#2356=DIRECTION('ref_axis',(0.,0.,-1.));
#2357=DIRECTION('center_axis',(1.,0.,0.));
#2358=DIRECTION('ref_axis',(0.,0.,-1.));
#2359=DIRECTION('center_axis',(-1.,0.,0.));
#2360=DIRECTION('ref_axis',(0.,0.,-1.));
#2361=DIRECTION('center_axis',(1.,0.,0.));
#2362=DIRECTION('ref_axis',(0.,0.,-1.));
#2363=DIRECTION('center_axis',(-1.,0.,0.));
#2364=DIRECTION('ref_axis',(0.,0.,-1.));
#2365=DIRECTION('center_axis',(1.,0.,0.));
#2366=DIRECTION('ref_axis',(0.,0.,-1.));
#2367=DIRECTION('center_axis',(-1.,0.,0.));
#2368=DIRECTION('ref_axis',(0.,0.,-1.));
#2369=DIRECTION('center_axis',(1.,0.,0.));
#2370=DIRECTION('ref_axis',(0.,0.,-1.));
#2371=DIRECTION('center_axis',(-1.,0.,0.));
#2372=DIRECTION('ref_axis',(0.,0.,-1.));
#2373=DIRECTION('center_axis',(1.,0.,0.));
#2374=DIRECTION('ref_axis',(0.,0.,-1.));
#2375=DIRECTION('center_axis',(-1.,0.,0.));
#2376=DIRECTION('ref_axis',(0.,0.,-1.));
#2377=DIRECTION('center_axis',(1.,0.,0.));
#2378=DIRECTION('ref_axis',(0.,0.,-1.));
#2379=DIRECTION('center_axis',(-1.,0.,0.));
#2380=DIRECTION('ref_axis',(0.,0.,-1.));
#2381=DIRECTION('center_axis',(1.,0.,0.));
#2382=DIRECTION('ref_axis',(0.,0.,-1.));
#2383=DIRECTION('center_axis',(-1.,0.,0.));
#2384=DIRECTION('ref_axis',(0.,0.,-1.));
#2385=DIRECTION('center_axis',(1.,0.,0.));
#2386=DIRECTION('ref_axis',(0.,0.,-1.));
#2387=DIRECTION('center_axis',(-1.,0.,0.));
#2388=DIRECTION('ref_axis',(0.,0.,-1.));
#2389=DIRECTION('center_axis',(1.,0.,0.));
#2390=DIRECTION('ref_axis',(0.,0.,-1.));
#2391=DIRECTION('center_axis',(-1.,0.,0.));
#2392=DIRECTION('ref_axis',(0.,0.,-1.));
#2393=DIRECTION('center_axis',(1.,0.,0.));
#2394=DIRECTION('ref_axis',(0.,0.,-1.));
#2395=DIRECTION('center_axis',(-1.,0.,0.));
#2396=DIRECTION('ref_axis',(0.,0.,-1.));
#2397=DIRECTION('center_axis',(1.,0.,0.));
#2398=DIRECTION('ref_axis',(0.,0.,-1.));
#2399=DIRECTION('center_axis',(-1.,0.,0.));
#2400=DIRECTION('ref_axis',(0.,0.,-1.));
#2401=DIRECTION('center_axis',(1.,0.,0.));
#2402=DIRECTION('ref_axis',(0.,0.,-1.));
#2403=DIRECTION('center_axis',(-1.,0.,0.));
#2404=DIRECTION('ref_axis',(0.,0.,-1.));
#2405=DIRECTION('center_axis',(1.,0.,0.));
#2406=DIRECTION('ref_axis',(0.,0.,-1.));
#2407=DIRECTION('center_axis',(-1.,0.,0.));
#2408=DIRECTION('ref_axis',(0.,0.,-1.));
#2409=DIRECTION('center_axis',(1.,0.,0.));
#2410=DIRECTION('ref_axis',(0.,0.,-1.));
#2411=DIRECTION('center_axis',(-1.,0.,0.));
#2412=DIRECTION('ref_axis',(0.,0.,-1.));
#2413=DIRECTION('center_axis',(1.,0.,0.));
#2414=DIRECTION('ref_axis',(0.,0.,-1.));
#2415=DIRECTION('center_axis',(-1.,0.,0.));
#2416=DIRECTION('ref_axis',(0.,0.,-1.));
#2417=DIRECTION('center_axis',(1.,0.,0.));
#2418=DIRECTION('ref_axis',(0.,0.,-1.));
#2419=DIRECTION('center_axis',(-1.,0.,0.));
#2420=DIRECTION('ref_axis',(0.,0.,-1.));
#2421=DIRECTION('center_axis',(1.,0.,0.));
#2422=DIRECTION('ref_axis',(0.,0.,-1.));
#2423=DIRECTION('center_axis',(-1.,0.,0.));
#2424=DIRECTION('ref_axis',(0.,0.,-1.));
#2425=DIRECTION('center_axis',(1.,0.,0.));
#2426=DIRECTION('ref_axis',(0.,0.,-1.));
#2427=DIRECTION('center_axis',(0.,1.,0.));
#2428=DIRECTION('ref_axis',(0.,0.,1.));
#2429=DIRECTION('',(0.,0.,-1.));
#2430=DIRECTION('',(0.,0.,1.));
#2431=DIRECTION('center_axis',(-1.,0.,0.));
#2432=DIRECTION('ref_axis',(0.,0.,1.));
#2433=DIRECTION('center_axis',(-1.,0.,0.));
#2434=DIRECTION('ref_axis',(0.,0.,-1.));
#2435=DIRECTION('center_axis',(1.,0.,0.));
#2436=DIRECTION('ref_axis',(0.,0.,-1.));
#2437=DIRECTION('center_axis',(1.,0.,0.));
#2438=DIRECTION('ref_axis',(0.,0.,-1.));
#2439=DIRECTION('',(-1.,0.,0.));
#2440=DIRECTION('center_axis',(1.,0.,0.));
#2441=DIRECTION('ref_axis',(0.,0.,-1.));
#2442=DIRECTION('center_axis',(1.,0.,0.));
#2443=DIRECTION('ref_axis',(0.,0.,-1.));
#2444=DIRECTION('center_axis',(1.,0.,0.));
#2445=DIRECTION('ref_axis',(0.,0.,-1.));
#2446=DIRECTION('center_axis',(1.,0.,0.));
#2447=DIRECTION('ref_axis',(0.,0.,-1.));
#2448=DIRECTION('center_axis',(-1.,0.,0.));
#2449=DIRECTION('ref_axis',(0.,0.,-1.));
#2450=DIRECTION('center_axis',(1.,0.,0.));
#2451=DIRECTION('ref_axis',(0.,0.,-1.));
#2452=DIRECTION('center_axis',(-1.,0.,0.));
#2453=DIRECTION('ref_axis',(0.,0.,-1.));
#2454=DIRECTION('center_axis',(1.,0.,0.));
#2455=DIRECTION('ref_axis',(0.,0.,-1.));
#2456=DIRECTION('center_axis',(-1.,0.,0.));
#2457=DIRECTION('ref_axis',(0.,0.,-1.));
#2458=DIRECTION('center_axis',(1.,0.,0.));
#2459=DIRECTION('ref_axis',(0.,0.,-1.));
#2460=DIRECTION('center_axis',(-1.,0.,0.));
#2461=DIRECTION('ref_axis',(0.,0.,-1.));
#2462=DIRECTION('center_axis',(1.,0.,0.));
#2463=DIRECTION('ref_axis',(0.,0.,-1.));
#2464=DIRECTION('center_axis',(-1.,0.,0.));
#2465=DIRECTION('ref_axis',(0.,0.,-1.));
#2466=DIRECTION('center_axis',(1.,0.,0.));
#2467=DIRECTION('ref_axis',(0.,0.,-1.));
#2468=DIRECTION('center_axis',(-1.,0.,0.));
#2469=DIRECTION('ref_axis',(0.,0.,-1.));
#2470=DIRECTION('center_axis',(1.,0.,0.));
#2471=DIRECTION('ref_axis',(0.,0.,-1.));
#2472=DIRECTION('center_axis',(-1.,0.,0.));
#2473=DIRECTION('ref_axis',(0.,0.,-1.));
#2474=DIRECTION('center_axis',(1.,0.,0.));
#2475=DIRECTION('ref_axis',(0.,0.,-1.));
#2476=DIRECTION('center_axis',(-1.,0.,0.));
#2477=DIRECTION('ref_axis',(0.,0.,-1.));
#2478=DIRECTION('center_axis',(1.,0.,0.));
#2479=DIRECTION('ref_axis',(0.,0.,-1.));
#2480=DIRECTION('center_axis',(-1.,0.,0.));
#2481=DIRECTION('ref_axis',(0.,0.,-1.));
#2482=DIRECTION('center_axis',(1.,0.,0.));
#2483=DIRECTION('ref_axis',(0.,0.,-1.));
#2484=DIRECTION('center_axis',(-1.,0.,0.));
#2485=DIRECTION('ref_axis',(0.,0.,-1.));
#2486=DIRECTION('center_axis',(1.,0.,0.));
#2487=DIRECTION('ref_axis',(0.,0.,-1.));
#2488=DIRECTION('center_axis',(-1.,0.,0.));
#2489=DIRECTION('ref_axis',(0.,0.,-1.));
#2490=DIRECTION('center_axis',(1.,0.,0.));
#2491=DIRECTION('ref_axis',(0.,0.,-1.));
#2492=DIRECTION('center_axis',(-1.,0.,0.));
#2493=DIRECTION('ref_axis',(0.,0.,-1.));
#2494=DIRECTION('center_axis',(1.,0.,0.));
#2495=DIRECTION('ref_axis',(0.,0.,-1.));
#2496=DIRECTION('center_axis',(-1.,0.,0.));
#2497=DIRECTION('ref_axis',(0.,0.,-1.));
#2498=DIRECTION('center_axis',(1.,0.,0.));
#2499=DIRECTION('ref_axis',(0.,0.,-1.));
#2500=DIRECTION('center_axis',(-1.,0.,0.));
#2501=DIRECTION('ref_axis',(0.,0.,-1.));
#2502=DIRECTION('center_axis',(1.,0.,0.));
#2503=DIRECTION('ref_axis',(0.,0.,-1.));
#2504=DIRECTION('center_axis',(-1.,0.,0.));
#2505=DIRECTION('ref_axis',(0.,0.,-1.));
#2506=DIRECTION('center_axis',(1.,0.,0.));
#2507=DIRECTION('ref_axis',(0.,0.,-1.));
#2508=DIRECTION('center_axis',(-1.,0.,0.));
#2509=DIRECTION('ref_axis',(0.,0.,-1.));
#2510=DIRECTION('center_axis',(1.,0.,0.));
#2511=DIRECTION('ref_axis',(0.,0.,-1.));
#2512=DIRECTION('center_axis',(-1.,0.,0.));
#2513=DIRECTION('ref_axis',(0.,0.,-1.));
#2514=DIRECTION('center_axis',(1.,0.,0.));
#2515=DIRECTION('ref_axis',(0.,0.,-1.));
#2516=DIRECTION('center_axis',(-1.,0.,0.));
#2517=DIRECTION('ref_axis',(0.,0.,-1.));
#2518=DIRECTION('center_axis',(1.,0.,0.));
#2519=DIRECTION('ref_axis',(0.,0.,-1.));
#2520=DIRECTION('center_axis',(-1.,0.,0.));
#2521=DIRECTION('ref_axis',(0.,0.,-1.));
#2522=DIRECTION('center_axis',(1.,0.,0.));
#2523=DIRECTION('ref_axis',(0.,0.,-1.));
#2524=DIRECTION('center_axis',(-1.,0.,0.));
#2525=DIRECTION('ref_axis',(0.,0.,-1.));
#2526=DIRECTION('center_axis',(1.,0.,0.));
#2527=DIRECTION('ref_axis',(0.,0.,-1.));
#2528=DIRECTION('center_axis',(-1.,0.,0.));
#2529=DIRECTION('ref_axis',(0.,0.,-1.));
#2530=DIRECTION('center_axis',(1.,0.,0.));
#2531=DIRECTION('ref_axis',(0.,0.,-1.));
#2532=DIRECTION('center_axis',(-1.,0.,0.));
#2533=DIRECTION('ref_axis',(0.,0.,-1.));
#2534=DIRECTION('center_axis',(1.,0.,0.));
#2535=DIRECTION('ref_axis',(0.,0.,-1.));
#2536=DIRECTION('center_axis',(-1.,0.,0.));
#2537=DIRECTION('ref_axis',(0.,0.,-1.));
#2538=DIRECTION('center_axis',(1.,0.,0.));
#2539=DIRECTION('ref_axis',(0.,0.,-1.));
#2540=DIRECTION('center_axis',(-1.,0.,0.));
#2541=DIRECTION('ref_axis',(0.,0.,-1.));
#2542=DIRECTION('center_axis',(1.,0.,0.));
#2543=DIRECTION('ref_axis',(0.,0.,-1.));
#2544=DIRECTION('center_axis',(-1.,0.,0.));
#2545=DIRECTION('ref_axis',(0.,0.,-1.));
#2546=DIRECTION('center_axis',(1.,0.,0.));
#2547=DIRECTION('ref_axis',(0.,0.,-1.));
#2548=DIRECTION('center_axis',(-1.,0.,0.));
#2549=DIRECTION('ref_axis',(0.,0.,-1.));
#2550=DIRECTION('center_axis',(-1.,0.,0.));
#2551=DIRECTION('ref_axis',(0.,0.,-1.));
#2552=DIRECTION('center_axis',(1.,0.,0.));
#2553=DIRECTION('ref_axis',(0.,0.,-1.));
#2554=DIRECTION('center_axis',(-1.,0.,0.));
#2555=DIRECTION('ref_axis',(0.,0.,-1.));
#2556=DIRECTION('center_axis',(1.,0.,0.));
#2557=DIRECTION('ref_axis',(0.,0.,-1.));
#2558=DIRECTION('center_axis',(-1.,0.,0.));
#2559=DIRECTION('ref_axis',(0.,0.,-1.));
#2560=DIRECTION('center_axis',(1.,0.,0.));
#2561=DIRECTION('ref_axis',(0.,0.,-1.));
#2562=DIRECTION('center_axis',(-1.,0.,0.));
#2563=DIRECTION('ref_axis',(0.,0.,-1.));
#2564=DIRECTION('center_axis',(1.,0.,0.));
#2565=DIRECTION('ref_axis',(0.,0.,-1.));
#2566=DIRECTION('center_axis',(-1.,0.,0.));
#2567=DIRECTION('ref_axis',(0.,0.,-1.));
#2568=DIRECTION('center_axis',(1.,0.,0.));
#2569=DIRECTION('ref_axis',(0.,0.,-1.));
#2570=DIRECTION('center_axis',(-1.,0.,0.));
#2571=DIRECTION('ref_axis',(0.,0.,-1.));
#2572=DIRECTION('center_axis',(1.,0.,0.));
#2573=DIRECTION('ref_axis',(0.,0.,-1.));
#2574=DIRECTION('center_axis',(-1.,0.,0.));
#2575=DIRECTION('ref_axis',(0.,0.,-1.));
#2576=DIRECTION('center_axis',(1.,0.,0.));
#2577=DIRECTION('ref_axis',(0.,0.,-1.));
#2578=DIRECTION('center_axis',(-1.,0.,0.));
#2579=DIRECTION('ref_axis',(0.,0.,-1.));
#2580=DIRECTION('center_axis',(1.,0.,0.));
#2581=DIRECTION('ref_axis',(0.,0.,-1.));
#2582=DIRECTION('center_axis',(-1.,0.,0.));
#2583=DIRECTION('ref_axis',(0.,0.,-1.));
#2584=DIRECTION('center_axis',(1.,0.,0.));
#2585=DIRECTION('ref_axis',(0.,0.,-1.));
#2586=DIRECTION('center_axis',(-1.,0.,0.));
#2587=DIRECTION('ref_axis',(0.,0.,-1.));
#2588=DIRECTION('center_axis',(1.,0.,0.));
#2589=DIRECTION('ref_axis',(0.,0.,-1.));
#2590=DIRECTION('',(-1.,0.,0.));
#2591=DIRECTION('center_axis',(-1.,0.,0.));
#2592=DIRECTION('ref_axis',(0.,0.,-1.));
#2593=DIRECTION('center_axis',(-1.,0.,0.));
#2594=DIRECTION('ref_axis',(0.,0.,1.));
#2595=DIRECTION('center_axis',(1.,0.,0.));
#2596=DIRECTION('ref_axis',(0.,-0.984807753012207,0.173648177666937));
#2597=DIRECTION('',(1.,0.,0.));
#2598=DIRECTION('',(-1.,0.,0.));
#2599=DIRECTION('center_axis',(1.,0.,0.));
#2600=DIRECTION('ref_axis',(0.,0.,-1.));
#2601=DIRECTION('',(-1.,0.,0.));
#2602=DIRECTION('center_axis',(1.,0.,0.));
#2603=DIRECTION('ref_axis',(0.,-0.939692620785908,0.342020143325671));
#2604=DIRECTION('',(1.,0.,0.));
#2605=DIRECTION('center_axis',(1.,0.,0.));
#2606=DIRECTION('ref_axis',(0.,0.,-1.));
#2607=DIRECTION('',(-1.,0.,0.));
#2608=DIRECTION('center_axis',(1.,0.,0.));
#2609=DIRECTION('ref_axis',(0.,-0.866025403784433,0.50000000000001));
#2610=DIRECTION('',(1.,0.,0.));
#2611=DIRECTION('center_axis',(1.,0.,0.));
#2612=DIRECTION('ref_axis',(0.,0.,-1.));
#2613=DIRECTION('',(-1.,0.,0.));
#2614=DIRECTION('center_axis',(1.,0.,0.));
#2615=DIRECTION('ref_axis',(0.,-0.766044443118969,0.64278760968655));
#2616=DIRECTION('',(1.,0.,0.));
#2617=DIRECTION('center_axis',(1.,0.,0.));
#2618=DIRECTION('ref_axis',(0.,0.,-1.));
#2619=DIRECTION('',(-1.,0.,0.));
#2620=DIRECTION('center_axis',(1.,0.,0.));
#2621=DIRECTION('ref_axis',(0.,-0.642787609686544,0.766044443118974));
#2622=DIRECTION('',(1.,0.,0.));
#2623=DIRECTION('center_axis',(1.,0.,0.));
#2624=DIRECTION('ref_axis',(0.,0.,-1.));
#2625=DIRECTION('',(-1.,0.,0.));
#2626=DIRECTION('center_axis',(1.,0.,0.));
#2627=DIRECTION('ref_axis',(0.,-0.500000000000001,0.866025403784438));
#2628=DIRECTION('',(1.,0.,0.));
#2629=DIRECTION('center_axis',(1.,0.,0.));
#2630=DIRECTION('ref_axis',(0.,0.,-1.));
#2631=DIRECTION('',(-1.,0.,0.));
#2632=DIRECTION('center_axis',(1.,0.,0.));
#2633=DIRECTION('ref_axis',(0.,-0.34202014332568,0.939692620785904));
#2634=DIRECTION('',(1.,0.,0.));
#2635=DIRECTION('center_axis',(1.,0.,0.));
#2636=DIRECTION('ref_axis',(0.,0.,-1.));
#2637=DIRECTION('',(-1.,0.,0.));
#2638=DIRECTION('center_axis',(1.,0.,0.));
#2639=DIRECTION('ref_axis',(0.,-0.173648177666921,0.98480775301221));
#2640=DIRECTION('',(1.,0.,0.));
#2641=DIRECTION('center_axis',(1.,0.,0.));
#2642=DIRECTION('ref_axis',(0.,0.,-1.));
#2643=DIRECTION('',(-1.,0.,0.));
#2644=DIRECTION('center_axis',(1.,0.,0.));
#2645=DIRECTION('ref_axis',(0.,1.22464679914735E-16,1.));
#2646=DIRECTION('',(1.,0.,0.));
#2647=DIRECTION('center_axis',(1.,0.,0.));
#2648=DIRECTION('ref_axis',(0.,0.,-1.));
#2649=DIRECTION('',(-1.,0.,0.));
#2650=DIRECTION('center_axis',(1.,0.,0.));
#2651=DIRECTION('ref_axis',(0.,0.173648177666922,0.98480775301221));
#2652=DIRECTION('',(1.,0.,0.));
#2653=DIRECTION('center_axis',(1.,0.,0.));
#2654=DIRECTION('ref_axis',(0.,0.,-1.));
#2655=DIRECTION('',(-1.,0.,0.));
#2656=DIRECTION('center_axis',(1.,0.,0.));
#2657=DIRECTION('ref_axis',(0.,0.34202014332568,0.939692620785904));
#2658=DIRECTION('',(1.,0.,0.));
#2659=DIRECTION('center_axis',(1.,0.,0.));
#2660=DIRECTION('ref_axis',(0.,0.,-1.));
#2661=DIRECTION('',(-1.,0.,0.));
#2662=DIRECTION('center_axis',(1.,0.,0.));
#2663=DIRECTION('ref_axis',(0.,0.499999999999998,0.86602540378444));
#2664=DIRECTION('',(1.,0.,0.));
#2665=DIRECTION('center_axis',(1.,0.,0.));
#2666=DIRECTION('ref_axis',(0.,0.,-1.));
#2667=DIRECTION('',(-1.,0.,0.));
#2668=DIRECTION('center_axis',(1.,0.,0.));
#2669=DIRECTION('ref_axis',(0.,0.642787609686544,0.766044443118974));
#2670=DIRECTION('',(1.,0.,0.));
#2671=DIRECTION('center_axis',(1.,0.,0.));
#2672=DIRECTION('ref_axis',(0.,0.,-1.));
#2673=DIRECTION('',(-1.,0.,0.));
#2674=DIRECTION('center_axis',(1.,0.,0.));
#2675=DIRECTION('ref_axis',(0.,0.766044443118968,0.642787609686551));
#2676=DIRECTION('',(1.,0.,0.));
#2677=DIRECTION('center_axis',(1.,0.,0.));
#2678=DIRECTION('ref_axis',(0.,0.,-1.));
#2679=DIRECTION('',(-1.,0.,0.));
#2680=DIRECTION('center_axis',(1.,0.,0.));
#2681=DIRECTION('ref_axis',(0.,0.866025403784431,0.500000000000012));
#2682=DIRECTION('',(1.,0.,0.));
#2683=DIRECTION('center_axis',(1.,0.,0.));
#2684=DIRECTION('ref_axis',(0.,0.,-1.));
#2685=DIRECTION('',(-1.,0.,0.));
#2686=DIRECTION('center_axis',(1.,0.,0.));
#2687=DIRECTION('ref_axis',(0.,0.939692620785908,0.34202014332567));
#2688=DIRECTION('',(1.,0.,0.));
#2689=DIRECTION('center_axis',(1.,0.,0.));
#2690=DIRECTION('ref_axis',(0.,0.,-1.));
#2691=DIRECTION('',(-1.,0.,0.));
#2692=DIRECTION('center_axis',(1.,0.,0.));
#2693=DIRECTION('ref_axis',(0.,0.984807753012209,0.173648177666926));
#2694=DIRECTION('',(1.,0.,0.));
#2695=DIRECTION('center_axis',(1.,0.,0.));
#2696=DIRECTION('ref_axis',(0.,0.,-1.));
#2697=DIRECTION('',(-1.,0.,0.));
#2698=DIRECTION('center_axis',(1.,0.,0.));
#2699=DIRECTION('ref_axis',(0.,1.,-3.61394601875787E-15));
#2700=DIRECTION('',(1.,0.,0.));
#2701=DIRECTION('center_axis',(1.,0.,0.));
#2702=DIRECTION('ref_axis',(0.,0.,-1.));
#2703=DIRECTION('',(-1.,0.,0.));
#2704=DIRECTION('center_axis',(1.,0.,0.));
#2705=DIRECTION('ref_axis',(0.,0.984807753012207,-0.173648177666938));
#2706=DIRECTION('',(1.,0.,0.));
#2707=DIRECTION('center_axis',(1.,0.,0.));
#2708=DIRECTION('ref_axis',(0.,0.,-1.));
#2709=DIRECTION('',(-1.,0.,0.));
#2710=DIRECTION('center_axis',(1.,0.,0.));
#2711=DIRECTION('ref_axis',(0.,0.,-1.));
#2712=DIRECTION('',(1.,0.,0.));
#2713=DIRECTION('center_axis',(1.,0.,0.));
#2714=DIRECTION('ref_axis',(0.,0.,-1.));
#2715=DIRECTION('',(-1.,0.,0.));
#2716=DIRECTION('center_axis',(1.,0.,0.));
#2717=DIRECTION('ref_axis',(0.,0.,-1.));
#2718=DIRECTION('',(1.,0.,0.));
#2719=DIRECTION('center_axis',(1.,0.,0.));
#2720=DIRECTION('ref_axis',(0.,0.,-1.));
#2721=DIRECTION('',(-1.,0.,0.));
#2722=DIRECTION('center_axis',(1.,0.,0.));
#2723=DIRECTION('ref_axis',(0.,0.,-1.));
#2724=DIRECTION('',(1.,0.,0.));
#2725=DIRECTION('center_axis',(1.,0.,0.));
#2726=DIRECTION('ref_axis',(0.,0.,-1.));
#2727=DIRECTION('',(-1.,0.,0.));
#2728=DIRECTION('center_axis',(1.,0.,0.));
#2729=DIRECTION('ref_axis',(0.,0.,-1.));
#2730=DIRECTION('',(1.,0.,0.));
#2731=DIRECTION('center_axis',(1.,0.,0.));
#2732=DIRECTION('ref_axis',(0.,0.,-1.));
#2733=DIRECTION('',(-1.,0.,0.));
#2734=DIRECTION('center_axis',(1.,0.,0.));
#2735=DIRECTION('ref_axis',(0.,0.,-1.));
#2736=DIRECTION('',(1.,0.,0.));
#2737=DIRECTION('center_axis',(1.,0.,0.));
#2738=DIRECTION('ref_axis',(0.,0.,-1.));
#2739=DIRECTION('',(-1.,0.,0.));
#2740=DIRECTION('center_axis',(1.,0.,0.));
#2741=DIRECTION('ref_axis',(0.,0.,-1.));
#2742=DIRECTION('',(1.,0.,0.));
#2743=DIRECTION('center_axis',(1.,0.,0.));
#2744=DIRECTION('ref_axis',(0.,0.,-1.));
#2745=DIRECTION('',(-1.,0.,0.));
#2746=DIRECTION('center_axis',(1.,0.,0.));
#2747=DIRECTION('ref_axis',(0.,0.,-1.));
#2748=DIRECTION('',(1.,0.,0.));
#2749=DIRECTION('center_axis',(1.,0.,0.));
#2750=DIRECTION('ref_axis',(0.,0.,-1.));
#2751=DIRECTION('center_axis',(1.,0.,0.));
#2752=DIRECTION('ref_axis',(0.,0.,-1.));
#2753=DIRECTION('',(-1.,0.,0.));
#2754=DIRECTION('center_axis',(1.,0.,0.));
#2755=DIRECTION('ref_axis',(0.,0.,-1.));
#2756=DIRECTION('',(1.,0.,0.));
#2757=DIRECTION('center_axis',(1.,0.,0.));
#2758=DIRECTION('ref_axis',(0.,0.,-1.));
#2759=DIRECTION('',(-1.,0.,0.));
#2760=DIRECTION('center_axis',(1.,0.,0.));
#2761=DIRECTION('ref_axis',(0.,0.,-1.));
#2762=DIRECTION('',(1.,0.,0.));
#2763=DIRECTION('center_axis',(1.,0.,0.));
#2764=DIRECTION('ref_axis',(0.,0.,-1.));
#2765=DIRECTION('',(-1.,0.,0.));
#2766=DIRECTION('center_axis',(1.,0.,0.));
#2767=DIRECTION('ref_axis',(0.,0.,-1.));
#2768=DIRECTION('',(1.,0.,0.));
#2769=DIRECTION('center_axis',(1.,0.,0.));
#2770=DIRECTION('ref_axis',(0.,0.,-1.));
#2771=DIRECTION('',(-1.,0.,0.));
#2772=DIRECTION('center_axis',(1.,0.,0.));
#2773=DIRECTION('ref_axis',(0.,0.,-1.));
#2774=DIRECTION('',(1.,0.,0.));
#2775=DIRECTION('center_axis',(1.,0.,0.));
#2776=DIRECTION('ref_axis',(0.,0.,-1.));
#2777=DIRECTION('',(-1.,0.,0.));
#2778=DIRECTION('center_axis',(1.,0.,0.));
#2779=DIRECTION('ref_axis',(0.,0.,-1.));
#2780=DIRECTION('',(1.,0.,0.));
#2781=DIRECTION('center_axis',(1.,0.,0.));
#2782=DIRECTION('ref_axis',(0.,0.,-1.));
#2783=DIRECTION('',(-1.,0.,0.));
#2784=DIRECTION('center_axis',(1.,0.,0.));
#2785=DIRECTION('ref_axis',(0.,0.,-1.));
#2786=DIRECTION('',(1.,0.,0.));
#2787=DIRECTION('center_axis',(1.,0.,0.));
#2788=DIRECTION('ref_axis',(0.,0.,-1.));
#2789=DIRECTION('',(-1.,0.,0.));
#2790=DIRECTION('center_axis',(1.,0.,0.));
#2791=DIRECTION('ref_axis',(0.,0.,-1.));
#2792=DIRECTION('',(1.,0.,0.));
#2793=DIRECTION('center_axis',(1.,0.,0.));
#2794=DIRECTION('ref_axis',(0.,0.,-1.));
#2795=DIRECTION('',(-1.,0.,0.));
#2796=DIRECTION('center_axis',(1.,0.,0.));
#2797=DIRECTION('ref_axis',(0.,-0.984807753012207,-0.173648177666938));
#2798=DIRECTION('',(1.,0.,0.));
#2799=DIRECTION('center_axis',(1.,0.,0.));
#2800=DIRECTION('ref_axis',(0.,0.,-1.));
#2801=DIRECTION('',(1.,0.,0.));
#2802=DIRECTION('center_axis',(1.,0.,0.));
#2803=DIRECTION('ref_axis',(0.,-1.,-3.61394601875787E-15));
#2804=DIRECTION('',(-1.,0.,0.));
#2805=DIRECTION('center_axis',(1.,0.,0.));
#2806=DIRECTION('ref_axis',(0.,0.,-1.));
#2807=CARTESIAN_POINT('',(0.,0.,0.));
#2808=CARTESIAN_POINT('Origin',(404.,15.5,213.153212482682));
#2809=CARTESIAN_POINT('',(394.,15.5,215.853212482682));
#2810=CARTESIAN_POINT('Origin',(394.,15.5,213.153212482682));
#2811=CARTESIAN_POINT('',(404.,15.5,215.853212482682));
#2812=CARTESIAN_POINT('',(404.,15.5,215.853212482682));
#2813=CARTESIAN_POINT('Origin',(404.,15.5,213.153212482682));
#2814=CARTESIAN_POINT('Origin',(404.,-15.5,213.153212482682));
#2815=CARTESIAN_POINT('',(394.,-15.5,215.853212482682));
#2816=CARTESIAN_POINT('Origin',(394.,-15.5,213.153212482682));
#2817=CARTESIAN_POINT('',(404.,-15.5,215.853212482682));
#2818=CARTESIAN_POINT('',(404.,-15.5,215.853212482682));
#2819=CARTESIAN_POINT('Origin',(404.,-15.5,213.153212482682));
#2820=CARTESIAN_POINT('Origin',(404.,-31.,240.));
#2821=CARTESIAN_POINT('',(394.,-31.,242.7));
#2822=CARTESIAN_POINT('Origin',(394.,-31.,240.));
#2823=CARTESIAN_POINT('',(404.,-31.,242.7));
#2824=CARTESIAN_POINT('',(404.,-31.,242.7));
#2825=CARTESIAN_POINT('Origin',(404.,-31.,240.));
#2826=CARTESIAN_POINT('Origin',(404.,-15.5,266.846787517318));
#2827=CARTESIAN_POINT('',(394.,-15.5,269.546787517318));
#2828=CARTESIAN_POINT('Origin',(394.,-15.5,266.846787517318));
#2829=CARTESIAN_POINT('',(404.,-15.5,269.546787517318));
#2830=CARTESIAN_POINT('',(404.,-15.5,269.546787517318));
#2831=CARTESIAN_POINT('Origin',(404.,-15.5,266.846787517318));
#2832=CARTESIAN_POINT('Origin',(404.,15.5,266.846787517318));
#2833=CARTESIAN_POINT('',(394.,15.5,269.546787517318));
#2834=CARTESIAN_POINT('Origin',(394.,15.5,266.846787517318));
#2835=CARTESIAN_POINT('',(404.,15.5,269.546787517318));
#2836=CARTESIAN_POINT('',(404.,15.5,269.546787517318));
#2837=CARTESIAN_POINT('Origin',(404.,15.5,266.846787517318));
#2838=CARTESIAN_POINT('Origin',(404.,31.,240.));
#2839=CARTESIAN_POINT('',(394.,31.,242.7));
#2840=CARTESIAN_POINT('Origin',(394.,31.,240.));
#2841=CARTESIAN_POINT('',(404.,31.,242.7));
#2842=CARTESIAN_POINT('',(404.,31.,242.7));
#2843=CARTESIAN_POINT('Origin',(404.,31.,240.));
#2844=CARTESIAN_POINT('Origin',(397.,0.,255.));
#2845=CARTESIAN_POINT('',(394.3,-20.,255.));
#2846=CARTESIAN_POINT('Origin',(397.,-20.,255.));
#2847=CARTESIAN_POINT('',(394.3,-0.7,255.));
#2848=CARTESIAN_POINT('',(394.3,0.,255.));
#2849=CARTESIAN_POINT('Origin',(397.,-0.7,255.));
#2850=CARTESIAN_POINT('Origin',(397.,0.,255.));
#2851=CARTESIAN_POINT('',(394.3,0.7,255.));
#2852=CARTESIAN_POINT('Origin',(397.,0.7,255.));
#2853=CARTESIAN_POINT('',(394.3,20.,255.));
#2854=CARTESIAN_POINT('',(394.3,0.,255.));
#2855=CARTESIAN_POINT('Origin',(397.,20.,255.));
#2856=CARTESIAN_POINT('Origin',(397.,-20.,255.));
#2857=CARTESIAN_POINT('Origin',(397.,20.,255.));
#2858=CARTESIAN_POINT('Origin',(396.,0.7,251.5));
#2859=CARTESIAN_POINT('',(404.,0.7,263.));
#2860=CARTESIAN_POINT('',(404.,0.7,248.621629776324));
#2861=CARTESIAN_POINT('',(404.,0.7,245.75));
#2862=CARTESIAN_POINT('',(394.,0.7,263.));
#2863=CARTESIAN_POINT('',(396.,0.7,263.));
#2864=CARTESIAN_POINT('',(394.,0.7,261.988860816332));
#2865=CARTESIAN_POINT('',(394.,0.7,245.75));
#2866=CARTESIAN_POINT('',(390.,0.7,261.988860816332));
#2867=CARTESIAN_POINT('',(397.,0.7,261.988860816332));
#2868=CARTESIAN_POINT('',(390.,0.7,259.295040465726));
#2869=CARTESIAN_POINT('',(390.,0.7,245.75));
#2870=CARTESIAN_POINT('',(389.5,0.7,259.295040465726));
#2871=CARTESIAN_POINT('',(390.1,0.7,259.295040465726));
#2872=CARTESIAN_POINT('',(389.5,0.7,255.908009409789));
#2873=CARTESIAN_POINT('',(389.5,0.7,245.75));
#2874=CARTESIAN_POINT('',(387.,0.7,255.908009409789));
#2875=CARTESIAN_POINT('',(385.,0.7,255.908009409789));
#2876=CARTESIAN_POINT('',(387.,0.7,248.621629776324));
#2877=CARTESIAN_POINT('',(387.,0.7,251.5));
#2878=CARTESIAN_POINT('',(391.4,0.7,248.621629776324));
#2879=CARTESIAN_POINT('Origin',(387.,0.,251.5));
#2880=CARTESIAN_POINT('',(387.,-0.7,248.621629776324));
#2881=CARTESIAN_POINT('Origin',(387.,0.,240.));
#2882=CARTESIAN_POINT('',(387.,-0.7,255.908009409789));
#2883=CARTESIAN_POINT('Origin',(387.,1.01129702998892E-15,256.515733853925));
#2884=CARTESIAN_POINT('',(387.,-0.7,251.5));
#2885=CARTESIAN_POINT('Origin',(396.,0.,263.));
#2886=CARTESIAN_POINT('',(404.,-0.7,263.));
#2887=CARTESIAN_POINT('',(404.,0.,263.));
#2888=CARTESIAN_POINT('',(394.,-0.7,263.));
#2889=CARTESIAN_POINT('',(396.,-0.7,263.));
#2890=CARTESIAN_POINT('',(394.,0.,263.));
#2891=CARTESIAN_POINT('Origin',(396.,-0.7,251.5));
#2892=CARTESIAN_POINT('',(404.,-0.7,248.621629776324));
#2893=CARTESIAN_POINT('',(404.,-0.7,245.75));
#2894=CARTESIAN_POINT('',(391.4,-0.7,248.621629776324));
#2895=CARTESIAN_POINT('',(389.5,-0.7,255.908009409789));
#2896=CARTESIAN_POINT('',(385.,-0.7,255.908009409789));
#2897=CARTESIAN_POINT('',(389.5,-0.7,259.295040465726));
#2898=CARTESIAN_POINT('',(389.5,-0.7,245.75));
#2899=CARTESIAN_POINT('',(390.,-0.7,259.295040465726));
#2900=CARTESIAN_POINT('',(390.1,-0.7,259.295040465726));
#2901=CARTESIAN_POINT('',(390.,-0.7,261.988860816332));
#2902=CARTESIAN_POINT('',(390.,-0.7,245.75));
#2903=CARTESIAN_POINT('',(394.,-0.7,261.988860816332));
#2904=CARTESIAN_POINT('',(397.,-0.7,261.988860816332));
#2905=CARTESIAN_POINT('',(394.,-0.7,245.75));
#2906=CARTESIAN_POINT('Origin',(391.4,0.,240.));
#2907=CARTESIAN_POINT('',(404.,6.55,234.35022124327));
#2908=CARTESIAN_POINT('Origin',(404.,0.,240.));
#2909=CARTESIAN_POINT('',(379.3,6.55,234.35022124327));
#2910=CARTESIAN_POINT('',(391.4,6.55,234.35022124327));
#2911=CARTESIAN_POINT('',(379.3,6.55,245.64977875673));
#2912=CARTESIAN_POINT('Origin',(379.3,0.,240.));
#2913=CARTESIAN_POINT('',(404.,6.55,245.64977875673));
#2914=CARTESIAN_POINT('',(391.4,6.55,245.64977875673));
#2915=CARTESIAN_POINT('Origin',(404.,0.,240.));
#2916=CARTESIAN_POINT('Origin',(397.,0.,240.));
#2917=CARTESIAN_POINT('Origin',(390.,0.,240.));
#2918=CARTESIAN_POINT('Origin',(394.,0.,240.));
#2919=CARTESIAN_POINT('Origin',(385.,1.01129702998892E-15,256.515733853925));
#2920=CARTESIAN_POINT('',(389.5,0.88724370635964,256.784299684821));
#2921=CARTESIAN_POINT('Origin',(389.5,1.01129702998892E-15,256.515733853925));
#2922=CARTESIAN_POINT('',(380.5,0.88724370635964,256.784299684821));
#2923=CARTESIAN_POINT('',(385.,0.887243706359667,256.784299684821));
#2924=CARTESIAN_POINT('',(380.5,-0.887243706359638,256.784299684821));
#2925=CARTESIAN_POINT('Origin',(380.5,1.01129702998892E-15,256.515733853925));
#2926=CARTESIAN_POINT('',(389.5,-0.887243706359638,256.784299684821));
#2927=CARTESIAN_POINT('',(385.,-0.887243706359666,256.784299684821));
#2928=CARTESIAN_POINT('Origin',(389.5,1.01129702998892E-15,256.515733853925));
#2929=CARTESIAN_POINT('Origin',(390.,0.,240.));
#2930=CARTESIAN_POINT('Origin',(390.,0.,240.));
#2931=CARTESIAN_POINT('Origin',(390.1,0.,240.));
#2932=CARTESIAN_POINT('Origin',(389.5,0.,240.));
#2933=CARTESIAN_POINT('Origin',(389.5,0.,240.));
#2934=CARTESIAN_POINT('',(389.5,-2.04079857285058,256.683376711248));
#2935=CARTESIAN_POINT('Origin',(389.5,0.,240.));
#2936=CARTESIAN_POINT('',(389.5,-3.7883275345191,256.375240205737));
#2937=CARTESIAN_POINT('Origin',(389.5,-2.86792708656605,256.264822746031));
#2938=CARTESIAN_POINT('',(389.5,-4.90683222011866,256.0755377785));
#2939=CARTESIAN_POINT('Origin',(389.5,0.,240.));
#2940=CARTESIAN_POINT('',(389.5,-6.57430494752844,255.468627339272));
#2941=CARTESIAN_POINT('Origin',(389.5,-5.64871365984792,255.519713229397));
#2942=CARTESIAN_POINT('',(389.5,-7.62377425335533,254.979251764966));
#2943=CARTESIAN_POINT('Origin',(389.5,0.,240.));
#2944=CARTESIAN_POINT('',(389.5,-9.16052543146595,254.092008058607));
#2945=CARTESIAN_POINT('Origin',(389.5,-8.25786692696234,254.303045079641));
#2946=CARTESIAN_POINT('',(389.5,-10.1090717637197,253.427828766421));
#2947=CARTESIAN_POINT('Origin',(389.5,0.,240.));
#2948=CARTESIAN_POINT('',(389.5,-11.4684079856179,252.287210243981));
#2949=CARTESIAN_POINT('Origin',(389.5,-10.6161090861833,252.651786142831));
#2950=CARTESIAN_POINT('',(389.5,-12.2872102439806,251.468407985618));
#2951=CARTESIAN_POINT('Origin',(389.5,0.,240.));
#2952=CARTESIAN_POINT('',(389.5,-13.4278287664213,250.10907176372));
#2953=CARTESIAN_POINT('Origin',(389.5,-12.651786142831,250.616109086183));
#2954=CARTESIAN_POINT('',(389.5,-14.0920080586066,249.160525431466));
#2955=CARTESIAN_POINT('Origin',(389.5,0.,240.));
#2956=CARTESIAN_POINT('',(389.5,-14.9792517649662,247.623774253355));
#2957=CARTESIAN_POINT('Origin',(389.5,-14.3030450796415,248.257866926962));
#2958=CARTESIAN_POINT('',(389.5,-15.4686273392719,246.574304947528));
#2959=CARTESIAN_POINT('Origin',(389.5,0.,240.));
#2960=CARTESIAN_POINT('',(389.5,-16.0755377784997,244.906832220119));
#2961=CARTESIAN_POINT('Origin',(389.5,-15.519713229397,245.648713659848));
#2962=CARTESIAN_POINT('',(389.5,-16.3752402057365,243.788327534519));
#2963=CARTESIAN_POINT('Origin',(389.5,0.,240.));
#2964=CARTESIAN_POINT('',(389.5,-16.6833767112482,242.040798572851));
#2965=CARTESIAN_POINT('Origin',(389.5,-16.2648227460312,242.867927086566));
#2966=CARTESIAN_POINT('',(389.5,-16.7842996848213,240.88724370636));
#2967=CARTESIAN_POINT('Origin',(389.5,0.,240.));
#2968=CARTESIAN_POINT('',(389.5,-16.7842996848213,239.11275629364));
#2969=CARTESIAN_POINT('Origin',(389.5,-16.5157338539247,240.));
#2970=CARTESIAN_POINT('',(389.5,-16.6833767112482,237.959201427149));
#2971=CARTESIAN_POINT('Origin',(389.5,0.,240.));
#2972=CARTESIAN_POINT('',(389.5,-16.3752402057365,236.211672465481));
#2973=CARTESIAN_POINT('Origin',(389.5,-16.2648227460312,237.132072913434));
#2974=CARTESIAN_POINT('',(389.5,-16.0755377784997,235.093167779881));
#2975=CARTESIAN_POINT('Origin',(389.5,0.,240.));
#2976=CARTESIAN_POINT('',(389.5,-15.4686273392719,233.425695052472));
#2977=CARTESIAN_POINT('Origin',(389.5,-15.519713229397,234.351286340152));
#2978=CARTESIAN_POINT('',(389.5,-14.9792517649662,232.376225746645));
#2979=CARTESIAN_POINT('Origin',(389.5,0.,240.));
#2980=CARTESIAN_POINT('',(389.5,-14.0920080586066,230.839474568534));
#2981=CARTESIAN_POINT('Origin',(389.5,-14.3030450796415,231.742133073038));
#2982=CARTESIAN_POINT('',(389.5,-13.4278287664213,229.89092823628));
#2983=CARTESIAN_POINT('Origin',(389.5,0.,240.));
#2984=CARTESIAN_POINT('',(389.5,-12.2872102439806,228.531592014382));
#2985=CARTESIAN_POINT('Origin',(389.5,-12.651786142831,229.383890913817));
#2986=CARTESIAN_POINT('',(389.5,-11.4684079856179,227.712789756019));
#2987=CARTESIAN_POINT('Origin',(389.5,0.,240.));
#2988=CARTESIAN_POINT('',(389.5,-10.1090717637197,226.572171233579));
#2989=CARTESIAN_POINT('Origin',(389.5,-10.6161090861833,227.348213857169));
#2990=CARTESIAN_POINT('',(389.5,-9.16052543146595,225.907991941393));
#2991=CARTESIAN_POINT('Origin',(389.5,0.,240.));
#2992=CARTESIAN_POINT('',(389.5,-7.62377425335534,225.020748235034));
#2993=CARTESIAN_POINT('Origin',(389.5,-8.25786692696235,225.696954920359));
#2994=CARTESIAN_POINT('',(389.5,-6.57430494752844,224.531372660728));
#2995=CARTESIAN_POINT('Origin',(389.5,0.,240.));
#2996=CARTESIAN_POINT('',(389.5,-4.90683222011866,223.9244622215));
#2997=CARTESIAN_POINT('Origin',(389.5,-5.64871365984792,224.480286770603));
#2998=CARTESIAN_POINT('',(389.5,-3.78832753451911,223.624759794263));
#2999=CARTESIAN_POINT('Origin',(389.5,0.,240.));
#3000=CARTESIAN_POINT('',(389.5,-2.04079857285059,223.316623288752));
#3001=CARTESIAN_POINT('Origin',(389.5,-2.86792708656605,223.735177253969));
#3002=CARTESIAN_POINT('',(389.5,-0.887243706359643,223.215700315179));
#3003=CARTESIAN_POINT('Origin',(389.5,0.,240.));
#3004=CARTESIAN_POINT('',(389.5,0.887243706359636,223.215700315179));
#3005=CARTESIAN_POINT('Origin',(389.5,-3.03389108996677E-15,223.484266146075));
#3006=CARTESIAN_POINT('',(389.5,2.04079857285058,223.316623288752));
#3007=CARTESIAN_POINT('Origin',(389.5,0.,240.));
#3008=CARTESIAN_POINT('',(389.5,3.7883275345191,223.624759794263));
#3009=CARTESIAN_POINT('Origin',(389.5,2.86792708656605,223.735177253969));
#3010=CARTESIAN_POINT('',(389.5,4.90683222011866,223.9244622215));
#3011=CARTESIAN_POINT('Origin',(389.5,0.,240.));
#3012=CARTESIAN_POINT('',(389.5,6.57430494752845,224.531372660728));
#3013=CARTESIAN_POINT('Origin',(389.5,5.64871365984793,224.480286770603));
#3014=CARTESIAN_POINT('',(389.5,7.62377425335532,225.020748235034));
#3015=CARTESIAN_POINT('Origin',(389.5,0.,240.));
#3016=CARTESIAN_POINT('',(389.5,9.16052543146594,225.907991941393));
#3017=CARTESIAN_POINT('Origin',(389.5,8.25786692696233,225.696954920359));
#3018=CARTESIAN_POINT('',(389.5,10.1090717637197,226.572171233579));
#3019=CARTESIAN_POINT('Origin',(389.5,0.,240.));
#3020=CARTESIAN_POINT('',(389.5,11.4684079856179,227.712789756019));
#3021=CARTESIAN_POINT('Origin',(389.5,10.6161090861833,227.348213857169));
#3022=CARTESIAN_POINT('',(389.5,12.2872102439806,228.531592014382));
#3023=CARTESIAN_POINT('Origin',(389.5,0.,240.));
#3024=CARTESIAN_POINT('',(389.5,13.4278287664213,229.89092823628));
#3025=CARTESIAN_POINT('Origin',(389.5,12.651786142831,229.383890913817));
#3026=CARTESIAN_POINT('',(389.5,14.0920080586066,230.839474568534));
#3027=CARTESIAN_POINT('Origin',(389.5,0.,240.));
#3028=CARTESIAN_POINT('',(389.5,14.9792517649662,232.376225746645));
#3029=CARTESIAN_POINT('Origin',(389.5,14.3030450796415,231.742133073038));
#3030=CARTESIAN_POINT('',(389.5,15.4686273392719,233.425695052472));
#3031=CARTESIAN_POINT('Origin',(389.5,0.,240.));
#3032=CARTESIAN_POINT('',(389.5,16.0755377784997,235.093167779881));
#3033=CARTESIAN_POINT('Origin',(389.5,15.519713229397,234.351286340152));
#3034=CARTESIAN_POINT('',(389.5,16.3752402057365,236.211672465481));
#3035=CARTESIAN_POINT('Origin',(389.5,0.,240.));
#3036=CARTESIAN_POINT('',(389.5,16.6833767112482,237.959201427149));
#3037=CARTESIAN_POINT('Origin',(389.5,16.2648227460312,237.132072913434));
#3038=CARTESIAN_POINT('',(389.5,16.7842996848213,239.11275629364));
#3039=CARTESIAN_POINT('Origin',(389.5,0.,240.));
#3040=CARTESIAN_POINT('',(389.5,16.7842996848213,240.88724370636));
#3041=CARTESIAN_POINT('Origin',(389.5,16.5157338539247,240.));
#3042=CARTESIAN_POINT('',(389.5,16.6833767112482,242.040798572851));
#3043=CARTESIAN_POINT('Origin',(389.5,0.,240.));
#3044=CARTESIAN_POINT('',(389.5,16.3752402057365,243.788327534519));
#3045=CARTESIAN_POINT('Origin',(389.5,16.2648227460312,242.867927086566));
#3046=CARTESIAN_POINT('',(389.5,16.0755377784997,244.906832220119));
#3047=CARTESIAN_POINT('Origin',(389.5,0.,240.));
#3048=CARTESIAN_POINT('',(389.5,15.4686273392719,246.574304947528));
#3049=CARTESIAN_POINT('Origin',(389.5,15.519713229397,245.648713659848));
#3050=CARTESIAN_POINT('',(389.5,14.9792517649662,247.623774253355));
#3051=CARTESIAN_POINT('Origin',(389.5,0.,240.));
#3052=CARTESIAN_POINT('',(389.5,14.0920080586066,249.160525431466));
#3053=CARTESIAN_POINT('Origin',(389.5,14.3030450796415,248.257866926962));
#3054=CARTESIAN_POINT('',(389.5,13.4278287664213,250.10907176372));
#3055=CARTESIAN_POINT('Origin',(389.5,0.,240.));
#3056=CARTESIAN_POINT('',(389.5,12.2872102439806,251.468407985618));
#3057=CARTESIAN_POINT('Origin',(389.5,12.651786142831,250.616109086183));
#3058=CARTESIAN_POINT('',(389.5,11.4684079856179,252.287210243981));
#3059=CARTESIAN_POINT('Origin',(389.5,0.,240.));
#3060=CARTESIAN_POINT('',(389.5,10.1090717637197,253.427828766421));
#3061=CARTESIAN_POINT('Origin',(389.5,10.6161090861833,252.651786142831));
#3062=CARTESIAN_POINT('',(389.5,9.16052543146595,254.092008058607));
#3063=CARTESIAN_POINT('Origin',(389.5,0.,240.));
#3064=CARTESIAN_POINT('',(389.5,7.62377425335533,254.979251764966));
#3065=CARTESIAN_POINT('Origin',(389.5,8.25786692696235,254.303045079641));
#3066=CARTESIAN_POINT('',(389.5,6.57430494752845,255.468627339272));
#3067=CARTESIAN_POINT('Origin',(389.5,0.,240.));
#3068=CARTESIAN_POINT('',(389.5,4.90683222011866,256.0755377785));
#3069=CARTESIAN_POINT('Origin',(389.5,5.64871365984792,255.519713229397));
#3070=CARTESIAN_POINT('',(389.5,3.7883275345191,256.375240205737));
#3071=CARTESIAN_POINT('Origin',(389.5,0.,240.));
#3072=CARTESIAN_POINT('',(389.5,2.04079857285058,256.683376711248));
#3073=CARTESIAN_POINT('Origin',(389.5,2.86792708656605,256.264822746031));
#3074=CARTESIAN_POINT('Origin',(389.5,0.,240.));
#3075=CARTESIAN_POINT('Origin',(391.4,6.55,240.));
#3076=CARTESIAN_POINT('',(404.,6.55,240.));
#3077=CARTESIAN_POINT('',(379.3,6.55,240.));
#3078=CARTESIAN_POINT('Origin',(394.,0.,240.));
#3079=CARTESIAN_POINT('',(394.,-4.77612251667468E-15,279.));
#3080=CARTESIAN_POINT('Origin',(394.,0.,240.));
#3081=CARTESIAN_POINT('Origin',(399.,0.,240.));
#3082=CARTESIAN_POINT('',(404.,-4.77612251667468E-15,279.));
#3083=CARTESIAN_POINT('Origin',(404.,0.,240.));
#3084=CARTESIAN_POINT('',(399.,-4.77612251667468E-15,279.));
#3085=CARTESIAN_POINT('Origin',(404.,0.,240.));
#3086=CARTESIAN_POINT('Origin',(380.5,0.,240.));
#3087=CARTESIAN_POINT('',(380.5,-2.36451544629979E-15,259.307733853925));
#3088=CARTESIAN_POINT('Origin',(380.5,0.,240.));
#3089=CARTESIAN_POINT('',(380.5,16.6833767112482,237.959201427149));
#3090=CARTESIAN_POINT('',(380.5,16.3752402057365,236.211672465481));
#3091=CARTESIAN_POINT('Origin',(380.5,16.2648227460312,237.132072913434));
#3092=CARTESIAN_POINT('',(380.5,16.0755377784997,235.093167779881));
#3093=CARTESIAN_POINT('Origin',(380.5,0.,240.));
#3094=CARTESIAN_POINT('',(380.5,15.4686273392719,233.425695052472));
#3095=CARTESIAN_POINT('Origin',(380.5,15.519713229397,234.351286340152));
#3096=CARTESIAN_POINT('',(380.5,14.9792517649662,232.376225746645));
#3097=CARTESIAN_POINT('Origin',(380.5,0.,240.));
#3098=CARTESIAN_POINT('',(380.5,14.0920080586066,230.839474568534));
#3099=CARTESIAN_POINT('Origin',(380.5,14.3030450796415,231.742133073038));
#3100=CARTESIAN_POINT('',(380.5,13.4278287664213,229.89092823628));
#3101=CARTESIAN_POINT('Origin',(380.5,0.,240.));
#3102=CARTESIAN_POINT('',(380.5,12.2872102439806,228.531592014382));
#3103=CARTESIAN_POINT('Origin',(380.5,12.651786142831,229.383890913817));
#3104=CARTESIAN_POINT('',(380.5,11.4684079856179,227.712789756019));
#3105=CARTESIAN_POINT('Origin',(380.5,0.,240.));
#3106=CARTESIAN_POINT('',(380.5,10.1090717637197,226.572171233579));
#3107=CARTESIAN_POINT('Origin',(380.5,10.6161090861833,227.348213857169));
#3108=CARTESIAN_POINT('',(380.5,9.16052543146594,225.907991941393));
#3109=CARTESIAN_POINT('Origin',(380.5,0.,240.));
#3110=CARTESIAN_POINT('',(380.5,7.62377425335532,225.020748235034));
#3111=CARTESIAN_POINT('Origin',(380.5,8.25786692696233,225.696954920359));
#3112=CARTESIAN_POINT('',(380.5,6.57430494752845,224.531372660728));
#3113=CARTESIAN_POINT('Origin',(380.5,0.,240.));
#3114=CARTESIAN_POINT('',(380.5,4.90683222011866,223.9244622215));
#3115=CARTESIAN_POINT('Origin',(380.5,5.64871365984793,224.480286770603));
#3116=CARTESIAN_POINT('',(380.5,3.7883275345191,223.624759794263));
#3117=CARTESIAN_POINT('Origin',(380.5,0.,240.));
#3118=CARTESIAN_POINT('',(380.5,2.04079857285058,223.316623288752));
#3119=CARTESIAN_POINT('Origin',(380.5,2.86792708656605,223.735177253969));
#3120=CARTESIAN_POINT('',(380.5,0.887243706359636,223.215700315179));
#3121=CARTESIAN_POINT('Origin',(380.5,0.,240.));
#3122=CARTESIAN_POINT('',(380.5,-0.887243706359643,223.215700315179));
#3123=CARTESIAN_POINT('Origin',(380.5,-3.03389108996677E-15,223.484266146075));
#3124=CARTESIAN_POINT('',(380.5,-2.04079857285059,223.316623288752));
#3125=CARTESIAN_POINT('Origin',(380.5,0.,240.));
#3126=CARTESIAN_POINT('',(380.5,-3.78832753451911,223.624759794263));
#3127=CARTESIAN_POINT('Origin',(380.5,-2.86792708656605,223.735177253969));
#3128=CARTESIAN_POINT('',(380.5,-4.90683222011866,223.9244622215));
#3129=CARTESIAN_POINT('Origin',(380.5,0.,240.));
#3130=CARTESIAN_POINT('',(380.5,-6.57430494752844,224.531372660728));
#3131=CARTESIAN_POINT('Origin',(380.5,-5.64871365984792,224.480286770603));
#3132=CARTESIAN_POINT('',(380.5,-7.62377425335534,225.020748235034));
#3133=CARTESIAN_POINT('Origin',(380.5,0.,240.));
#3134=CARTESIAN_POINT('',(380.5,-9.16052543146595,225.907991941393));
#3135=CARTESIAN_POINT('Origin',(380.5,-8.25786692696235,225.696954920359));
#3136=CARTESIAN_POINT('',(380.5,-10.1090717637197,226.572171233579));
#3137=CARTESIAN_POINT('Origin',(380.5,0.,240.));
#3138=CARTESIAN_POINT('',(380.5,-11.4684079856179,227.712789756019));
#3139=CARTESIAN_POINT('Origin',(380.5,-10.6161090861833,227.348213857169));
#3140=CARTESIAN_POINT('',(380.5,-12.2872102439806,228.531592014382));
#3141=CARTESIAN_POINT('Origin',(380.5,0.,240.));
#3142=CARTESIAN_POINT('',(380.5,-13.4278287664213,229.89092823628));
#3143=CARTESIAN_POINT('Origin',(380.5,-12.651786142831,229.383890913817));
#3144=CARTESIAN_POINT('',(380.5,-14.0920080586066,230.839474568534));
#3145=CARTESIAN_POINT('Origin',(380.5,0.,240.));
#3146=CARTESIAN_POINT('',(380.5,-14.9792517649662,232.376225746645));
#3147=CARTESIAN_POINT('Origin',(380.5,-14.3030450796415,231.742133073038));
#3148=CARTESIAN_POINT('',(380.5,-15.4686273392719,233.425695052472));
#3149=CARTESIAN_POINT('Origin',(380.5,0.,240.));
#3150=CARTESIAN_POINT('',(380.5,-16.0755377784997,235.093167779881));
#3151=CARTESIAN_POINT('Origin',(380.5,-15.519713229397,234.351286340152));
#3152=CARTESIAN_POINT('',(380.5,-16.3752402057365,236.211672465481));
#3153=CARTESIAN_POINT('Origin',(380.5,0.,240.));
#3154=CARTESIAN_POINT('',(380.5,-16.6833767112482,237.959201427149));
#3155=CARTESIAN_POINT('Origin',(380.5,-16.2648227460312,237.132072913434));
#3156=CARTESIAN_POINT('',(380.5,-16.7842996848213,239.11275629364));
#3157=CARTESIAN_POINT('Origin',(380.5,0.,240.));
#3158=CARTESIAN_POINT('',(380.5,-16.7842996848213,240.88724370636));
#3159=CARTESIAN_POINT('Origin',(380.5,-16.5157338539247,240.));
#3160=CARTESIAN_POINT('',(380.5,-16.6833767112482,242.040798572851));
#3161=CARTESIAN_POINT('Origin',(380.5,0.,240.));
#3162=CARTESIAN_POINT('',(380.5,-16.3752402057365,243.788327534519));
#3163=CARTESIAN_POINT('Origin',(380.5,-16.2648227460312,242.867927086566));
#3164=CARTESIAN_POINT('',(380.5,-16.0755377784997,244.906832220119));
#3165=CARTESIAN_POINT('Origin',(380.5,0.,240.));
#3166=CARTESIAN_POINT('',(380.5,-15.4686273392719,246.574304947528));
#3167=CARTESIAN_POINT('Origin',(380.5,-15.519713229397,245.648713659848));
#3168=CARTESIAN_POINT('',(380.5,-14.9792517649662,247.623774253355));
#3169=CARTESIAN_POINT('Origin',(380.5,0.,240.));
#3170=CARTESIAN_POINT('',(380.5,-14.0920080586066,249.160525431466));
#3171=CARTESIAN_POINT('Origin',(380.5,-14.3030450796415,248.257866926962));
#3172=CARTESIAN_POINT('',(380.5,-13.4278287664213,250.10907176372));
#3173=CARTESIAN_POINT('Origin',(380.5,0.,240.));
#3174=CARTESIAN_POINT('',(380.5,-12.2872102439806,251.468407985618));
#3175=CARTESIAN_POINT('Origin',(380.5,-12.651786142831,250.616109086183));
#3176=CARTESIAN_POINT('',(380.5,-11.4684079856179,252.287210243981));
#3177=CARTESIAN_POINT('Origin',(380.5,0.,240.));
#3178=CARTESIAN_POINT('',(380.5,-10.1090717637197,253.427828766421));
#3179=CARTESIAN_POINT('Origin',(380.5,-10.6161090861833,252.651786142831));
#3180=CARTESIAN_POINT('',(380.5,-9.16052543146595,254.092008058607));
#3181=CARTESIAN_POINT('Origin',(380.5,0.,240.));
#3182=CARTESIAN_POINT('',(380.5,-7.62377425335533,254.979251764966));
#3183=CARTESIAN_POINT('Origin',(380.5,-8.25786692696234,254.303045079641));
#3184=CARTESIAN_POINT('',(380.5,-6.57430494752844,255.468627339272));
#3185=CARTESIAN_POINT('Origin',(380.5,0.,240.));
#3186=CARTESIAN_POINT('',(380.5,-4.90683222011866,256.0755377785));
#3187=CARTESIAN_POINT('Origin',(380.5,-5.64871365984792,255.519713229397));
#3188=CARTESIAN_POINT('',(380.5,-3.7883275345191,256.375240205737));
#3189=CARTESIAN_POINT('Origin',(380.5,0.,240.));
#3190=CARTESIAN_POINT('',(380.5,-2.04079857285058,256.683376711248));
#3191=CARTESIAN_POINT('Origin',(380.5,-2.86792708656605,256.264822746031));
#3192=CARTESIAN_POINT('Origin',(380.5,0.,240.));
#3193=CARTESIAN_POINT('',(380.5,2.04079857285058,256.683376711248));
#3194=CARTESIAN_POINT('Origin',(380.5,0.,240.));
#3195=CARTESIAN_POINT('',(380.5,3.7883275345191,256.375240205737));
#3196=CARTESIAN_POINT('Origin',(380.5,2.86792708656605,256.264822746031));
#3197=CARTESIAN_POINT('',(380.5,4.90683222011866,256.0755377785));
#3198=CARTESIAN_POINT('Origin',(380.5,0.,240.));
#3199=CARTESIAN_POINT('',(380.5,6.57430494752845,255.468627339272));
#3200=CARTESIAN_POINT('Origin',(380.5,5.64871365984792,255.519713229397));
#3201=CARTESIAN_POINT('',(380.5,7.62377425335533,254.979251764966));
#3202=CARTESIAN_POINT('Origin',(380.5,0.,240.));
#3203=CARTESIAN_POINT('',(380.5,9.16052543146595,254.092008058607));
#3204=CARTESIAN_POINT('Origin',(380.5,8.25786692696235,254.303045079641));
#3205=CARTESIAN_POINT('',(380.5,10.1090717637197,253.427828766421));
#3206=CARTESIAN_POINT('Origin',(380.5,0.,240.));
#3207=CARTESIAN_POINT('',(380.5,11.4684079856179,252.287210243981));
#3208=CARTESIAN_POINT('Origin',(380.5,10.6161090861833,252.651786142831));
#3209=CARTESIAN_POINT('',(380.5,12.2872102439806,251.468407985618));
#3210=CARTESIAN_POINT('Origin',(380.5,0.,240.));
#3211=CARTESIAN_POINT('',(380.5,13.4278287664213,250.10907176372));
#3212=CARTESIAN_POINT('Origin',(380.5,12.651786142831,250.616109086183));
#3213=CARTESIAN_POINT('',(380.5,14.0920080586066,249.160525431466));
#3214=CARTESIAN_POINT('Origin',(380.5,0.,240.));
#3215=CARTESIAN_POINT('',(380.5,14.9792517649662,247.623774253355));
#3216=CARTESIAN_POINT('Origin',(380.5,14.3030450796415,248.257866926962));
#3217=CARTESIAN_POINT('',(380.5,15.4686273392719,246.574304947528));
#3218=CARTESIAN_POINT('Origin',(380.5,0.,240.));
#3219=CARTESIAN_POINT('',(380.5,16.0755377784997,244.906832220119));
#3220=CARTESIAN_POINT('Origin',(380.5,15.519713229397,245.648713659848));
#3221=CARTESIAN_POINT('',(380.5,16.3752402057365,243.788327534519));
#3222=CARTESIAN_POINT('Origin',(380.5,0.,240.));
#3223=CARTESIAN_POINT('',(380.5,16.6833767112482,242.040798572851));
#3224=CARTESIAN_POINT('Origin',(380.5,16.2648227460312,242.867927086566));
#3225=CARTESIAN_POINT('',(380.5,16.7842996848213,240.88724370636));
#3226=CARTESIAN_POINT('Origin',(380.5,0.,240.));
#3227=CARTESIAN_POINT('',(380.5,16.7842996848213,239.11275629364));
#3228=CARTESIAN_POINT('Origin',(380.5,16.5157338539247,240.));
#3229=CARTESIAN_POINT('Origin',(380.5,0.,240.));
#3230=CARTESIAN_POINT('Origin',(379.9,0.,240.));
#3231=CARTESIAN_POINT('',(379.3,-2.36451544629979E-15,259.307733853925));
#3232=CARTESIAN_POINT('',(379.9,-2.36451544629979E-15,259.307733853925));
#3233=CARTESIAN_POINT('Origin',(379.3,0.,240.));
#3234=CARTESIAN_POINT('Origin',(379.3,0.,240.));
#3235=CARTESIAN_POINT('Origin',(385.,16.2648227460312,237.132072913434));
#3236=CARTESIAN_POINT('',(385.,16.3752402057365,236.211672465481));
#3237=CARTESIAN_POINT('',(385.,16.6833767112482,237.959201427149));
#3238=CARTESIAN_POINT('Origin',(385.,0.,240.));
#3239=CARTESIAN_POINT('',(385.,16.0755377784997,235.093167779881));
#3240=CARTESIAN_POINT('Origin',(385.,15.519713229397,234.351286340152));
#3241=CARTESIAN_POINT('',(385.,15.4686273392719,233.425695052472));
#3242=CARTESIAN_POINT('Origin',(385.,0.,240.));
#3243=CARTESIAN_POINT('',(385.,14.9792517649662,232.376225746645));
#3244=CARTESIAN_POINT('Origin',(385.,14.3030450796415,231.742133073038));
#3245=CARTESIAN_POINT('',(385.,14.0920080586065,230.839474568534));
#3246=CARTESIAN_POINT('Origin',(385.,0.,240.));
#3247=CARTESIAN_POINT('',(385.,13.4278287664213,229.89092823628));
#3248=CARTESIAN_POINT('Origin',(385.,12.651786142831,229.383890913817));
#3249=CARTESIAN_POINT('',(385.,12.2872102439806,228.531592014382));
#3250=CARTESIAN_POINT('Origin',(385.,0.,240.));
#3251=CARTESIAN_POINT('',(385.,11.4684079856179,227.712789756019));
#3252=CARTESIAN_POINT('Origin',(385.,10.6161090861833,227.348213857169));
#3253=CARTESIAN_POINT('',(385.,10.1090717637197,226.572171233579));
#3254=CARTESIAN_POINT('Origin',(385.,0.,240.));
#3255=CARTESIAN_POINT('',(385.,9.16052543146595,225.907991941393));
#3256=CARTESIAN_POINT('Origin',(385.,8.25786692696233,225.696954920359));
#3257=CARTESIAN_POINT('',(385.,7.6237742533553,225.020748235034));
#3258=CARTESIAN_POINT('Origin',(385.,0.,240.));
#3259=CARTESIAN_POINT('',(385.,6.57430494752847,224.531372660728));
#3260=CARTESIAN_POINT('Origin',(385.,5.64871365984793,224.480286770603));
#3261=CARTESIAN_POINT('',(385.,4.90683222011865,223.9244622215));
#3262=CARTESIAN_POINT('Origin',(385.,0.,240.));
#3263=CARTESIAN_POINT('',(385.,3.78832753451912,223.624759794263));
#3264=CARTESIAN_POINT('Origin',(385.,2.86792708656605,223.735177253969));
#3265=CARTESIAN_POINT('',(385.,2.04079857285056,223.316623288752));
#3266=CARTESIAN_POINT('Origin',(385.,0.,240.));
#3267=CARTESIAN_POINT('',(385.,0.887243706359663,223.215700315179));
#3268=CARTESIAN_POINT('Origin',(385.,-3.03389108996677E-15,223.484266146075));
#3269=CARTESIAN_POINT('',(385.,-0.88724370635967,223.215700315179));
#3270=CARTESIAN_POINT('Origin',(385.,0.,240.));
#3271=CARTESIAN_POINT('',(385.,-2.04079857285056,223.316623288752));
#3272=CARTESIAN_POINT('Origin',(385.,-2.86792708656605,223.735177253969));
#3273=CARTESIAN_POINT('',(385.,-3.78832753451913,223.624759794263));
#3274=CARTESIAN_POINT('Origin',(385.,0.,240.));
#3275=CARTESIAN_POINT('',(385.,-4.90683222011864,223.9244622215));
#3276=CARTESIAN_POINT('Origin',(385.,-5.64871365984792,224.480286770603));
#3277=CARTESIAN_POINT('',(385.,-6.57430494752846,224.531372660728));
#3278=CARTESIAN_POINT('Origin',(385.,0.,240.));
#3279=CARTESIAN_POINT('',(385.,-7.62377425335532,225.020748235034));
#3280=CARTESIAN_POINT('Origin',(385.,-8.25786692696235,225.696954920359));
#3281=CARTESIAN_POINT('',(385.,-9.16052543146597,225.907991941393));
#3282=CARTESIAN_POINT('Origin',(385.,0.,240.));
#3283=CARTESIAN_POINT('',(385.,-10.1090717637197,226.572171233579));
#3284=CARTESIAN_POINT('Origin',(385.,-10.6161090861833,227.348213857169));
#3285=CARTESIAN_POINT('',(385.,-11.4684079856179,227.712789756019));
#3286=CARTESIAN_POINT('Origin',(385.,0.,240.));
#3287=CARTESIAN_POINT('',(385.,-12.2872102439806,228.531592014382));
#3288=CARTESIAN_POINT('Origin',(385.,-12.651786142831,229.383890913817));
#3289=CARTESIAN_POINT('',(385.,-13.4278287664213,229.89092823628));
#3290=CARTESIAN_POINT('Origin',(385.,0.,240.));
#3291=CARTESIAN_POINT('',(385.,-14.0920080586065,230.839474568534));
#3292=CARTESIAN_POINT('Origin',(385.,-14.3030450796415,231.742133073038));
#3293=CARTESIAN_POINT('',(385.,-14.9792517649662,232.376225746645));
#3294=CARTESIAN_POINT('Origin',(385.,0.,240.));
#3295=CARTESIAN_POINT('',(385.,-15.4686273392719,233.425695052472));
#3296=CARTESIAN_POINT('Origin',(385.,-15.519713229397,234.351286340152));
#3297=CARTESIAN_POINT('',(385.,-16.0755377784997,235.093167779881));
#3298=CARTESIAN_POINT('Origin',(385.,0.,240.));
#3299=CARTESIAN_POINT('',(385.,-16.3752402057365,236.211672465481));
#3300=CARTESIAN_POINT('Origin',(385.,-16.2648227460312,237.132072913434));
#3301=CARTESIAN_POINT('',(385.,-16.6833767112482,237.959201427149));
#3302=CARTESIAN_POINT('Origin',(385.,0.,240.));
#3303=CARTESIAN_POINT('',(385.,-16.7842996848213,239.11275629364));
#3304=CARTESIAN_POINT('Origin',(385.,-16.5157338539247,240.));
#3305=CARTESIAN_POINT('',(385.,-16.7842996848213,240.88724370636));
#3306=CARTESIAN_POINT('Origin',(385.,0.,240.));
#3307=CARTESIAN_POINT('',(385.,-16.6833767112482,242.040798572851));
#3308=CARTESIAN_POINT('Origin',(385.,-16.2648227460312,242.867927086566));
#3309=CARTESIAN_POINT('',(385.,-16.3752402057365,243.788327534519));
#3310=CARTESIAN_POINT('Origin',(385.,0.,240.));
#3311=CARTESIAN_POINT('',(385.,-16.0755377784997,244.906832220119));
#3312=CARTESIAN_POINT('Origin',(385.,-15.519713229397,245.648713659848));
#3313=CARTESIAN_POINT('',(385.,-15.4686273392719,246.574304947528));
#3314=CARTESIAN_POINT('Origin',(385.,0.,240.));
#3315=CARTESIAN_POINT('',(385.,-14.9792517649662,247.623774253355));
#3316=CARTESIAN_POINT('Origin',(385.,-14.3030450796415,248.257866926962));
#3317=CARTESIAN_POINT('',(385.,-14.0920080586065,249.160525431466));
#3318=CARTESIAN_POINT('Origin',(385.,0.,240.));
#3319=CARTESIAN_POINT('',(385.,-13.4278287664213,250.10907176372));
#3320=CARTESIAN_POINT('Origin',(385.,-12.651786142831,250.616109086183));
#3321=CARTESIAN_POINT('',(385.,-12.2872102439806,251.468407985618));
#3322=CARTESIAN_POINT('Origin',(385.,0.,240.));
#3323=CARTESIAN_POINT('',(385.,-11.4684079856179,252.287210243981));
#3324=CARTESIAN_POINT('Origin',(385.,-10.6161090861833,252.651786142831));
#3325=CARTESIAN_POINT('',(385.,-10.1090717637197,253.427828766421));
#3326=CARTESIAN_POINT('Origin',(385.,0.,240.));
#3327=CARTESIAN_POINT('',(385.,-9.16052543146596,254.092008058607));
#3328=CARTESIAN_POINT('Origin',(385.,-8.25786692696234,254.303045079641));
#3329=CARTESIAN_POINT('',(385.,-7.62377425335531,254.979251764966));
#3330=CARTESIAN_POINT('Origin',(385.,0.,240.));
#3331=CARTESIAN_POINT('',(385.,-6.57430494752846,255.468627339272));
#3332=CARTESIAN_POINT('Origin',(385.,-5.64871365984792,255.519713229397));
#3333=CARTESIAN_POINT('',(385.,-4.90683222011864,256.0755377785));
#3334=CARTESIAN_POINT('Origin',(385.,0.,240.));
#3335=CARTESIAN_POINT('',(385.,-3.78832753451913,256.375240205737));
#3336=CARTESIAN_POINT('Origin',(385.,-2.86792708656605,256.264822746031));
#3337=CARTESIAN_POINT('',(385.,-2.04079857285055,256.683376711248));
#3338=CARTESIAN_POINT('Origin',(385.,0.,240.));
#3339=CARTESIAN_POINT('Origin',(385.,0.,240.));
#3340=CARTESIAN_POINT('',(385.,2.04079857285055,256.683376711248));
#3341=CARTESIAN_POINT('Origin',(385.,2.86792708656605,256.264822746031));
#3342=CARTESIAN_POINT('',(385.,3.78832753451913,256.375240205737));
#3343=CARTESIAN_POINT('Origin',(385.,0.,240.));
#3344=CARTESIAN_POINT('',(385.,4.90683222011864,256.0755377785));
#3345=CARTESIAN_POINT('Origin',(385.,5.64871365984792,255.519713229397));
#3346=CARTESIAN_POINT('',(385.,6.57430494752846,255.468627339272));
#3347=CARTESIAN_POINT('Origin',(385.,0.,240.));
#3348=CARTESIAN_POINT('',(385.,7.62377425335531,254.979251764966));
#3349=CARTESIAN_POINT('Origin',(385.,8.25786692696235,254.303045079641));
#3350=CARTESIAN_POINT('',(385.,9.16052543146597,254.092008058606));
#3351=CARTESIAN_POINT('Origin',(385.,0.,240.));
#3352=CARTESIAN_POINT('',(385.,10.1090717637197,253.427828766421));
#3353=CARTESIAN_POINT('Origin',(385.,10.6161090861833,252.651786142831));
#3354=CARTESIAN_POINT('',(385.,11.4684079856179,252.287210243981));
#3355=CARTESIAN_POINT('Origin',(385.,0.,240.));
#3356=CARTESIAN_POINT('',(385.,12.2872102439806,251.468407985618));
#3357=CARTESIAN_POINT('Origin',(385.,12.651786142831,250.616109086183));
#3358=CARTESIAN_POINT('',(385.,13.4278287664213,250.10907176372));
#3359=CARTESIAN_POINT('Origin',(385.,0.,240.));
#3360=CARTESIAN_POINT('',(385.,14.0920080586065,249.160525431466));
#3361=CARTESIAN_POINT('Origin',(385.,14.3030450796415,248.257866926962));
#3362=CARTESIAN_POINT('',(385.,14.9792517649662,247.623774253355));
#3363=CARTESIAN_POINT('Origin',(385.,0.,240.));
#3364=CARTESIAN_POINT('',(385.,15.4686273392719,246.574304947528));
#3365=CARTESIAN_POINT('Origin',(385.,15.519713229397,245.648713659848));
#3366=CARTESIAN_POINT('',(385.,16.0755377784997,244.906832220119));
#3367=CARTESIAN_POINT('Origin',(385.,0.,240.));
#3368=CARTESIAN_POINT('',(385.,16.3752402057365,243.788327534519));
#3369=CARTESIAN_POINT('Origin',(385.,16.2648227460312,242.867927086566));
#3370=CARTESIAN_POINT('',(385.,16.6833767112482,242.040798572851));
#3371=CARTESIAN_POINT('Origin',(385.,0.,240.));
#3372=CARTESIAN_POINT('',(385.,16.7842996848213,239.11275629364));
#3373=CARTESIAN_POINT('Origin',(385.,16.5157338539247,240.));
#3374=CARTESIAN_POINT('',(385.,16.7842996848213,240.88724370636));
#3375=CARTESIAN_POINT('Origin',(385.,0.,240.));
#3376=UNCERTAINTY_MEASURE_WITH_UNIT(LENGTH_MEASURE(0.01),#3380,
'DISTANCE_ACCURACY_VALUE',
'Maximum model space distance between geometric entities at asserted c
onnectivities');
#3377=UNCERTAINTY_MEASURE_WITH_UNIT(LENGTH_MEASURE(0.01),#3380,
'DISTANCE_ACCURACY_VALUE',
'Maximum model space distance between geometric entities at asserted c
onnectivities');
#3378=(
GEOMETRIC_REPRESENTATION_CONTEXT(3)
GLOBAL_UNCERTAINTY_ASSIGNED_CONTEXT((#3376))
GLOBAL_UNIT_ASSIGNED_CONTEXT((#3380,#3382,#3383))
REPRESENTATION_CONTEXT('','3D')
);
#3379=(
GEOMETRIC_REPRESENTATION_CONTEXT(3)
GLOBAL_UNCERTAINTY_ASSIGNED_CONTEXT((#3377))
GLOBAL_UNIT_ASSIGNED_CONTEXT((#3380,#3382,#3383))
REPRESENTATION_CONTEXT('','3D')
);
#3380=(
LENGTH_UNIT()
NAMED_UNIT(*)
SI_UNIT(.MILLI.,.METRE.)
);
#3381=(
LENGTH_UNIT()
NAMED_UNIT(*)
SI_UNIT($,.METRE.)
);
#3382=(
NAMED_UNIT(*)
PLANE_ANGLE_UNIT()
SI_UNIT($,.RADIAN.)
);
#3383=(
NAMED_UNIT(*)
SI_UNIT($,.STERADIAN.)
SOLID_ANGLE_UNIT()
);
#3384=SHAPE_DEFINITION_REPRESENTATION(#3385,#3386);
#3385=PRODUCT_DEFINITION_SHAPE('',$,#3388);
#3386=SHAPE_REPRESENTATION('',(#1880),#3378);
#3387=PRODUCT_DEFINITION_CONTEXT('part definition',#3392,'design');
#3388=PRODUCT_DEFINITION('2026-08-12-23-09-26-335',
'EXPORT_TMP_PRINT_V007I_P402_36T_HTD3M_DFlat_OutputF',#3389,#3387);
#3389=PRODUCT_DEFINITION_FORMATION('',$,#3394);
#3390=PRODUCT_RELATED_PRODUCT_CATEGORY(
'EXPORT_TMP_PRINT_V007I_P402_36T_HTD3M_DFlat_OutputF',
'EXPORT_TMP_PRINT_V007I_P402_36T_HTD3M_DFlat_OutputF',(#3394));
#3391=APPLICATION_PROTOCOL_DEFINITION('international standard',
'automotive_design',2009,#3392);
#3392=APPLICATION_CONTEXT(
'Core Data for Automotive Mechanical Design Process');
#3393=PRODUCT_CONTEXT('part definition',#3392,'mechanical');
#3394=PRODUCT('2026-08-12-23-09-26-335',
'EXPORT_TMP_PRINT_V007I_P402_36T_HTD3M_DFlat_OutputF',$,(#3393));
#3395=PRESENTATION_STYLE_ASSIGNMENT((#3396));
#3396=SURFACE_STYLE_USAGE(.BOTH.,#3397);
#3397=SURFACE_SIDE_STYLE('',(#3398));
#3398=SURFACE_STYLE_FILL_AREA(#3399);
#3399=FILL_AREA_STYLE('Steel - Satin',(#3400));
#3400=FILL_AREA_STYLE_COLOUR('Steel - Satin',#3401);
#3401=COLOUR_RGB('Steel - Satin',0.627450980392157,0.627450980392157,0.627450980392157);
ENDSEC;
END-ISO-10303-21;
