ISO-10303-21;
HEADER;
/* Generated by software containing ST-Developer
 * from STEP Tools, Inc. (www.steptools.com) 
 */

FILE_DESCRIPTION(
/* description */ (''),
/* implementation_level */ '2;1');

FILE_NAME(
/* name */ 
'PRINT_V007D_P401_J4_BoltedFlange_ForearmMonocoque_ThroughHoles.step',
/* time_stamp */ '2026-08-12T23:09:23+02:00',
/* author */ (''),
/* organization */ (''),
/* preprocessor_version */ 'ST-DEVELOPER v20.1',
/* originating_system */ 'Autodesk Translation Framework v15.8.0.0',
/* authorisation */ '');

FILE_SCHEMA (('AUTOMOTIVE_DESIGN { 1 0 10303 214 3 1 1 }'));
ENDSEC;

DATA;
#10=MECHANICAL_DESIGN_GEOMETRIC_PRESENTATION_REPRESENTATION('',(#85,#86,
#87),#4585);
#11=SHAPE_REPRESENTATION_RELATIONSHIP('SRR','None',#4592,#12);
#12=ADVANCED_BREP_SHAPE_REPRESENTATION('',(#88,#89,#90),#4584);
#13=CYLINDRICAL_SURFACE('',#2914,2.2);
#14=CYLINDRICAL_SURFACE('',#2917,2.2);
#15=CYLINDRICAL_SURFACE('',#2920,2.2);
#16=CYLINDRICAL_SURFACE('',#2922,2.2);
#17=CYLINDRICAL_SURFACE('',#2925,2.2);
#18=CYLINDRICAL_SURFACE('',#2927,2.2);
#19=CYLINDRICAL_SURFACE('',#2930,2.2);
#20=CYLINDRICAL_SURFACE('',#2932,2.2);
#21=CYLINDRICAL_SURFACE('',#2949,2.2);
#22=CYLINDRICAL_SURFACE('',#2967,2.2);
#23=CYLINDRICAL_SURFACE('',#2985,2.2);
#24=CYLINDRICAL_SURFACE('',#3000,2.2);
#25=CYLINDRICAL_SURFACE('',#3023,2.7);
#26=CYLINDRICAL_SURFACE('',#3026,2.7);
#27=CYLINDRICAL_SURFACE('',#3029,2.7);
#28=CYLINDRICAL_SURFACE('',#3032,2.7);
#29=CYLINDRICAL_SURFACE('',#3035,2.7);
#30=CYLINDRICAL_SURFACE('',#3038,2.7);
#31=CYLINDRICAL_SURFACE('',#3041,9.2);
#32=CYLINDRICAL_SURFACE('',#3044,39.);
#33=CIRCLE('',#2878,2.2);
#34=CIRCLE('',#2881,2.2);
#35=CIRCLE('',#2882,2.2);
#36=CIRCLE('',#2885,2.2);
#37=CIRCLE('',#2889,2.2);
#38=CIRCLE('',#2894,2.2);
#39=CIRCLE('',#2896,2.2);
#40=CIRCLE('',#2897,2.2);
#41=CIRCLE('',#2900,2.2);
#42=CIRCLE('',#2901,2.2);
#43=CIRCLE('',#2903,2.2);
#44=CIRCLE('',#2904,2.2);
#45=CIRCLE('',#2906,2.2);
#46=CIRCLE('',#2907,2.2);
#47=CIRCLE('',#2909,2.2);
#48=CIRCLE('',#2910,2.2);
#49=CIRCLE('',#2912,2.2);
#50=CIRCLE('',#2913,2.2);
#51=CIRCLE('',#2915,2.2);
#52=CIRCLE('',#2918,2.2);
#53=CIRCLE('',#2919,2.2);
#54=CIRCLE('',#2921,2.2);
#55=CIRCLE('',#2923,2.2);
#56=CIRCLE('',#2926,2.2);
#57=CIRCLE('',#2928,2.2);
#58=CIRCLE('',#2929,2.2);
#59=CIRCLE('',#2931,2.2);
#60=CIRCLE('',#2933,2.2);
#61=CIRCLE('',#2945,2.2);
#62=CIRCLE('',#2947,2.2);
#63=CIRCLE('',#2963,2.2);
#64=CIRCLE('',#2965,2.2);
#65=CIRCLE('',#2981,2.2);
#66=CIRCLE('',#2984,2.2);
#67=CIRCLE('',#2996,2.2);
#68=CIRCLE('',#2999,2.2);
#69=CIRCLE('',#3024,2.7);
#70=CIRCLE('',#3025,2.7);
#71=CIRCLE('',#3027,2.7);
#72=CIRCLE('',#3028,2.7);
#73=CIRCLE('',#3030,2.7);
#74=CIRCLE('',#3031,2.7);
#75=CIRCLE('',#3033,2.7);
#76=CIRCLE('',#3034,2.7);
#77=CIRCLE('',#3036,2.7);
#78=CIRCLE('',#3037,2.7);
#79=CIRCLE('',#3039,2.7);
#80=CIRCLE('',#3040,2.7);
#81=CIRCLE('',#3042,9.2);
#82=CIRCLE('',#3043,9.2);
#83=CIRCLE('',#3045,39.);
#84=CIRCLE('',#3046,39.);
#85=STYLED_ITEM('',(#4601),#88);
#86=STYLED_ITEM('',(#4601),#89);
#87=STYLED_ITEM('',(#4601),#90);
#88=MANIFOLD_SOLID_BREP(
'PRINT_V007D_P401_J4_BoltedFlange_ForearmMonocoque_ThroughHoles',#2843);
#89=MANIFOLD_SOLID_BREP(
'PRINT_V007D_P401_J4_BoltedFlange_ForearmMonocoque_ThroughHoles',#2844);
#90=MANIFOLD_SOLID_BREP(
'PRINT_V007D_P401_J4_BoltedFlange_ForearmMonocoque_ThroughHoles',#2845);
#91=FACE_BOUND('',#263,.T.);
#92=FACE_BOUND('',#275,.T.);
#93=FACE_BOUND('',#309,.T.);
#94=FACE_BOUND('',#310,.T.);
#95=FACE_BOUND('',#321,.T.);
#96=FACE_BOUND('',#323,.T.);
#97=FACE_BOUND('',#339,.T.);
#98=FACE_BOUND('',#341,.T.);
#99=FACE_BOUND('',#345,.T.);
#100=FACE_BOUND('',#346,.T.);
#101=FACE_BOUND('',#359,.T.);
#102=FACE_BOUND('',#362,.T.);
#103=FACE_BOUND('',#374,.T.);
#104=FACE_BOUND('',#377,.T.);
#105=FACE_BOUND('',#386,.T.);
#106=FACE_BOUND('',#400,.T.);
#107=FACE_BOUND('',#412,.T.);
#108=FACE_BOUND('',#413,.T.);
#109=FACE_BOUND('',#414,.T.);
#110=FACE_BOUND('',#415,.T.);
#111=FACE_BOUND('',#416,.T.);
#112=FACE_BOUND('',#417,.T.);
#113=FACE_BOUND('',#418,.T.);
#114=FACE_BOUND('',#420,.T.);
#115=FACE_BOUND('',#421,.T.);
#116=FACE_BOUND('',#422,.T.);
#117=FACE_BOUND('',#423,.T.);
#118=FACE_BOUND('',#424,.T.);
#119=FACE_BOUND('',#425,.T.);
#120=FACE_BOUND('',#426,.T.);
#121=FACE_OUTER_BOUND('',#259,.T.);
#122=FACE_OUTER_BOUND('',#260,.T.);
#123=FACE_OUTER_BOUND('',#261,.T.);
#124=FACE_OUTER_BOUND('',#262,.T.);
#125=FACE_OUTER_BOUND('',#264,.T.);
#126=FACE_OUTER_BOUND('',#265,.T.);
#127=FACE_OUTER_BOUND('',#266,.T.);
#128=FACE_OUTER_BOUND('',#267,.T.);
#129=FACE_OUTER_BOUND('',#268,.T.);
#130=FACE_OUTER_BOUND('',#269,.T.);
#131=FACE_OUTER_BOUND('',#270,.T.);
#132=FACE_OUTER_BOUND('',#271,.T.);
#133=FACE_OUTER_BOUND('',#272,.T.);
#134=FACE_OUTER_BOUND('',#273,.T.);
#135=FACE_OUTER_BOUND('',#274,.T.);
#136=FACE_OUTER_BOUND('',#276,.T.);
#137=FACE_OUTER_BOUND('',#277,.T.);
#138=FACE_OUTER_BOUND('',#278,.T.);
#139=FACE_OUTER_BOUND('',#279,.T.);
#140=FACE_OUTER_BOUND('',#280,.T.);
#141=FACE_OUTER_BOUND('',#281,.T.);
#142=FACE_OUTER_BOUND('',#282,.T.);
#143=FACE_OUTER_BOUND('',#283,.T.);
#144=FACE_OUTER_BOUND('',#284,.T.);
#145=FACE_OUTER_BOUND('',#285,.T.);
#146=FACE_OUTER_BOUND('',#286,.T.);
#147=FACE_OUTER_BOUND('',#287,.T.);
#148=FACE_OUTER_BOUND('',#288,.T.);
#149=FACE_OUTER_BOUND('',#289,.T.);
#150=FACE_OUTER_BOUND('',#290,.T.);
#151=FACE_OUTER_BOUND('',#291,.T.);
#152=FACE_OUTER_BOUND('',#292,.T.);
#153=FACE_OUTER_BOUND('',#293,.T.);
#154=FACE_OUTER_BOUND('',#294,.T.);
#155=FACE_OUTER_BOUND('',#295,.T.);
#156=FACE_OUTER_BOUND('',#296,.T.);
#157=FACE_OUTER_BOUND('',#297,.T.);
#158=FACE_OUTER_BOUND('',#298,.T.);
#159=FACE_OUTER_BOUND('',#299,.T.);
#160=FACE_OUTER_BOUND('',#300,.T.);
#161=FACE_OUTER_BOUND('',#301,.T.);
#162=FACE_OUTER_BOUND('',#302,.T.);
#163=FACE_OUTER_BOUND('',#303,.T.);
#164=FACE_OUTER_BOUND('',#304,.T.);
#165=FACE_OUTER_BOUND('',#305,.T.);
#166=FACE_OUTER_BOUND('',#306,.T.);
#167=FACE_OUTER_BOUND('',#307,.T.);
#168=FACE_OUTER_BOUND('',#308,.T.);
#169=FACE_OUTER_BOUND('',#311,.T.);
#170=FACE_OUTER_BOUND('',#312,.T.);
#171=FACE_OUTER_BOUND('',#313,.T.);
#172=FACE_OUTER_BOUND('',#314,.T.);
#173=FACE_OUTER_BOUND('',#315,.T.);
#174=FACE_OUTER_BOUND('',#316,.T.);
#175=FACE_OUTER_BOUND('',#317,.T.);
#176=FACE_OUTER_BOUND('',#318,.T.);
#177=FACE_OUTER_BOUND('',#319,.T.);
#178=FACE_OUTER_BOUND('',#320,.T.);
#179=FACE_OUTER_BOUND('',#322,.T.);
#180=FACE_OUTER_BOUND('',#324,.T.);
#181=FACE_OUTER_BOUND('',#325,.T.);
#182=FACE_OUTER_BOUND('',#326,.T.);
#183=FACE_OUTER_BOUND('',#327,.T.);
#184=FACE_OUTER_BOUND('',#328,.T.);
#185=FACE_OUTER_BOUND('',#329,.T.);
#186=FACE_OUTER_BOUND('',#330,.T.);
#187=FACE_OUTER_BOUND('',#331,.T.);
#188=FACE_OUTER_BOUND('',#332,.T.);
#189=FACE_OUTER_BOUND('',#333,.T.);
#190=FACE_OUTER_BOUND('',#334,.T.);
#191=FACE_OUTER_BOUND('',#335,.T.);
#192=FACE_OUTER_BOUND('',#336,.T.);
#193=FACE_OUTER_BOUND('',#337,.T.);
#194=FACE_OUTER_BOUND('',#338,.T.);
#195=FACE_OUTER_BOUND('',#340,.T.);
#196=FACE_OUTER_BOUND('',#342,.T.);
#197=FACE_OUTER_BOUND('',#343,.T.);
#198=FACE_OUTER_BOUND('',#344,.T.);
#199=FACE_OUTER_BOUND('',#347,.T.);
#200=FACE_OUTER_BOUND('',#348,.T.);
#201=FACE_OUTER_BOUND('',#349,.T.);
#202=FACE_OUTER_BOUND('',#350,.T.);
#203=FACE_OUTER_BOUND('',#351,.T.);
#204=FACE_OUTER_BOUND('',#352,.T.);
#205=FACE_OUTER_BOUND('',#353,.T.);
#206=FACE_OUTER_BOUND('',#354,.T.);
#207=FACE_OUTER_BOUND('',#355,.T.);
#208=FACE_OUTER_BOUND('',#356,.T.);
#209=FACE_OUTER_BOUND('',#357,.T.);
#210=FACE_OUTER_BOUND('',#358,.T.);
#211=FACE_OUTER_BOUND('',#360,.T.);
#212=FACE_OUTER_BOUND('',#361,.T.);
#213=FACE_OUTER_BOUND('',#363,.T.);
#214=FACE_OUTER_BOUND('',#364,.T.);
#215=FACE_OUTER_BOUND('',#365,.T.);
#216=FACE_OUTER_BOUND('',#366,.T.);
#217=FACE_OUTER_BOUND('',#367,.T.);
#218=FACE_OUTER_BOUND('',#368,.T.);
#219=FACE_OUTER_BOUND('',#369,.T.);
#220=FACE_OUTER_BOUND('',#370,.T.);
#221=FACE_OUTER_BOUND('',#371,.T.);
#222=FACE_OUTER_BOUND('',#372,.T.);
#223=FACE_OUTER_BOUND('',#373,.T.);
#224=FACE_OUTER_BOUND('',#375,.T.);
#225=FACE_OUTER_BOUND('',#376,.T.);
#226=FACE_OUTER_BOUND('',#378,.T.);
#227=FACE_OUTER_BOUND('',#379,.T.);
#228=FACE_OUTER_BOUND('',#380,.T.);
#229=FACE_OUTER_BOUND('',#381,.T.);
#230=FACE_OUTER_BOUND('',#382,.T.);
#231=FACE_OUTER_BOUND('',#383,.T.);
#232=FACE_OUTER_BOUND('',#384,.T.);
#233=FACE_OUTER_BOUND('',#385,.T.);
#234=FACE_OUTER_BOUND('',#387,.T.);
#235=FACE_OUTER_BOUND('',#388,.T.);
#236=FACE_OUTER_BOUND('',#389,.T.);
#237=FACE_OUTER_BOUND('',#390,.T.);
#238=FACE_OUTER_BOUND('',#391,.T.);
#239=FACE_OUTER_BOUND('',#392,.T.);
#240=FACE_OUTER_BOUND('',#393,.T.);
#241=FACE_OUTER_BOUND('',#394,.T.);
#242=FACE_OUTER_BOUND('',#395,.T.);
#243=FACE_OUTER_BOUND('',#396,.T.);
#244=FACE_OUTER_BOUND('',#397,.T.);
#245=FACE_OUTER_BOUND('',#398,.T.);
#246=FACE_OUTER_BOUND('',#399,.T.);
#247=FACE_OUTER_BOUND('',#401,.T.);
#248=FACE_OUTER_BOUND('',#402,.T.);
#249=FACE_OUTER_BOUND('',#403,.T.);
#250=FACE_OUTER_BOUND('',#404,.T.);
#251=FACE_OUTER_BOUND('',#405,.T.);
#252=FACE_OUTER_BOUND('',#406,.T.);
#253=FACE_OUTER_BOUND('',#407,.T.);
#254=FACE_OUTER_BOUND('',#408,.T.);
#255=FACE_OUTER_BOUND('',#409,.T.);
#256=FACE_OUTER_BOUND('',#410,.T.);
#257=FACE_OUTER_BOUND('',#411,.T.);
#258=FACE_OUTER_BOUND('',#419,.T.);
#259=EDGE_LOOP('',(#1787,#1788,#1789,#1790));
#260=EDGE_LOOP('',(#1791,#1792,#1793,#1794));
#261=EDGE_LOOP('',(#1795,#1796,#1797,#1798));
#262=EDGE_LOOP('',(#1799,#1800,#1801,#1802,#1803,#1804,#1805,#1806,#1807,
#1808,#1809,#1810));
#263=EDGE_LOOP('',(#1811,#1812,#1813,#1814));
#264=EDGE_LOOP('',(#1815,#1816,#1817,#1818));
#265=EDGE_LOOP('',(#1819,#1820,#1821,#1822));
#266=EDGE_LOOP('',(#1823,#1824,#1825,#1826));
#267=EDGE_LOOP('',(#1827,#1828,#1829,#1830));
#268=EDGE_LOOP('',(#1831,#1832,#1833,#1834));
#269=EDGE_LOOP('',(#1835,#1836,#1837,#1838));
#270=EDGE_LOOP('',(#1839,#1840,#1841,#1842));
#271=EDGE_LOOP('',(#1843,#1844,#1845,#1846));
#272=EDGE_LOOP('',(#1847,#1848,#1849,#1850));
#273=EDGE_LOOP('',(#1851,#1852,#1853,#1854));
#274=EDGE_LOOP('',(#1855,#1856,#1857,#1858,#1859,#1860,#1861,#1862,#1863,
#1864,#1865,#1866));
#275=EDGE_LOOP('',(#1867,#1868,#1869,#1870));
#276=EDGE_LOOP('',(#1871,#1872,#1873,#1874));
#277=EDGE_LOOP('',(#1875,#1876,#1877,#1878));
#278=EDGE_LOOP('',(#1879,#1880,#1881,#1882));
#279=EDGE_LOOP('',(#1883,#1884,#1885));
#280=EDGE_LOOP('',(#1886,#1887,#1888,#1889,#1890,#1891,#1892,#1893,#1894,
#1895,#1896,#1897,#1898,#1899,#1900,#1901,#1902,#1903,#1904,#1905));
#281=EDGE_LOOP('',(#1906,#1907,#1908,#1909,#1910,#1911,#1912,#1913));
#282=EDGE_LOOP('',(#1914,#1915,#1916,#1917));
#283=EDGE_LOOP('',(#1918,#1919,#1920));
#284=EDGE_LOOP('',(#1921,#1922,#1923,#1924));
#285=EDGE_LOOP('',(#1925,#1926,#1927,#1928,#1929,#1930));
#286=EDGE_LOOP('',(#1931,#1932,#1933));
#287=EDGE_LOOP('',(#1934,#1935,#1936,#1937,#1938,#1939,#1940,#1941,#1942,
#1943,#1944,#1945,#1946,#1947,#1948,#1949,#1950,#1951,#1952,#1953));
#288=EDGE_LOOP('',(#1954,#1955,#1956,#1957));
#289=EDGE_LOOP('',(#1958,#1959,#1960,#1961,#1962,#1963));
#290=EDGE_LOOP('',(#1964,#1965,#1966));
#291=EDGE_LOOP('',(#1967,#1968,#1969,#1970,#1971,#1972,#1973,#1974));
#292=EDGE_LOOP('',(#1975,#1976,#1977,#1978));
#293=EDGE_LOOP('',(#1979,#1980,#1981));
#294=EDGE_LOOP('',(#1982,#1983,#1984));
#295=EDGE_LOOP('',(#1985,#1986,#1987));
#296=EDGE_LOOP('',(#1988,#1989,#1990,#1991,#1992,#1993,#1994,#1995));
#297=EDGE_LOOP('',(#1996,#1997,#1998));
#298=EDGE_LOOP('',(#1999,#2000,#2001,#2002,#2003,#2004));
#299=EDGE_LOOP('',(#2005,#2006,#2007,#2008,#2009,#2010));
#300=EDGE_LOOP('',(#2011,#2012,#2013,#2014,#2015,#2016));
#301=EDGE_LOOP('',(#2017,#2018,#2019,#2020,#2021,#2022));
#302=EDGE_LOOP('',(#2023,#2024,#2025,#2026,#2027,#2028));
#303=EDGE_LOOP('',(#2029,#2030,#2031,#2032,#2033,#2034));
#304=EDGE_LOOP('',(#2035,#2036,#2037,#2038,#2039,#2040,#2041,#2042));
#305=EDGE_LOOP('',(#2043,#2044,#2045,#2046,#2047,#2048,#2049,#2050));
#306=EDGE_LOOP('',(#2051,#2052,#2053,#2054,#2055,#2056,#2057,#2058));
#307=EDGE_LOOP('',(#2059,#2060,#2061,#2062,#2063,#2064,#2065,#2066));
#308=EDGE_LOOP('',(#2067,#2068,#2069,#2070,#2071,#2072,#2073,#2074,#2075,
#2076,#2077,#2078,#2079,#2080,#2081,#2082,#2083,#2084,#2085,#2086));
#309=EDGE_LOOP('',(#2087));
#310=EDGE_LOOP('',(#2088));
#311=EDGE_LOOP('',(#2089,#2090,#2091,#2092));
#312=EDGE_LOOP('',(#2093,#2094,#2095,#2096));
#313=EDGE_LOOP('',(#2097,#2098,#2099,#2100,#2101));
#314=EDGE_LOOP('',(#2102,#2103,#2104,#2105,#2106));
#315=EDGE_LOOP('',(#2107,#2108,#2109,#2110));
#316=EDGE_LOOP('',(#2111,#2112,#2113,#2114,#2115,#2116,#2117,#2118));
#317=EDGE_LOOP('',(#2119,#2120,#2121,#2122,#2123,#2124,#2125,#2126,#2127,
#2128));
#318=EDGE_LOOP('',(#2129,#2130,#2131,#2132));
#319=EDGE_LOOP('',(#2133,#2134,#2135,#2136));
#320=EDGE_LOOP('',(#2137,#2138,#2139,#2140));
#321=EDGE_LOOP('',(#2141));
#322=EDGE_LOOP('',(#2142,#2143,#2144,#2145));
#323=EDGE_LOOP('',(#2146));
#324=EDGE_LOOP('',(#2147,#2148,#2149,#2150));
#325=EDGE_LOOP('',(#2151,#2152,#2153,#2154));
#326=EDGE_LOOP('',(#2155,#2156,#2157,#2158,#2159,#2160));
#327=EDGE_LOOP('',(#2161,#2162,#2163,#2164));
#328=EDGE_LOOP('',(#2165,#2166,#2167,#2168));
#329=EDGE_LOOP('',(#2169,#2170,#2171,#2172,#2173));
#330=EDGE_LOOP('',(#2174,#2175,#2176,#2177,#2178,#2179,#2180));
#331=EDGE_LOOP('',(#2181,#2182,#2183,#2184,#2185));
#332=EDGE_LOOP('',(#2186,#2187,#2188,#2189,#2190));
#333=EDGE_LOOP('',(#2191,#2192,#2193,#2194));
#334=EDGE_LOOP('',(#2195,#2196,#2197,#2198,#2199,#2200,#2201,#2202,#2203,
#2204));
#335=EDGE_LOOP('',(#2205,#2206,#2207,#2208,#2209,#2210,#2211,#2212));
#336=EDGE_LOOP('',(#2213,#2214,#2215,#2216));
#337=EDGE_LOOP('',(#2217,#2218,#2219,#2220));
#338=EDGE_LOOP('',(#2221,#2222,#2223,#2224));
#339=EDGE_LOOP('',(#2225));
#340=EDGE_LOOP('',(#2226,#2227,#2228,#2229));
#341=EDGE_LOOP('',(#2230));
#342=EDGE_LOOP('',(#2231,#2232,#2233,#2234));
#343=EDGE_LOOP('',(#2235,#2236,#2237,#2238));
#344=EDGE_LOOP('',(#2239,#2240,#2241,#2242,#2243,#2244,#2245,#2246,#2247,
#2248,#2249,#2250,#2251,#2252,#2253,#2254,#2255,#2256,#2257,#2258));
#345=EDGE_LOOP('',(#2259));
#346=EDGE_LOOP('',(#2260));
#347=EDGE_LOOP('',(#2261,#2262,#2263,#2264,#2265,#2266,#2267));
#348=EDGE_LOOP('',(#2268,#2269,#2270,#2271));
#349=EDGE_LOOP('',(#2272,#2273,#2274,#2275,#2276));
#350=EDGE_LOOP('',(#2277,#2278,#2279,#2280));
#351=EDGE_LOOP('',(#2281,#2282,#2283,#2284));
#352=EDGE_LOOP('',(#2285,#2286,#2287,#2288,#2289));
#353=EDGE_LOOP('',(#2290,#2291,#2292,#2293,#2294));
#354=EDGE_LOOP('',(#2295,#2296,#2297,#2298,#2299,#2300,#2301,#2302));
#355=EDGE_LOOP('',(#2303,#2304,#2305,#2306));
#356=EDGE_LOOP('',(#2307,#2308,#2309,#2310,#2311,#2312,#2313,#2314,#2315,
#2316));
#357=EDGE_LOOP('',(#2317,#2318,#2319,#2320));
#358=EDGE_LOOP('',(#2321,#2322,#2323,#2324));
#359=EDGE_LOOP('',(#2325));
#360=EDGE_LOOP('',(#2326,#2327,#2328,#2329));
#361=EDGE_LOOP('',(#2330,#2331,#2332,#2333));
#362=EDGE_LOOP('',(#2334));
#363=EDGE_LOOP('',(#2335,#2336,#2337,#2338));
#364=EDGE_LOOP('',(#2339,#2340,#2341));
#365=EDGE_LOOP('',(#2342,#2343,#2344,#2345));
#366=EDGE_LOOP('',(#2346,#2347,#2348,#2349));
#367=EDGE_LOOP('',(#2350,#2351,#2352,#2353,#2354));
#368=EDGE_LOOP('',(#2355,#2356,#2357,#2358,#2359));
#369=EDGE_LOOP('',(#2360,#2361,#2362,#2363,#2364,#2365,#2366,#2367,#2368,
#2369));
#370=EDGE_LOOP('',(#2370,#2371,#2372,#2373));
#371=EDGE_LOOP('',(#2374,#2375,#2376,#2377,#2378,#2379,#2380,#2381));
#372=EDGE_LOOP('',(#2382,#2383,#2384,#2385));
#373=EDGE_LOOP('',(#2386,#2387,#2388,#2389));
#374=EDGE_LOOP('',(#2390));
#375=EDGE_LOOP('',(#2391,#2392,#2393,#2394));
#376=EDGE_LOOP('',(#2395,#2396,#2397,#2398));
#377=EDGE_LOOP('',(#2399));
#378=EDGE_LOOP('',(#2400,#2401,#2402,#2403));
#379=EDGE_LOOP('',(#2404,#2405,#2406,#2407));
#380=EDGE_LOOP('',(#2408,#2409,#2410,#2411));
#381=EDGE_LOOP('',(#2412,#2413,#2414,#2415));
#382=EDGE_LOOP('',(#2416,#2417,#2418,#2419));
#383=EDGE_LOOP('',(#2420,#2421,#2422,#2423));
#384=EDGE_LOOP('',(#2424,#2425,#2426,#2427));
#385=EDGE_LOOP('',(#2428,#2429,#2430,#2431,#2432,#2433,#2434,#2435,#2436,
#2437,#2438,#2439));
#386=EDGE_LOOP('',(#2440,#2441,#2442,#2443));
#387=EDGE_LOOP('',(#2444,#2445,#2446,#2447,#2448,#2449));
#388=EDGE_LOOP('',(#2450,#2451,#2452));
#389=EDGE_LOOP('',(#2453,#2454,#2455));
#390=EDGE_LOOP('',(#2456,#2457,#2458,#2459,#2460));
#391=EDGE_LOOP('',(#2461,#2462,#2463,#2464,#2465,#2466,#2467));
#392=EDGE_LOOP('',(#2468,#2469,#2470,#2471));
#393=EDGE_LOOP('',(#2472,#2473,#2474,#2475,#2476,#2477,#2478,#2479));
#394=EDGE_LOOP('',(#2480,#2481,#2482));
#395=EDGE_LOOP('',(#2483,#2484,#2485,#2486,#2487,#2488));
#396=EDGE_LOOP('',(#2489,#2490,#2491,#2492,#2493,#2494));
#397=EDGE_LOOP('',(#2495,#2496,#2497,#2498,#2499,#2500,#2501));
#398=EDGE_LOOP('',(#2502,#2503,#2504,#2505,#2506));
#399=EDGE_LOOP('',(#2507,#2508,#2509,#2510,#2511,#2512,#2513,#2514,#2515,
#2516,#2517,#2518));
#400=EDGE_LOOP('',(#2519,#2520,#2521,#2522));
#401=EDGE_LOOP('',(#2523,#2524,#2525,#2526,#2527,#2528,#2529,#2530));
#402=EDGE_LOOP('',(#2531,#2532,#2533,#2534,#2535,#2536,#2537,#2538));
#403=EDGE_LOOP('',(#2539,#2540,#2541,#2542));
#404=EDGE_LOOP('',(#2543,#2544,#2545,#2546));
#405=EDGE_LOOP('',(#2547,#2548,#2549,#2550));
#406=EDGE_LOOP('',(#2551,#2552,#2553,#2554));
#407=EDGE_LOOP('',(#2555,#2556,#2557,#2558));
#408=EDGE_LOOP('',(#2559,#2560,#2561,#2562));
#409=EDGE_LOOP('',(#2563,#2564,#2565,#2566));
#410=EDGE_LOOP('',(#2567,#2568,#2569,#2570));
#411=EDGE_LOOP('',(#2571));
#412=EDGE_LOOP('',(#2572));
#413=EDGE_LOOP('',(#2573));
#414=EDGE_LOOP('',(#2574));
#415=EDGE_LOOP('',(#2575));
#416=EDGE_LOOP('',(#2576));
#417=EDGE_LOOP('',(#2577));
#418=EDGE_LOOP('',(#2578));
#419=EDGE_LOOP('',(#2579));
#420=EDGE_LOOP('',(#2580));
#421=EDGE_LOOP('',(#2581));
#422=EDGE_LOOP('',(#2582));
#423=EDGE_LOOP('',(#2583));
#424=EDGE_LOOP('',(#2584));
#425=EDGE_LOOP('',(#2585));
#426=EDGE_LOOP('',(#2586));
#427=LINE('',#3783,#775);
#428=LINE('',#3785,#776);
#429=LINE('',#3787,#777);
#430=LINE('',#3788,#778);
#431=LINE('',#3791,#779);
#432=LINE('',#3793,#780);
#433=LINE('',#3794,#781);
#434=LINE('',#3797,#782);
#435=LINE('',#3799,#783);
#436=LINE('',#3800,#784);
#437=LINE('',#3803,#785);
#438=LINE('',#3805,#786);
#439=LINE('',#3807,#787);
#440=LINE('',#3809,#788);
#441=LINE('',#3811,#789);
#442=LINE('',#3813,#790);
#443=LINE('',#3815,#791);
#444=LINE('',#3817,#792);
#445=LINE('',#3818,#793);
#446=LINE('',#3821,#794);
#447=LINE('',#3823,#795);
#448=LINE('',#3825,#796);
#449=LINE('',#3826,#797);
#450=LINE('',#3829,#798);
#451=LINE('',#3830,#799);
#452=LINE('',#3833,#800);
#453=LINE('',#3834,#801);
#454=LINE('',#3837,#802);
#455=LINE('',#3838,#803);
#456=LINE('',#3841,#804);
#457=LINE('',#3842,#805);
#458=LINE('',#3845,#806);
#459=LINE('',#3847,#807);
#460=LINE('',#3848,#808);
#461=LINE('',#3851,#809);
#462=LINE('',#3852,#810);
#463=LINE('',#3855,#811);
#464=LINE('',#3856,#812);
#465=LINE('',#3858,#813);
#466=LINE('',#3861,#814);
#467=LINE('',#3862,#815);
#468=LINE('',#3865,#816);
#469=LINE('',#3866,#817);
#470=LINE('',#3869,#818);
#471=LINE('',#3871,#819);
#472=LINE('',#3872,#820);
#473=LINE('',#3874,#821);
#474=LINE('',#3876,#822);
#475=LINE('',#3881,#823);
#476=LINE('',#3883,#824);
#477=LINE('',#3887,#825);
#478=LINE('',#3889,#826);
#479=LINE('',#3891,#827);
#480=LINE('',#3893,#828);
#481=LINE('',#3895,#829);
#482=LINE('',#3897,#830);
#483=LINE('',#3899,#831);
#484=LINE('',#3901,#832);
#485=LINE('',#3903,#833);
#486=LINE('',#3905,#834);
#487=LINE('',#3907,#835);
#488=LINE('',#3909,#836);
#489=LINE('',#3911,#837);
#490=LINE('',#3913,#838);
#491=LINE('',#3915,#839);
#492=LINE('',#3917,#840);
#493=LINE('',#3919,#841);
#494=LINE('',#3921,#842);
#495=LINE('',#3922,#843);
#496=LINE('',#3927,#844);
#497=LINE('',#3929,#845);
#498=LINE('',#3931,#846);
#499=LINE('',#3932,#847);
#500=LINE('',#3936,#848);
#501=LINE('',#3938,#849);
#502=LINE('',#3939,#850);
#503=LINE('',#3943,#851);
#504=LINE('',#3947,#852);
#505=LINE('',#3949,#853);
#506=LINE('',#3951,#854);
#507=LINE('',#3952,#855);
#508=LINE('',#3955,#856);
#509=LINE('',#3957,#857);
#510=LINE('',#3959,#858);
#511=LINE('',#3960,#859);
#512=LINE('',#3964,#860);
#513=LINE('',#3967,#861);
#514=LINE('',#3970,#862);
#515=LINE('',#3972,#863);
#516=LINE('',#3974,#864);
#517=LINE('',#3976,#865);
#518=LINE('',#3978,#866);
#519=LINE('',#3980,#867);
#520=LINE('',#3982,#868);
#521=LINE('',#3984,#869);
#522=LINE('',#3986,#870);
#523=LINE('',#3988,#871);
#524=LINE('',#3990,#872);
#525=LINE('',#3992,#873);
#526=LINE('',#3994,#874);
#527=LINE('',#3996,#875);
#528=LINE('',#3998,#876);
#529=LINE('',#4000,#877);
#530=LINE('',#4002,#878);
#531=LINE('',#4004,#879);
#532=LINE('',#4005,#880);
#533=LINE('',#4009,#881);
#534=LINE('',#4011,#882);
#535=LINE('',#4013,#883);
#536=LINE('',#4014,#884);
#537=LINE('',#4017,#885);
#538=LINE('',#4019,#886);
#539=LINE('',#4021,#887);
#540=LINE('',#4022,#888);
#541=LINE('',#4025,#889);
#542=LINE('',#4031,#890);
#543=LINE('',#4033,#891);
#544=LINE('',#4035,#892);
#545=LINE('',#4036,#893);
#546=LINE('',#4040,#894);
#547=LINE('',#4042,#895);
#548=LINE('',#4043,#896);
#549=LINE('',#4060,#897);
#550=LINE('',#4062,#898);
#551=LINE('',#4063,#899);
#552=LINE('',#4070,#900);
#553=LINE('',#4074,#901);
#554=LINE('',#4076,#902);
#555=LINE('',#4077,#903);
#556=LINE('',#4085,#904);
#557=LINE('',#4089,#905);
#558=LINE('',#4091,#906);
#559=LINE('',#4092,#907);
#560=LINE('',#4096,#908);
#561=LINE('',#4100,#909);
#562=LINE('',#4105,#910);
#563=LINE('',#4108,#911);
#564=LINE('',#4112,#912);
#565=LINE('',#4114,#913);
#566=LINE('',#4116,#914);
#567=LINE('',#4118,#915);
#568=LINE('',#4120,#916);
#569=LINE('',#4122,#917);
#570=LINE('',#4124,#918);
#571=LINE('',#4126,#919);
#572=LINE('',#4128,#920);
#573=LINE('',#4130,#921);
#574=LINE('',#4132,#922);
#575=LINE('',#4134,#923);
#576=LINE('',#4135,#924);
#577=LINE('',#4136,#925);
#578=LINE('',#4140,#926);
#579=LINE('',#4141,#927);
#580=LINE('',#4142,#928);
#581=LINE('',#4145,#929);
#582=LINE('',#4146,#930);
#583=LINE('',#4150,#931);
#584=LINE('',#4151,#932);
#585=LINE('',#4153,#933);
#586=LINE('',#4154,#934);
#587=LINE('',#4157,#935);
#588=LINE('',#4159,#936);
#589=LINE('',#4160,#937);
#590=LINE('',#4164,#938);
#591=LINE('',#4165,#939);
#592=LINE('',#4166,#940);
#593=LINE('',#4169,#941);
#594=LINE('',#4171,#942);
#595=LINE('',#4173,#943);
#596=LINE('',#4175,#944);
#597=LINE('',#4176,#945);
#598=LINE('',#4180,#946);
#599=LINE('',#4182,#947);
#600=LINE('',#4184,#948);
#601=LINE('',#4185,#949);
#602=LINE('',#4187,#950);
#603=LINE('',#4188,#951);
#604=LINE('',#4189,#952);
#605=LINE('',#4191,#953);
#606=LINE('',#4193,#954);
#607=LINE('',#4194,#955);
#608=LINE('',#4199,#956);
#609=LINE('',#4204,#957);
#610=LINE('',#4208,#958);
#611=LINE('',#4210,#959);
#612=LINE('',#4212,#960);
#613=LINE('',#4214,#961);
#614=LINE('',#4216,#962);
#615=LINE('',#4217,#963);
#616=LINE('',#4220,#964);
#617=LINE('',#4222,#965);
#618=LINE('',#4223,#966);
#619=LINE('',#4226,#967);
#620=LINE('',#4227,#968);
#621=LINE('',#4230,#969);
#622=LINE('',#4232,#970);
#623=LINE('',#4233,#971);
#624=LINE('',#4235,#972);
#625=LINE('',#4237,#973);
#626=LINE('',#4238,#974);
#627=LINE('',#4242,#975);
#628=LINE('',#4244,#976);
#629=LINE('',#4246,#977);
#630=LINE('',#4247,#978);
#631=LINE('',#4248,#979);
#632=LINE('',#4251,#980);
#633=LINE('',#4253,#981);
#634=LINE('',#4254,#982);
#635=LINE('',#4255,#983);
#636=LINE('',#4259,#984);
#637=LINE('',#4260,#985);
#638=LINE('',#4261,#986);
#639=LINE('',#4264,#987);
#640=LINE('',#4266,#988);
#641=LINE('',#4268,#989);
#642=LINE('',#4270,#990);
#643=LINE('',#4271,#991);
#644=LINE('',#4275,#992);
#645=LINE('',#4277,#993);
#646=LINE('',#4279,#994);
#647=LINE('',#4280,#995);
#648=LINE('',#4281,#996);
#649=LINE('',#4283,#997);
#650=LINE('',#4285,#998);
#651=LINE('',#4286,#999);
#652=LINE('',#4291,#1000);
#653=LINE('',#4296,#1001);
#654=LINE('',#4298,#1002);
#655=LINE('',#4300,#1003);
#656=LINE('',#4302,#1004);
#657=LINE('',#4304,#1005);
#658=LINE('',#4306,#1006);
#659=LINE('',#4308,#1007);
#660=LINE('',#4310,#1008);
#661=LINE('',#4311,#1009);
#662=LINE('',#4314,#1010);
#663=LINE('',#4315,#1011);
#664=LINE('',#4317,#1012);
#665=LINE('',#4319,#1013);
#666=LINE('',#4320,#1014);
#667=LINE('',#4323,#1015);
#668=LINE('',#4324,#1016);
#669=LINE('',#4326,#1017);
#670=LINE('',#4329,#1018);
#671=LINE('',#4330,#1019);
#672=LINE('',#4334,#1020);
#673=LINE('',#4336,#1021);
#674=LINE('',#4338,#1022);
#675=LINE('',#4339,#1023);
#676=LINE('',#4343,#1024);
#677=LINE('',#4345,#1025);
#678=LINE('',#4346,#1026);
#679=LINE('',#4347,#1027);
#680=LINE('',#4349,#1028);
#681=LINE('',#4350,#1029);
#682=LINE('',#4353,#1030);
#683=LINE('',#4355,#1031);
#684=LINE('',#4357,#1032);
#685=LINE('',#4359,#1033);
#686=LINE('',#4360,#1034);
#687=LINE('',#4363,#1035);
#688=LINE('',#4364,#1036);
#689=LINE('',#4367,#1037);
#690=LINE('',#4369,#1038);
#691=LINE('',#4371,#1039);
#692=LINE('',#4372,#1040);
#693=LINE('',#4374,#1041);
#694=LINE('',#4375,#1042);
#695=LINE('',#4377,#1043);
#696=LINE('',#4385,#1044);
#697=LINE('',#4387,#1045);
#698=LINE('',#4391,#1046);
#699=LINE('',#4392,#1047);
#700=LINE('',#4393,#1048);
#701=LINE('',#4397,#1049);
#702=LINE('',#4399,#1050);
#703=LINE('',#4401,#1051);
#704=LINE('',#4402,#1052);
#705=LINE('',#4406,#1053);
#706=LINE('',#4407,#1054);
#707=LINE('',#4409,#1055);
#708=LINE('',#4410,#1056);
#709=LINE('',#4412,#1057);
#710=LINE('',#4413,#1058);
#711=LINE('',#4416,#1059);
#712=LINE('',#4417,#1060);
#713=LINE('',#4419,#1061);
#714=LINE('',#4421,#1062);
#715=LINE('',#4423,#1063);
#716=LINE('',#4425,#1064);
#717=LINE('',#4426,#1065);
#718=LINE('',#4429,#1066);
#719=LINE('',#4430,#1067);
#720=LINE('',#4433,#1068);
#721=LINE('',#4435,#1069);
#722=LINE('',#4437,#1070);
#723=LINE('',#4438,#1071);
#724=LINE('',#4440,#1072);
#725=LINE('',#4441,#1073);
#726=LINE('',#4443,#1074);
#727=LINE('',#4451,#1075);
#728=LINE('',#4454,#1076);
#729=LINE('',#4455,#1077);
#730=LINE('',#4459,#1078);
#731=LINE('',#4461,#1079);
#732=LINE('',#4463,#1080);
#733=LINE('',#4464,#1081);
#734=LINE('',#4468,#1082);
#735=LINE('',#4470,#1083);
#736=LINE('',#4472,#1084);
#737=LINE('',#4473,#1085);
#738=LINE('',#4476,#1086);
#739=LINE('',#4478,#1087);
#740=LINE('',#4479,#1088);
#741=LINE('',#4482,#1089);
#742=LINE('',#4484,#1090);
#743=LINE('',#4485,#1091);
#744=LINE('',#4487,#1092);
#745=LINE('',#4488,#1093);
#746=LINE('',#4491,#1094);
#747=LINE('',#4492,#1095);
#748=LINE('',#4493,#1096);
#749=LINE('',#4494,#1097);
#750=LINE('',#4498,#1098);
#751=LINE('',#4499,#1099);
#752=LINE('',#4500,#1100);
#753=LINE('',#4502,#1101);
#754=LINE('',#4504,#1102);
#755=LINE('',#4506,#1103);
#756=LINE('',#4508,#1104);
#757=LINE('',#4510,#1105);
#758=LINE('',#4513,#1106);
#759=LINE('',#4516,#1107);
#760=LINE('',#4517,#1108);
#761=LINE('',#4519,#1109);
#762=LINE('',#4523,#1110);
#763=LINE('',#4524,#1111);
#764=LINE('',#4525,#1112);
#765=LINE('',#4527,#1113);
#766=LINE('',#4530,#1114);
#767=LINE('',#4536,#1115);
#768=LINE('',#4542,#1116);
#769=LINE('',#4548,#1117);
#770=LINE('',#4554,#1118);
#771=LINE('',#4560,#1119);
#772=LINE('',#4566,#1120);
#773=LINE('',#4572,#1121);
#774=LINE('',#4578,#1122);
#775=VECTOR('',#3053,10.);
#776=VECTOR('',#3054,10.);
#777=VECTOR('',#3055,10.);
#778=VECTOR('',#3056,10.);
#779=VECTOR('',#3059,10.);
#780=VECTOR('',#3060,10.);
#781=VECTOR('',#3061,10.);
#782=VECTOR('',#3064,10.);
#783=VECTOR('',#3065,10.);
#784=VECTOR('',#3066,10.);
#785=VECTOR('',#3069,10.);
#786=VECTOR('',#3070,10.);
#787=VECTOR('',#3071,10.);
#788=VECTOR('',#3072,10.);
#789=VECTOR('',#3073,10.);
#790=VECTOR('',#3074,10.);
#791=VECTOR('',#3075,10.);
#792=VECTOR('',#3076,10.);
#793=VECTOR('',#3077,10.);
#794=VECTOR('',#3078,10.);
#795=VECTOR('',#3079,10.);
#796=VECTOR('',#3080,10.);
#797=VECTOR('',#3081,10.);
#798=VECTOR('',#3084,10.);
#799=VECTOR('',#3085,10.);
#800=VECTOR('',#3088,10.);
#801=VECTOR('',#3089,10.);
#802=VECTOR('',#3092,10.);
#803=VECTOR('',#3093,10.);
#804=VECTOR('',#3096,10.);
#805=VECTOR('',#3097,10.);
#806=VECTOR('',#3100,10.);
#807=VECTOR('',#3101,10.);
#808=VECTOR('',#3102,10.);
#809=VECTOR('',#3105,10.);
#810=VECTOR('',#3106,10.);
#811=VECTOR('',#3109,10.);
#812=VECTOR('',#3110,10.);
#813=VECTOR('',#3113,10.);
#814=VECTOR('',#3116,10.);
#815=VECTOR('',#3117,10.);
#816=VECTOR('',#3120,10.);
#817=VECTOR('',#3121,10.);
#818=VECTOR('',#3124,10.);
#819=VECTOR('',#3125,10.);
#820=VECTOR('',#3126,10.);
#821=VECTOR('',#3129,10.);
#822=VECTOR('',#3132,10.);
#823=VECTOR('',#3137,10.);
#824=VECTOR('',#3138,10.);
#825=VECTOR('',#3143,10.);
#826=VECTOR('',#3144,10.);
#827=VECTOR('',#3145,10.);
#828=VECTOR('',#3146,10.);
#829=VECTOR('',#3147,10.);
#830=VECTOR('',#3148,10.);
#831=VECTOR('',#3149,10.);
#832=VECTOR('',#3150,10.);
#833=VECTOR('',#3151,10.);
#834=VECTOR('',#3152,10.);
#835=VECTOR('',#3153,10.);
#836=VECTOR('',#3154,10.);
#837=VECTOR('',#3155,10.);
#838=VECTOR('',#3156,10.);
#839=VECTOR('',#3157,10.);
#840=VECTOR('',#3158,10.);
#841=VECTOR('',#3159,10.);
#842=VECTOR('',#3160,10.);
#843=VECTOR('',#3161,10.);
#844=VECTOR('',#3166,10.);
#845=VECTOR('',#3167,10.);
#846=VECTOR('',#3168,10.);
#847=VECTOR('',#3169,10.);
#848=VECTOR('',#3174,10.);
#849=VECTOR('',#3175,10.);
#850=VECTOR('',#3176,10.);
#851=VECTOR('',#3181,10.);
#852=VECTOR('',#3184,10.);
#853=VECTOR('',#3185,10.);
#854=VECTOR('',#3186,10.);
#855=VECTOR('',#3187,10.);
#856=VECTOR('',#3190,10.);
#857=VECTOR('',#3191,10.);
#858=VECTOR('',#3192,10.);
#859=VECTOR('',#3193,10.);
#860=VECTOR('',#3196,10.);
#861=VECTOR('',#3199,10.);
#862=VECTOR('',#3202,10.);
#863=VECTOR('',#3203,10.);
#864=VECTOR('',#3204,10.);
#865=VECTOR('',#3205,10.);
#866=VECTOR('',#3206,10.);
#867=VECTOR('',#3207,10.);
#868=VECTOR('',#3208,10.);
#869=VECTOR('',#3209,10.);
#870=VECTOR('',#3210,10.);
#871=VECTOR('',#3211,10.);
#872=VECTOR('',#3212,10.);
#873=VECTOR('',#3213,10.);
#874=VECTOR('',#3214,10.);
#875=VECTOR('',#3215,10.);
#876=VECTOR('',#3216,10.);
#877=VECTOR('',#3217,10.);
#878=VECTOR('',#3218,10.);
#879=VECTOR('',#3219,10.);
#880=VECTOR('',#3220,10.);
#881=VECTOR('',#3223,10.);
#882=VECTOR('',#3224,10.);
#883=VECTOR('',#3225,10.);
#884=VECTOR('',#3226,10.);
#885=VECTOR('',#3229,10.);
#886=VECTOR('',#3230,10.);
#887=VECTOR('',#3231,10.);
#888=VECTOR('',#3232,10.);
#889=VECTOR('',#3235,10.);
#890=VECTOR('',#3242,10.);
#891=VECTOR('',#3243,10.);
#892=VECTOR('',#3244,10.);
#893=VECTOR('',#3245,10.);
#894=VECTOR('',#3250,10.);
#895=VECTOR('',#3251,10.);
#896=VECTOR('',#3252,10.);
#897=VECTOR('',#3277,10.);
#898=VECTOR('',#3278,10.);
#899=VECTOR('',#3279,10.);
#900=VECTOR('',#3288,10.);
#901=VECTOR('',#3293,10.);
#902=VECTOR('',#3294,10.);
#903=VECTOR('',#3295,10.);
#904=VECTOR('',#3308,10.);
#905=VECTOR('',#3313,10.);
#906=VECTOR('',#3314,10.);
#907=VECTOR('',#3315,10.);
#908=VECTOR('',#3320,2.2);
#909=VECTOR('',#3325,2.2);
#910=VECTOR('',#3332,2.2);
#911=VECTOR('',#3335,2.2);
#912=VECTOR('',#3340,10.);
#913=VECTOR('',#3341,10.);
#914=VECTOR('',#3342,10.);
#915=VECTOR('',#3343,10.);
#916=VECTOR('',#3344,10.);
#917=VECTOR('',#3345,10.);
#918=VECTOR('',#3346,10.);
#919=VECTOR('',#3347,10.);
#920=VECTOR('',#3348,10.);
#921=VECTOR('',#3349,10.);
#922=VECTOR('',#3350,10.);
#923=VECTOR('',#3351,10.);
#924=VECTOR('',#3352,10.);
#925=VECTOR('',#3353,10.);
#926=VECTOR('',#3356,10.);
#927=VECTOR('',#3357,10.);
#928=VECTOR('',#3358,10.);
#929=VECTOR('',#3361,10.);
#930=VECTOR('',#3362,10.);
#931=VECTOR('',#3365,10.);
#932=VECTOR('',#3366,10.);
#933=VECTOR('',#3367,10.);
#934=VECTOR('',#3368,10.);
#935=VECTOR('',#3371,10.);
#936=VECTOR('',#3372,10.);
#937=VECTOR('',#3373,10.);
#938=VECTOR('',#3376,10.);
#939=VECTOR('',#3377,10.);
#940=VECTOR('',#3378,10.);
#941=VECTOR('',#3381,10.);
#942=VECTOR('',#3382,10.);
#943=VECTOR('',#3383,10.);
#944=VECTOR('',#3384,10.);
#945=VECTOR('',#3385,10.);
#946=VECTOR('',#3388,10.);
#947=VECTOR('',#3389,10.);
#948=VECTOR('',#3390,10.);
#949=VECTOR('',#3391,10.);
#950=VECTOR('',#3392,10.);
#951=VECTOR('',#3393,10.);
#952=VECTOR('',#3394,10.);
#953=VECTOR('',#3397,10.);
#954=VECTOR('',#3400,10.);
#955=VECTOR('',#3401,10.);
#956=VECTOR('',#3408,10.);
#957=VECTOR('',#3415,2.2);
#958=VECTOR('',#3418,10.);
#959=VECTOR('',#3419,10.);
#960=VECTOR('',#3420,10.);
#961=VECTOR('',#3421,10.);
#962=VECTOR('',#3422,10.);
#963=VECTOR('',#3423,10.);
#964=VECTOR('',#3426,10.);
#965=VECTOR('',#3427,10.);
#966=VECTOR('',#3428,10.);
#967=VECTOR('',#3431,10.);
#968=VECTOR('',#3432,10.);
#969=VECTOR('',#3435,10.);
#970=VECTOR('',#3436,10.);
#971=VECTOR('',#3437,10.);
#972=VECTOR('',#3440,10.);
#973=VECTOR('',#3441,10.);
#974=VECTOR('',#3442,10.);
#975=VECTOR('',#3445,10.);
#976=VECTOR('',#3446,10.);
#977=VECTOR('',#3447,10.);
#978=VECTOR('',#3448,10.);
#979=VECTOR('',#3449,10.);
#980=VECTOR('',#3452,10.);
#981=VECTOR('',#3453,10.);
#982=VECTOR('',#3454,10.);
#983=VECTOR('',#3455,10.);
#984=VECTOR('',#3458,10.);
#985=VECTOR('',#3459,10.);
#986=VECTOR('',#3460,10.);
#987=VECTOR('',#3463,10.);
#988=VECTOR('',#3464,10.);
#989=VECTOR('',#3465,10.);
#990=VECTOR('',#3466,10.);
#991=VECTOR('',#3467,10.);
#992=VECTOR('',#3470,10.);
#993=VECTOR('',#3471,10.);
#994=VECTOR('',#3472,10.);
#995=VECTOR('',#3473,10.);
#996=VECTOR('',#3474,10.);
#997=VECTOR('',#3477,10.);
#998=VECTOR('',#3480,10.);
#999=VECTOR('',#3481,10.);
#1000=VECTOR('',#3488,10.);
#1001=VECTOR('',#3495,2.2);
#1002=VECTOR('',#3498,10.);
#1003=VECTOR('',#3499,10.);
#1004=VECTOR('',#3500,10.);
#1005=VECTOR('',#3501,10.);
#1006=VECTOR('',#3502,10.);
#1007=VECTOR('',#3503,10.);
#1008=VECTOR('',#3504,10.);
#1009=VECTOR('',#3505,10.);
#1010=VECTOR('',#3508,10.);
#1011=VECTOR('',#3509,10.);
#1012=VECTOR('',#3510,10.);
#1013=VECTOR('',#3511,10.);
#1014=VECTOR('',#3512,10.);
#1015=VECTOR('',#3515,10.);
#1016=VECTOR('',#3516,10.);
#1017=VECTOR('',#3519,10.);
#1018=VECTOR('',#3522,10.);
#1019=VECTOR('',#3523,10.);
#1020=VECTOR('',#3526,10.);
#1021=VECTOR('',#3527,10.);
#1022=VECTOR('',#3528,10.);
#1023=VECTOR('',#3529,10.);
#1024=VECTOR('',#3532,10.);
#1025=VECTOR('',#3533,10.);
#1026=VECTOR('',#3534,10.);
#1027=VECTOR('',#3535,10.);
#1028=VECTOR('',#3538,10.);
#1029=VECTOR('',#3539,10.);
#1030=VECTOR('',#3542,10.);
#1031=VECTOR('',#3543,10.);
#1032=VECTOR('',#3544,10.);
#1033=VECTOR('',#3545,10.);
#1034=VECTOR('',#3546,10.);
#1035=VECTOR('',#3549,10.);
#1036=VECTOR('',#3550,10.);
#1037=VECTOR('',#3553,10.);
#1038=VECTOR('',#3554,10.);
#1039=VECTOR('',#3555,10.);
#1040=VECTOR('',#3556,10.);
#1041=VECTOR('',#3559,10.);
#1042=VECTOR('',#3560,10.);
#1043=VECTOR('',#3563,10.);
#1044=VECTOR('',#3574,2.2);
#1045=VECTOR('',#3577,10.);
#1046=VECTOR('',#3580,10.);
#1047=VECTOR('',#3581,10.);
#1048=VECTOR('',#3582,10.);
#1049=VECTOR('',#3585,10.);
#1050=VECTOR('',#3586,10.);
#1051=VECTOR('',#3587,10.);
#1052=VECTOR('',#3588,10.);
#1053=VECTOR('',#3591,10.);
#1054=VECTOR('',#3592,10.);
#1055=VECTOR('',#3593,10.);
#1056=VECTOR('',#3594,10.);
#1057=VECTOR('',#3597,10.);
#1058=VECTOR('',#3598,10.);
#1059=VECTOR('',#3601,10.);
#1060=VECTOR('',#3602,10.);
#1061=VECTOR('',#3603,10.);
#1062=VECTOR('',#3604,10.);
#1063=VECTOR('',#3605,10.);
#1064=VECTOR('',#3606,10.);
#1065=VECTOR('',#3607,10.);
#1066=VECTOR('',#3610,10.);
#1067=VECTOR('',#3611,10.);
#1068=VECTOR('',#3614,10.);
#1069=VECTOR('',#3615,10.);
#1070=VECTOR('',#3616,10.);
#1071=VECTOR('',#3617,10.);
#1072=VECTOR('',#3620,10.);
#1073=VECTOR('',#3621,10.);
#1074=VECTOR('',#3624,10.);
#1075=VECTOR('',#3635,2.2);
#1076=VECTOR('',#3638,10.);
#1077=VECTOR('',#3639,10.);
#1078=VECTOR('',#3642,10.);
#1079=VECTOR('',#3643,10.);
#1080=VECTOR('',#3644,10.);
#1081=VECTOR('',#3645,10.);
#1082=VECTOR('',#3648,10.);
#1083=VECTOR('',#3649,10.);
#1084=VECTOR('',#3650,10.);
#1085=VECTOR('',#3651,10.);
#1086=VECTOR('',#3654,10.);
#1087=VECTOR('',#3655,10.);
#1088=VECTOR('',#3656,10.);
#1089=VECTOR('',#3659,10.);
#1090=VECTOR('',#3660,10.);
#1091=VECTOR('',#3661,10.);
#1092=VECTOR('',#3664,10.);
#1093=VECTOR('',#3665,10.);
#1094=VECTOR('',#3668,10.);
#1095=VECTOR('',#3669,10.);
#1096=VECTOR('',#3670,10.);
#1097=VECTOR('',#3671,10.);
#1098=VECTOR('',#3674,10.);
#1099=VECTOR('',#3675,10.);
#1100=VECTOR('',#3676,10.);
#1101=VECTOR('',#3679,10.);
#1102=VECTOR('',#3682,10.);
#1103=VECTOR('',#3685,10.);
#1104=VECTOR('',#3688,10.);
#1105=VECTOR('',#3691,10.);
#1106=VECTOR('',#3696,10.);
#1107=VECTOR('',#3699,10.);
#1108=VECTOR('',#3700,10.);
#1109=VECTOR('',#3703,10.);
#1110=VECTOR('',#3706,10.);
#1111=VECTOR('',#3707,10.);
#1112=VECTOR('',#3708,10.);
#1113=VECTOR('',#3711,10.);
#1114=VECTOR('',#3716,10.);
#1115=VECTOR('',#3723,2.7);
#1116=VECTOR('',#3730,2.7);
#1117=VECTOR('',#3737,2.7);
#1118=VECTOR('',#3744,2.7);
#1119=VECTOR('',#3751,2.7);
#1120=VECTOR('',#3758,2.7);
#1121=VECTOR('',#3765,9.2);
#1122=VECTOR('',#3772,39.);
#1123=VERTEX_POINT('',#3781);
#1124=VERTEX_POINT('',#3782);
#1125=VERTEX_POINT('',#3784);
#1126=VERTEX_POINT('',#3786);
#1127=VERTEX_POINT('',#3790);
#1128=VERTEX_POINT('',#3792);
#1129=VERTEX_POINT('',#3796);
#1130=VERTEX_POINT('',#3798);
#1131=VERTEX_POINT('',#3802);
#1132=VERTEX_POINT('',#3804);
#1133=VERTEX_POINT('',#3806);
#1134=VERTEX_POINT('',#3808);
#1135=VERTEX_POINT('',#3810);
#1136=VERTEX_POINT('',#3812);
#1137=VERTEX_POINT('',#3814);
#1138=VERTEX_POINT('',#3816);
#1139=VERTEX_POINT('',#3819);
#1140=VERTEX_POINT('',#3820);
#1141=VERTEX_POINT('',#3822);
#1142=VERTEX_POINT('',#3824);
#1143=VERTEX_POINT('',#3828);
#1144=VERTEX_POINT('',#3832);
#1145=VERTEX_POINT('',#3836);
#1146=VERTEX_POINT('',#3840);
#1147=VERTEX_POINT('',#3844);
#1148=VERTEX_POINT('',#3846);
#1149=VERTEX_POINT('',#3850);
#1150=VERTEX_POINT('',#3854);
#1151=VERTEX_POINT('',#3860);
#1152=VERTEX_POINT('',#3864);
#1153=VERTEX_POINT('',#3868);
#1154=VERTEX_POINT('',#3870);
#1155=VERTEX_POINT('',#3879);
#1156=VERTEX_POINT('',#3880);
#1157=VERTEX_POINT('',#3882);
#1158=VERTEX_POINT('',#3886);
#1159=VERTEX_POINT('',#3888);
#1160=VERTEX_POINT('',#3890);
#1161=VERTEX_POINT('',#3892);
#1162=VERTEX_POINT('',#3894);
#1163=VERTEX_POINT('',#3896);
#1164=VERTEX_POINT('',#3898);
#1165=VERTEX_POINT('',#3900);
#1166=VERTEX_POINT('',#3902);
#1167=VERTEX_POINT('',#3904);
#1168=VERTEX_POINT('',#3906);
#1169=VERTEX_POINT('',#3908);
#1170=VERTEX_POINT('',#3910);
#1171=VERTEX_POINT('',#3912);
#1172=VERTEX_POINT('',#3914);
#1173=VERTEX_POINT('',#3916);
#1174=VERTEX_POINT('',#3918);
#1175=VERTEX_POINT('',#3920);
#1176=VERTEX_POINT('',#3924);
#1177=VERTEX_POINT('',#3926);
#1178=VERTEX_POINT('',#3928);
#1179=VERTEX_POINT('',#3930);
#1180=VERTEX_POINT('',#3935);
#1181=VERTEX_POINT('',#3937);
#1182=VERTEX_POINT('',#3941);
#1183=VERTEX_POINT('',#3945);
#1184=VERTEX_POINT('',#3946);
#1185=VERTEX_POINT('',#3948);
#1186=VERTEX_POINT('',#3950);
#1187=VERTEX_POINT('',#3954);
#1188=VERTEX_POINT('',#3956);
#1189=VERTEX_POINT('',#3958);
#1190=VERTEX_POINT('',#3962);
#1191=VERTEX_POINT('',#3963);
#1192=VERTEX_POINT('',#3965);
#1193=VERTEX_POINT('',#3969);
#1194=VERTEX_POINT('',#3971);
#1195=VERTEX_POINT('',#3973);
#1196=VERTEX_POINT('',#3975);
#1197=VERTEX_POINT('',#3977);
#1198=VERTEX_POINT('',#3979);
#1199=VERTEX_POINT('',#3981);
#1200=VERTEX_POINT('',#3983);
#1201=VERTEX_POINT('',#3985);
#1202=VERTEX_POINT('',#3987);
#1203=VERTEX_POINT('',#3989);
#1204=VERTEX_POINT('',#3991);
#1205=VERTEX_POINT('',#3993);
#1206=VERTEX_POINT('',#3995);
#1207=VERTEX_POINT('',#3997);
#1208=VERTEX_POINT('',#3999);
#1209=VERTEX_POINT('',#4001);
#1210=VERTEX_POINT('',#4003);
#1211=VERTEX_POINT('',#4007);
#1212=VERTEX_POINT('',#4008);
#1213=VERTEX_POINT('',#4010);
#1214=VERTEX_POINT('',#4012);
#1215=VERTEX_POINT('',#4016);
#1216=VERTEX_POINT('',#4018);
#1217=VERTEX_POINT('',#4020);
#1218=VERTEX_POINT('',#4024);
#1219=VERTEX_POINT('',#4028);
#1220=VERTEX_POINT('',#4030);
#1221=VERTEX_POINT('',#4032);
#1222=VERTEX_POINT('',#4034);
#1223=VERTEX_POINT('',#4039);
#1224=VERTEX_POINT('',#4041);
#1225=VERTEX_POINT('',#4045);
#1226=VERTEX_POINT('',#4049);
#1227=VERTEX_POINT('',#4053);
#1228=VERTEX_POINT('',#4059);
#1229=VERTEX_POINT('',#4061);
#1230=VERTEX_POINT('',#4065);
#1231=VERTEX_POINT('',#4069);
#1232=VERTEX_POINT('',#4073);
#1233=VERTEX_POINT('',#4075);
#1234=VERTEX_POINT('',#4084);
#1235=VERTEX_POINT('',#4088);
#1236=VERTEX_POINT('',#4090);
#1237=VERTEX_POINT('',#4094);
#1238=VERTEX_POINT('',#4099);
#1239=VERTEX_POINT('',#4103);
#1240=VERTEX_POINT('',#4107);
#1241=VERTEX_POINT('',#4111);
#1242=VERTEX_POINT('',#4113);
#1243=VERTEX_POINT('',#4115);
#1244=VERTEX_POINT('',#4117);
#1245=VERTEX_POINT('',#4119);
#1246=VERTEX_POINT('',#4121);
#1247=VERTEX_POINT('',#4123);
#1248=VERTEX_POINT('',#4125);
#1249=VERTEX_POINT('',#4127);
#1250=VERTEX_POINT('',#4129);
#1251=VERTEX_POINT('',#4131);
#1252=VERTEX_POINT('',#4133);
#1253=VERTEX_POINT('',#4138);
#1254=VERTEX_POINT('',#4139);
#1255=VERTEX_POINT('',#4144);
#1256=VERTEX_POINT('',#4148);
#1257=VERTEX_POINT('',#4149);
#1258=VERTEX_POINT('',#4152);
#1259=VERTEX_POINT('',#4156);
#1260=VERTEX_POINT('',#4158);
#1261=VERTEX_POINT('',#4162);
#1262=VERTEX_POINT('',#4163);
#1263=VERTEX_POINT('',#4168);
#1264=VERTEX_POINT('',#4170);
#1265=VERTEX_POINT('',#4172);
#1266=VERTEX_POINT('',#4174);
#1267=VERTEX_POINT('',#4178);
#1268=VERTEX_POINT('',#4179);
#1269=VERTEX_POINT('',#4181);
#1270=VERTEX_POINT('',#4183);
#1271=VERTEX_POINT('',#4186);
#1272=VERTEX_POINT('',#4196);
#1273=VERTEX_POINT('',#4200);
#1274=VERTEX_POINT('',#4206);
#1275=VERTEX_POINT('',#4207);
#1276=VERTEX_POINT('',#4209);
#1277=VERTEX_POINT('',#4211);
#1278=VERTEX_POINT('',#4213);
#1279=VERTEX_POINT('',#4215);
#1280=VERTEX_POINT('',#4219);
#1281=VERTEX_POINT('',#4221);
#1282=VERTEX_POINT('',#4225);
#1283=VERTEX_POINT('',#4229);
#1284=VERTEX_POINT('',#4231);
#1285=VERTEX_POINT('',#4236);
#1286=VERTEX_POINT('',#4240);
#1287=VERTEX_POINT('',#4241);
#1288=VERTEX_POINT('',#4243);
#1289=VERTEX_POINT('',#4245);
#1290=VERTEX_POINT('',#4250);
#1291=VERTEX_POINT('',#4252);
#1292=VERTEX_POINT('',#4257);
#1293=VERTEX_POINT('',#4258);
#1294=VERTEX_POINT('',#4263);
#1295=VERTEX_POINT('',#4265);
#1296=VERTEX_POINT('',#4267);
#1297=VERTEX_POINT('',#4269);
#1298=VERTEX_POINT('',#4273);
#1299=VERTEX_POINT('',#4274);
#1300=VERTEX_POINT('',#4276);
#1301=VERTEX_POINT('',#4278);
#1302=VERTEX_POINT('',#4288);
#1303=VERTEX_POINT('',#4292);
#1304=VERTEX_POINT('',#4299);
#1305=VERTEX_POINT('',#4301);
#1306=VERTEX_POINT('',#4303);
#1307=VERTEX_POINT('',#4305);
#1308=VERTEX_POINT('',#4307);
#1309=VERTEX_POINT('',#4309);
#1310=VERTEX_POINT('',#4313);
#1311=VERTEX_POINT('',#4316);
#1312=VERTEX_POINT('',#4318);
#1313=VERTEX_POINT('',#4322);
#1314=VERTEX_POINT('',#4328);
#1315=VERTEX_POINT('',#4332);
#1316=VERTEX_POINT('',#4333);
#1317=VERTEX_POINT('',#4335);
#1318=VERTEX_POINT('',#4337);
#1319=VERTEX_POINT('',#4341);
#1320=VERTEX_POINT('',#4342);
#1321=VERTEX_POINT('',#4344);
#1322=VERTEX_POINT('',#4352);
#1323=VERTEX_POINT('',#4354);
#1324=VERTEX_POINT('',#4356);
#1325=VERTEX_POINT('',#4358);
#1326=VERTEX_POINT('',#4362);
#1327=VERTEX_POINT('',#4366);
#1328=VERTEX_POINT('',#4368);
#1329=VERTEX_POINT('',#4370);
#1330=VERTEX_POINT('',#4378);
#1331=VERTEX_POINT('',#4382);
#1332=VERTEX_POINT('',#4389);
#1333=VERTEX_POINT('',#4390);
#1334=VERTEX_POINT('',#4395);
#1335=VERTEX_POINT('',#4396);
#1336=VERTEX_POINT('',#4398);
#1337=VERTEX_POINT('',#4400);
#1338=VERTEX_POINT('',#4404);
#1339=VERTEX_POINT('',#4405);
#1340=VERTEX_POINT('',#4408);
#1341=VERTEX_POINT('',#4415);
#1342=VERTEX_POINT('',#4418);
#1343=VERTEX_POINT('',#4420);
#1344=VERTEX_POINT('',#4422);
#1345=VERTEX_POINT('',#4424);
#1346=VERTEX_POINT('',#4428);
#1347=VERTEX_POINT('',#4432);
#1348=VERTEX_POINT('',#4434);
#1349=VERTEX_POINT('',#4436);
#1350=VERTEX_POINT('',#4444);
#1351=VERTEX_POINT('',#4448);
#1352=VERTEX_POINT('',#4453);
#1353=VERTEX_POINT('',#4457);
#1354=VERTEX_POINT('',#4458);
#1355=VERTEX_POINT('',#4460);
#1356=VERTEX_POINT('',#4462);
#1357=VERTEX_POINT('',#4466);
#1358=VERTEX_POINT('',#4467);
#1359=VERTEX_POINT('',#4469);
#1360=VERTEX_POINT('',#4471);
#1361=VERTEX_POINT('',#4475);
#1362=VERTEX_POINT('',#4477);
#1363=VERTEX_POINT('',#4481);
#1364=VERTEX_POINT('',#4483);
#1365=VERTEX_POINT('',#4490);
#1366=VERTEX_POINT('',#4496);
#1367=VERTEX_POINT('',#4497);
#1368=VERTEX_POINT('',#4515);
#1369=VERTEX_POINT('',#4521);
#1370=VERTEX_POINT('',#4522);
#1371=VERTEX_POINT('',#4533);
#1372=VERTEX_POINT('',#4535);
#1373=VERTEX_POINT('',#4539);
#1374=VERTEX_POINT('',#4541);
#1375=VERTEX_POINT('',#4545);
#1376=VERTEX_POINT('',#4547);
#1377=VERTEX_POINT('',#4551);
#1378=VERTEX_POINT('',#4553);
#1379=VERTEX_POINT('',#4557);
#1380=VERTEX_POINT('',#4559);
#1381=VERTEX_POINT('',#4563);
#1382=VERTEX_POINT('',#4565);
#1383=VERTEX_POINT('',#4569);
#1384=VERTEX_POINT('',#4571);
#1385=VERTEX_POINT('',#4575);
#1386=VERTEX_POINT('',#4577);
#1387=EDGE_CURVE('',#1123,#1124,#427,.T.);
#1388=EDGE_CURVE('',#1125,#1123,#428,.T.);
#1389=EDGE_CURVE('',#1126,#1125,#429,.T.);
#1390=EDGE_CURVE('',#1124,#1126,#430,.T.);
#1391=EDGE_CURVE('',#1127,#1123,#431,.T.);
#1392=EDGE_CURVE('',#1127,#1128,#432,.T.);
#1393=EDGE_CURVE('',#1125,#1128,#433,.T.);
#1394=EDGE_CURVE('',#1129,#1127,#434,.T.);
#1395=EDGE_CURVE('',#1130,#1129,#435,.T.);
#1396=EDGE_CURVE('',#1128,#1130,#436,.T.);
#1397=EDGE_CURVE('',#1130,#1131,#437,.T.);
#1398=EDGE_CURVE('',#1132,#1131,#438,.T.);
#1399=EDGE_CURVE('',#1133,#1132,#439,.T.);
#1400=EDGE_CURVE('',#1133,#1134,#440,.T.);
#1401=EDGE_CURVE('',#1134,#1135,#441,.T.);
#1402=EDGE_CURVE('',#1135,#1136,#442,.T.);
#1403=EDGE_CURVE('',#1137,#1136,#443,.T.);
#1404=EDGE_CURVE('',#1138,#1137,#444,.T.);
#1405=EDGE_CURVE('',#1138,#1126,#445,.T.);
#1406=EDGE_CURVE('',#1139,#1140,#446,.T.);
#1407=EDGE_CURVE('',#1140,#1141,#447,.T.);
#1408=EDGE_CURVE('',#1141,#1142,#448,.T.);
#1409=EDGE_CURVE('',#1142,#1139,#449,.T.);
#1410=EDGE_CURVE('',#1129,#1143,#450,.T.);
#1411=EDGE_CURVE('',#1131,#1143,#451,.T.);
#1412=EDGE_CURVE('',#1144,#1138,#452,.T.);
#1413=EDGE_CURVE('',#1144,#1124,#453,.T.);
#1414=EDGE_CURVE('',#1143,#1145,#454,.T.);
#1415=EDGE_CURVE('',#1145,#1132,#455,.T.);
#1416=EDGE_CURVE('',#1146,#1144,#456,.T.);
#1417=EDGE_CURVE('',#1137,#1146,#457,.T.);
#1418=EDGE_CURVE('',#1140,#1147,#458,.T.);
#1419=EDGE_CURVE('',#1148,#1147,#459,.T.);
#1420=EDGE_CURVE('',#1148,#1141,#460,.T.);
#1421=EDGE_CURVE('',#1149,#1139,#461,.T.);
#1422=EDGE_CURVE('',#1147,#1149,#462,.T.);
#1423=EDGE_CURVE('',#1142,#1150,#463,.T.);
#1424=EDGE_CURVE('',#1149,#1150,#464,.T.);
#1425=EDGE_CURVE('',#1150,#1148,#465,.T.);
#1426=EDGE_CURVE('',#1136,#1151,#466,.T.);
#1427=EDGE_CURVE('',#1146,#1151,#467,.T.);
#1428=EDGE_CURVE('',#1152,#1133,#468,.T.);
#1429=EDGE_CURVE('',#1152,#1145,#469,.T.);
#1430=EDGE_CURVE('',#1151,#1153,#470,.T.);
#1431=EDGE_CURVE('',#1153,#1154,#471,.T.);
#1432=EDGE_CURVE('',#1154,#1152,#472,.T.);
#1433=EDGE_CURVE('',#1134,#1154,#473,.T.);
#1434=EDGE_CURVE('',#1153,#1135,#474,.T.);
#1435=EDGE_CURVE('',#1155,#1156,#475,.T.);
#1436=EDGE_CURVE('',#1157,#1155,#476,.T.);
#1437=EDGE_CURVE('',#1156,#1157,#33,.T.);
#1438=EDGE_CURVE('',#1156,#1158,#477,.T.);
#1439=EDGE_CURVE('',#1158,#1159,#478,.T.);
#1440=EDGE_CURVE('',#1159,#1160,#479,.T.);
#1441=EDGE_CURVE('',#1160,#1161,#480,.T.);
#1442=EDGE_CURVE('',#1161,#1162,#481,.T.);
#1443=EDGE_CURVE('',#1162,#1163,#482,.T.);
#1444=EDGE_CURVE('',#1164,#1163,#483,.T.);
#1445=EDGE_CURVE('',#1164,#1165,#484,.T.);
#1446=EDGE_CURVE('',#1165,#1166,#485,.T.);
#1447=EDGE_CURVE('',#1166,#1167,#486,.T.);
#1448=EDGE_CURVE('',#1167,#1168,#487,.T.);
#1449=EDGE_CURVE('',#1168,#1169,#488,.T.);
#1450=EDGE_CURVE('',#1169,#1170,#489,.T.);
#1451=EDGE_CURVE('',#1170,#1171,#490,.T.);
#1452=EDGE_CURVE('',#1172,#1171,#491,.T.);
#1453=EDGE_CURVE('',#1173,#1172,#492,.T.);
#1454=EDGE_CURVE('',#1174,#1173,#493,.T.);
#1455=EDGE_CURVE('',#1175,#1174,#494,.T.);
#1456=EDGE_CURVE('',#1155,#1175,#495,.T.);
#1457=EDGE_CURVE('',#1158,#1176,#34,.T.);
#1458=EDGE_CURVE('',#1177,#1176,#496,.T.);
#1459=EDGE_CURVE('',#1178,#1177,#497,.T.);
#1460=EDGE_CURVE('',#1179,#1178,#498,.T.);
#1461=EDGE_CURVE('',#1163,#1179,#499,.T.);
#1462=EDGE_CURVE('',#1162,#1159,#35,.T.);
#1463=EDGE_CURVE('',#1176,#1180,#500,.T.);
#1464=EDGE_CURVE('',#1181,#1180,#501,.T.);
#1465=EDGE_CURVE('',#1177,#1181,#502,.T.);
#1466=EDGE_CURVE('',#1182,#1170,#36,.T.);
#1467=EDGE_CURVE('',#1171,#1182,#503,.T.);
#1468=EDGE_CURVE('',#1183,#1184,#504,.T.);
#1469=EDGE_CURVE('',#1184,#1185,#505,.T.);
#1470=EDGE_CURVE('',#1186,#1185,#506,.T.);
#1471=EDGE_CURVE('',#1183,#1186,#507,.T.);
#1472=EDGE_CURVE('',#1182,#1187,#508,.T.);
#1473=EDGE_CURVE('',#1188,#1187,#509,.T.);
#1474=EDGE_CURVE('',#1188,#1189,#510,.T.);
#1475=EDGE_CURVE('',#1189,#1172,#511,.T.);
#1476=EDGE_CURVE('',#1190,#1191,#512,.T.);
#1477=EDGE_CURVE('',#1192,#1190,#37,.T.);
#1478=EDGE_CURVE('',#1191,#1192,#513,.T.);
#1479=EDGE_CURVE('',#1193,#1190,#514,.T.);
#1480=EDGE_CURVE('',#1194,#1191,#515,.T.);
#1481=EDGE_CURVE('',#1195,#1194,#516,.T.);
#1482=EDGE_CURVE('',#1196,#1195,#517,.T.);
#1483=EDGE_CURVE('',#1197,#1196,#518,.T.);
#1484=EDGE_CURVE('',#1198,#1197,#519,.T.);
#1485=EDGE_CURVE('',#1198,#1199,#520,.T.);
#1486=EDGE_CURVE('',#1199,#1200,#521,.T.);
#1487=EDGE_CURVE('',#1200,#1201,#522,.T.);
#1488=EDGE_CURVE('',#1201,#1202,#523,.T.);
#1489=EDGE_CURVE('',#1202,#1203,#524,.T.);
#1490=EDGE_CURVE('',#1203,#1204,#525,.T.);
#1491=EDGE_CURVE('',#1204,#1205,#526,.T.);
#1492=EDGE_CURVE('',#1205,#1206,#527,.T.);
#1493=EDGE_CURVE('',#1206,#1207,#528,.T.);
#1494=EDGE_CURVE('',#1207,#1208,#529,.T.);
#1495=EDGE_CURVE('',#1208,#1209,#530,.T.);
#1496=EDGE_CURVE('',#1209,#1210,#531,.T.);
#1497=EDGE_CURVE('',#1210,#1193,#532,.T.);
#1498=EDGE_CURVE('',#1211,#1212,#533,.T.);
#1499=EDGE_CURVE('',#1212,#1213,#534,.T.);
#1500=EDGE_CURVE('',#1213,#1214,#535,.T.);
#1501=EDGE_CURVE('',#1211,#1214,#536,.T.);
#1502=EDGE_CURVE('',#1192,#1215,#537,.T.);
#1503=EDGE_CURVE('',#1216,#1215,#538,.T.);
#1504=EDGE_CURVE('',#1216,#1217,#539,.T.);
#1505=EDGE_CURVE('',#1217,#1194,#540,.T.);
#1506=EDGE_CURVE('',#1218,#1198,#541,.T.);
#1507=EDGE_CURVE('',#1199,#1218,#38,.T.);
#1508=EDGE_CURVE('',#1200,#1219,#39,.T.);
#1509=EDGE_CURVE('',#1220,#1219,#542,.T.);
#1510=EDGE_CURVE('',#1221,#1220,#543,.T.);
#1511=EDGE_CURVE('',#1222,#1221,#544,.T.);
#1512=EDGE_CURVE('',#1205,#1222,#545,.T.);
#1513=EDGE_CURVE('',#1204,#1201,#40,.T.);
#1514=EDGE_CURVE('',#1219,#1223,#546,.T.);
#1515=EDGE_CURVE('',#1224,#1223,#547,.T.);
#1516=EDGE_CURVE('',#1224,#1220,#548,.T.);
#1517=EDGE_CURVE('',#1225,#1160,#41,.T.);
#1518=EDGE_CURVE('',#1161,#1225,#42,.T.);
#1519=EDGE_CURVE('',#1226,#1166,#43,.T.);
#1520=EDGE_CURVE('',#1167,#1226,#44,.T.);
#1521=EDGE_CURVE('',#1227,#1208,#45,.T.);
#1522=EDGE_CURVE('',#1209,#1227,#46,.T.);
#1523=EDGE_CURVE('',#1212,#1193,#47,.T.);
#1524=EDGE_CURVE('',#1210,#1207,#48,.T.);
#1525=EDGE_CURVE('',#1228,#1206,#549,.T.);
#1526=EDGE_CURVE('',#1229,#1228,#550,.T.);
#1527=EDGE_CURVE('',#1213,#1229,#551,.T.);
#1528=EDGE_CURVE('',#1230,#1202,#49,.T.);
#1529=EDGE_CURVE('',#1203,#1230,#50,.T.);
#1530=EDGE_CURVE('',#1231,#1157,#552,.T.);
#1531=EDGE_CURVE('',#1180,#1231,#51,.T.);
#1532=EDGE_CURVE('',#1175,#1232,#553,.T.);
#1533=EDGE_CURVE('',#1232,#1233,#554,.T.);
#1534=EDGE_CURVE('',#1231,#1233,#555,.T.);
#1535=EDGE_CURVE('',#1187,#1183,#52,.T.);
#1536=EDGE_CURVE('',#1184,#1169,#53,.T.);
#1537=EDGE_CURVE('',#1215,#1211,#54,.T.);
#1538=EDGE_CURVE('',#1234,#1218,#556,.T.);
#1539=EDGE_CURVE('',#1223,#1234,#55,.T.);
#1540=EDGE_CURVE('',#1197,#1235,#557,.T.);
#1541=EDGE_CURVE('',#1235,#1236,#558,.T.);
#1542=EDGE_CURVE('',#1234,#1236,#559,.T.);
#1543=EDGE_CURVE('',#1237,#1237,#56,.T.);
#1544=EDGE_CURVE('',#1237,#1225,#560,.T.);
#1545=EDGE_CURVE('',#1168,#1165,#57,.T.);
#1546=EDGE_CURVE('',#1226,#1238,#561,.T.);
#1547=EDGE_CURVE('',#1238,#1238,#58,.T.);
#1548=EDGE_CURVE('',#1239,#1239,#59,.T.);
#1549=EDGE_CURVE('',#1239,#1227,#562,.T.);
#1550=EDGE_CURVE('',#1230,#1240,#563,.T.);
#1551=EDGE_CURVE('',#1240,#1240,#60,.T.);
#1552=EDGE_CURVE('',#1186,#1241,#564,.T.);
#1553=EDGE_CURVE('',#1241,#1242,#565,.T.);
#1554=EDGE_CURVE('',#1242,#1243,#566,.T.);
#1555=EDGE_CURVE('',#1243,#1244,#567,.T.);
#1556=EDGE_CURVE('',#1244,#1245,#568,.T.);
#1557=EDGE_CURVE('',#1245,#1246,#569,.T.);
#1558=EDGE_CURVE('',#1246,#1247,#570,.T.);
#1559=EDGE_CURVE('',#1247,#1248,#571,.T.);
#1560=EDGE_CURVE('',#1248,#1249,#572,.T.);
#1561=EDGE_CURVE('',#1249,#1250,#573,.T.);
#1562=EDGE_CURVE('',#1250,#1251,#574,.T.);
#1563=EDGE_CURVE('',#1251,#1252,#575,.T.);
#1564=EDGE_CURVE('',#1252,#1224,#576,.T.);
#1565=EDGE_CURVE('',#1236,#1188,#577,.T.);
#1566=EDGE_CURVE('',#1253,#1254,#578,.T.);
#1567=EDGE_CURVE('',#1249,#1254,#579,.T.);
#1568=EDGE_CURVE('',#1248,#1253,#580,.T.);
#1569=EDGE_CURVE('',#1247,#1255,#581,.T.);
#1570=EDGE_CURVE('',#1255,#1253,#582,.T.);
#1571=EDGE_CURVE('',#1256,#1257,#583,.T.);
#1572=EDGE_CURVE('',#1252,#1257,#584,.T.);
#1573=EDGE_CURVE('',#1258,#1251,#585,.T.);
#1574=EDGE_CURVE('',#1256,#1258,#586,.T.);
#1575=EDGE_CURVE('',#1259,#1250,#587,.T.);
#1576=EDGE_CURVE('',#1260,#1259,#588,.T.);
#1577=EDGE_CURVE('',#1258,#1260,#589,.T.);
#1578=EDGE_CURVE('',#1261,#1262,#590,.T.);
#1579=EDGE_CURVE('',#1260,#1262,#591,.T.);
#1580=EDGE_CURVE('',#1261,#1259,#592,.T.);
#1581=EDGE_CURVE('',#1263,#1256,#593,.T.);
#1582=EDGE_CURVE('',#1262,#1264,#594,.T.);
#1583=EDGE_CURVE('',#1264,#1265,#595,.T.);
#1584=EDGE_CURVE('',#1265,#1266,#596,.T.);
#1585=EDGE_CURVE('',#1266,#1263,#597,.T.);
#1586=EDGE_CURVE('',#1267,#1268,#598,.T.);
#1587=EDGE_CURVE('',#1268,#1269,#599,.T.);
#1588=EDGE_CURVE('',#1269,#1270,#600,.T.);
#1589=EDGE_CURVE('',#1270,#1261,#601,.T.);
#1590=EDGE_CURVE('',#1250,#1271,#602,.T.);
#1591=EDGE_CURVE('',#1271,#1252,#603,.T.);
#1592=EDGE_CURVE('',#1257,#1267,#604,.T.);
#1593=EDGE_CURVE('',#1263,#1267,#605,.T.);
#1594=EDGE_CURVE('',#1265,#1269,#606,.T.);
#1595=EDGE_CURVE('',#1266,#1268,#607,.T.);
#1596=EDGE_CURVE('',#1272,#1272,#61,.T.);
#1597=EDGE_CURVE('',#1264,#1270,#608,.T.);
#1598=EDGE_CURVE('',#1273,#1273,#62,.T.);
#1599=EDGE_CURVE('',#1272,#1273,#609,.T.);
#1600=EDGE_CURVE('',#1274,#1275,#610,.T.);
#1601=EDGE_CURVE('',#1275,#1276,#611,.T.);
#1602=EDGE_CURVE('',#1276,#1277,#612,.T.);
#1603=EDGE_CURVE('',#1278,#1277,#613,.T.);
#1604=EDGE_CURVE('',#1279,#1278,#614,.T.);
#1605=EDGE_CURVE('',#1274,#1279,#615,.T.);
#1606=EDGE_CURVE('',#1277,#1280,#616,.T.);
#1607=EDGE_CURVE('',#1281,#1280,#617,.T.);
#1608=EDGE_CURVE('',#1278,#1281,#618,.T.);
#1609=EDGE_CURVE('',#1282,#1281,#619,.T.);
#1610=EDGE_CURVE('',#1279,#1282,#620,.T.);
#1611=EDGE_CURVE('',#1229,#1283,#621,.T.);
#1612=EDGE_CURVE('',#1284,#1283,#622,.T.);
#1613=EDGE_CURVE('',#1214,#1284,#623,.T.);
#1614=EDGE_CURVE('',#1228,#1274,#624,.T.);
#1615=EDGE_CURVE('',#1285,#1282,#625,.T.);
#1616=EDGE_CURVE('',#1283,#1285,#626,.T.);
#1617=EDGE_CURVE('',#1286,#1287,#627,.T.);
#1618=EDGE_CURVE('',#1288,#1287,#628,.T.);
#1619=EDGE_CURVE('',#1289,#1288,#629,.T.);
#1620=EDGE_CURVE('',#1284,#1289,#630,.T.);
#1621=EDGE_CURVE('',#1286,#1284,#631,.T.);
#1622=EDGE_CURVE('',#1290,#1288,#632,.T.);
#1623=EDGE_CURVE('',#1291,#1290,#633,.T.);
#1624=EDGE_CURVE('',#1285,#1291,#634,.T.);
#1625=EDGE_CURVE('',#1289,#1285,#635,.T.);
#1626=EDGE_CURVE('',#1292,#1293,#636,.T.);
#1627=EDGE_CURVE('',#1291,#1293,#637,.T.);
#1628=EDGE_CURVE('',#1292,#1290,#638,.T.);
#1629=EDGE_CURVE('',#1294,#1286,#639,.T.);
#1630=EDGE_CURVE('',#1293,#1295,#640,.T.);
#1631=EDGE_CURVE('',#1295,#1296,#641,.T.);
#1632=EDGE_CURVE('',#1296,#1297,#642,.T.);
#1633=EDGE_CURVE('',#1297,#1294,#643,.T.);
#1634=EDGE_CURVE('',#1298,#1299,#644,.T.);
#1635=EDGE_CURVE('',#1299,#1300,#645,.T.);
#1636=EDGE_CURVE('',#1300,#1301,#646,.T.);
#1637=EDGE_CURVE('',#1301,#1292,#647,.T.);
#1638=EDGE_CURVE('',#1287,#1298,#648,.T.);
#1639=EDGE_CURVE('',#1294,#1298,#649,.T.);
#1640=EDGE_CURVE('',#1296,#1300,#650,.T.);
#1641=EDGE_CURVE('',#1297,#1299,#651,.T.);
#1642=EDGE_CURVE('',#1302,#1302,#63,.T.);
#1643=EDGE_CURVE('',#1295,#1301,#652,.T.);
#1644=EDGE_CURVE('',#1303,#1303,#64,.T.);
#1645=EDGE_CURVE('',#1302,#1303,#653,.T.);
#1646=EDGE_CURVE('',#1233,#1216,#654,.T.);
#1647=EDGE_CURVE('',#1280,#1304,#655,.T.);
#1648=EDGE_CURVE('',#1304,#1305,#656,.T.);
#1649=EDGE_CURVE('',#1305,#1306,#657,.T.);
#1650=EDGE_CURVE('',#1306,#1307,#658,.T.);
#1651=EDGE_CURVE('',#1307,#1308,#659,.T.);
#1652=EDGE_CURVE('',#1308,#1309,#660,.T.);
#1653=EDGE_CURVE('',#1309,#1181,#661,.T.);
#1654=EDGE_CURVE('',#1178,#1310,#662,.T.);
#1655=EDGE_CURVE('',#1307,#1310,#663,.T.);
#1656=EDGE_CURVE('',#1311,#1306,#664,.T.);
#1657=EDGE_CURVE('',#1311,#1312,#665,.T.);
#1658=EDGE_CURVE('',#1312,#1179,#666,.T.);
#1659=EDGE_CURVE('',#1313,#1311,#667,.T.);
#1660=EDGE_CURVE('',#1313,#1305,#668,.T.);
#1661=EDGE_CURVE('',#1310,#1309,#669,.T.);
#1662=EDGE_CURVE('',#1304,#1314,#670,.T.);
#1663=EDGE_CURVE('',#1314,#1313,#671,.T.);
#1664=EDGE_CURVE('',#1315,#1316,#672,.T.);
#1665=EDGE_CURVE('',#1317,#1316,#673,.T.);
#1666=EDGE_CURVE('',#1317,#1318,#674,.T.);
#1667=EDGE_CURVE('',#1315,#1318,#675,.T.);
#1668=EDGE_CURVE('',#1319,#1320,#676,.T.);
#1669=EDGE_CURVE('',#1321,#1320,#677,.T.);
#1670=EDGE_CURVE('',#1308,#1321,#678,.T.);
#1671=EDGE_CURVE('',#1319,#1307,#679,.T.);
#1672=EDGE_CURVE('',#1318,#1321,#680,.T.);
#1673=EDGE_CURVE('',#1309,#1317,#681,.T.);
#1674=EDGE_CURVE('',#1320,#1322,#682,.T.);
#1675=EDGE_CURVE('',#1322,#1323,#683,.T.);
#1676=EDGE_CURVE('',#1323,#1324,#684,.T.);
#1677=EDGE_CURVE('',#1324,#1325,#685,.T.);
#1678=EDGE_CURVE('',#1325,#1315,#686,.T.);
#1679=EDGE_CURVE('',#1326,#1322,#687,.T.);
#1680=EDGE_CURVE('',#1326,#1319,#688,.T.);
#1681=EDGE_CURVE('',#1316,#1327,#689,.T.);
#1682=EDGE_CURVE('',#1327,#1328,#690,.T.);
#1683=EDGE_CURVE('',#1328,#1329,#691,.T.);
#1684=EDGE_CURVE('',#1329,#1326,#692,.T.);
#1685=EDGE_CURVE('',#1327,#1325,#693,.T.);
#1686=EDGE_CURVE('',#1328,#1324,#694,.T.);
#1687=EDGE_CURVE('',#1329,#1323,#695,.T.);
#1688=EDGE_CURVE('',#1330,#1330,#65,.T.);
#1689=EDGE_CURVE('',#1331,#1331,#66,.T.);
#1690=EDGE_CURVE('',#1331,#1330,#696,.T.);
#1691=EDGE_CURVE('',#1174,#1232,#697,.T.);
#1692=EDGE_CURVE('',#1332,#1333,#698,.T.);
#1693=EDGE_CURVE('',#1245,#1333,#699,.T.);
#1694=EDGE_CURVE('',#1244,#1332,#700,.T.);
#1695=EDGE_CURVE('',#1334,#1335,#701,.T.);
#1696=EDGE_CURVE('',#1336,#1335,#702,.T.);
#1697=EDGE_CURVE('',#1336,#1337,#703,.T.);
#1698=EDGE_CURVE('',#1334,#1337,#704,.T.);
#1699=EDGE_CURVE('',#1338,#1339,#705,.T.);
#1700=EDGE_CURVE('',#1243,#1339,#706,.T.);
#1701=EDGE_CURVE('',#1340,#1242,#707,.T.);
#1702=EDGE_CURVE('',#1338,#1340,#708,.T.);
#1703=EDGE_CURVE('',#1337,#1241,#709,.T.);
#1704=EDGE_CURVE('',#1340,#1336,#710,.T.);
#1705=EDGE_CURVE('',#1241,#1341,#711,.T.);
#1706=EDGE_CURVE('',#1341,#1243,#712,.T.);
#1707=EDGE_CURVE('',#1339,#1342,#713,.T.);
#1708=EDGE_CURVE('',#1342,#1343,#714,.T.);
#1709=EDGE_CURVE('',#1343,#1344,#715,.T.);
#1710=EDGE_CURVE('',#1344,#1345,#716,.T.);
#1711=EDGE_CURVE('',#1345,#1334,#717,.T.);
#1712=EDGE_CURVE('',#1346,#1342,#718,.T.);
#1713=EDGE_CURVE('',#1346,#1338,#719,.T.);
#1714=EDGE_CURVE('',#1335,#1347,#720,.T.);
#1715=EDGE_CURVE('',#1347,#1348,#721,.T.);
#1716=EDGE_CURVE('',#1348,#1349,#722,.T.);
#1717=EDGE_CURVE('',#1349,#1346,#723,.T.);
#1718=EDGE_CURVE('',#1347,#1345,#724,.T.);
#1719=EDGE_CURVE('',#1348,#1344,#725,.T.);
#1720=EDGE_CURVE('',#1349,#1343,#726,.T.);
#1721=EDGE_CURVE('',#1350,#1350,#67,.T.);
#1722=EDGE_CURVE('',#1351,#1351,#68,.T.);
#1723=EDGE_CURVE('',#1351,#1350,#727,.T.);
#1724=EDGE_CURVE('',#1352,#1246,#728,.T.);
#1725=EDGE_CURVE('',#1333,#1352,#729,.T.);
#1726=EDGE_CURVE('',#1353,#1354,#730,.T.);
#1727=EDGE_CURVE('',#1355,#1354,#731,.T.);
#1728=EDGE_CURVE('',#1356,#1355,#732,.T.);
#1729=EDGE_CURVE('',#1353,#1356,#733,.T.);
#1730=EDGE_CURVE('',#1357,#1358,#734,.T.);
#1731=EDGE_CURVE('',#1357,#1359,#735,.T.);
#1732=EDGE_CURVE('',#1360,#1359,#736,.T.);
#1733=EDGE_CURVE('',#1360,#1358,#737,.T.);
#1734=EDGE_CURVE('',#1361,#1357,#738,.T.);
#1735=EDGE_CURVE('',#1362,#1361,#739,.T.);
#1736=EDGE_CURVE('',#1359,#1362,#740,.T.);
#1737=EDGE_CURVE('',#1363,#1361,#741,.T.);
#1738=EDGE_CURVE('',#1363,#1364,#742,.T.);
#1739=EDGE_CURVE('',#1362,#1364,#743,.T.);
#1740=EDGE_CURVE('',#1358,#1363,#744,.T.);
#1741=EDGE_CURVE('',#1364,#1360,#745,.T.);
#1742=EDGE_CURVE('',#1255,#1365,#746,.T.);
#1743=EDGE_CURVE('',#1356,#1352,#747,.T.);
#1744=EDGE_CURVE('',#1314,#1355,#748,.T.);
#1745=EDGE_CURVE('',#1365,#1276,#749,.T.);
#1746=EDGE_CURVE('',#1366,#1367,#750,.T.);
#1747=EDGE_CURVE('',#1254,#1367,#751,.T.);
#1748=EDGE_CURVE('',#1365,#1366,#752,.T.);
#1749=EDGE_CURVE('',#1196,#1235,#753,.T.);
#1750=EDGE_CURVE('',#1217,#1195,#754,.T.);
#1751=EDGE_CURVE('',#1271,#1221,#755,.T.);
#1752=EDGE_CURVE('',#1367,#1222,#756,.T.);
#1753=EDGE_CURVE('',#1275,#1366,#757,.T.);
#1754=EDGE_CURVE('',#1189,#1173,#758,.T.);
#1755=EDGE_CURVE('',#1368,#1353,#759,.T.);
#1756=EDGE_CURVE('',#1368,#1332,#760,.T.);
#1757=EDGE_CURVE('',#1354,#1312,#761,.T.);
#1758=EDGE_CURVE('',#1369,#1370,#762,.T.);
#1759=EDGE_CURVE('',#1370,#1368,#763,.T.);
#1760=EDGE_CURVE('',#1341,#1369,#764,.T.);
#1761=EDGE_CURVE('',#1185,#1369,#765,.T.);
#1762=EDGE_CURVE('',#1370,#1164,#766,.T.);
#1763=EDGE_CURVE('',#1371,#1371,#69,.T.);
#1764=EDGE_CURVE('',#1371,#1372,#767,.T.);
#1765=EDGE_CURVE('',#1372,#1372,#70,.T.);
#1766=EDGE_CURVE('',#1373,#1373,#71,.T.);
#1767=EDGE_CURVE('',#1373,#1374,#768,.T.);
#1768=EDGE_CURVE('',#1374,#1374,#72,.T.);
#1769=EDGE_CURVE('',#1375,#1375,#73,.T.);
#1770=EDGE_CURVE('',#1375,#1376,#769,.T.);
#1771=EDGE_CURVE('',#1376,#1376,#74,.T.);
#1772=EDGE_CURVE('',#1377,#1377,#75,.T.);
#1773=EDGE_CURVE('',#1377,#1378,#770,.T.);
#1774=EDGE_CURVE('',#1378,#1378,#76,.T.);
#1775=EDGE_CURVE('',#1379,#1379,#77,.T.);
#1776=EDGE_CURVE('',#1379,#1380,#771,.T.);
#1777=EDGE_CURVE('',#1380,#1380,#78,.T.);
#1778=EDGE_CURVE('',#1381,#1381,#79,.T.);
#1779=EDGE_CURVE('',#1381,#1382,#772,.T.);
#1780=EDGE_CURVE('',#1382,#1382,#80,.T.);
#1781=EDGE_CURVE('',#1383,#1383,#81,.T.);
#1782=EDGE_CURVE('',#1383,#1384,#773,.T.);
#1783=EDGE_CURVE('',#1384,#1384,#82,.T.);
#1784=EDGE_CURVE('',#1385,#1385,#83,.T.);
#1785=EDGE_CURVE('',#1385,#1386,#774,.T.);
#1786=EDGE_CURVE('',#1386,#1386,#84,.T.);
#1787=ORIENTED_EDGE('',*,*,#1387,.F.);
#1788=ORIENTED_EDGE('',*,*,#1388,.F.);
#1789=ORIENTED_EDGE('',*,*,#1389,.F.);
#1790=ORIENTED_EDGE('',*,*,#1390,.F.);
#1791=ORIENTED_EDGE('',*,*,#1391,.F.);
#1792=ORIENTED_EDGE('',*,*,#1392,.T.);
#1793=ORIENTED_EDGE('',*,*,#1393,.F.);
#1794=ORIENTED_EDGE('',*,*,#1388,.T.);
#1795=ORIENTED_EDGE('',*,*,#1394,.F.);
#1796=ORIENTED_EDGE('',*,*,#1395,.F.);
#1797=ORIENTED_EDGE('',*,*,#1396,.F.);
#1798=ORIENTED_EDGE('',*,*,#1392,.F.);
#1799=ORIENTED_EDGE('',*,*,#1389,.T.);
#1800=ORIENTED_EDGE('',*,*,#1393,.T.);
#1801=ORIENTED_EDGE('',*,*,#1396,.T.);
#1802=ORIENTED_EDGE('',*,*,#1397,.T.);
#1803=ORIENTED_EDGE('',*,*,#1398,.F.);
#1804=ORIENTED_EDGE('',*,*,#1399,.F.);
#1805=ORIENTED_EDGE('',*,*,#1400,.T.);
#1806=ORIENTED_EDGE('',*,*,#1401,.T.);
#1807=ORIENTED_EDGE('',*,*,#1402,.T.);
#1808=ORIENTED_EDGE('',*,*,#1403,.F.);
#1809=ORIENTED_EDGE('',*,*,#1404,.F.);
#1810=ORIENTED_EDGE('',*,*,#1405,.T.);
#1811=ORIENTED_EDGE('',*,*,#1406,.T.);
#1812=ORIENTED_EDGE('',*,*,#1407,.T.);
#1813=ORIENTED_EDGE('',*,*,#1408,.T.);
#1814=ORIENTED_EDGE('',*,*,#1409,.T.);
#1815=ORIENTED_EDGE('',*,*,#1395,.T.);
#1816=ORIENTED_EDGE('',*,*,#1410,.T.);
#1817=ORIENTED_EDGE('',*,*,#1411,.F.);
#1818=ORIENTED_EDGE('',*,*,#1397,.F.);
#1819=ORIENTED_EDGE('',*,*,#1390,.T.);
#1820=ORIENTED_EDGE('',*,*,#1405,.F.);
#1821=ORIENTED_EDGE('',*,*,#1412,.F.);
#1822=ORIENTED_EDGE('',*,*,#1413,.T.);
#1823=ORIENTED_EDGE('',*,*,#1414,.T.);
#1824=ORIENTED_EDGE('',*,*,#1415,.T.);
#1825=ORIENTED_EDGE('',*,*,#1398,.T.);
#1826=ORIENTED_EDGE('',*,*,#1411,.T.);
#1827=ORIENTED_EDGE('',*,*,#1416,.T.);
#1828=ORIENTED_EDGE('',*,*,#1412,.T.);
#1829=ORIENTED_EDGE('',*,*,#1404,.T.);
#1830=ORIENTED_EDGE('',*,*,#1417,.T.);
#1831=ORIENTED_EDGE('',*,*,#1407,.F.);
#1832=ORIENTED_EDGE('',*,*,#1418,.T.);
#1833=ORIENTED_EDGE('',*,*,#1419,.F.);
#1834=ORIENTED_EDGE('',*,*,#1420,.T.);
#1835=ORIENTED_EDGE('',*,*,#1406,.F.);
#1836=ORIENTED_EDGE('',*,*,#1421,.F.);
#1837=ORIENTED_EDGE('',*,*,#1422,.F.);
#1838=ORIENTED_EDGE('',*,*,#1418,.F.);
#1839=ORIENTED_EDGE('',*,*,#1409,.F.);
#1840=ORIENTED_EDGE('',*,*,#1423,.T.);
#1841=ORIENTED_EDGE('',*,*,#1424,.F.);
#1842=ORIENTED_EDGE('',*,*,#1421,.T.);
#1843=ORIENTED_EDGE('',*,*,#1408,.F.);
#1844=ORIENTED_EDGE('',*,*,#1420,.F.);
#1845=ORIENTED_EDGE('',*,*,#1425,.F.);
#1846=ORIENTED_EDGE('',*,*,#1423,.F.);
#1847=ORIENTED_EDGE('',*,*,#1426,.T.);
#1848=ORIENTED_EDGE('',*,*,#1427,.F.);
#1849=ORIENTED_EDGE('',*,*,#1417,.F.);
#1850=ORIENTED_EDGE('',*,*,#1403,.T.);
#1851=ORIENTED_EDGE('',*,*,#1428,.T.);
#1852=ORIENTED_EDGE('',*,*,#1399,.T.);
#1853=ORIENTED_EDGE('',*,*,#1415,.F.);
#1854=ORIENTED_EDGE('',*,*,#1429,.F.);
#1855=ORIENTED_EDGE('',*,*,#1387,.T.);
#1856=ORIENTED_EDGE('',*,*,#1413,.F.);
#1857=ORIENTED_EDGE('',*,*,#1416,.F.);
#1858=ORIENTED_EDGE('',*,*,#1427,.T.);
#1859=ORIENTED_EDGE('',*,*,#1430,.T.);
#1860=ORIENTED_EDGE('',*,*,#1431,.T.);
#1861=ORIENTED_EDGE('',*,*,#1432,.T.);
#1862=ORIENTED_EDGE('',*,*,#1429,.T.);
#1863=ORIENTED_EDGE('',*,*,#1414,.F.);
#1864=ORIENTED_EDGE('',*,*,#1410,.F.);
#1865=ORIENTED_EDGE('',*,*,#1394,.T.);
#1866=ORIENTED_EDGE('',*,*,#1391,.T.);
#1867=ORIENTED_EDGE('',*,*,#1422,.T.);
#1868=ORIENTED_EDGE('',*,*,#1424,.T.);
#1869=ORIENTED_EDGE('',*,*,#1425,.T.);
#1870=ORIENTED_EDGE('',*,*,#1419,.T.);
#1871=ORIENTED_EDGE('',*,*,#1400,.F.);
#1872=ORIENTED_EDGE('',*,*,#1428,.F.);
#1873=ORIENTED_EDGE('',*,*,#1432,.F.);
#1874=ORIENTED_EDGE('',*,*,#1433,.F.);
#1875=ORIENTED_EDGE('',*,*,#1401,.F.);
#1876=ORIENTED_EDGE('',*,*,#1433,.T.);
#1877=ORIENTED_EDGE('',*,*,#1431,.F.);
#1878=ORIENTED_EDGE('',*,*,#1434,.T.);
#1879=ORIENTED_EDGE('',*,*,#1402,.F.);
#1880=ORIENTED_EDGE('',*,*,#1434,.F.);
#1881=ORIENTED_EDGE('',*,*,#1430,.F.);
#1882=ORIENTED_EDGE('',*,*,#1426,.F.);
#1883=ORIENTED_EDGE('',*,*,#1435,.F.);
#1884=ORIENTED_EDGE('',*,*,#1436,.F.);
#1885=ORIENTED_EDGE('',*,*,#1437,.F.);
#1886=ORIENTED_EDGE('',*,*,#1435,.T.);
#1887=ORIENTED_EDGE('',*,*,#1438,.T.);
#1888=ORIENTED_EDGE('',*,*,#1439,.T.);
#1889=ORIENTED_EDGE('',*,*,#1440,.T.);
#1890=ORIENTED_EDGE('',*,*,#1441,.T.);
#1891=ORIENTED_EDGE('',*,*,#1442,.T.);
#1892=ORIENTED_EDGE('',*,*,#1443,.T.);
#1893=ORIENTED_EDGE('',*,*,#1444,.F.);
#1894=ORIENTED_EDGE('',*,*,#1445,.T.);
#1895=ORIENTED_EDGE('',*,*,#1446,.T.);
#1896=ORIENTED_EDGE('',*,*,#1447,.T.);
#1897=ORIENTED_EDGE('',*,*,#1448,.T.);
#1898=ORIENTED_EDGE('',*,*,#1449,.T.);
#1899=ORIENTED_EDGE('',*,*,#1450,.T.);
#1900=ORIENTED_EDGE('',*,*,#1451,.T.);
#1901=ORIENTED_EDGE('',*,*,#1452,.F.);
#1902=ORIENTED_EDGE('',*,*,#1453,.F.);
#1903=ORIENTED_EDGE('',*,*,#1454,.F.);
#1904=ORIENTED_EDGE('',*,*,#1455,.F.);
#1905=ORIENTED_EDGE('',*,*,#1456,.F.);
#1906=ORIENTED_EDGE('',*,*,#1457,.T.);
#1907=ORIENTED_EDGE('',*,*,#1458,.F.);
#1908=ORIENTED_EDGE('',*,*,#1459,.F.);
#1909=ORIENTED_EDGE('',*,*,#1460,.F.);
#1910=ORIENTED_EDGE('',*,*,#1461,.F.);
#1911=ORIENTED_EDGE('',*,*,#1443,.F.);
#1912=ORIENTED_EDGE('',*,*,#1462,.T.);
#1913=ORIENTED_EDGE('',*,*,#1439,.F.);
#1914=ORIENTED_EDGE('',*,*,#1463,.T.);
#1915=ORIENTED_EDGE('',*,*,#1464,.F.);
#1916=ORIENTED_EDGE('',*,*,#1465,.F.);
#1917=ORIENTED_EDGE('',*,*,#1458,.T.);
#1918=ORIENTED_EDGE('',*,*,#1451,.F.);
#1919=ORIENTED_EDGE('',*,*,#1466,.F.);
#1920=ORIENTED_EDGE('',*,*,#1467,.F.);
#1921=ORIENTED_EDGE('',*,*,#1468,.T.);
#1922=ORIENTED_EDGE('',*,*,#1469,.T.);
#1923=ORIENTED_EDGE('',*,*,#1470,.F.);
#1924=ORIENTED_EDGE('',*,*,#1471,.F.);
#1925=ORIENTED_EDGE('',*,*,#1467,.T.);
#1926=ORIENTED_EDGE('',*,*,#1472,.T.);
#1927=ORIENTED_EDGE('',*,*,#1473,.F.);
#1928=ORIENTED_EDGE('',*,*,#1474,.T.);
#1929=ORIENTED_EDGE('',*,*,#1475,.T.);
#1930=ORIENTED_EDGE('',*,*,#1452,.T.);
#1931=ORIENTED_EDGE('',*,*,#1476,.F.);
#1932=ORIENTED_EDGE('',*,*,#1477,.F.);
#1933=ORIENTED_EDGE('',*,*,#1478,.F.);
#1934=ORIENTED_EDGE('',*,*,#1479,.T.);
#1935=ORIENTED_EDGE('',*,*,#1476,.T.);
#1936=ORIENTED_EDGE('',*,*,#1480,.F.);
#1937=ORIENTED_EDGE('',*,*,#1481,.F.);
#1938=ORIENTED_EDGE('',*,*,#1482,.F.);
#1939=ORIENTED_EDGE('',*,*,#1483,.F.);
#1940=ORIENTED_EDGE('',*,*,#1484,.F.);
#1941=ORIENTED_EDGE('',*,*,#1485,.T.);
#1942=ORIENTED_EDGE('',*,*,#1486,.T.);
#1943=ORIENTED_EDGE('',*,*,#1487,.T.);
#1944=ORIENTED_EDGE('',*,*,#1488,.T.);
#1945=ORIENTED_EDGE('',*,*,#1489,.T.);
#1946=ORIENTED_EDGE('',*,*,#1490,.T.);
#1947=ORIENTED_EDGE('',*,*,#1491,.T.);
#1948=ORIENTED_EDGE('',*,*,#1492,.T.);
#1949=ORIENTED_EDGE('',*,*,#1493,.T.);
#1950=ORIENTED_EDGE('',*,*,#1494,.T.);
#1951=ORIENTED_EDGE('',*,*,#1495,.T.);
#1952=ORIENTED_EDGE('',*,*,#1496,.T.);
#1953=ORIENTED_EDGE('',*,*,#1497,.T.);
#1954=ORIENTED_EDGE('',*,*,#1498,.T.);
#1955=ORIENTED_EDGE('',*,*,#1499,.T.);
#1956=ORIENTED_EDGE('',*,*,#1500,.T.);
#1957=ORIENTED_EDGE('',*,*,#1501,.F.);
#1958=ORIENTED_EDGE('',*,*,#1478,.T.);
#1959=ORIENTED_EDGE('',*,*,#1502,.T.);
#1960=ORIENTED_EDGE('',*,*,#1503,.F.);
#1961=ORIENTED_EDGE('',*,*,#1504,.T.);
#1962=ORIENTED_EDGE('',*,*,#1505,.T.);
#1963=ORIENTED_EDGE('',*,*,#1480,.T.);
#1964=ORIENTED_EDGE('',*,*,#1485,.F.);
#1965=ORIENTED_EDGE('',*,*,#1506,.F.);
#1966=ORIENTED_EDGE('',*,*,#1507,.F.);
#1967=ORIENTED_EDGE('',*,*,#1508,.T.);
#1968=ORIENTED_EDGE('',*,*,#1509,.F.);
#1969=ORIENTED_EDGE('',*,*,#1510,.F.);
#1970=ORIENTED_EDGE('',*,*,#1511,.F.);
#1971=ORIENTED_EDGE('',*,*,#1512,.F.);
#1972=ORIENTED_EDGE('',*,*,#1491,.F.);
#1973=ORIENTED_EDGE('',*,*,#1513,.T.);
#1974=ORIENTED_EDGE('',*,*,#1487,.F.);
#1975=ORIENTED_EDGE('',*,*,#1514,.T.);
#1976=ORIENTED_EDGE('',*,*,#1515,.F.);
#1977=ORIENTED_EDGE('',*,*,#1516,.T.);
#1978=ORIENTED_EDGE('',*,*,#1509,.T.);
#1979=ORIENTED_EDGE('',*,*,#1441,.F.);
#1980=ORIENTED_EDGE('',*,*,#1517,.F.);
#1981=ORIENTED_EDGE('',*,*,#1518,.F.);
#1982=ORIENTED_EDGE('',*,*,#1447,.F.);
#1983=ORIENTED_EDGE('',*,*,#1519,.F.);
#1984=ORIENTED_EDGE('',*,*,#1520,.F.);
#1985=ORIENTED_EDGE('',*,*,#1495,.F.);
#1986=ORIENTED_EDGE('',*,*,#1521,.F.);
#1987=ORIENTED_EDGE('',*,*,#1522,.F.);
#1988=ORIENTED_EDGE('',*,*,#1523,.T.);
#1989=ORIENTED_EDGE('',*,*,#1497,.F.);
#1990=ORIENTED_EDGE('',*,*,#1524,.T.);
#1991=ORIENTED_EDGE('',*,*,#1493,.F.);
#1992=ORIENTED_EDGE('',*,*,#1525,.F.);
#1993=ORIENTED_EDGE('',*,*,#1526,.F.);
#1994=ORIENTED_EDGE('',*,*,#1527,.F.);
#1995=ORIENTED_EDGE('',*,*,#1499,.F.);
#1996=ORIENTED_EDGE('',*,*,#1489,.F.);
#1997=ORIENTED_EDGE('',*,*,#1528,.F.);
#1998=ORIENTED_EDGE('',*,*,#1529,.F.);
#1999=ORIENTED_EDGE('',*,*,#1530,.F.);
#2000=ORIENTED_EDGE('',*,*,#1531,.F.);
#2001=ORIENTED_EDGE('',*,*,#1463,.F.);
#2002=ORIENTED_EDGE('',*,*,#1457,.F.);
#2003=ORIENTED_EDGE('',*,*,#1438,.F.);
#2004=ORIENTED_EDGE('',*,*,#1437,.T.);
#2005=ORIENTED_EDGE('',*,*,#1436,.T.);
#2006=ORIENTED_EDGE('',*,*,#1456,.T.);
#2007=ORIENTED_EDGE('',*,*,#1532,.T.);
#2008=ORIENTED_EDGE('',*,*,#1533,.T.);
#2009=ORIENTED_EDGE('',*,*,#1534,.F.);
#2010=ORIENTED_EDGE('',*,*,#1530,.T.);
#2011=ORIENTED_EDGE('',*,*,#1468,.F.);
#2012=ORIENTED_EDGE('',*,*,#1535,.F.);
#2013=ORIENTED_EDGE('',*,*,#1472,.F.);
#2014=ORIENTED_EDGE('',*,*,#1466,.T.);
#2015=ORIENTED_EDGE('',*,*,#1450,.F.);
#2016=ORIENTED_EDGE('',*,*,#1536,.F.);
#2017=ORIENTED_EDGE('',*,*,#1498,.F.);
#2018=ORIENTED_EDGE('',*,*,#1537,.F.);
#2019=ORIENTED_EDGE('',*,*,#1502,.F.);
#2020=ORIENTED_EDGE('',*,*,#1477,.T.);
#2021=ORIENTED_EDGE('',*,*,#1479,.F.);
#2022=ORIENTED_EDGE('',*,*,#1523,.F.);
#2023=ORIENTED_EDGE('',*,*,#1538,.F.);
#2024=ORIENTED_EDGE('',*,*,#1539,.F.);
#2025=ORIENTED_EDGE('',*,*,#1514,.F.);
#2026=ORIENTED_EDGE('',*,*,#1508,.F.);
#2027=ORIENTED_EDGE('',*,*,#1486,.F.);
#2028=ORIENTED_EDGE('',*,*,#1507,.T.);
#2029=ORIENTED_EDGE('',*,*,#1506,.T.);
#2030=ORIENTED_EDGE('',*,*,#1484,.T.);
#2031=ORIENTED_EDGE('',*,*,#1540,.T.);
#2032=ORIENTED_EDGE('',*,*,#1541,.T.);
#2033=ORIENTED_EDGE('',*,*,#1542,.F.);
#2034=ORIENTED_EDGE('',*,*,#1538,.T.);
#2035=ORIENTED_EDGE('',*,*,#1543,.F.);
#2036=ORIENTED_EDGE('',*,*,#1544,.T.);
#2037=ORIENTED_EDGE('',*,*,#1517,.T.);
#2038=ORIENTED_EDGE('',*,*,#1440,.F.);
#2039=ORIENTED_EDGE('',*,*,#1462,.F.);
#2040=ORIENTED_EDGE('',*,*,#1442,.F.);
#2041=ORIENTED_EDGE('',*,*,#1518,.T.);
#2042=ORIENTED_EDGE('',*,*,#1544,.F.);
#2043=ORIENTED_EDGE('',*,*,#1446,.F.);
#2044=ORIENTED_EDGE('',*,*,#1545,.F.);
#2045=ORIENTED_EDGE('',*,*,#1448,.F.);
#2046=ORIENTED_EDGE('',*,*,#1520,.T.);
#2047=ORIENTED_EDGE('',*,*,#1546,.T.);
#2048=ORIENTED_EDGE('',*,*,#1547,.F.);
#2049=ORIENTED_EDGE('',*,*,#1546,.F.);
#2050=ORIENTED_EDGE('',*,*,#1519,.T.);
#2051=ORIENTED_EDGE('',*,*,#1548,.F.);
#2052=ORIENTED_EDGE('',*,*,#1549,.T.);
#2053=ORIENTED_EDGE('',*,*,#1521,.T.);
#2054=ORIENTED_EDGE('',*,*,#1494,.F.);
#2055=ORIENTED_EDGE('',*,*,#1524,.F.);
#2056=ORIENTED_EDGE('',*,*,#1496,.F.);
#2057=ORIENTED_EDGE('',*,*,#1522,.T.);
#2058=ORIENTED_EDGE('',*,*,#1549,.F.);
#2059=ORIENTED_EDGE('',*,*,#1488,.F.);
#2060=ORIENTED_EDGE('',*,*,#1513,.F.);
#2061=ORIENTED_EDGE('',*,*,#1490,.F.);
#2062=ORIENTED_EDGE('',*,*,#1529,.T.);
#2063=ORIENTED_EDGE('',*,*,#1550,.T.);
#2064=ORIENTED_EDGE('',*,*,#1551,.F.);
#2065=ORIENTED_EDGE('',*,*,#1550,.F.);
#2066=ORIENTED_EDGE('',*,*,#1528,.T.);
#2067=ORIENTED_EDGE('',*,*,#1535,.T.);
#2068=ORIENTED_EDGE('',*,*,#1471,.T.);
#2069=ORIENTED_EDGE('',*,*,#1552,.T.);
#2070=ORIENTED_EDGE('',*,*,#1553,.T.);
#2071=ORIENTED_EDGE('',*,*,#1554,.T.);
#2072=ORIENTED_EDGE('',*,*,#1555,.T.);
#2073=ORIENTED_EDGE('',*,*,#1556,.T.);
#2074=ORIENTED_EDGE('',*,*,#1557,.T.);
#2075=ORIENTED_EDGE('',*,*,#1558,.T.);
#2076=ORIENTED_EDGE('',*,*,#1559,.T.);
#2077=ORIENTED_EDGE('',*,*,#1560,.T.);
#2078=ORIENTED_EDGE('',*,*,#1561,.T.);
#2079=ORIENTED_EDGE('',*,*,#1562,.T.);
#2080=ORIENTED_EDGE('',*,*,#1563,.T.);
#2081=ORIENTED_EDGE('',*,*,#1564,.T.);
#2082=ORIENTED_EDGE('',*,*,#1515,.T.);
#2083=ORIENTED_EDGE('',*,*,#1539,.T.);
#2084=ORIENTED_EDGE('',*,*,#1542,.T.);
#2085=ORIENTED_EDGE('',*,*,#1565,.T.);
#2086=ORIENTED_EDGE('',*,*,#1473,.T.);
#2087=ORIENTED_EDGE('',*,*,#1547,.T.);
#2088=ORIENTED_EDGE('',*,*,#1551,.T.);
#2089=ORIENTED_EDGE('',*,*,#1566,.T.);
#2090=ORIENTED_EDGE('',*,*,#1567,.F.);
#2091=ORIENTED_EDGE('',*,*,#1560,.F.);
#2092=ORIENTED_EDGE('',*,*,#1568,.T.);
#2093=ORIENTED_EDGE('',*,*,#1569,.T.);
#2094=ORIENTED_EDGE('',*,*,#1570,.T.);
#2095=ORIENTED_EDGE('',*,*,#1568,.F.);
#2096=ORIENTED_EDGE('',*,*,#1559,.F.);
#2097=ORIENTED_EDGE('',*,*,#1571,.T.);
#2098=ORIENTED_EDGE('',*,*,#1572,.F.);
#2099=ORIENTED_EDGE('',*,*,#1563,.F.);
#2100=ORIENTED_EDGE('',*,*,#1573,.F.);
#2101=ORIENTED_EDGE('',*,*,#1574,.F.);
#2102=ORIENTED_EDGE('',*,*,#1573,.T.);
#2103=ORIENTED_EDGE('',*,*,#1562,.F.);
#2104=ORIENTED_EDGE('',*,*,#1575,.F.);
#2105=ORIENTED_EDGE('',*,*,#1576,.F.);
#2106=ORIENTED_EDGE('',*,*,#1577,.F.);
#2107=ORIENTED_EDGE('',*,*,#1578,.T.);
#2108=ORIENTED_EDGE('',*,*,#1579,.F.);
#2109=ORIENTED_EDGE('',*,*,#1576,.T.);
#2110=ORIENTED_EDGE('',*,*,#1580,.F.);
#2111=ORIENTED_EDGE('',*,*,#1581,.T.);
#2112=ORIENTED_EDGE('',*,*,#1574,.T.);
#2113=ORIENTED_EDGE('',*,*,#1577,.T.);
#2114=ORIENTED_EDGE('',*,*,#1579,.T.);
#2115=ORIENTED_EDGE('',*,*,#1582,.T.);
#2116=ORIENTED_EDGE('',*,*,#1583,.T.);
#2117=ORIENTED_EDGE('',*,*,#1584,.T.);
#2118=ORIENTED_EDGE('',*,*,#1585,.T.);
#2119=ORIENTED_EDGE('',*,*,#1586,.T.);
#2120=ORIENTED_EDGE('',*,*,#1587,.T.);
#2121=ORIENTED_EDGE('',*,*,#1588,.T.);
#2122=ORIENTED_EDGE('',*,*,#1589,.T.);
#2123=ORIENTED_EDGE('',*,*,#1580,.T.);
#2124=ORIENTED_EDGE('',*,*,#1575,.T.);
#2125=ORIENTED_EDGE('',*,*,#1590,.T.);
#2126=ORIENTED_EDGE('',*,*,#1591,.T.);
#2127=ORIENTED_EDGE('',*,*,#1572,.T.);
#2128=ORIENTED_EDGE('',*,*,#1592,.T.);
#2129=ORIENTED_EDGE('',*,*,#1593,.T.);
#2130=ORIENTED_EDGE('',*,*,#1592,.F.);
#2131=ORIENTED_EDGE('',*,*,#1571,.F.);
#2132=ORIENTED_EDGE('',*,*,#1581,.F.);
#2133=ORIENTED_EDGE('',*,*,#1594,.T.);
#2134=ORIENTED_EDGE('',*,*,#1587,.F.);
#2135=ORIENTED_EDGE('',*,*,#1595,.F.);
#2136=ORIENTED_EDGE('',*,*,#1584,.F.);
#2137=ORIENTED_EDGE('',*,*,#1593,.F.);
#2138=ORIENTED_EDGE('',*,*,#1585,.F.);
#2139=ORIENTED_EDGE('',*,*,#1595,.T.);
#2140=ORIENTED_EDGE('',*,*,#1586,.F.);
#2141=ORIENTED_EDGE('',*,*,#1596,.T.);
#2142=ORIENTED_EDGE('',*,*,#1597,.T.);
#2143=ORIENTED_EDGE('',*,*,#1588,.F.);
#2144=ORIENTED_EDGE('',*,*,#1594,.F.);
#2145=ORIENTED_EDGE('',*,*,#1583,.F.);
#2146=ORIENTED_EDGE('',*,*,#1598,.T.);
#2147=ORIENTED_EDGE('',*,*,#1578,.F.);
#2148=ORIENTED_EDGE('',*,*,#1589,.F.);
#2149=ORIENTED_EDGE('',*,*,#1597,.F.);
#2150=ORIENTED_EDGE('',*,*,#1582,.F.);
#2151=ORIENTED_EDGE('',*,*,#1596,.F.);
#2152=ORIENTED_EDGE('',*,*,#1599,.T.);
#2153=ORIENTED_EDGE('',*,*,#1598,.F.);
#2154=ORIENTED_EDGE('',*,*,#1599,.F.);
#2155=ORIENTED_EDGE('',*,*,#1600,.T.);
#2156=ORIENTED_EDGE('',*,*,#1601,.T.);
#2157=ORIENTED_EDGE('',*,*,#1602,.T.);
#2158=ORIENTED_EDGE('',*,*,#1603,.F.);
#2159=ORIENTED_EDGE('',*,*,#1604,.F.);
#2160=ORIENTED_EDGE('',*,*,#1605,.F.);
#2161=ORIENTED_EDGE('',*,*,#1606,.T.);
#2162=ORIENTED_EDGE('',*,*,#1607,.F.);
#2163=ORIENTED_EDGE('',*,*,#1608,.F.);
#2164=ORIENTED_EDGE('',*,*,#1603,.T.);
#2165=ORIENTED_EDGE('',*,*,#1604,.T.);
#2166=ORIENTED_EDGE('',*,*,#1608,.T.);
#2167=ORIENTED_EDGE('',*,*,#1609,.F.);
#2168=ORIENTED_EDGE('',*,*,#1610,.F.);
#2169=ORIENTED_EDGE('',*,*,#1527,.T.);
#2170=ORIENTED_EDGE('',*,*,#1611,.T.);
#2171=ORIENTED_EDGE('',*,*,#1612,.F.);
#2172=ORIENTED_EDGE('',*,*,#1613,.F.);
#2173=ORIENTED_EDGE('',*,*,#1500,.F.);
#2174=ORIENTED_EDGE('',*,*,#1614,.T.);
#2175=ORIENTED_EDGE('',*,*,#1605,.T.);
#2176=ORIENTED_EDGE('',*,*,#1610,.T.);
#2177=ORIENTED_EDGE('',*,*,#1615,.F.);
#2178=ORIENTED_EDGE('',*,*,#1616,.F.);
#2179=ORIENTED_EDGE('',*,*,#1611,.F.);
#2180=ORIENTED_EDGE('',*,*,#1526,.T.);
#2181=ORIENTED_EDGE('',*,*,#1617,.T.);
#2182=ORIENTED_EDGE('',*,*,#1618,.F.);
#2183=ORIENTED_EDGE('',*,*,#1619,.F.);
#2184=ORIENTED_EDGE('',*,*,#1620,.F.);
#2185=ORIENTED_EDGE('',*,*,#1621,.F.);
#2186=ORIENTED_EDGE('',*,*,#1619,.T.);
#2187=ORIENTED_EDGE('',*,*,#1622,.F.);
#2188=ORIENTED_EDGE('',*,*,#1623,.F.);
#2189=ORIENTED_EDGE('',*,*,#1624,.F.);
#2190=ORIENTED_EDGE('',*,*,#1625,.F.);
#2191=ORIENTED_EDGE('',*,*,#1626,.T.);
#2192=ORIENTED_EDGE('',*,*,#1627,.F.);
#2193=ORIENTED_EDGE('',*,*,#1623,.T.);
#2194=ORIENTED_EDGE('',*,*,#1628,.F.);
#2195=ORIENTED_EDGE('',*,*,#1629,.T.);
#2196=ORIENTED_EDGE('',*,*,#1621,.T.);
#2197=ORIENTED_EDGE('',*,*,#1612,.T.);
#2198=ORIENTED_EDGE('',*,*,#1616,.T.);
#2199=ORIENTED_EDGE('',*,*,#1624,.T.);
#2200=ORIENTED_EDGE('',*,*,#1627,.T.);
#2201=ORIENTED_EDGE('',*,*,#1630,.T.);
#2202=ORIENTED_EDGE('',*,*,#1631,.T.);
#2203=ORIENTED_EDGE('',*,*,#1632,.T.);
#2204=ORIENTED_EDGE('',*,*,#1633,.T.);
#2205=ORIENTED_EDGE('',*,*,#1634,.T.);
#2206=ORIENTED_EDGE('',*,*,#1635,.T.);
#2207=ORIENTED_EDGE('',*,*,#1636,.T.);
#2208=ORIENTED_EDGE('',*,*,#1637,.T.);
#2209=ORIENTED_EDGE('',*,*,#1628,.T.);
#2210=ORIENTED_EDGE('',*,*,#1622,.T.);
#2211=ORIENTED_EDGE('',*,*,#1618,.T.);
#2212=ORIENTED_EDGE('',*,*,#1638,.T.);
#2213=ORIENTED_EDGE('',*,*,#1639,.T.);
#2214=ORIENTED_EDGE('',*,*,#1638,.F.);
#2215=ORIENTED_EDGE('',*,*,#1617,.F.);
#2216=ORIENTED_EDGE('',*,*,#1629,.F.);
#2217=ORIENTED_EDGE('',*,*,#1640,.T.);
#2218=ORIENTED_EDGE('',*,*,#1635,.F.);
#2219=ORIENTED_EDGE('',*,*,#1641,.F.);
#2220=ORIENTED_EDGE('',*,*,#1632,.F.);
#2221=ORIENTED_EDGE('',*,*,#1639,.F.);
#2222=ORIENTED_EDGE('',*,*,#1633,.F.);
#2223=ORIENTED_EDGE('',*,*,#1641,.T.);
#2224=ORIENTED_EDGE('',*,*,#1634,.F.);
#2225=ORIENTED_EDGE('',*,*,#1642,.T.);
#2226=ORIENTED_EDGE('',*,*,#1643,.T.);
#2227=ORIENTED_EDGE('',*,*,#1636,.F.);
#2228=ORIENTED_EDGE('',*,*,#1640,.F.);
#2229=ORIENTED_EDGE('',*,*,#1631,.F.);
#2230=ORIENTED_EDGE('',*,*,#1644,.T.);
#2231=ORIENTED_EDGE('',*,*,#1626,.F.);
#2232=ORIENTED_EDGE('',*,*,#1637,.F.);
#2233=ORIENTED_EDGE('',*,*,#1643,.F.);
#2234=ORIENTED_EDGE('',*,*,#1630,.F.);
#2235=ORIENTED_EDGE('',*,*,#1642,.F.);
#2236=ORIENTED_EDGE('',*,*,#1645,.T.);
#2237=ORIENTED_EDGE('',*,*,#1644,.F.);
#2238=ORIENTED_EDGE('',*,*,#1645,.F.);
#2239=ORIENTED_EDGE('',*,*,#1531,.T.);
#2240=ORIENTED_EDGE('',*,*,#1534,.T.);
#2241=ORIENTED_EDGE('',*,*,#1646,.T.);
#2242=ORIENTED_EDGE('',*,*,#1503,.T.);
#2243=ORIENTED_EDGE('',*,*,#1537,.T.);
#2244=ORIENTED_EDGE('',*,*,#1501,.T.);
#2245=ORIENTED_EDGE('',*,*,#1613,.T.);
#2246=ORIENTED_EDGE('',*,*,#1620,.T.);
#2247=ORIENTED_EDGE('',*,*,#1625,.T.);
#2248=ORIENTED_EDGE('',*,*,#1615,.T.);
#2249=ORIENTED_EDGE('',*,*,#1609,.T.);
#2250=ORIENTED_EDGE('',*,*,#1607,.T.);
#2251=ORIENTED_EDGE('',*,*,#1647,.T.);
#2252=ORIENTED_EDGE('',*,*,#1648,.T.);
#2253=ORIENTED_EDGE('',*,*,#1649,.T.);
#2254=ORIENTED_EDGE('',*,*,#1650,.T.);
#2255=ORIENTED_EDGE('',*,*,#1651,.T.);
#2256=ORIENTED_EDGE('',*,*,#1652,.T.);
#2257=ORIENTED_EDGE('',*,*,#1653,.T.);
#2258=ORIENTED_EDGE('',*,*,#1464,.T.);
#2259=ORIENTED_EDGE('',*,*,#1543,.T.);
#2260=ORIENTED_EDGE('',*,*,#1548,.T.);
#2261=ORIENTED_EDGE('',*,*,#1460,.T.);
#2262=ORIENTED_EDGE('',*,*,#1654,.T.);
#2263=ORIENTED_EDGE('',*,*,#1655,.F.);
#2264=ORIENTED_EDGE('',*,*,#1650,.F.);
#2265=ORIENTED_EDGE('',*,*,#1656,.F.);
#2266=ORIENTED_EDGE('',*,*,#1657,.T.);
#2267=ORIENTED_EDGE('',*,*,#1658,.T.);
#2268=ORIENTED_EDGE('',*,*,#1659,.T.);
#2269=ORIENTED_EDGE('',*,*,#1656,.T.);
#2270=ORIENTED_EDGE('',*,*,#1649,.F.);
#2271=ORIENTED_EDGE('',*,*,#1660,.F.);
#2272=ORIENTED_EDGE('',*,*,#1459,.T.);
#2273=ORIENTED_EDGE('',*,*,#1465,.T.);
#2274=ORIENTED_EDGE('',*,*,#1653,.F.);
#2275=ORIENTED_EDGE('',*,*,#1661,.F.);
#2276=ORIENTED_EDGE('',*,*,#1654,.F.);
#2277=ORIENTED_EDGE('',*,*,#1662,.T.);
#2278=ORIENTED_EDGE('',*,*,#1663,.T.);
#2279=ORIENTED_EDGE('',*,*,#1660,.T.);
#2280=ORIENTED_EDGE('',*,*,#1648,.F.);
#2281=ORIENTED_EDGE('',*,*,#1664,.T.);
#2282=ORIENTED_EDGE('',*,*,#1665,.F.);
#2283=ORIENTED_EDGE('',*,*,#1666,.T.);
#2284=ORIENTED_EDGE('',*,*,#1667,.F.);
#2285=ORIENTED_EDGE('',*,*,#1668,.T.);
#2286=ORIENTED_EDGE('',*,*,#1669,.F.);
#2287=ORIENTED_EDGE('',*,*,#1670,.F.);
#2288=ORIENTED_EDGE('',*,*,#1651,.F.);
#2289=ORIENTED_EDGE('',*,*,#1671,.F.);
#2290=ORIENTED_EDGE('',*,*,#1670,.T.);
#2291=ORIENTED_EDGE('',*,*,#1672,.F.);
#2292=ORIENTED_EDGE('',*,*,#1666,.F.);
#2293=ORIENTED_EDGE('',*,*,#1673,.F.);
#2294=ORIENTED_EDGE('',*,*,#1652,.F.);
#2295=ORIENTED_EDGE('',*,*,#1667,.T.);
#2296=ORIENTED_EDGE('',*,*,#1672,.T.);
#2297=ORIENTED_EDGE('',*,*,#1669,.T.);
#2298=ORIENTED_EDGE('',*,*,#1674,.T.);
#2299=ORIENTED_EDGE('',*,*,#1675,.T.);
#2300=ORIENTED_EDGE('',*,*,#1676,.T.);
#2301=ORIENTED_EDGE('',*,*,#1677,.T.);
#2302=ORIENTED_EDGE('',*,*,#1678,.T.);
#2303=ORIENTED_EDGE('',*,*,#1679,.T.);
#2304=ORIENTED_EDGE('',*,*,#1674,.F.);
#2305=ORIENTED_EDGE('',*,*,#1668,.F.);
#2306=ORIENTED_EDGE('',*,*,#1680,.F.);
#2307=ORIENTED_EDGE('',*,*,#1681,.T.);
#2308=ORIENTED_EDGE('',*,*,#1682,.T.);
#2309=ORIENTED_EDGE('',*,*,#1683,.T.);
#2310=ORIENTED_EDGE('',*,*,#1684,.T.);
#2311=ORIENTED_EDGE('',*,*,#1680,.T.);
#2312=ORIENTED_EDGE('',*,*,#1671,.T.);
#2313=ORIENTED_EDGE('',*,*,#1655,.T.);
#2314=ORIENTED_EDGE('',*,*,#1661,.T.);
#2315=ORIENTED_EDGE('',*,*,#1673,.T.);
#2316=ORIENTED_EDGE('',*,*,#1665,.T.);
#2317=ORIENTED_EDGE('',*,*,#1685,.T.);
#2318=ORIENTED_EDGE('',*,*,#1677,.F.);
#2319=ORIENTED_EDGE('',*,*,#1686,.F.);
#2320=ORIENTED_EDGE('',*,*,#1682,.F.);
#2321=ORIENTED_EDGE('',*,*,#1686,.T.);
#2322=ORIENTED_EDGE('',*,*,#1676,.F.);
#2323=ORIENTED_EDGE('',*,*,#1687,.F.);
#2324=ORIENTED_EDGE('',*,*,#1683,.F.);
#2325=ORIENTED_EDGE('',*,*,#1688,.T.);
#2326=ORIENTED_EDGE('',*,*,#1679,.F.);
#2327=ORIENTED_EDGE('',*,*,#1684,.F.);
#2328=ORIENTED_EDGE('',*,*,#1687,.T.);
#2329=ORIENTED_EDGE('',*,*,#1675,.F.);
#2330=ORIENTED_EDGE('',*,*,#1664,.F.);
#2331=ORIENTED_EDGE('',*,*,#1678,.F.);
#2332=ORIENTED_EDGE('',*,*,#1685,.F.);
#2333=ORIENTED_EDGE('',*,*,#1681,.F.);
#2334=ORIENTED_EDGE('',*,*,#1689,.T.);
#2335=ORIENTED_EDGE('',*,*,#1689,.F.);
#2336=ORIENTED_EDGE('',*,*,#1690,.T.);
#2337=ORIENTED_EDGE('',*,*,#1688,.F.);
#2338=ORIENTED_EDGE('',*,*,#1690,.F.);
#2339=ORIENTED_EDGE('',*,*,#1455,.T.);
#2340=ORIENTED_EDGE('',*,*,#1691,.T.);
#2341=ORIENTED_EDGE('',*,*,#1532,.F.);
#2342=ORIENTED_EDGE('',*,*,#1692,.T.);
#2343=ORIENTED_EDGE('',*,*,#1693,.F.);
#2344=ORIENTED_EDGE('',*,*,#1556,.F.);
#2345=ORIENTED_EDGE('',*,*,#1694,.T.);
#2346=ORIENTED_EDGE('',*,*,#1695,.T.);
#2347=ORIENTED_EDGE('',*,*,#1696,.F.);
#2348=ORIENTED_EDGE('',*,*,#1697,.T.);
#2349=ORIENTED_EDGE('',*,*,#1698,.F.);
#2350=ORIENTED_EDGE('',*,*,#1699,.T.);
#2351=ORIENTED_EDGE('',*,*,#1700,.F.);
#2352=ORIENTED_EDGE('',*,*,#1554,.F.);
#2353=ORIENTED_EDGE('',*,*,#1701,.F.);
#2354=ORIENTED_EDGE('',*,*,#1702,.F.);
#2355=ORIENTED_EDGE('',*,*,#1701,.T.);
#2356=ORIENTED_EDGE('',*,*,#1553,.F.);
#2357=ORIENTED_EDGE('',*,*,#1703,.F.);
#2358=ORIENTED_EDGE('',*,*,#1697,.F.);
#2359=ORIENTED_EDGE('',*,*,#1704,.F.);
#2360=ORIENTED_EDGE('',*,*,#1698,.T.);
#2361=ORIENTED_EDGE('',*,*,#1703,.T.);
#2362=ORIENTED_EDGE('',*,*,#1705,.T.);
#2363=ORIENTED_EDGE('',*,*,#1706,.T.);
#2364=ORIENTED_EDGE('',*,*,#1700,.T.);
#2365=ORIENTED_EDGE('',*,*,#1707,.T.);
#2366=ORIENTED_EDGE('',*,*,#1708,.T.);
#2367=ORIENTED_EDGE('',*,*,#1709,.T.);
#2368=ORIENTED_EDGE('',*,*,#1710,.T.);
#2369=ORIENTED_EDGE('',*,*,#1711,.T.);
#2370=ORIENTED_EDGE('',*,*,#1712,.T.);
#2371=ORIENTED_EDGE('',*,*,#1707,.F.);
#2372=ORIENTED_EDGE('',*,*,#1699,.F.);
#2373=ORIENTED_EDGE('',*,*,#1713,.F.);
#2374=ORIENTED_EDGE('',*,*,#1714,.T.);
#2375=ORIENTED_EDGE('',*,*,#1715,.T.);
#2376=ORIENTED_EDGE('',*,*,#1716,.T.);
#2377=ORIENTED_EDGE('',*,*,#1717,.T.);
#2378=ORIENTED_EDGE('',*,*,#1713,.T.);
#2379=ORIENTED_EDGE('',*,*,#1702,.T.);
#2380=ORIENTED_EDGE('',*,*,#1704,.T.);
#2381=ORIENTED_EDGE('',*,*,#1696,.T.);
#2382=ORIENTED_EDGE('',*,*,#1718,.T.);
#2383=ORIENTED_EDGE('',*,*,#1710,.F.);
#2384=ORIENTED_EDGE('',*,*,#1719,.F.);
#2385=ORIENTED_EDGE('',*,*,#1715,.F.);
#2386=ORIENTED_EDGE('',*,*,#1719,.T.);
#2387=ORIENTED_EDGE('',*,*,#1709,.F.);
#2388=ORIENTED_EDGE('',*,*,#1720,.F.);
#2389=ORIENTED_EDGE('',*,*,#1716,.F.);
#2390=ORIENTED_EDGE('',*,*,#1721,.T.);
#2391=ORIENTED_EDGE('',*,*,#1712,.F.);
#2392=ORIENTED_EDGE('',*,*,#1717,.F.);
#2393=ORIENTED_EDGE('',*,*,#1720,.T.);
#2394=ORIENTED_EDGE('',*,*,#1708,.F.);
#2395=ORIENTED_EDGE('',*,*,#1695,.F.);
#2396=ORIENTED_EDGE('',*,*,#1711,.F.);
#2397=ORIENTED_EDGE('',*,*,#1718,.F.);
#2398=ORIENTED_EDGE('',*,*,#1714,.F.);
#2399=ORIENTED_EDGE('',*,*,#1722,.T.);
#2400=ORIENTED_EDGE('',*,*,#1722,.F.);
#2401=ORIENTED_EDGE('',*,*,#1723,.T.);
#2402=ORIENTED_EDGE('',*,*,#1721,.F.);
#2403=ORIENTED_EDGE('',*,*,#1723,.F.);
#2404=ORIENTED_EDGE('',*,*,#1724,.T.);
#2405=ORIENTED_EDGE('',*,*,#1557,.F.);
#2406=ORIENTED_EDGE('',*,*,#1693,.T.);
#2407=ORIENTED_EDGE('',*,*,#1725,.T.);
#2408=ORIENTED_EDGE('',*,*,#1726,.T.);
#2409=ORIENTED_EDGE('',*,*,#1727,.F.);
#2410=ORIENTED_EDGE('',*,*,#1728,.F.);
#2411=ORIENTED_EDGE('',*,*,#1729,.F.);
#2412=ORIENTED_EDGE('',*,*,#1730,.F.);
#2413=ORIENTED_EDGE('',*,*,#1731,.T.);
#2414=ORIENTED_EDGE('',*,*,#1732,.F.);
#2415=ORIENTED_EDGE('',*,*,#1733,.T.);
#2416=ORIENTED_EDGE('',*,*,#1734,.F.);
#2417=ORIENTED_EDGE('',*,*,#1735,.F.);
#2418=ORIENTED_EDGE('',*,*,#1736,.F.);
#2419=ORIENTED_EDGE('',*,*,#1731,.F.);
#2420=ORIENTED_EDGE('',*,*,#1737,.F.);
#2421=ORIENTED_EDGE('',*,*,#1738,.T.);
#2422=ORIENTED_EDGE('',*,*,#1739,.F.);
#2423=ORIENTED_EDGE('',*,*,#1735,.T.);
#2424=ORIENTED_EDGE('',*,*,#1740,.F.);
#2425=ORIENTED_EDGE('',*,*,#1733,.F.);
#2426=ORIENTED_EDGE('',*,*,#1741,.F.);
#2427=ORIENTED_EDGE('',*,*,#1738,.F.);
#2428=ORIENTED_EDGE('',*,*,#1742,.F.);
#2429=ORIENTED_EDGE('',*,*,#1569,.F.);
#2430=ORIENTED_EDGE('',*,*,#1558,.F.);
#2431=ORIENTED_EDGE('',*,*,#1724,.F.);
#2432=ORIENTED_EDGE('',*,*,#1743,.F.);
#2433=ORIENTED_EDGE('',*,*,#1728,.T.);
#2434=ORIENTED_EDGE('',*,*,#1744,.F.);
#2435=ORIENTED_EDGE('',*,*,#1662,.F.);
#2436=ORIENTED_EDGE('',*,*,#1647,.F.);
#2437=ORIENTED_EDGE('',*,*,#1606,.F.);
#2438=ORIENTED_EDGE('',*,*,#1602,.F.);
#2439=ORIENTED_EDGE('',*,*,#1745,.F.);
#2440=ORIENTED_EDGE('',*,*,#1734,.T.);
#2441=ORIENTED_EDGE('',*,*,#1730,.T.);
#2442=ORIENTED_EDGE('',*,*,#1740,.T.);
#2443=ORIENTED_EDGE('',*,*,#1737,.T.);
#2444=ORIENTED_EDGE('',*,*,#1746,.T.);
#2445=ORIENTED_EDGE('',*,*,#1747,.F.);
#2446=ORIENTED_EDGE('',*,*,#1566,.F.);
#2447=ORIENTED_EDGE('',*,*,#1570,.F.);
#2448=ORIENTED_EDGE('',*,*,#1742,.T.);
#2449=ORIENTED_EDGE('',*,*,#1748,.T.);
#2450=ORIENTED_EDGE('',*,*,#1483,.T.);
#2451=ORIENTED_EDGE('',*,*,#1749,.T.);
#2452=ORIENTED_EDGE('',*,*,#1540,.F.);
#2453=ORIENTED_EDGE('',*,*,#1481,.T.);
#2454=ORIENTED_EDGE('',*,*,#1505,.F.);
#2455=ORIENTED_EDGE('',*,*,#1750,.T.);
#2456=ORIENTED_EDGE('',*,*,#1510,.T.);
#2457=ORIENTED_EDGE('',*,*,#1516,.F.);
#2458=ORIENTED_EDGE('',*,*,#1564,.F.);
#2459=ORIENTED_EDGE('',*,*,#1591,.F.);
#2460=ORIENTED_EDGE('',*,*,#1751,.T.);
#2461=ORIENTED_EDGE('',*,*,#1752,.T.);
#2462=ORIENTED_EDGE('',*,*,#1511,.T.);
#2463=ORIENTED_EDGE('',*,*,#1751,.F.);
#2464=ORIENTED_EDGE('',*,*,#1590,.F.);
#2465=ORIENTED_EDGE('',*,*,#1561,.F.);
#2466=ORIENTED_EDGE('',*,*,#1567,.T.);
#2467=ORIENTED_EDGE('',*,*,#1747,.T.);
#2468=ORIENTED_EDGE('',*,*,#1753,.T.);
#2469=ORIENTED_EDGE('',*,*,#1748,.F.);
#2470=ORIENTED_EDGE('',*,*,#1745,.T.);
#2471=ORIENTED_EDGE('',*,*,#1601,.F.);
#2472=ORIENTED_EDGE('',*,*,#1614,.F.);
#2473=ORIENTED_EDGE('',*,*,#1525,.T.);
#2474=ORIENTED_EDGE('',*,*,#1492,.F.);
#2475=ORIENTED_EDGE('',*,*,#1512,.T.);
#2476=ORIENTED_EDGE('',*,*,#1752,.F.);
#2477=ORIENTED_EDGE('',*,*,#1746,.F.);
#2478=ORIENTED_EDGE('',*,*,#1753,.F.);
#2479=ORIENTED_EDGE('',*,*,#1600,.F.);
#2480=ORIENTED_EDGE('',*,*,#1453,.T.);
#2481=ORIENTED_EDGE('',*,*,#1475,.F.);
#2482=ORIENTED_EDGE('',*,*,#1754,.T.);
#2483=ORIENTED_EDGE('',*,*,#1755,.T.);
#2484=ORIENTED_EDGE('',*,*,#1729,.T.);
#2485=ORIENTED_EDGE('',*,*,#1743,.T.);
#2486=ORIENTED_EDGE('',*,*,#1725,.F.);
#2487=ORIENTED_EDGE('',*,*,#1692,.F.);
#2488=ORIENTED_EDGE('',*,*,#1756,.F.);
#2489=ORIENTED_EDGE('',*,*,#1757,.T.);
#2490=ORIENTED_EDGE('',*,*,#1657,.F.);
#2491=ORIENTED_EDGE('',*,*,#1659,.F.);
#2492=ORIENTED_EDGE('',*,*,#1663,.F.);
#2493=ORIENTED_EDGE('',*,*,#1744,.T.);
#2494=ORIENTED_EDGE('',*,*,#1727,.T.);
#2495=ORIENTED_EDGE('',*,*,#1758,.T.);
#2496=ORIENTED_EDGE('',*,*,#1759,.T.);
#2497=ORIENTED_EDGE('',*,*,#1756,.T.);
#2498=ORIENTED_EDGE('',*,*,#1694,.F.);
#2499=ORIENTED_EDGE('',*,*,#1555,.F.);
#2500=ORIENTED_EDGE('',*,*,#1706,.F.);
#2501=ORIENTED_EDGE('',*,*,#1760,.T.);
#2502=ORIENTED_EDGE('',*,*,#1761,.T.);
#2503=ORIENTED_EDGE('',*,*,#1760,.F.);
#2504=ORIENTED_EDGE('',*,*,#1705,.F.);
#2505=ORIENTED_EDGE('',*,*,#1552,.F.);
#2506=ORIENTED_EDGE('',*,*,#1470,.T.);
#2507=ORIENTED_EDGE('',*,*,#1454,.T.);
#2508=ORIENTED_EDGE('',*,*,#1754,.F.);
#2509=ORIENTED_EDGE('',*,*,#1474,.F.);
#2510=ORIENTED_EDGE('',*,*,#1565,.F.);
#2511=ORIENTED_EDGE('',*,*,#1541,.F.);
#2512=ORIENTED_EDGE('',*,*,#1749,.F.);
#2513=ORIENTED_EDGE('',*,*,#1482,.T.);
#2514=ORIENTED_EDGE('',*,*,#1750,.F.);
#2515=ORIENTED_EDGE('',*,*,#1504,.F.);
#2516=ORIENTED_EDGE('',*,*,#1646,.F.);
#2517=ORIENTED_EDGE('',*,*,#1533,.F.);
#2518=ORIENTED_EDGE('',*,*,#1691,.F.);
#2519=ORIENTED_EDGE('',*,*,#1736,.T.);
#2520=ORIENTED_EDGE('',*,*,#1739,.T.);
#2521=ORIENTED_EDGE('',*,*,#1741,.T.);
#2522=ORIENTED_EDGE('',*,*,#1732,.T.);
#2523=ORIENTED_EDGE('',*,*,#1658,.F.);
#2524=ORIENTED_EDGE('',*,*,#1757,.F.);
#2525=ORIENTED_EDGE('',*,*,#1726,.F.);
#2526=ORIENTED_EDGE('',*,*,#1755,.F.);
#2527=ORIENTED_EDGE('',*,*,#1759,.F.);
#2528=ORIENTED_EDGE('',*,*,#1762,.T.);
#2529=ORIENTED_EDGE('',*,*,#1444,.T.);
#2530=ORIENTED_EDGE('',*,*,#1461,.T.);
#2531=ORIENTED_EDGE('',*,*,#1536,.T.);
#2532=ORIENTED_EDGE('',*,*,#1449,.F.);
#2533=ORIENTED_EDGE('',*,*,#1545,.T.);
#2534=ORIENTED_EDGE('',*,*,#1445,.F.);
#2535=ORIENTED_EDGE('',*,*,#1762,.F.);
#2536=ORIENTED_EDGE('',*,*,#1758,.F.);
#2537=ORIENTED_EDGE('',*,*,#1761,.F.);
#2538=ORIENTED_EDGE('',*,*,#1469,.F.);
#2539=ORIENTED_EDGE('',*,*,#1763,.F.);
#2540=ORIENTED_EDGE('',*,*,#1764,.T.);
#2541=ORIENTED_EDGE('',*,*,#1765,.F.);
#2542=ORIENTED_EDGE('',*,*,#1764,.F.);
#2543=ORIENTED_EDGE('',*,*,#1766,.F.);
#2544=ORIENTED_EDGE('',*,*,#1767,.T.);
#2545=ORIENTED_EDGE('',*,*,#1768,.F.);
#2546=ORIENTED_EDGE('',*,*,#1767,.F.);
#2547=ORIENTED_EDGE('',*,*,#1769,.F.);
#2548=ORIENTED_EDGE('',*,*,#1770,.T.);
#2549=ORIENTED_EDGE('',*,*,#1771,.F.);
#2550=ORIENTED_EDGE('',*,*,#1770,.F.);
#2551=ORIENTED_EDGE('',*,*,#1772,.F.);
#2552=ORIENTED_EDGE('',*,*,#1773,.T.);
#2553=ORIENTED_EDGE('',*,*,#1774,.F.);
#2554=ORIENTED_EDGE('',*,*,#1773,.F.);
#2555=ORIENTED_EDGE('',*,*,#1775,.F.);
#2556=ORIENTED_EDGE('',*,*,#1776,.T.);
#2557=ORIENTED_EDGE('',*,*,#1777,.F.);
#2558=ORIENTED_EDGE('',*,*,#1776,.F.);
#2559=ORIENTED_EDGE('',*,*,#1778,.F.);
#2560=ORIENTED_EDGE('',*,*,#1779,.T.);
#2561=ORIENTED_EDGE('',*,*,#1780,.F.);
#2562=ORIENTED_EDGE('',*,*,#1779,.F.);
#2563=ORIENTED_EDGE('',*,*,#1781,.F.);
#2564=ORIENTED_EDGE('',*,*,#1782,.T.);
#2565=ORIENTED_EDGE('',*,*,#1783,.F.);
#2566=ORIENTED_EDGE('',*,*,#1782,.F.);
#2567=ORIENTED_EDGE('',*,*,#1784,.F.);
#2568=ORIENTED_EDGE('',*,*,#1785,.T.);
#2569=ORIENTED_EDGE('',*,*,#1786,.F.);
#2570=ORIENTED_EDGE('',*,*,#1785,.F.);
#2571=ORIENTED_EDGE('',*,*,#1786,.T.);
#2572=ORIENTED_EDGE('',*,*,#1763,.T.);
#2573=ORIENTED_EDGE('',*,*,#1766,.T.);
#2574=ORIENTED_EDGE('',*,*,#1769,.T.);
#2575=ORIENTED_EDGE('',*,*,#1772,.T.);
#2576=ORIENTED_EDGE('',*,*,#1775,.T.);
#2577=ORIENTED_EDGE('',*,*,#1778,.T.);
#2578=ORIENTED_EDGE('',*,*,#1781,.T.);
#2579=ORIENTED_EDGE('',*,*,#1784,.T.);
#2580=ORIENTED_EDGE('',*,*,#1765,.T.);
#2581=ORIENTED_EDGE('',*,*,#1768,.T.);
#2582=ORIENTED_EDGE('',*,*,#1771,.T.);
#2583=ORIENTED_EDGE('',*,*,#1774,.T.);
#2584=ORIENTED_EDGE('',*,*,#1777,.T.);
#2585=ORIENTED_EDGE('',*,*,#1780,.T.);
#2586=ORIENTED_EDGE('',*,*,#1783,.T.);
#2587=PLANE('',#2859);
#2588=PLANE('',#2860);
#2589=PLANE('',#2861);
#2590=PLANE('',#2862);
#2591=PLANE('',#2863);
#2592=PLANE('',#2864);
#2593=PLANE('',#2865);
#2594=PLANE('',#2866);
#2595=PLANE('',#2867);
#2596=PLANE('',#2868);
#2597=PLANE('',#2869);
#2598=PLANE('',#2870);
#2599=PLANE('',#2871);
#2600=PLANE('',#2872);
#2601=PLANE('',#2873);
#2602=PLANE('',#2874);
#2603=PLANE('',#2875);
#2604=PLANE('',#2876);
#2605=PLANE('',#2877);
#2606=PLANE('',#2879);
#2607=PLANE('',#2880);
#2608=PLANE('',#2883);
#2609=PLANE('',#2884);
#2610=PLANE('',#2886);
#2611=PLANE('',#2887);
#2612=PLANE('',#2888);
#2613=PLANE('',#2890);
#2614=PLANE('',#2891);
#2615=PLANE('',#2892);
#2616=PLANE('',#2893);
#2617=PLANE('',#2895);
#2618=PLANE('',#2898);
#2619=PLANE('',#2899);
#2620=PLANE('',#2902);
#2621=PLANE('',#2905);
#2622=PLANE('',#2908);
#2623=PLANE('',#2911);
#2624=PLANE('',#2916);
#2625=PLANE('',#2924);
#2626=PLANE('',#2934);
#2627=PLANE('',#2935);
#2628=PLANE('',#2936);
#2629=PLANE('',#2937);
#2630=PLANE('',#2938);
#2631=PLANE('',#2939);
#2632=PLANE('',#2940);
#2633=PLANE('',#2941);
#2634=PLANE('',#2942);
#2635=PLANE('',#2943);
#2636=PLANE('',#2944);
#2637=PLANE('',#2946);
#2638=PLANE('',#2948);
#2639=PLANE('',#2950);
#2640=PLANE('',#2951);
#2641=PLANE('',#2952);
#2642=PLANE('',#2953);
#2643=PLANE('',#2954);
#2644=PLANE('',#2955);
#2645=PLANE('',#2956);
#2646=PLANE('',#2957);
#2647=PLANE('',#2958);
#2648=PLANE('',#2959);
#2649=PLANE('',#2960);
#2650=PLANE('',#2961);
#2651=PLANE('',#2962);
#2652=PLANE('',#2964);
#2653=PLANE('',#2966);
#2654=PLANE('',#2968);
#2655=PLANE('',#2969);
#2656=PLANE('',#2970);
#2657=PLANE('',#2971);
#2658=PLANE('',#2972);
#2659=PLANE('',#2973);
#2660=PLANE('',#2974);
#2661=PLANE('',#2975);
#2662=PLANE('',#2976);
#2663=PLANE('',#2977);
#2664=PLANE('',#2978);
#2665=PLANE('',#2979);
#2666=PLANE('',#2980);
#2667=PLANE('',#2982);
#2668=PLANE('',#2983);
#2669=PLANE('',#2986);
#2670=PLANE('',#2987);
#2671=PLANE('',#2988);
#2672=PLANE('',#2989);
#2673=PLANE('',#2990);
#2674=PLANE('',#2991);
#2675=PLANE('',#2992);
#2676=PLANE('',#2993);
#2677=PLANE('',#2994);
#2678=PLANE('',#2995);
#2679=PLANE('',#2997);
#2680=PLANE('',#2998);
#2681=PLANE('',#3001);
#2682=PLANE('',#3002);
#2683=PLANE('',#3003);
#2684=PLANE('',#3004);
#2685=PLANE('',#3005);
#2686=PLANE('',#3006);
#2687=PLANE('',#3007);
#2688=PLANE('',#3008);
#2689=PLANE('',#3009);
#2690=PLANE('',#3010);
#2691=PLANE('',#3011);
#2692=PLANE('',#3012);
#2693=PLANE('',#3013);
#2694=PLANE('',#3014);
#2695=PLANE('',#3015);
#2696=PLANE('',#3016);
#2697=PLANE('',#3017);
#2698=PLANE('',#3018);
#2699=PLANE('',#3019);
#2700=PLANE('',#3020);
#2701=PLANE('',#3021);
#2702=PLANE('',#3022);
#2703=PLANE('',#3047);
#2704=PLANE('',#3048);
#2705=ADVANCED_FACE('',(#121),#2587,.F.);
#2706=ADVANCED_FACE('',(#122),#2588,.T.);
#2707=ADVANCED_FACE('',(#123),#2589,.T.);
#2708=ADVANCED_FACE('',(#124,#91),#2590,.F.);
#2709=ADVANCED_FACE('',(#125),#2591,.F.);
#2710=ADVANCED_FACE('',(#126),#2592,.F.);
#2711=ADVANCED_FACE('',(#127),#2593,.F.);
#2712=ADVANCED_FACE('',(#128),#2594,.T.);
#2713=ADVANCED_FACE('',(#129),#2595,.T.);
#2714=ADVANCED_FACE('',(#130),#2596,.T.);
#2715=ADVANCED_FACE('',(#131),#2597,.T.);
#2716=ADVANCED_FACE('',(#132),#2598,.F.);
#2717=ADVANCED_FACE('',(#133),#2599,.F.);
#2718=ADVANCED_FACE('',(#134),#2600,.F.);
#2719=ADVANCED_FACE('',(#135,#92),#2601,.F.);
#2720=ADVANCED_FACE('',(#136),#2602,.T.);
#2721=ADVANCED_FACE('',(#137),#2603,.T.);
#2722=ADVANCED_FACE('',(#138),#2604,.F.);
#2723=ADVANCED_FACE('',(#139),#2605,.F.);
#2724=ADVANCED_FACE('',(#140),#2606,.T.);
#2725=ADVANCED_FACE('',(#141),#2607,.T.);
#2726=ADVANCED_FACE('',(#142),#2608,.F.);
#2727=ADVANCED_FACE('',(#143),#2609,.F.);
#2728=ADVANCED_FACE('',(#144),#2610,.F.);
#2729=ADVANCED_FACE('',(#145),#2611,.F.);
#2730=ADVANCED_FACE('',(#146),#2612,.F.);
#2731=ADVANCED_FACE('',(#147),#2613,.T.);
#2732=ADVANCED_FACE('',(#148),#2614,.F.);
#2733=ADVANCED_FACE('',(#149),#2615,.F.);
#2734=ADVANCED_FACE('',(#150),#2616,.F.);
#2735=ADVANCED_FACE('',(#151),#2617,.F.);
#2736=ADVANCED_FACE('',(#152),#2618,.F.);
#2737=ADVANCED_FACE('',(#153),#2619,.F.);
#2738=ADVANCED_FACE('',(#154),#2620,.F.);
#2739=ADVANCED_FACE('',(#155),#2621,.F.);
#2740=ADVANCED_FACE('',(#156),#2622,.T.);
#2741=ADVANCED_FACE('',(#157),#2623,.F.);
#2742=ADVANCED_FACE('',(#158),#13,.F.);
#2743=ADVANCED_FACE('',(#159),#2624,.F.);
#2744=ADVANCED_FACE('',(#160),#14,.F.);
#2745=ADVANCED_FACE('',(#161),#15,.F.);
#2746=ADVANCED_FACE('',(#162),#16,.F.);
#2747=ADVANCED_FACE('',(#163),#2625,.F.);
#2748=ADVANCED_FACE('',(#164),#17,.F.);
#2749=ADVANCED_FACE('',(#165),#18,.F.);
#2750=ADVANCED_FACE('',(#166),#19,.F.);
#2751=ADVANCED_FACE('',(#167),#20,.F.);
#2752=ADVANCED_FACE('',(#168,#93,#94),#2626,.T.);
#2753=ADVANCED_FACE('',(#169),#2627,.F.);
#2754=ADVANCED_FACE('',(#170),#2628,.F.);
#2755=ADVANCED_FACE('',(#171),#2629,.F.);
#2756=ADVANCED_FACE('',(#172),#2630,.F.);
#2757=ADVANCED_FACE('',(#173),#2631,.F.);
#2758=ADVANCED_FACE('',(#174),#2632,.T.);
#2759=ADVANCED_FACE('',(#175),#2633,.F.);
#2760=ADVANCED_FACE('',(#176),#2634,.F.);
#2761=ADVANCED_FACE('',(#177),#2635,.F.);
#2762=ADVANCED_FACE('',(#178,#95),#2636,.F.);
#2763=ADVANCED_FACE('',(#179,#96),#2637,.F.);
#2764=ADVANCED_FACE('',(#180),#2638,.F.);
#2765=ADVANCED_FACE('',(#181),#21,.F.);
#2766=ADVANCED_FACE('',(#182),#2639,.T.);
#2767=ADVANCED_FACE('',(#183),#2640,.F.);
#2768=ADVANCED_FACE('',(#184),#2641,.F.);
#2769=ADVANCED_FACE('',(#185),#2642,.F.);
#2770=ADVANCED_FACE('',(#186),#2643,.F.);
#2771=ADVANCED_FACE('',(#187),#2644,.F.);
#2772=ADVANCED_FACE('',(#188),#2645,.F.);
#2773=ADVANCED_FACE('',(#189),#2646,.F.);
#2774=ADVANCED_FACE('',(#190),#2647,.T.);
#2775=ADVANCED_FACE('',(#191),#2648,.F.);
#2776=ADVANCED_FACE('',(#192),#2649,.F.);
#2777=ADVANCED_FACE('',(#193),#2650,.F.);
#2778=ADVANCED_FACE('',(#194,#97),#2651,.F.);
#2779=ADVANCED_FACE('',(#195,#98),#2652,.F.);
#2780=ADVANCED_FACE('',(#196),#2653,.F.);
#2781=ADVANCED_FACE('',(#197),#22,.F.);
#2782=ADVANCED_FACE('',(#198,#99,#100),#2654,.F.);
#2783=ADVANCED_FACE('',(#199),#2655,.F.);
#2784=ADVANCED_FACE('',(#200),#2656,.F.);
#2785=ADVANCED_FACE('',(#201),#2657,.F.);
#2786=ADVANCED_FACE('',(#202),#2658,.F.);
#2787=ADVANCED_FACE('',(#203),#2659,.F.);
#2788=ADVANCED_FACE('',(#204),#2660,.F.);
#2789=ADVANCED_FACE('',(#205),#2661,.F.);
#2790=ADVANCED_FACE('',(#206),#2662,.F.);
#2791=ADVANCED_FACE('',(#207),#2663,.F.);
#2792=ADVANCED_FACE('',(#208),#2664,.T.);
#2793=ADVANCED_FACE('',(#209),#2665,.F.);
#2794=ADVANCED_FACE('',(#210,#101),#2666,.F.);
#2795=ADVANCED_FACE('',(#211),#2667,.F.);
#2796=ADVANCED_FACE('',(#212,#102),#2668,.F.);
#2797=ADVANCED_FACE('',(#213),#23,.F.);
#2798=ADVANCED_FACE('',(#214),#2669,.T.);
#2799=ADVANCED_FACE('',(#215),#2670,.F.);
#2800=ADVANCED_FACE('',(#216),#2671,.F.);
#2801=ADVANCED_FACE('',(#217),#2672,.F.);
#2802=ADVANCED_FACE('',(#218),#2673,.F.);
#2803=ADVANCED_FACE('',(#219),#2674,.F.);
#2804=ADVANCED_FACE('',(#220),#2675,.F.);
#2805=ADVANCED_FACE('',(#221),#2676,.T.);
#2806=ADVANCED_FACE('',(#222),#2677,.F.);
#2807=ADVANCED_FACE('',(#223,#103),#2678,.F.);
#2808=ADVANCED_FACE('',(#224),#2679,.F.);
#2809=ADVANCED_FACE('',(#225,#104),#2680,.F.);
#2810=ADVANCED_FACE('',(#226),#24,.F.);
#2811=ADVANCED_FACE('',(#227),#2681,.F.);
#2812=ADVANCED_FACE('',(#228),#2682,.F.);
#2813=ADVANCED_FACE('',(#229),#2683,.T.);
#2814=ADVANCED_FACE('',(#230),#2684,.T.);
#2815=ADVANCED_FACE('',(#231),#2685,.T.);
#2816=ADVANCED_FACE('',(#232),#2686,.F.);
#2817=ADVANCED_FACE('',(#233,#105),#2687,.F.);
#2818=ADVANCED_FACE('',(#234),#2688,.F.);
#2819=ADVANCED_FACE('',(#235),#2689,.F.);
#2820=ADVANCED_FACE('',(#236),#2690,.T.);
#2821=ADVANCED_FACE('',(#237),#2691,.F.);
#2822=ADVANCED_FACE('',(#238),#2692,.F.);
#2823=ADVANCED_FACE('',(#239),#2693,.F.);
#2824=ADVANCED_FACE('',(#240),#2694,.T.);
#2825=ADVANCED_FACE('',(#241),#2695,.F.);
#2826=ADVANCED_FACE('',(#242),#2696,.F.);
#2827=ADVANCED_FACE('',(#243),#2697,.T.);
#2828=ADVANCED_FACE('',(#244),#2698,.F.);
#2829=ADVANCED_FACE('',(#245),#2699,.F.);
#2830=ADVANCED_FACE('',(#246,#106),#2700,.F.);
#2831=ADVANCED_FACE('',(#247),#2701,.T.);
#2832=ADVANCED_FACE('',(#248),#2702,.F.);
#2833=ADVANCED_FACE('',(#249),#25,.F.);
#2834=ADVANCED_FACE('',(#250),#26,.F.);
#2835=ADVANCED_FACE('',(#251),#27,.F.);
#2836=ADVANCED_FACE('',(#252),#28,.F.);
#2837=ADVANCED_FACE('',(#253),#29,.F.);
#2838=ADVANCED_FACE('',(#254),#30,.F.);
#2839=ADVANCED_FACE('',(#255),#31,.F.);
#2840=ADVANCED_FACE('',(#256),#32,.T.);
#2841=ADVANCED_FACE('',(#257,#107,#108,#109,#110,#111,#112,#113),#2703,
 .T.);
#2842=ADVANCED_FACE('',(#258,#114,#115,#116,#117,#118,#119,#120),#2704,
 .T.);
#2843=CLOSED_SHELL('',(#2705,#2706,#2707,#2708,#2709,#2710,#2711,#2712,
#2713,#2714,#2715,#2716,#2717,#2718,#2719,#2720,#2721,#2722));
#2844=CLOSED_SHELL('',(#2723,#2724,#2725,#2726,#2727,#2728,#2729,#2730,
#2731,#2732,#2733,#2734,#2735,#2736,#2737,#2738,#2739,#2740,#2741,#2742,
#2743,#2744,#2745,#2746,#2747,#2748,#2749,#2750,#2751,#2752,#2753,#2754,
#2755,#2756,#2757,#2758,#2759,#2760,#2761,#2762,#2763,#2764,#2765,#2766,
#2767,#2768,#2769,#2770,#2771,#2772,#2773,#2774,#2775,#2776,#2777,#2778,
#2779,#2780,#2781,#2782,#2783,#2784,#2785,#2786,#2787,#2788,#2789,#2790,
#2791,#2792,#2793,#2794,#2795,#2796,#2797,#2798,#2799,#2800,#2801,#2802,
#2803,#2804,#2805,#2806,#2807,#2808,#2809,#2810,#2811,#2812,#2813,#2814,
#2815,#2816,#2817,#2818,#2819,#2820,#2821,#2822,#2823,#2824,#2825,#2826,
#2827,#2828,#2829,#2830,#2831,#2832));
#2845=CLOSED_SHELL('',(#2833,#2834,#2835,#2836,#2837,#2838,#2839,#2840,
#2841,#2842));
#2846=DERIVED_UNIT_ELEMENT(#2848,1.);
#2847=DERIVED_UNIT_ELEMENT(#4587,-3.);
#2848=(
MASS_UNIT()
NAMED_UNIT(*)
SI_UNIT(.KILO.,.GRAM.)
);
#2849=DERIVED_UNIT((#2846,#2847));
#2850=MEASURE_REPRESENTATION_ITEM('density measure',
POSITIVE_RATIO_MEASURE(7850.),#2849);
#2851=PROPERTY_DEFINITION_REPRESENTATION(#2856,#2853);
#2852=PROPERTY_DEFINITION_REPRESENTATION(#2857,#2854);
#2853=REPRESENTATION('material name',(#2855),#4584);
#2854=REPRESENTATION('density',(#2850),#4584);
#2855=DESCRIPTIVE_REPRESENTATION_ITEM('Steel','Steel');
#2856=PROPERTY_DEFINITION('material property','material name',#4594);
#2857=PROPERTY_DEFINITION('material property','density of part',#4594);
#2858=AXIS2_PLACEMENT_3D('',#3779,#3049,#3050);
#2859=AXIS2_PLACEMENT_3D('',#3780,#3051,#3052);
#2860=AXIS2_PLACEMENT_3D('',#3789,#3057,#3058);
#2861=AXIS2_PLACEMENT_3D('',#3795,#3062,#3063);
#2862=AXIS2_PLACEMENT_3D('',#3801,#3067,#3068);
#2863=AXIS2_PLACEMENT_3D('',#3827,#3082,#3083);
#2864=AXIS2_PLACEMENT_3D('',#3831,#3086,#3087);
#2865=AXIS2_PLACEMENT_3D('',#3835,#3090,#3091);
#2866=AXIS2_PLACEMENT_3D('',#3839,#3094,#3095);
#2867=AXIS2_PLACEMENT_3D('',#3843,#3098,#3099);
#2868=AXIS2_PLACEMENT_3D('',#3849,#3103,#3104);
#2869=AXIS2_PLACEMENT_3D('',#3853,#3107,#3108);
#2870=AXIS2_PLACEMENT_3D('',#3857,#3111,#3112);
#2871=AXIS2_PLACEMENT_3D('',#3859,#3114,#3115);
#2872=AXIS2_PLACEMENT_3D('',#3863,#3118,#3119);
#2873=AXIS2_PLACEMENT_3D('',#3867,#3122,#3123);
#2874=AXIS2_PLACEMENT_3D('',#3873,#3127,#3128);
#2875=AXIS2_PLACEMENT_3D('',#3875,#3130,#3131);
#2876=AXIS2_PLACEMENT_3D('',#3877,#3133,#3134);
#2877=AXIS2_PLACEMENT_3D('',#3878,#3135,#3136);
#2878=AXIS2_PLACEMENT_3D('',#3884,#3139,#3140);
#2879=AXIS2_PLACEMENT_3D('',#3885,#3141,#3142);
#2880=AXIS2_PLACEMENT_3D('',#3923,#3162,#3163);
#2881=AXIS2_PLACEMENT_3D('',#3925,#3164,#3165);
#2882=AXIS2_PLACEMENT_3D('',#3933,#3170,#3171);
#2883=AXIS2_PLACEMENT_3D('',#3934,#3172,#3173);
#2884=AXIS2_PLACEMENT_3D('',#3940,#3177,#3178);
#2885=AXIS2_PLACEMENT_3D('',#3942,#3179,#3180);
#2886=AXIS2_PLACEMENT_3D('',#3944,#3182,#3183);
#2887=AXIS2_PLACEMENT_3D('',#3953,#3188,#3189);
#2888=AXIS2_PLACEMENT_3D('',#3961,#3194,#3195);
#2889=AXIS2_PLACEMENT_3D('',#3966,#3197,#3198);
#2890=AXIS2_PLACEMENT_3D('',#3968,#3200,#3201);
#2891=AXIS2_PLACEMENT_3D('',#4006,#3221,#3222);
#2892=AXIS2_PLACEMENT_3D('',#4015,#3227,#3228);
#2893=AXIS2_PLACEMENT_3D('',#4023,#3233,#3234);
#2894=AXIS2_PLACEMENT_3D('',#4026,#3236,#3237);
#2895=AXIS2_PLACEMENT_3D('',#4027,#3238,#3239);
#2896=AXIS2_PLACEMENT_3D('',#4029,#3240,#3241);
#2897=AXIS2_PLACEMENT_3D('',#4037,#3246,#3247);
#2898=AXIS2_PLACEMENT_3D('',#4038,#3248,#3249);
#2899=AXIS2_PLACEMENT_3D('',#4044,#3253,#3254);
#2900=AXIS2_PLACEMENT_3D('',#4046,#3255,#3256);
#2901=AXIS2_PLACEMENT_3D('',#4047,#3257,#3258);
#2902=AXIS2_PLACEMENT_3D('',#4048,#3259,#3260);
#2903=AXIS2_PLACEMENT_3D('',#4050,#3261,#3262);
#2904=AXIS2_PLACEMENT_3D('',#4051,#3263,#3264);
#2905=AXIS2_PLACEMENT_3D('',#4052,#3265,#3266);
#2906=AXIS2_PLACEMENT_3D('',#4054,#3267,#3268);
#2907=AXIS2_PLACEMENT_3D('',#4055,#3269,#3270);
#2908=AXIS2_PLACEMENT_3D('',#4056,#3271,#3272);
#2909=AXIS2_PLACEMENT_3D('',#4057,#3273,#3274);
#2910=AXIS2_PLACEMENT_3D('',#4058,#3275,#3276);
#2911=AXIS2_PLACEMENT_3D('',#4064,#3280,#3281);
#2912=AXIS2_PLACEMENT_3D('',#4066,#3282,#3283);
#2913=AXIS2_PLACEMENT_3D('',#4067,#3284,#3285);
#2914=AXIS2_PLACEMENT_3D('',#4068,#3286,#3287);
#2915=AXIS2_PLACEMENT_3D('',#4071,#3289,#3290);
#2916=AXIS2_PLACEMENT_3D('',#4072,#3291,#3292);
#2917=AXIS2_PLACEMENT_3D('',#4078,#3296,#3297);
#2918=AXIS2_PLACEMENT_3D('',#4079,#3298,#3299);
#2919=AXIS2_PLACEMENT_3D('',#4080,#3300,#3301);
#2920=AXIS2_PLACEMENT_3D('',#4081,#3302,#3303);
#2921=AXIS2_PLACEMENT_3D('',#4082,#3304,#3305);
#2922=AXIS2_PLACEMENT_3D('',#4083,#3306,#3307);
#2923=AXIS2_PLACEMENT_3D('',#4086,#3309,#3310);
#2924=AXIS2_PLACEMENT_3D('',#4087,#3311,#3312);
#2925=AXIS2_PLACEMENT_3D('',#4093,#3316,#3317);
#2926=AXIS2_PLACEMENT_3D('',#4095,#3318,#3319);
#2927=AXIS2_PLACEMENT_3D('',#4097,#3321,#3322);
#2928=AXIS2_PLACEMENT_3D('',#4098,#3323,#3324);
#2929=AXIS2_PLACEMENT_3D('',#4101,#3326,#3327);
#2930=AXIS2_PLACEMENT_3D('',#4102,#3328,#3329);
#2931=AXIS2_PLACEMENT_3D('',#4104,#3330,#3331);
#2932=AXIS2_PLACEMENT_3D('',#4106,#3333,#3334);
#2933=AXIS2_PLACEMENT_3D('',#4109,#3336,#3337);
#2934=AXIS2_PLACEMENT_3D('',#4110,#3338,#3339);
#2935=AXIS2_PLACEMENT_3D('',#4137,#3354,#3355);
#2936=AXIS2_PLACEMENT_3D('',#4143,#3359,#3360);
#2937=AXIS2_PLACEMENT_3D('',#4147,#3363,#3364);
#2938=AXIS2_PLACEMENT_3D('',#4155,#3369,#3370);
#2939=AXIS2_PLACEMENT_3D('',#4161,#3374,#3375);
#2940=AXIS2_PLACEMENT_3D('',#4167,#3379,#3380);
#2941=AXIS2_PLACEMENT_3D('',#4177,#3386,#3387);
#2942=AXIS2_PLACEMENT_3D('',#4190,#3395,#3396);
#2943=AXIS2_PLACEMENT_3D('',#4192,#3398,#3399);
#2944=AXIS2_PLACEMENT_3D('',#4195,#3402,#3403);
#2945=AXIS2_PLACEMENT_3D('',#4197,#3404,#3405);
#2946=AXIS2_PLACEMENT_3D('',#4198,#3406,#3407);
#2947=AXIS2_PLACEMENT_3D('',#4201,#3409,#3410);
#2948=AXIS2_PLACEMENT_3D('',#4202,#3411,#3412);
#2949=AXIS2_PLACEMENT_3D('',#4203,#3413,#3414);
#2950=AXIS2_PLACEMENT_3D('',#4205,#3416,#3417);
#2951=AXIS2_PLACEMENT_3D('',#4218,#3424,#3425);
#2952=AXIS2_PLACEMENT_3D('',#4224,#3429,#3430);
#2953=AXIS2_PLACEMENT_3D('',#4228,#3433,#3434);
#2954=AXIS2_PLACEMENT_3D('',#4234,#3438,#3439);
#2955=AXIS2_PLACEMENT_3D('',#4239,#3443,#3444);
#2956=AXIS2_PLACEMENT_3D('',#4249,#3450,#3451);
#2957=AXIS2_PLACEMENT_3D('',#4256,#3456,#3457);
#2958=AXIS2_PLACEMENT_3D('',#4262,#3461,#3462);
#2959=AXIS2_PLACEMENT_3D('',#4272,#3468,#3469);
#2960=AXIS2_PLACEMENT_3D('',#4282,#3475,#3476);
#2961=AXIS2_PLACEMENT_3D('',#4284,#3478,#3479);
#2962=AXIS2_PLACEMENT_3D('',#4287,#3482,#3483);
#2963=AXIS2_PLACEMENT_3D('',#4289,#3484,#3485);
#2964=AXIS2_PLACEMENT_3D('',#4290,#3486,#3487);
#2965=AXIS2_PLACEMENT_3D('',#4293,#3489,#3490);
#2966=AXIS2_PLACEMENT_3D('',#4294,#3491,#3492);
#2967=AXIS2_PLACEMENT_3D('',#4295,#3493,#3494);
#2968=AXIS2_PLACEMENT_3D('',#4297,#3496,#3497);
#2969=AXIS2_PLACEMENT_3D('',#4312,#3506,#3507);
#2970=AXIS2_PLACEMENT_3D('',#4321,#3513,#3514);
#2971=AXIS2_PLACEMENT_3D('',#4325,#3517,#3518);
#2972=AXIS2_PLACEMENT_3D('',#4327,#3520,#3521);
#2973=AXIS2_PLACEMENT_3D('',#4331,#3524,#3525);
#2974=AXIS2_PLACEMENT_3D('',#4340,#3530,#3531);
#2975=AXIS2_PLACEMENT_3D('',#4348,#3536,#3537);
#2976=AXIS2_PLACEMENT_3D('',#4351,#3540,#3541);
#2977=AXIS2_PLACEMENT_3D('',#4361,#3547,#3548);
#2978=AXIS2_PLACEMENT_3D('',#4365,#3551,#3552);
#2979=AXIS2_PLACEMENT_3D('',#4373,#3557,#3558);
#2980=AXIS2_PLACEMENT_3D('',#4376,#3561,#3562);
#2981=AXIS2_PLACEMENT_3D('',#4379,#3564,#3565);
#2982=AXIS2_PLACEMENT_3D('',#4380,#3566,#3567);
#2983=AXIS2_PLACEMENT_3D('',#4381,#3568,#3569);
#2984=AXIS2_PLACEMENT_3D('',#4383,#3570,#3571);
#2985=AXIS2_PLACEMENT_3D('',#4384,#3572,#3573);
#2986=AXIS2_PLACEMENT_3D('',#4386,#3575,#3576);
#2987=AXIS2_PLACEMENT_3D('',#4388,#3578,#3579);
#2988=AXIS2_PLACEMENT_3D('',#4394,#3583,#3584);
#2989=AXIS2_PLACEMENT_3D('',#4403,#3589,#3590);
#2990=AXIS2_PLACEMENT_3D('',#4411,#3595,#3596);
#2991=AXIS2_PLACEMENT_3D('',#4414,#3599,#3600);
#2992=AXIS2_PLACEMENT_3D('',#4427,#3608,#3609);
#2993=AXIS2_PLACEMENT_3D('',#4431,#3612,#3613);
#2994=AXIS2_PLACEMENT_3D('',#4439,#3618,#3619);
#2995=AXIS2_PLACEMENT_3D('',#4442,#3622,#3623);
#2996=AXIS2_PLACEMENT_3D('',#4445,#3625,#3626);
#2997=AXIS2_PLACEMENT_3D('',#4446,#3627,#3628);
#2998=AXIS2_PLACEMENT_3D('',#4447,#3629,#3630);
#2999=AXIS2_PLACEMENT_3D('',#4449,#3631,#3632);
#3000=AXIS2_PLACEMENT_3D('',#4450,#3633,#3634);
#3001=AXIS2_PLACEMENT_3D('',#4452,#3636,#3637);
#3002=AXIS2_PLACEMENT_3D('',#4456,#3640,#3641);
#3003=AXIS2_PLACEMENT_3D('',#4465,#3646,#3647);
#3004=AXIS2_PLACEMENT_3D('',#4474,#3652,#3653);
#3005=AXIS2_PLACEMENT_3D('',#4480,#3657,#3658);
#3006=AXIS2_PLACEMENT_3D('',#4486,#3662,#3663);
#3007=AXIS2_PLACEMENT_3D('',#4489,#3666,#3667);
#3008=AXIS2_PLACEMENT_3D('',#4495,#3672,#3673);
#3009=AXIS2_PLACEMENT_3D('',#4501,#3677,#3678);
#3010=AXIS2_PLACEMENT_3D('',#4503,#3680,#3681);
#3011=AXIS2_PLACEMENT_3D('',#4505,#3683,#3684);
#3012=AXIS2_PLACEMENT_3D('',#4507,#3686,#3687);
#3013=AXIS2_PLACEMENT_3D('',#4509,#3689,#3690);
#3014=AXIS2_PLACEMENT_3D('',#4511,#3692,#3693);
#3015=AXIS2_PLACEMENT_3D('',#4512,#3694,#3695);
#3016=AXIS2_PLACEMENT_3D('',#4514,#3697,#3698);
#3017=AXIS2_PLACEMENT_3D('',#4518,#3701,#3702);
#3018=AXIS2_PLACEMENT_3D('',#4520,#3704,#3705);
#3019=AXIS2_PLACEMENT_3D('',#4526,#3709,#3710);
#3020=AXIS2_PLACEMENT_3D('',#4528,#3712,#3713);
#3021=AXIS2_PLACEMENT_3D('',#4529,#3714,#3715);
#3022=AXIS2_PLACEMENT_3D('',#4531,#3717,#3718);
#3023=AXIS2_PLACEMENT_3D('',#4532,#3719,#3720);
#3024=AXIS2_PLACEMENT_3D('',#4534,#3721,#3722);
#3025=AXIS2_PLACEMENT_3D('',#4537,#3724,#3725);
#3026=AXIS2_PLACEMENT_3D('',#4538,#3726,#3727);
#3027=AXIS2_PLACEMENT_3D('',#4540,#3728,#3729);
#3028=AXIS2_PLACEMENT_3D('',#4543,#3731,#3732);
#3029=AXIS2_PLACEMENT_3D('',#4544,#3733,#3734);
#3030=AXIS2_PLACEMENT_3D('',#4546,#3735,#3736);
#3031=AXIS2_PLACEMENT_3D('',#4549,#3738,#3739);
#3032=AXIS2_PLACEMENT_3D('',#4550,#3740,#3741);
#3033=AXIS2_PLACEMENT_3D('',#4552,#3742,#3743);
#3034=AXIS2_PLACEMENT_3D('',#4555,#3745,#3746);
#3035=AXIS2_PLACEMENT_3D('',#4556,#3747,#3748);
#3036=AXIS2_PLACEMENT_3D('',#4558,#3749,#3750);
#3037=AXIS2_PLACEMENT_3D('',#4561,#3752,#3753);
#3038=AXIS2_PLACEMENT_3D('',#4562,#3754,#3755);
#3039=AXIS2_PLACEMENT_3D('',#4564,#3756,#3757);
#3040=AXIS2_PLACEMENT_3D('',#4567,#3759,#3760);
#3041=AXIS2_PLACEMENT_3D('',#4568,#3761,#3762);
#3042=AXIS2_PLACEMENT_3D('',#4570,#3763,#3764);
#3043=AXIS2_PLACEMENT_3D('',#4573,#3766,#3767);
#3044=AXIS2_PLACEMENT_3D('',#4574,#3768,#3769);
#3045=AXIS2_PLACEMENT_3D('',#4576,#3770,#3771);
#3046=AXIS2_PLACEMENT_3D('',#4579,#3773,#3774);
#3047=AXIS2_PLACEMENT_3D('',#4580,#3775,#3776);
#3048=AXIS2_PLACEMENT_3D('',#4581,#3777,#3778);
#3049=DIRECTION('axis',(0.,0.,1.));
#3050=DIRECTION('refdir',(1.,0.,0.));
#3051=DIRECTION('center_axis',(0.,0.,1.));
#3052=DIRECTION('ref_axis',(1.,0.,0.));
#3053=DIRECTION('',(0.,1.,0.));
#3054=DIRECTION('',(1.,0.,0.));
#3055=DIRECTION('',(0.,-1.,0.));
#3056=DIRECTION('',(-1.,0.,0.));
#3057=DIRECTION('center_axis',(0.,1.,0.));
#3058=DIRECTION('ref_axis',(0.,0.,1.));
#3059=DIRECTION('',(0.,0.,1.));
#3060=DIRECTION('',(-1.,0.,0.));
#3061=DIRECTION('',(0.,0.,-1.));
#3062=DIRECTION('center_axis',(0.,0.,1.));
#3063=DIRECTION('ref_axis',(1.,0.,0.));
#3064=DIRECTION('',(0.,-1.,0.));
#3065=DIRECTION('',(1.,0.,0.));
#3066=DIRECTION('',(0.,1.,0.));
#3067=DIRECTION('center_axis',(1.,0.,0.));
#3068=DIRECTION('ref_axis',(0.,0.,-1.));
#3069=DIRECTION('',(0.,0.,-1.));
#3070=DIRECTION('',(0.,1.,0.));
#3071=DIRECTION('',(0.,0.,-1.));
#3072=DIRECTION('',(0.,1.,0.));
#3073=DIRECTION('',(0.,0.,1.));
#3074=DIRECTION('',(0.,-1.,0.));
#3075=DIRECTION('',(0.,0.,-1.));
#3076=DIRECTION('',(0.,-1.,0.));
#3077=DIRECTION('',(0.,0.,-1.));
#3078=DIRECTION('',(0.,1.,0.));
#3079=DIRECTION('',(0.,0.,1.));
#3080=DIRECTION('',(0.,-1.,0.));
#3081=DIRECTION('',(0.,0.,-1.));
#3082=DIRECTION('center_axis',(0.,-1.,0.));
#3083=DIRECTION('ref_axis',(0.,0.,-1.));
#3084=DIRECTION('',(0.,0.,-1.));
#3085=DIRECTION('',(1.,0.,0.));
#3086=DIRECTION('center_axis',(0.,-1.,0.));
#3087=DIRECTION('ref_axis',(0.,0.,-1.));
#3088=DIRECTION('',(-1.,0.,0.));
#3089=DIRECTION('',(0.,0.,-1.));
#3090=DIRECTION('center_axis',(0.,0.,1.));
#3091=DIRECTION('ref_axis',(1.,0.,0.));
#3092=DIRECTION('',(0.,-1.,0.));
#3093=DIRECTION('',(-1.,0.,0.));
#3094=DIRECTION('center_axis',(0.,0.,1.));
#3095=DIRECTION('ref_axis',(1.,0.,0.));
#3096=DIRECTION('',(0.,1.,0.));
#3097=DIRECTION('',(1.,0.,0.));
#3098=DIRECTION('center_axis',(0.,-1.,0.));
#3099=DIRECTION('ref_axis',(0.,0.,-1.));
#3100=DIRECTION('',(1.,0.,0.));
#3101=DIRECTION('',(0.,0.,-1.));
#3102=DIRECTION('',(-1.,0.,0.));
#3103=DIRECTION('center_axis',(0.,0.,1.));
#3104=DIRECTION('ref_axis',(1.,0.,0.));
#3105=DIRECTION('',(-1.,0.,0.));
#3106=DIRECTION('',(0.,-1.,0.));
#3107=DIRECTION('center_axis',(0.,1.,0.));
#3108=DIRECTION('ref_axis',(0.,0.,1.));
#3109=DIRECTION('',(1.,0.,0.));
#3110=DIRECTION('',(0.,0.,1.));
#3111=DIRECTION('center_axis',(0.,0.,1.));
#3112=DIRECTION('ref_axis',(1.,0.,0.));
#3113=DIRECTION('',(0.,1.,0.));
#3114=DIRECTION('center_axis',(0.,1.,0.));
#3115=DIRECTION('ref_axis',(0.,0.,1.));
#3116=DIRECTION('',(1.,0.,0.));
#3117=DIRECTION('',(0.,0.,-1.));
#3118=DIRECTION('center_axis',(0.,1.,0.));
#3119=DIRECTION('ref_axis',(0.,0.,1.));
#3120=DIRECTION('',(-1.,0.,0.));
#3121=DIRECTION('',(0.,0.,-1.));
#3122=DIRECTION('center_axis',(-1.,0.,0.));
#3123=DIRECTION('ref_axis',(0.,0.,1.));
#3124=DIRECTION('',(0.,1.,0.));
#3125=DIRECTION('',(0.,0.,-1.));
#3126=DIRECTION('',(0.,-1.,0.));
#3127=DIRECTION('center_axis',(0.,0.,1.));
#3128=DIRECTION('ref_axis',(1.,0.,0.));
#3129=DIRECTION('',(1.,0.,0.));
#3130=DIRECTION('center_axis',(0.,-1.,0.));
#3131=DIRECTION('ref_axis',(0.,0.,-1.));
#3132=DIRECTION('',(-1.,0.,0.));
#3133=DIRECTION('center_axis',(0.,0.,1.));
#3134=DIRECTION('ref_axis',(1.,0.,0.));
#3135=DIRECTION('center_axis',(0.,0.,1.));
#3136=DIRECTION('ref_axis',(1.,0.,0.));
#3137=DIRECTION('',(-1.,0.,0.));
#3138=DIRECTION('',(0.994568639219821,0.104082764569516,0.));
#3139=DIRECTION('center_axis',(0.,0.,1.));
#3140=DIRECTION('ref_axis',(1.,0.,0.));
#3141=DIRECTION('center_axis',(0.,1.,0.));
#3142=DIRECTION('ref_axis',(0.,0.,1.));
#3143=DIRECTION('',(0.,0.,-1.));
#3144=DIRECTION('',(-1.,0.,0.));
#3145=DIRECTION('',(0.,0.,1.));
#3146=DIRECTION('',(-1.,0.,0.));
#3147=DIRECTION('',(0.,0.,-1.));
#3148=DIRECTION('',(-1.,0.,0.));
#3149=DIRECTION('',(0.,0.,-1.));
#3150=DIRECTION('',(1.,0.,0.));
#3151=DIRECTION('',(0.,0.,-1.));
#3152=DIRECTION('',(1.,0.,0.));
#3153=DIRECTION('',(0.,0.,1.));
#3154=DIRECTION('',(1.,0.,0.));
#3155=DIRECTION('',(0.,0.,-1.));
#3156=DIRECTION('',(1.,0.,0.));
#3157=DIRECTION('',(0.,0.,1.));
#3158=DIRECTION('',(1.,0.,0.));
#3159=DIRECTION('',(0.,0.,1.));
#3160=DIRECTION('',(-1.,0.,0.));
#3161=DIRECTION('',(0.,0.,1.));
#3162=DIRECTION('center_axis',(0.,0.,1.));
#3163=DIRECTION('ref_axis',(1.,0.,0.));
#3164=DIRECTION('center_axis',(0.,0.,-1.));
#3165=DIRECTION('ref_axis',(1.,0.,0.));
#3166=DIRECTION('',(-0.994568639219821,-0.104082764569516,0.));
#3167=DIRECTION('',(0.104082764569516,-0.994568639219821,0.));
#3168=DIRECTION('',(0.994568639219821,0.104082764569516,0.));
#3169=DIRECTION('',(0.,1.,0.));
#3170=DIRECTION('center_axis',(0.,0.,-1.));
#3171=DIRECTION('ref_axis',(1.,0.,0.));
#3172=DIRECTION('center_axis',(-0.104082764569516,0.994568639219821,0.));
#3173=DIRECTION('ref_axis',(0.,0.,1.));
#3174=DIRECTION('',(0.,0.,-1.));
#3175=DIRECTION('',(-0.994568639219821,-0.104082764569516,0.));
#3176=DIRECTION('',(0.,0.,-1.));
#3177=DIRECTION('center_axis',(0.,0.,-1.));
#3178=DIRECTION('ref_axis',(-1.,0.,0.));
#3179=DIRECTION('center_axis',(0.,0.,-1.));
#3180=DIRECTION('ref_axis',(1.,0.,0.));
#3181=DIRECTION('',(-0.994568639219821,-0.104082764569516,0.));
#3182=DIRECTION('center_axis',(-0.104082764569516,0.994568639219821,0.));
#3183=DIRECTION('ref_axis',(0.,0.,1.));
#3184=DIRECTION('',(0.,0.,-1.));
#3185=DIRECTION('',(0.994568639219821,0.104082764569516,0.));
#3186=DIRECTION('',(0.,0.,-1.));
#3187=DIRECTION('',(0.994568639219821,0.104082764569516,0.));
#3188=DIRECTION('center_axis',(-0.104082764569516,0.994568639219821,0.));
#3189=DIRECTION('ref_axis',(0.,0.,1.));
#3190=DIRECTION('',(0.,0.,1.));
#3191=DIRECTION('',(0.994568639219821,0.104082764569516,0.));
#3192=DIRECTION('',(0.,0.,-1.));
#3193=DIRECTION('',(0.994568639219821,0.104082764569516,0.));
#3194=DIRECTION('center_axis',(0.,0.,1.));
#3195=DIRECTION('ref_axis',(1.,0.,0.));
#3196=DIRECTION('',(1.,0.,0.));
#3197=DIRECTION('center_axis',(0.,0.,1.));
#3198=DIRECTION('ref_axis',(1.,0.,0.));
#3199=DIRECTION('',(-0.994568639219821,0.104082764569516,0.));
#3200=DIRECTION('center_axis',(0.,-1.,0.));
#3201=DIRECTION('ref_axis',(0.,0.,-1.));
#3202=DIRECTION('',(0.,0.,1.));
#3203=DIRECTION('',(0.,0.,-1.));
#3204=DIRECTION('',(1.,0.,0.));
#3205=DIRECTION('',(0.,0.,-1.));
#3206=DIRECTION('',(-1.,0.,0.));
#3207=DIRECTION('',(0.,0.,-1.));
#3208=DIRECTION('',(-1.,0.,0.));
#3209=DIRECTION('',(0.,0.,1.));
#3210=DIRECTION('',(-1.,0.,0.));
#3211=DIRECTION('',(0.,0.,-1.));
#3212=DIRECTION('',(-1.,0.,0.));
#3213=DIRECTION('',(0.,0.,1.));
#3214=DIRECTION('',(-1.,0.,0.));
#3215=DIRECTION('',(0.,0.,-1.));
#3216=DIRECTION('',(1.,0.,0.));
#3217=DIRECTION('',(0.,0.,1.));
#3218=DIRECTION('',(1.,0.,0.));
#3219=DIRECTION('',(0.,0.,-1.));
#3220=DIRECTION('',(1.,0.,0.));
#3221=DIRECTION('center_axis',(-0.104082764569516,-0.994568639219821,0.));
#3222=DIRECTION('ref_axis',(0.,0.,-1.));
#3223=DIRECTION('',(0.,0.,1.));
#3224=DIRECTION('',(0.994568639219821,-0.104082764569516,0.));
#3225=DIRECTION('',(0.,0.,-1.));
#3226=DIRECTION('',(0.994568639219821,-0.104082764569516,0.));
#3227=DIRECTION('center_axis',(-0.104082764569516,-0.994568639219821,0.));
#3228=DIRECTION('ref_axis',(0.,0.,-1.));
#3229=DIRECTION('',(0.,0.,-1.));
#3230=DIRECTION('',(0.994568639219821,-0.104082764569516,0.));
#3231=DIRECTION('',(0.,0.,1.));
#3232=DIRECTION('',(0.994568639219821,-0.104082764569516,0.));
#3233=DIRECTION('center_axis',(0.,0.,-1.));
#3234=DIRECTION('ref_axis',(-1.,0.,0.));
#3235=DIRECTION('',(0.994568639219821,-0.104082764569516,0.));
#3236=DIRECTION('center_axis',(0.,0.,-1.));
#3237=DIRECTION('ref_axis',(1.,0.,0.));
#3238=DIRECTION('center_axis',(0.,0.,1.));
#3239=DIRECTION('ref_axis',(1.,0.,0.));
#3240=DIRECTION('center_axis',(0.,0.,1.));
#3241=DIRECTION('ref_axis',(1.,0.,0.));
#3242=DIRECTION('',(-0.994568639219821,0.104082764569516,0.));
#3243=DIRECTION('',(0.104082764569516,0.994568639219821,0.));
#3244=DIRECTION('',(0.994568639219821,-0.104082764569516,0.));
#3245=DIRECTION('',(0.,-1.,0.));
#3246=DIRECTION('center_axis',(0.,0.,1.));
#3247=DIRECTION('ref_axis',(1.,0.,0.));
#3248=DIRECTION('center_axis',(-0.104082764569516,-0.994568639219821,0.));
#3249=DIRECTION('ref_axis',(0.,0.,-1.));
#3250=DIRECTION('',(0.,0.,1.));
#3251=DIRECTION('',(-0.994568639219821,0.104082764569516,0.));
#3252=DIRECTION('',(0.,0.,-1.));
#3253=DIRECTION('center_axis',(0.,0.,1.));
#3254=DIRECTION('ref_axis',(1.,0.,0.));
#3255=DIRECTION('center_axis',(0.,0.,1.));
#3256=DIRECTION('ref_axis',(1.,0.,0.));
#3257=DIRECTION('center_axis',(0.,0.,1.));
#3258=DIRECTION('ref_axis',(1.,0.,0.));
#3259=DIRECTION('center_axis',(0.,0.,-1.));
#3260=DIRECTION('ref_axis',(-1.,0.,0.));
#3261=DIRECTION('center_axis',(0.,0.,-1.));
#3262=DIRECTION('ref_axis',(1.,0.,0.));
#3263=DIRECTION('center_axis',(0.,0.,-1.));
#3264=DIRECTION('ref_axis',(1.,0.,0.));
#3265=DIRECTION('center_axis',(0.,0.,1.));
#3266=DIRECTION('ref_axis',(1.,0.,0.));
#3267=DIRECTION('center_axis',(0.,0.,1.));
#3268=DIRECTION('ref_axis',(1.,0.,0.));
#3269=DIRECTION('center_axis',(0.,0.,1.));
#3270=DIRECTION('ref_axis',(1.,0.,0.));
#3271=DIRECTION('center_axis',(0.,0.,1.));
#3272=DIRECTION('ref_axis',(1.,0.,0.));
#3273=DIRECTION('center_axis',(0.,0.,-1.));
#3274=DIRECTION('ref_axis',(1.,0.,0.));
#3275=DIRECTION('center_axis',(0.,0.,-1.));
#3276=DIRECTION('ref_axis',(1.,0.,0.));
#3277=DIRECTION('',(0.,1.,0.));
#3278=DIRECTION('',(-0.994568639219821,0.104082764569516,0.));
#3279=DIRECTION('',(-0.104082764569516,-0.994568639219821,0.));
#3280=DIRECTION('center_axis',(0.,0.,-1.));
#3281=DIRECTION('ref_axis',(-1.,0.,0.));
#3282=DIRECTION('center_axis',(0.,0.,-1.));
#3283=DIRECTION('ref_axis',(1.,0.,0.));
#3284=DIRECTION('center_axis',(0.,0.,-1.));
#3285=DIRECTION('ref_axis',(1.,0.,0.));
#3286=DIRECTION('center_axis',(0.,0.,1.));
#3287=DIRECTION('ref_axis',(1.,0.,0.));
#3288=DIRECTION('',(0.,0.,1.));
#3289=DIRECTION('center_axis',(0.,0.,1.));
#3290=DIRECTION('ref_axis',(1.,0.,0.));
#3291=DIRECTION('center_axis',(-0.104082764569516,0.994568639219821,0.));
#3292=DIRECTION('ref_axis',(0.,0.,1.));
#3293=DIRECTION('',(-0.994568639219821,-0.104082764569516,0.));
#3294=DIRECTION('',(0.,0.,-1.));
#3295=DIRECTION('',(-0.994568639219821,-0.104082764569516,0.));
#3296=DIRECTION('center_axis',(0.,0.,1.));
#3297=DIRECTION('ref_axis',(1.,0.,0.));
#3298=DIRECTION('center_axis',(0.,0.,-1.));
#3299=DIRECTION('ref_axis',(1.,0.,0.));
#3300=DIRECTION('center_axis',(0.,0.,1.));
#3301=DIRECTION('ref_axis',(1.,0.,0.));
#3302=DIRECTION('center_axis',(0.,0.,1.));
#3303=DIRECTION('ref_axis',(1.,0.,0.));
#3304=DIRECTION('center_axis',(0.,0.,1.));
#3305=DIRECTION('ref_axis',(1.,0.,0.));
#3306=DIRECTION('center_axis',(0.,0.,1.));
#3307=DIRECTION('ref_axis',(1.,0.,0.));
#3308=DIRECTION('',(0.,0.,-1.));
#3309=DIRECTION('center_axis',(0.,0.,-1.));
#3310=DIRECTION('ref_axis',(1.,0.,0.));
#3311=DIRECTION('center_axis',(-0.104082764569516,-0.994568639219821,0.));
#3312=DIRECTION('ref_axis',(0.,0.,-1.));
#3313=DIRECTION('',(-0.994568639219821,0.104082764569516,0.));
#3314=DIRECTION('',(0.,0.,1.));
#3315=DIRECTION('',(-0.994568639219821,0.104082764569516,0.));
#3316=DIRECTION('center_axis',(0.,0.,1.));
#3317=DIRECTION('ref_axis',(1.,0.,0.));
#3318=DIRECTION('center_axis',(0.,0.,1.));
#3319=DIRECTION('ref_axis',(1.,0.,0.));
#3320=DIRECTION('',(0.,0.,1.));
#3321=DIRECTION('center_axis',(0.,0.,1.));
#3322=DIRECTION('ref_axis',(1.,0.,0.));
#3323=DIRECTION('center_axis',(0.,0.,1.));
#3324=DIRECTION('ref_axis',(1.,0.,0.));
#3325=DIRECTION('',(0.,0.,1.));
#3326=DIRECTION('center_axis',(0.,0.,-1.));
#3327=DIRECTION('ref_axis',(1.,0.,0.));
#3328=DIRECTION('center_axis',(0.,0.,1.));
#3329=DIRECTION('ref_axis',(1.,0.,0.));
#3330=DIRECTION('center_axis',(0.,0.,1.));
#3331=DIRECTION('ref_axis',(1.,0.,0.));
#3332=DIRECTION('',(0.,0.,1.));
#3333=DIRECTION('center_axis',(0.,0.,1.));
#3334=DIRECTION('ref_axis',(1.,0.,0.));
#3335=DIRECTION('',(0.,0.,1.));
#3336=DIRECTION('center_axis',(0.,0.,-1.));
#3337=DIRECTION('ref_axis',(1.,0.,0.));
#3338=DIRECTION('center_axis',(0.,0.,1.));
#3339=DIRECTION('ref_axis',(0.994568639219821,-0.104082764569516,0.));
#3340=DIRECTION('',(-0.104082764569516,0.994568639219821,0.));
#3341=DIRECTION('',(-1.,0.,0.));
#3342=DIRECTION('',(0.,1.,0.));
#3343=DIRECTION('',(-0.994568639219821,-0.104082764569516,0.));
#3344=DIRECTION('',(0.104082764569516,-0.994568639219821,0.));
#3345=DIRECTION('',(0.994568639219821,0.104082764569516,0.));
#3346=DIRECTION('',(0.,-1.,0.));
#3347=DIRECTION('',(-0.994568639219821,0.104082764569516,0.));
#3348=DIRECTION('',(-0.104082764569516,-0.994568639219821,0.));
#3349=DIRECTION('',(0.994568639219821,-0.104082764569516,0.));
#3350=DIRECTION('',(0.,1.,0.));
#3351=DIRECTION('',(1.,0.,0.));
#3352=DIRECTION('',(0.104082764569516,0.994568639219821,0.));
#3353=DIRECTION('',(0.,1.,0.));
#3354=DIRECTION('center_axis',(0.994568639219821,-0.104082764569516,0.));
#3355=DIRECTION('ref_axis',(0.,0.,-1.));
#3356=DIRECTION('',(-0.104082764569516,-0.994568639219821,0.));
#3357=DIRECTION('',(0.,0.,-1.));
#3358=DIRECTION('',(0.,0.,-1.));
#3359=DIRECTION('center_axis',(-0.104082764569516,-0.994568639219821,0.));
#3360=DIRECTION('ref_axis',(0.,0.,-1.));
#3361=DIRECTION('',(0.,0.,-1.));
#3362=DIRECTION('',(-0.994568639219821,0.104082764569516,0.));
#3363=DIRECTION('center_axis',(0.,-1.,0.));
#3364=DIRECTION('ref_axis',(0.,0.,-1.));
#3365=DIRECTION('',(0.,0.,-1.));
#3366=DIRECTION('',(1.,0.,0.));
#3367=DIRECTION('',(0.,0.,-1.));
#3368=DIRECTION('',(-1.,0.,0.));
#3369=DIRECTION('center_axis',(1.,0.,0.));
#3370=DIRECTION('ref_axis',(0.,0.,-1.));
#3371=DIRECTION('',(0.,1.,0.));
#3372=DIRECTION('',(0.,0.,-1.));
#3373=DIRECTION('',(0.,-1.,0.));
#3374=DIRECTION('center_axis',(0.,1.,0.));
#3375=DIRECTION('ref_axis',(0.,0.,1.));
#3376=DIRECTION('',(0.,0.,1.));
#3377=DIRECTION('',(1.,0.,0.));
#3378=DIRECTION('',(-1.,0.,0.));
#3379=DIRECTION('center_axis',(0.,0.,1.));
#3380=DIRECTION('ref_axis',(1.,0.,0.));
#3381=DIRECTION('',(0.,1.,0.));
#3382=DIRECTION('',(0.,-1.,0.));
#3383=DIRECTION('',(1.,0.,0.));
#3384=DIRECTION('',(0.,1.,0.));
#3385=DIRECTION('',(-1.,0.,0.));
#3386=DIRECTION('center_axis',(0.,0.,1.));
#3387=DIRECTION('ref_axis',(1.,0.,0.));
#3388=DIRECTION('',(1.,0.,0.));
#3389=DIRECTION('',(0.,-1.,0.));
#3390=DIRECTION('',(-1.,0.,0.));
#3391=DIRECTION('',(0.,1.,0.));
#3392=DIRECTION('',(0.994568639219821,-0.104082764569516,0.));
#3393=DIRECTION('',(0.104082764569516,0.994568639219821,0.));
#3394=DIRECTION('',(0.,-1.,0.));
#3395=DIRECTION('center_axis',(-1.,0.,0.));
#3396=DIRECTION('ref_axis',(0.,0.,1.));
#3397=DIRECTION('',(0.,0.,-1.));
#3398=DIRECTION('center_axis',(-1.,0.,0.));
#3399=DIRECTION('ref_axis',(0.,0.,1.));
#3400=DIRECTION('',(0.,0.,-1.));
#3401=DIRECTION('',(0.,0.,-1.));
#3402=DIRECTION('center_axis',(0.,-1.,0.));
#3403=DIRECTION('ref_axis',(0.,0.,-1.));
#3404=DIRECTION('center_axis',(0.,-1.,0.));
#3405=DIRECTION('ref_axis',(1.,0.,0.));
#3406=DIRECTION('center_axis',(0.,1.,0.));
#3407=DIRECTION('ref_axis',(0.,0.,1.));
#3408=DIRECTION('',(0.,0.,-1.));
#3409=DIRECTION('center_axis',(0.,1.,0.));
#3410=DIRECTION('ref_axis',(1.,0.,0.));
#3411=DIRECTION('center_axis',(1.,0.,0.));
#3412=DIRECTION('ref_axis',(0.,0.,-1.));
#3413=DIRECTION('center_axis',(0.,-1.,0.));
#3414=DIRECTION('ref_axis',(1.,0.,0.));
#3415=DIRECTION('',(0.,-1.,0.));
#3416=DIRECTION('center_axis',(0.,0.,1.));
#3417=DIRECTION('ref_axis',(0.994568639219821,-0.104082764569516,0.));
#3418=DIRECTION('',(0.,1.,0.));
#3419=DIRECTION('',(-1.,0.,0.));
#3420=DIRECTION('',(0.,1.,0.));
#3421=DIRECTION('',(0.994568639219821,-0.104082764569516,0.));
#3422=DIRECTION('',(0.104082764569516,0.994568639219821,0.));
#3423=DIRECTION('',(-0.994568639219821,0.104082764569516,0.));
#3424=DIRECTION('center_axis',(-0.104082764569516,-0.994568639219821,0.));
#3425=DIRECTION('ref_axis',(0.,0.,-1.));
#3426=DIRECTION('',(0.,0.,-1.));
#3427=DIRECTION('',(0.994568639219821,-0.104082764569516,0.));
#3428=DIRECTION('',(0.,0.,-1.));
#3429=DIRECTION('center_axis',(0.994568639219821,-0.104082764569516,0.));
#3430=DIRECTION('ref_axis',(0.,0.,-1.));
#3431=DIRECTION('',(0.104082764569516,0.994568639219821,0.));
#3432=DIRECTION('',(0.,0.,-1.));
#3433=DIRECTION('center_axis',(-0.994568639219821,0.104082764569516,0.));
#3434=DIRECTION('ref_axis',(0.,0.,1.));
#3435=DIRECTION('',(0.,0.,-1.));
#3436=DIRECTION('',(-0.104082764569516,-0.994568639219821,0.));
#3437=DIRECTION('',(-0.104082764569516,-0.994568639219821,0.));
#3438=DIRECTION('center_axis',(0.104082764569516,0.994568639219821,0.));
#3439=DIRECTION('ref_axis',(0.,0.,1.));
#3440=DIRECTION('',(0.,0.,1.));
#3441=DIRECTION('',(-0.994568639219821,0.104082764569516,0.));
#3442=DIRECTION('',(-0.994568639219821,0.104082764569516,0.));
#3443=DIRECTION('center_axis',(0.,-1.,0.));
#3444=DIRECTION('ref_axis',(0.,0.,-1.));
#3445=DIRECTION('',(0.,0.,-1.));
#3446=DIRECTION('',(1.,0.,0.));
#3447=DIRECTION('',(0.,0.,-1.));
#3448=DIRECTION('',(-1.,0.,0.));
#3449=DIRECTION('',(-1.,0.,0.));
#3450=DIRECTION('center_axis',(1.,0.,0.));
#3451=DIRECTION('ref_axis',(0.,0.,-1.));
#3452=DIRECTION('',(0.,1.,0.));
#3453=DIRECTION('',(0.,0.,-1.));
#3454=DIRECTION('',(0.,-1.,0.));
#3455=DIRECTION('',(0.,-1.,0.));
#3456=DIRECTION('center_axis',(0.,1.,0.));
#3457=DIRECTION('ref_axis',(0.,0.,1.));
#3458=DIRECTION('',(0.,0.,1.));
#3459=DIRECTION('',(1.,0.,0.));
#3460=DIRECTION('',(-1.,0.,0.));
#3461=DIRECTION('center_axis',(0.,0.,1.));
#3462=DIRECTION('ref_axis',(1.,0.,0.));
#3463=DIRECTION('',(0.,1.,0.));
#3464=DIRECTION('',(0.,-1.,0.));
#3465=DIRECTION('',(1.,0.,0.));
#3466=DIRECTION('',(0.,1.,0.));
#3467=DIRECTION('',(-1.,0.,0.));
#3468=DIRECTION('center_axis',(0.,0.,1.));
#3469=DIRECTION('ref_axis',(1.,0.,0.));
#3470=DIRECTION('',(1.,0.,0.));
#3471=DIRECTION('',(0.,-1.,0.));
#3472=DIRECTION('',(-1.,0.,0.));
#3473=DIRECTION('',(0.,1.,0.));
#3474=DIRECTION('',(0.,-1.,0.));
#3475=DIRECTION('center_axis',(-1.,0.,0.));
#3476=DIRECTION('ref_axis',(0.,0.,1.));
#3477=DIRECTION('',(0.,0.,-1.));
#3478=DIRECTION('center_axis',(-1.,0.,0.));
#3479=DIRECTION('ref_axis',(0.,0.,1.));
#3480=DIRECTION('',(0.,0.,-1.));
#3481=DIRECTION('',(0.,0.,-1.));
#3482=DIRECTION('center_axis',(0.,-1.,0.));
#3483=DIRECTION('ref_axis',(0.,0.,-1.));
#3484=DIRECTION('center_axis',(0.,-1.,0.));
#3485=DIRECTION('ref_axis',(1.,0.,0.));
#3486=DIRECTION('center_axis',(0.,1.,0.));
#3487=DIRECTION('ref_axis',(0.,0.,1.));
#3488=DIRECTION('',(0.,0.,-1.));
#3489=DIRECTION('center_axis',(0.,1.,0.));
#3490=DIRECTION('ref_axis',(1.,0.,0.));
#3491=DIRECTION('center_axis',(1.,0.,0.));
#3492=DIRECTION('ref_axis',(0.,0.,-1.));
#3493=DIRECTION('center_axis',(0.,-1.,0.));
#3494=DIRECTION('ref_axis',(1.,0.,0.));
#3495=DIRECTION('',(0.,-1.,0.));
#3496=DIRECTION('center_axis',(0.,0.,1.));
#3497=DIRECTION('ref_axis',(0.994568639219821,-0.104082764569516,0.));
#3498=DIRECTION('',(0.,-1.,0.));
#3499=DIRECTION('',(0.,1.,0.));
#3500=DIRECTION('',(-0.994568639219821,-0.104082764569516,0.));
#3501=DIRECTION('',(-0.104082764569516,0.994568639219821,0.));
#3502=DIRECTION('',(0.994568639219821,0.104082764569516,0.));
#3503=DIRECTION('',(0.,-1.,0.));
#3504=DIRECTION('',(1.,0.,0.));
#3505=DIRECTION('',(0.104082764569516,-0.994568639219821,0.));
#3506=DIRECTION('center_axis',(0.104082764569516,-0.994568639219821,0.));
#3507=DIRECTION('ref_axis',(0.,0.,-1.));
#3508=DIRECTION('',(0.,0.,-1.));
#3509=DIRECTION('',(0.994568639219821,0.104082764569516,0.));
#3510=DIRECTION('',(0.,0.,-1.));
#3511=DIRECTION('',(0.994568639219821,0.104082764569516,0.));
#3512=DIRECTION('',(0.,0.,-1.));
#3513=DIRECTION('center_axis',(0.994568639219821,0.104082764569516,0.));
#3514=DIRECTION('ref_axis',(0.,0.,-1.));
#3515=DIRECTION('',(-0.104082764569516,0.994568639219821,0.));
#3516=DIRECTION('',(0.,0.,-1.));
#3517=DIRECTION('center_axis',(-0.994568639219821,-0.104082764569516,0.));
#3518=DIRECTION('ref_axis',(0.,0.,1.));
#3519=DIRECTION('',(0.104082764569516,-0.994568639219821,0.));
#3520=DIRECTION('center_axis',(-0.104082764569516,0.994568639219821,0.));
#3521=DIRECTION('ref_axis',(0.,0.,1.));
#3522=DIRECTION('',(0.,0.,1.));
#3523=DIRECTION('',(-0.994568639219821,-0.104082764569516,0.));
#3524=DIRECTION('center_axis',(-1.,0.,0.));
#3525=DIRECTION('ref_axis',(0.,0.,1.));
#3526=DIRECTION('',(0.,0.,1.));
#3527=DIRECTION('',(0.,1.,0.));
#3528=DIRECTION('',(0.,0.,-1.));
#3529=DIRECTION('',(0.,-1.,0.));
#3530=DIRECTION('center_axis',(1.,0.,0.));
#3531=DIRECTION('ref_axis',(0.,0.,-1.));
#3532=DIRECTION('',(0.,0.,-1.));
#3533=DIRECTION('',(0.,1.,0.));
#3534=DIRECTION('',(0.,0.,-1.));
#3535=DIRECTION('',(0.,-1.,0.));
#3536=DIRECTION('center_axis',(0.,1.,0.));
#3537=DIRECTION('ref_axis',(0.,0.,1.));
#3538=DIRECTION('',(-1.,0.,0.));
#3539=DIRECTION('',(1.,0.,0.));
#3540=DIRECTION('center_axis',(0.,0.,1.));
#3541=DIRECTION('ref_axis',(1.,0.,0.));
#3542=DIRECTION('',(1.,0.,0.));
#3543=DIRECTION('',(0.,1.,0.));
#3544=DIRECTION('',(1.,0.,0.));
#3545=DIRECTION('',(0.,-1.,0.));
#3546=DIRECTION('',(-1.,0.,0.));
#3547=DIRECTION('center_axis',(0.,-1.,0.));
#3548=DIRECTION('ref_axis',(0.,0.,-1.));
#3549=DIRECTION('',(0.,0.,-1.));
#3550=DIRECTION('',(-1.,0.,0.));
#3551=DIRECTION('center_axis',(0.,0.,1.));
#3552=DIRECTION('ref_axis',(1.,0.,0.));
#3553=DIRECTION('',(1.,0.,0.));
#3554=DIRECTION('',(0.,1.,0.));
#3555=DIRECTION('',(-1.,0.,0.));
#3556=DIRECTION('',(0.,-1.,0.));
#3557=DIRECTION('center_axis',(-1.,0.,0.));
#3558=DIRECTION('ref_axis',(0.,0.,1.));
#3559=DIRECTION('',(0.,0.,-1.));
#3560=DIRECTION('',(0.,0.,-1.));
#3561=DIRECTION('center_axis',(0.,-1.,0.));
#3562=DIRECTION('ref_axis',(0.,0.,-1.));
#3563=DIRECTION('',(0.,0.,-1.));
#3564=DIRECTION('center_axis',(0.,-1.,0.));
#3565=DIRECTION('ref_axis',(1.,0.,0.));
#3566=DIRECTION('center_axis',(1.,0.,0.));
#3567=DIRECTION('ref_axis',(0.,0.,-1.));
#3568=DIRECTION('center_axis',(0.,1.,0.));
#3569=DIRECTION('ref_axis',(0.,0.,1.));
#3570=DIRECTION('center_axis',(0.,1.,0.));
#3571=DIRECTION('ref_axis',(1.,0.,0.));
#3572=DIRECTION('center_axis',(0.,1.,0.));
#3573=DIRECTION('ref_axis',(1.,0.,0.));
#3574=DIRECTION('',(0.,1.,0.));
#3575=DIRECTION('center_axis',(0.,0.,1.));
#3576=DIRECTION('ref_axis',(0.994568639219821,0.104082764569516,0.));
#3577=DIRECTION('',(0.,-1.,0.));
#3578=DIRECTION('center_axis',(0.994568639219821,0.104082764569516,0.));
#3579=DIRECTION('ref_axis',(0.,0.,-1.));
#3580=DIRECTION('',(0.104082764569516,-0.994568639219821,0.));
#3581=DIRECTION('',(0.,0.,-1.));
#3582=DIRECTION('',(0.,0.,-1.));
#3583=DIRECTION('center_axis',(-1.,0.,0.));
#3584=DIRECTION('ref_axis',(0.,0.,1.));
#3585=DIRECTION('',(0.,0.,1.));
#3586=DIRECTION('',(0.,1.,0.));
#3587=DIRECTION('',(0.,0.,-1.));
#3588=DIRECTION('',(0.,-1.,0.));
#3589=DIRECTION('center_axis',(1.,0.,0.));
#3590=DIRECTION('ref_axis',(0.,0.,-1.));
#3591=DIRECTION('',(0.,0.,-1.));
#3592=DIRECTION('',(0.,1.,0.));
#3593=DIRECTION('',(0.,0.,-1.));
#3594=DIRECTION('',(0.,-1.,0.));
#3595=DIRECTION('center_axis',(0.,1.,0.));
#3596=DIRECTION('ref_axis',(0.,0.,1.));
#3597=DIRECTION('',(-1.,0.,0.));
#3598=DIRECTION('',(1.,0.,0.));
#3599=DIRECTION('center_axis',(0.,0.,1.));
#3600=DIRECTION('ref_axis',(1.,0.,0.));
#3601=DIRECTION('',(-0.104082764569516,0.994568639219821,0.));
#3602=DIRECTION('',(-0.994568639219821,-0.104082764569516,0.));
#3603=DIRECTION('',(1.,0.,0.));
#3604=DIRECTION('',(0.,1.,0.));
#3605=DIRECTION('',(1.,0.,0.));
#3606=DIRECTION('',(0.,-1.,0.));
#3607=DIRECTION('',(-1.,0.,0.));
#3608=DIRECTION('center_axis',(0.,-1.,0.));
#3609=DIRECTION('ref_axis',(0.,0.,-1.));
#3610=DIRECTION('',(0.,0.,-1.));
#3611=DIRECTION('',(-1.,0.,0.));
#3612=DIRECTION('center_axis',(0.,0.,1.));
#3613=DIRECTION('ref_axis',(1.,0.,0.));
#3614=DIRECTION('',(1.,0.,0.));
#3615=DIRECTION('',(0.,1.,0.));
#3616=DIRECTION('',(-1.,0.,0.));
#3617=DIRECTION('',(0.,-1.,0.));
#3618=DIRECTION('center_axis',(-1.,0.,0.));
#3619=DIRECTION('ref_axis',(0.,0.,1.));
#3620=DIRECTION('',(0.,0.,-1.));
#3621=DIRECTION('',(0.,0.,-1.));
#3622=DIRECTION('center_axis',(0.,-1.,0.));
#3623=DIRECTION('ref_axis',(0.,0.,-1.));
#3624=DIRECTION('',(0.,0.,-1.));
#3625=DIRECTION('center_axis',(0.,-1.,0.));
#3626=DIRECTION('ref_axis',(1.,0.,0.));
#3627=DIRECTION('center_axis',(1.,0.,0.));
#3628=DIRECTION('ref_axis',(0.,0.,-1.));
#3629=DIRECTION('center_axis',(0.,1.,0.));
#3630=DIRECTION('ref_axis',(0.,0.,1.));
#3631=DIRECTION('center_axis',(0.,1.,0.));
#3632=DIRECTION('ref_axis',(1.,0.,0.));
#3633=DIRECTION('center_axis',(0.,1.,0.));
#3634=DIRECTION('ref_axis',(1.,0.,0.));
#3635=DIRECTION('',(0.,1.,0.));
#3636=DIRECTION('center_axis',(-0.104082764569516,0.994568639219821,0.));
#3637=DIRECTION('ref_axis',(0.,0.,1.));
#3638=DIRECTION('',(0.,0.,1.));
#3639=DIRECTION('',(0.994568639219821,0.104082764569516,0.));
#3640=DIRECTION('center_axis',(0.,-1.,0.));
#3641=DIRECTION('ref_axis',(0.,0.,-1.));
#3642=DIRECTION('',(0.,0.,-1.));
#3643=DIRECTION('',(1.,0.,0.));
#3644=DIRECTION('',(0.,0.,-1.));
#3645=DIRECTION('',(-1.,0.,0.));
#3646=DIRECTION('center_axis',(0.,-1.,0.));
#3647=DIRECTION('ref_axis',(0.,0.,-1.));
#3648=DIRECTION('',(0.,0.,1.));
#3649=DIRECTION('',(1.,0.,0.));
#3650=DIRECTION('',(0.,0.,-1.));
#3651=DIRECTION('',(-1.,0.,0.));
#3652=DIRECTION('center_axis',(0.,0.,1.));
#3653=DIRECTION('ref_axis',(1.,0.,0.));
#3654=DIRECTION('',(0.,1.,0.));
#3655=DIRECTION('',(-1.,0.,0.));
#3656=DIRECTION('',(0.,-1.,0.));
#3657=DIRECTION('center_axis',(0.,1.,0.));
#3658=DIRECTION('ref_axis',(0.,0.,1.));
#3659=DIRECTION('',(0.,0.,-1.));
#3660=DIRECTION('',(1.,0.,0.));
#3661=DIRECTION('',(0.,0.,1.));
#3662=DIRECTION('center_axis',(0.,0.,1.));
#3663=DIRECTION('ref_axis',(1.,0.,0.));
#3664=DIRECTION('',(0.,-1.,0.));
#3665=DIRECTION('',(0.,1.,0.));
#3666=DIRECTION('center_axis',(1.,0.,0.));
#3667=DIRECTION('ref_axis',(0.,0.,-1.));
#3668=DIRECTION('',(0.,-1.,0.));
#3669=DIRECTION('',(0.,-1.,0.));
#3670=DIRECTION('',(0.,1.,0.));
#3671=DIRECTION('',(0.,0.,-1.));
#3672=DIRECTION('center_axis',(0.,0.,1.));
#3673=DIRECTION('ref_axis',(0.994568639219821,-0.104082764569516,0.));
#3674=DIRECTION('',(0.,-1.,0.));
#3675=DIRECTION('',(0.994568639219821,-0.104082764569516,0.));
#3676=DIRECTION('',(1.,0.,0.));
#3677=DIRECTION('center_axis',(0.,0.,1.));
#3678=DIRECTION('ref_axis',(0.994568639219821,-0.104082764569516,0.));
#3679=DIRECTION('',(0.,1.,0.));
#3680=DIRECTION('center_axis',(0.,0.,1.));
#3681=DIRECTION('ref_axis',(0.994568639219821,-0.104082764569516,0.));
#3682=DIRECTION('',(0.,-1.,0.));
#3683=DIRECTION('center_axis',(-0.994568639219821,0.104082764569516,0.));
#3684=DIRECTION('ref_axis',(0.,0.,1.));
#3685=DIRECTION('',(0.,0.,-1.));
#3686=DIRECTION('center_axis',(0.104082764569516,0.994568639219821,0.));
#3687=DIRECTION('ref_axis',(0.,0.,1.));
#3688=DIRECTION('',(0.,0.,1.));
#3689=DIRECTION('center_axis',(0.,1.,0.));
#3690=DIRECTION('ref_axis',(0.,0.,1.));
#3691=DIRECTION('',(0.,0.,1.));
#3692=DIRECTION('center_axis',(1.,0.,0.));
#3693=DIRECTION('ref_axis',(0.,0.,-1.));
#3694=DIRECTION('center_axis',(0.,0.,1.));
#3695=DIRECTION('ref_axis',(0.994568639219821,0.104082764569516,0.));
#3696=DIRECTION('',(0.,1.,0.));
#3697=DIRECTION('center_axis',(0.,0.,1.));
#3698=DIRECTION('ref_axis',(0.994568639219821,0.104082764569516,0.));
#3699=DIRECTION('',(0.,-1.,0.));
#3700=DIRECTION('',(-0.994568639219821,-0.104082764569516,0.));
#3701=DIRECTION('center_axis',(0.,0.,1.));
#3702=DIRECTION('ref_axis',(0.994568639219821,0.104082764569516,0.));
#3703=DIRECTION('',(0.,1.,0.));
#3704=DIRECTION('center_axis',(0.104082764569516,-0.994568639219821,0.));
#3705=DIRECTION('ref_axis',(0.,0.,-1.));
#3706=DIRECTION('',(-0.994568639219821,-0.104082764569516,0.));
#3707=DIRECTION('',(0.,0.,-1.));
#3708=DIRECTION('',(0.,0.,-1.));
#3709=DIRECTION('center_axis',(-0.994568639219821,-0.104082764569516,0.));
#3710=DIRECTION('ref_axis',(0.,0.,1.));
#3711=DIRECTION('',(-0.104082764569516,0.994568639219821,0.));
#3712=DIRECTION('center_axis',(-1.,0.,0.));
#3713=DIRECTION('ref_axis',(0.,0.,1.));
#3714=DIRECTION('center_axis',(1.,0.,0.));
#3715=DIRECTION('ref_axis',(0.,0.,-1.));
#3716=DIRECTION('',(0.,-1.,0.));
#3717=DIRECTION('center_axis',(0.,0.,1.));
#3718=DIRECTION('ref_axis',(1.,0.,0.));
#3719=DIRECTION('center_axis',(1.,0.,0.));
#3720=DIRECTION('ref_axis',(0.,0.,-1.));
#3721=DIRECTION('center_axis',(1.,0.,0.));
#3722=DIRECTION('ref_axis',(0.,0.,-1.));
#3723=DIRECTION('',(1.,0.,0.));
#3724=DIRECTION('center_axis',(-1.,0.,0.));
#3725=DIRECTION('ref_axis',(0.,0.,-1.));
#3726=DIRECTION('center_axis',(1.,0.,0.));
#3727=DIRECTION('ref_axis',(0.,0.,-1.));
#3728=DIRECTION('center_axis',(1.,0.,0.));
#3729=DIRECTION('ref_axis',(0.,0.,-1.));
#3730=DIRECTION('',(1.,0.,0.));
#3731=DIRECTION('center_axis',(-1.,0.,0.));
#3732=DIRECTION('ref_axis',(0.,0.,-1.));
#3733=DIRECTION('center_axis',(1.,0.,0.));
#3734=DIRECTION('ref_axis',(0.,0.,-1.));
#3735=DIRECTION('center_axis',(1.,0.,0.));
#3736=DIRECTION('ref_axis',(0.,0.,-1.));
#3737=DIRECTION('',(1.,0.,0.));
#3738=DIRECTION('center_axis',(-1.,0.,0.));
#3739=DIRECTION('ref_axis',(0.,0.,-1.));
#3740=DIRECTION('center_axis',(1.,0.,0.));
#3741=DIRECTION('ref_axis',(0.,0.,-1.));
#3742=DIRECTION('center_axis',(1.,0.,0.));
#3743=DIRECTION('ref_axis',(0.,0.,-1.));
#3744=DIRECTION('',(1.,0.,0.));
#3745=DIRECTION('center_axis',(-1.,0.,0.));
#3746=DIRECTION('ref_axis',(0.,0.,-1.));
#3747=DIRECTION('center_axis',(1.,0.,0.));
#3748=DIRECTION('ref_axis',(0.,0.,-1.));
#3749=DIRECTION('center_axis',(1.,0.,0.));
#3750=DIRECTION('ref_axis',(0.,0.,-1.));
#3751=DIRECTION('',(1.,0.,0.));
#3752=DIRECTION('center_axis',(-1.,0.,0.));
#3753=DIRECTION('ref_axis',(0.,0.,-1.));
#3754=DIRECTION('center_axis',(1.,0.,0.));
#3755=DIRECTION('ref_axis',(0.,0.,-1.));
#3756=DIRECTION('center_axis',(1.,0.,0.));
#3757=DIRECTION('ref_axis',(0.,0.,-1.));
#3758=DIRECTION('',(1.,0.,0.));
#3759=DIRECTION('center_axis',(-1.,0.,0.));
#3760=DIRECTION('ref_axis',(0.,0.,-1.));
#3761=DIRECTION('center_axis',(1.,0.,0.));
#3762=DIRECTION('ref_axis',(0.,0.,-1.));
#3763=DIRECTION('center_axis',(1.,0.,0.));
#3764=DIRECTION('ref_axis',(0.,0.,-1.));
#3765=DIRECTION('',(1.,0.,0.));
#3766=DIRECTION('center_axis',(-1.,0.,0.));
#3767=DIRECTION('ref_axis',(0.,0.,-1.));
#3768=DIRECTION('center_axis',(1.,0.,0.));
#3769=DIRECTION('ref_axis',(0.,0.,-1.));
#3770=DIRECTION('center_axis',(1.,0.,0.));
#3771=DIRECTION('ref_axis',(0.,0.,-1.));
#3772=DIRECTION('',(-1.,0.,0.));
#3773=DIRECTION('center_axis',(-1.,0.,0.));
#3774=DIRECTION('ref_axis',(0.,0.,-1.));
#3775=DIRECTION('center_axis',(-1.,0.,0.));
#3776=DIRECTION('ref_axis',(0.,0.,1.));
#3777=DIRECTION('center_axis',(1.,0.,0.));
#3778=DIRECTION('ref_axis',(0.,0.,-1.));
#3779=CARTESIAN_POINT('',(0.,0.,0.));
#3780=CARTESIAN_POINT('Origin',(478.,42.,269.));
#3781=CARTESIAN_POINT('',(490.,35.,269.));
#3782=CARTESIAN_POINT('',(490.,36.5,269.));
#3783=CARTESIAN_POINT('',(490.,21.,269.));
#3784=CARTESIAN_POINT('',(480.,35.,269.));
#3785=CARTESIAN_POINT('',(478.,35.,269.));
#3786=CARTESIAN_POINT('',(480.,36.5,269.));
#3787=CARTESIAN_POINT('',(480.,21.,269.));
#3788=CARTESIAN_POINT('',(481.5,36.5,269.));
#3789=CARTESIAN_POINT('Origin',(478.,35.,240.));
#3790=CARTESIAN_POINT('',(490.,35.,211.));
#3791=CARTESIAN_POINT('',(490.,35.,240.));
#3792=CARTESIAN_POINT('',(480.,35.,211.));
#3793=CARTESIAN_POINT('',(478.,35.,211.));
#3794=CARTESIAN_POINT('',(480.,35.,240.));
#3795=CARTESIAN_POINT('Origin',(478.,42.,211.));
#3796=CARTESIAN_POINT('',(490.,36.5,211.));
#3797=CARTESIAN_POINT('',(490.,21.,211.));
#3798=CARTESIAN_POINT('',(480.,36.5,211.));
#3799=CARTESIAN_POINT('',(481.5,36.5,211.));
#3800=CARTESIAN_POINT('',(480.,21.,211.));
#3801=CARTESIAN_POINT('Origin',(480.,0.,240.));
#3802=CARTESIAN_POINT('',(480.,36.5,206.));
#3803=CARTESIAN_POINT('',(480.,36.5,240.));
#3804=CARTESIAN_POINT('',(480.,-36.5,206.));
#3805=CARTESIAN_POINT('',(480.,0.,206.));
#3806=CARTESIAN_POINT('',(480.,-36.5,211.));
#3807=CARTESIAN_POINT('',(480.,-36.5,240.));
#3808=CARTESIAN_POINT('',(480.,-35.,211.));
#3809=CARTESIAN_POINT('',(480.,-21.,211.));
#3810=CARTESIAN_POINT('',(480.,-35.,269.));
#3811=CARTESIAN_POINT('',(480.,-35.,240.));
#3812=CARTESIAN_POINT('',(480.,-36.5,269.));
#3813=CARTESIAN_POINT('',(480.,-21.,269.));
#3814=CARTESIAN_POINT('',(480.,-36.5,274.));
#3815=CARTESIAN_POINT('',(480.,-36.5,240.));
#3816=CARTESIAN_POINT('',(480.,36.5,274.));
#3817=CARTESIAN_POINT('',(480.,0.,274.));
#3818=CARTESIAN_POINT('',(480.,36.5,240.));
#3819=CARTESIAN_POINT('',(480.,-27.5,218.));
#3820=CARTESIAN_POINT('',(480.,27.5,218.));
#3821=CARTESIAN_POINT('',(480.,0.,218.));
#3822=CARTESIAN_POINT('',(480.,27.5,262.));
#3823=CARTESIAN_POINT('',(480.,27.5,240.));
#3824=CARTESIAN_POINT('',(480.,-27.5,262.));
#3825=CARTESIAN_POINT('',(480.,0.,262.));
#3826=CARTESIAN_POINT('',(480.,-27.5,240.));
#3827=CARTESIAN_POINT('Origin',(485.,36.5,240.));
#3828=CARTESIAN_POINT('',(490.,36.5,206.));
#3829=CARTESIAN_POINT('',(490.,36.5,240.));
#3830=CARTESIAN_POINT('',(485.,36.5,206.));
#3831=CARTESIAN_POINT('Origin',(485.,36.5,240.));
#3832=CARTESIAN_POINT('',(490.,36.5,274.));
#3833=CARTESIAN_POINT('',(485.,36.5,274.));
#3834=CARTESIAN_POINT('',(490.,36.5,240.));
#3835=CARTESIAN_POINT('Origin',(485.,0.,206.));
#3836=CARTESIAN_POINT('',(490.,-36.5,206.));
#3837=CARTESIAN_POINT('',(490.,0.,206.));
#3838=CARTESIAN_POINT('',(485.,-36.5,206.));
#3839=CARTESIAN_POINT('Origin',(485.,0.,274.));
#3840=CARTESIAN_POINT('',(490.,-36.5,274.));
#3841=CARTESIAN_POINT('',(490.,0.,274.));
#3842=CARTESIAN_POINT('',(485.,-36.5,274.));
#3843=CARTESIAN_POINT('Origin',(485.,27.5,240.));
#3844=CARTESIAN_POINT('',(490.,27.5,218.));
#3845=CARTESIAN_POINT('',(485.,27.5,218.));
#3846=CARTESIAN_POINT('',(490.,27.5,262.));
#3847=CARTESIAN_POINT('',(490.,27.5,240.));
#3848=CARTESIAN_POINT('',(485.,27.5,262.));
#3849=CARTESIAN_POINT('Origin',(485.,0.,218.));
#3850=CARTESIAN_POINT('',(490.,-27.5,218.));
#3851=CARTESIAN_POINT('',(485.,-27.5,218.));
#3852=CARTESIAN_POINT('',(490.,0.,218.));
#3853=CARTESIAN_POINT('Origin',(485.,-27.5,240.));
#3854=CARTESIAN_POINT('',(490.,-27.5,262.));
#3855=CARTESIAN_POINT('',(485.,-27.5,262.));
#3856=CARTESIAN_POINT('',(490.,-27.5,240.));
#3857=CARTESIAN_POINT('Origin',(485.,0.,262.));
#3858=CARTESIAN_POINT('',(490.,0.,262.));
#3859=CARTESIAN_POINT('Origin',(485.,-36.5,240.));
#3860=CARTESIAN_POINT('',(490.,-36.5,269.));
#3861=CARTESIAN_POINT('',(481.5,-36.5,269.));
#3862=CARTESIAN_POINT('',(490.,-36.5,240.));
#3863=CARTESIAN_POINT('Origin',(485.,-36.5,240.));
#3864=CARTESIAN_POINT('',(490.,-36.5,211.));
#3865=CARTESIAN_POINT('',(481.5,-36.5,211.));
#3866=CARTESIAN_POINT('',(490.,-36.5,240.));
#3867=CARTESIAN_POINT('Origin',(490.,0.,240.));
#3868=CARTESIAN_POINT('',(490.,-35.,269.));
#3869=CARTESIAN_POINT('',(490.,-21.,269.));
#3870=CARTESIAN_POINT('',(490.,-35.,211.));
#3871=CARTESIAN_POINT('',(490.,-35.,240.));
#3872=CARTESIAN_POINT('',(490.,-21.,211.));
#3873=CARTESIAN_POINT('Origin',(478.,-42.,211.));
#3874=CARTESIAN_POINT('',(478.,-35.,211.));
#3875=CARTESIAN_POINT('Origin',(478.,-35.,240.));
#3876=CARTESIAN_POINT('',(478.,-35.,269.));
#3877=CARTESIAN_POINT('Origin',(478.,-42.,269.));
#3878=CARTESIAN_POINT('Origin',(462.,34.,216.));
#3879=CARTESIAN_POINT('',(461.986510157347,35.,216.));
#3880=CARTESIAN_POINT('',(460.040408205774,35.,216.));
#3881=CARTESIAN_POINT('',(470.,35.,216.));
#3882=CARTESIAN_POINT('',(459.945349035281,34.7863901151326,216.));
#3883=CARTESIAN_POINT('',(459.656333733148,34.7561443277001,216.));
#3884=CARTESIAN_POINT('Origin',(462.,34.,216.));
#3885=CARTESIAN_POINT('Origin',(478.,35.,240.));
#3886=CARTESIAN_POINT('',(460.040408205774,35.,211.));
#3887=CARTESIAN_POINT('',(460.040408205774,35.,205.));
#3888=CARTESIAN_POINT('',(431.959591794227,35.,211.));
#3889=CARTESIAN_POINT('',(478.,35.,211.));
#3890=CARTESIAN_POINT('',(431.959591794227,35.,216.));
#3891=CARTESIAN_POINT('',(431.959591794227,35.,205.));
#3892=CARTESIAN_POINT('',(428.040408205773,35.,216.));
#3893=CARTESIAN_POINT('',(454.,35.,216.));
#3894=CARTESIAN_POINT('',(428.040408205773,35.,211.));
#3895=CARTESIAN_POINT('',(428.040408205773,35.,205.));
#3896=CARTESIAN_POINT('',(426.,35.,211.));
#3897=CARTESIAN_POINT('',(478.,35.,211.));
#3898=CARTESIAN_POINT('',(426.,35.,269.));
#3899=CARTESIAN_POINT('',(426.,35.,240.));
#3900=CARTESIAN_POINT('',(428.040408205773,35.,269.));
#3901=CARTESIAN_POINT('',(478.,35.,269.));
#3902=CARTESIAN_POINT('',(428.040408205773,35.,264.));
#3903=CARTESIAN_POINT('',(428.040408205773,35.,275.));
#3904=CARTESIAN_POINT('',(431.959591794227,35.,264.));
#3905=CARTESIAN_POINT('',(454.,35.,264.));
#3906=CARTESIAN_POINT('',(431.959591794227,35.,269.));
#3907=CARTESIAN_POINT('',(431.959591794227,35.,275.));
#3908=CARTESIAN_POINT('',(460.040408205774,35.,269.));
#3909=CARTESIAN_POINT('',(478.,35.,269.));
#3910=CARTESIAN_POINT('',(460.040408205774,35.,264.));
#3911=CARTESIAN_POINT('',(460.040408205774,35.,275.));
#3912=CARTESIAN_POINT('',(461.986510157347,35.,264.));
#3913=CARTESIAN_POINT('',(470.,35.,264.));
#3914=CARTESIAN_POINT('',(461.986510157347,35.,260.));
#3915=CARTESIAN_POINT('',(461.986510157347,35.,240.));
#3916=CARTESIAN_POINT('',(435.,35.,260.));
#3917=CARTESIAN_POINT('',(468.,35.,260.));
#3918=CARTESIAN_POINT('',(435.,35.,220.));
#3919=CARTESIAN_POINT('',(435.,35.,240.));
#3920=CARTESIAN_POINT('',(461.986510157347,35.,220.));
#3921=CARTESIAN_POINT('',(468.,35.,220.));
#3922=CARTESIAN_POINT('',(461.986510157347,35.,240.));
#3923=CARTESIAN_POINT('Origin',(478.,42.,211.));
#3924=CARTESIAN_POINT('',(463.847323780754,35.1947363094263,211.));
#3925=CARTESIAN_POINT('Origin',(462.,34.,211.));
#3926=CARTESIAN_POINT('',(500.416331058278,39.0217254431207,211.));
#3927=CARTESIAN_POINT('',(467.983737772201,35.6276168434149,211.));
#3928=CARTESIAN_POINT('',(499.583668941722,46.9782745568793,211.));
#3929=CARTESIAN_POINT('',(499.932593286077,43.6441085997058,211.));
#3930=CARTESIAN_POINT('',(426.,39.2776580397223,211.));
#3931=CARTESIAN_POINT('',(467.151075655645,43.5841659571735,211.));
#3932=CARTESIAN_POINT('',(426.,42.,211.));
#3933=CARTESIAN_POINT('Origin',(430.,34.,211.));
#3934=CARTESIAN_POINT('Origin',(457.416331058278,34.5217254431207,240.));
#3935=CARTESIAN_POINT('',(463.847323780754,35.1947363094263,206.));
#3936=CARTESIAN_POINT('',(463.847323780754,35.1947363094263,204.));
#3937=CARTESIAN_POINT('',(500.416331058278,39.0217254431207,206.));
#3938=CARTESIAN_POINT('',(457.416331058278,34.5217254431207,206.));
#3939=CARTESIAN_POINT('',(500.416331058278,39.0217254431207,240.));
#3940=CARTESIAN_POINT('Origin',(462.,34.,264.));
#3941=CARTESIAN_POINT('',(459.945349035281,34.7863901151326,264.));
#3942=CARTESIAN_POINT('Origin',(462.,34.,264.));
#3943=CARTESIAN_POINT('',(459.656333733148,34.7561443277001,264.));
#3944=CARTESIAN_POINT('Origin',(457.416331058278,34.5217254431207,240.));
#3945=CARTESIAN_POINT('',(463.847323780754,35.1947363094263,274.));
#3946=CARTESIAN_POINT('',(463.847323780754,35.1947363094263,269.));
#3947=CARTESIAN_POINT('',(463.847323780754,35.1947363094263,276.));
#3948=CARTESIAN_POINT('',(500.416331058278,39.0217254431207,269.));
#3949=CARTESIAN_POINT('',(467.983737772201,35.6276168434149,269.));
#3950=CARTESIAN_POINT('',(500.416331058278,39.0217254431207,274.));
#3951=CARTESIAN_POINT('',(500.416331058278,39.0217254431207,240.));
#3952=CARTESIAN_POINT('',(457.416331058278,34.5217254431207,274.));
#3953=CARTESIAN_POINT('Origin',(457.416331058278,34.5217254431207,240.));
#3954=CARTESIAN_POINT('',(459.945349035281,34.7863901151326,274.));
#3955=CARTESIAN_POINT('',(459.945349035281,34.7863901151326,276.));
#3956=CARTESIAN_POINT('',(435.,32.1758303323707,274.));
#3957=CARTESIAN_POINT('',(457.416331058278,34.5217254431207,274.));
#3958=CARTESIAN_POINT('',(435.,32.1758303323707,260.));
#3959=CARTESIAN_POINT('',(435.,32.1758303323707,240.));
#3960=CARTESIAN_POINT('',(457.9626731741,34.578900780823,260.));
#3961=CARTESIAN_POINT('Origin',(462.,-34.,216.));
#3962=CARTESIAN_POINT('',(460.040408205774,-35.,216.));
#3963=CARTESIAN_POINT('',(461.986510157347,-35.,216.));
#3964=CARTESIAN_POINT('',(470.,-35.,216.));
#3965=CARTESIAN_POINT('',(459.945349035281,-34.7863901151326,216.));
#3966=CARTESIAN_POINT('Origin',(462.,-34.,216.));
#3967=CARTESIAN_POINT('',(459.656333733148,-34.7561443277001,216.));
#3968=CARTESIAN_POINT('Origin',(478.,-35.,240.));
#3969=CARTESIAN_POINT('',(460.040408205774,-35.,211.));
#3970=CARTESIAN_POINT('',(460.040408205774,-35.,205.));
#3971=CARTESIAN_POINT('',(461.986510157347,-35.,220.));
#3972=CARTESIAN_POINT('',(461.986510157347,-35.,240.));
#3973=CARTESIAN_POINT('',(435.,-35.,220.));
#3974=CARTESIAN_POINT('',(468.,-35.,220.));
#3975=CARTESIAN_POINT('',(435.,-35.,260.));
#3976=CARTESIAN_POINT('',(435.,-35.,240.));
#3977=CARTESIAN_POINT('',(461.986510157347,-35.,260.));
#3978=CARTESIAN_POINT('',(468.,-35.,260.));
#3979=CARTESIAN_POINT('',(461.986510157347,-35.,264.));
#3980=CARTESIAN_POINT('',(461.986510157347,-35.,240.));
#3981=CARTESIAN_POINT('',(460.040408205774,-35.,264.));
#3982=CARTESIAN_POINT('',(470.,-35.,264.));
#3983=CARTESIAN_POINT('',(460.040408205774,-35.,269.));
#3984=CARTESIAN_POINT('',(460.040408205774,-35.,275.));
#3985=CARTESIAN_POINT('',(431.959591794227,-35.,269.));
#3986=CARTESIAN_POINT('',(478.,-35.,269.));
#3987=CARTESIAN_POINT('',(431.959591794227,-35.,264.));
#3988=CARTESIAN_POINT('',(431.959591794227,-35.,275.));
#3989=CARTESIAN_POINT('',(428.040408205773,-35.,264.));
#3990=CARTESIAN_POINT('',(454.,-35.,264.));
#3991=CARTESIAN_POINT('',(428.040408205773,-35.,269.));
#3992=CARTESIAN_POINT('',(428.040408205773,-35.,275.));
#3993=CARTESIAN_POINT('',(426.,-35.,269.));
#3994=CARTESIAN_POINT('',(478.,-35.,269.));
#3995=CARTESIAN_POINT('',(426.,-35.,211.));
#3996=CARTESIAN_POINT('',(426.,-35.,240.));
#3997=CARTESIAN_POINT('',(428.040408205773,-35.,211.));
#3998=CARTESIAN_POINT('',(478.,-35.,211.));
#3999=CARTESIAN_POINT('',(428.040408205773,-35.,216.));
#4000=CARTESIAN_POINT('',(428.040408205773,-35.,205.));
#4001=CARTESIAN_POINT('',(431.959591794227,-35.,216.));
#4002=CARTESIAN_POINT('',(454.,-35.,216.));
#4003=CARTESIAN_POINT('',(431.959591794227,-35.,211.));
#4004=CARTESIAN_POINT('',(431.959591794227,-35.,205.));
#4005=CARTESIAN_POINT('',(478.,-35.,211.));
#4006=CARTESIAN_POINT('Origin',(457.416331058278,-34.5217254431207,240.));
#4007=CARTESIAN_POINT('',(463.847323780754,-35.1947363094263,206.));
#4008=CARTESIAN_POINT('',(463.847323780754,-35.1947363094263,211.));
#4009=CARTESIAN_POINT('',(463.847323780754,-35.1947363094263,204.));
#4010=CARTESIAN_POINT('',(500.416331058278,-39.0217254431207,211.));
#4011=CARTESIAN_POINT('',(467.983737772201,-35.6276168434149,211.));
#4012=CARTESIAN_POINT('',(500.416331058278,-39.0217254431207,206.));
#4013=CARTESIAN_POINT('',(500.416331058278,-39.0217254431207,240.));
#4014=CARTESIAN_POINT('',(457.416331058278,-34.5217254431207,206.));
#4015=CARTESIAN_POINT('Origin',(457.416331058278,-34.5217254431207,240.));
#4016=CARTESIAN_POINT('',(459.945349035281,-34.7863901151326,206.));
#4017=CARTESIAN_POINT('',(459.945349035281,-34.7863901151326,204.));
#4018=CARTESIAN_POINT('',(435.,-32.1758303323707,206.));
#4019=CARTESIAN_POINT('',(457.416331058278,-34.5217254431207,206.));
#4020=CARTESIAN_POINT('',(435.,-32.1758303323707,220.));
#4021=CARTESIAN_POINT('',(435.,-32.1758303323707,240.));
#4022=CARTESIAN_POINT('',(457.9626731741,-34.578900780823,220.));
#4023=CARTESIAN_POINT('Origin',(462.,-34.,264.));
#4024=CARTESIAN_POINT('',(459.945349035281,-34.7863901151326,264.));
#4025=CARTESIAN_POINT('',(459.656333733148,-34.7561443277001,264.));
#4026=CARTESIAN_POINT('Origin',(462.,-34.,264.));
#4027=CARTESIAN_POINT('Origin',(478.,-42.,269.));
#4028=CARTESIAN_POINT('',(463.847323780754,-35.1947363094263,269.));
#4029=CARTESIAN_POINT('Origin',(462.,-34.,269.));
#4030=CARTESIAN_POINT('',(500.416331058278,-39.0217254431207,269.));
#4031=CARTESIAN_POINT('',(467.983737772201,-35.6276168434149,269.));
#4032=CARTESIAN_POINT('',(499.583668941722,-46.9782745568793,269.));
#4033=CARTESIAN_POINT('',(499.932593286077,-43.6441085997058,269.));
#4034=CARTESIAN_POINT('',(426.,-39.2776580397223,269.));
#4035=CARTESIAN_POINT('',(467.151075655645,-43.5841659571735,269.));
#4036=CARTESIAN_POINT('',(426.,-42.,269.));
#4037=CARTESIAN_POINT('Origin',(430.,-34.,269.));
#4038=CARTESIAN_POINT('Origin',(457.416331058278,-34.5217254431207,240.));
#4039=CARTESIAN_POINT('',(463.847323780754,-35.1947363094263,274.));
#4040=CARTESIAN_POINT('',(463.847323780754,-35.1947363094263,276.));
#4041=CARTESIAN_POINT('',(500.416331058278,-39.0217254431207,274.));
#4042=CARTESIAN_POINT('',(457.416331058278,-34.5217254431207,274.));
#4043=CARTESIAN_POINT('',(500.416331058278,-39.0217254431207,240.));
#4044=CARTESIAN_POINT('Origin',(430.,34.,216.));
#4045=CARTESIAN_POINT('',(427.8,34.,216.));
#4046=CARTESIAN_POINT('Origin',(430.,34.,216.));
#4047=CARTESIAN_POINT('Origin',(430.,34.,216.));
#4048=CARTESIAN_POINT('Origin',(430.,34.,264.));
#4049=CARTESIAN_POINT('',(427.8,34.,264.));
#4050=CARTESIAN_POINT('Origin',(430.,34.,264.));
#4051=CARTESIAN_POINT('Origin',(430.,34.,264.));
#4052=CARTESIAN_POINT('Origin',(430.,-34.,216.));
#4053=CARTESIAN_POINT('',(427.8,-34.,216.));
#4054=CARTESIAN_POINT('Origin',(430.,-34.,216.));
#4055=CARTESIAN_POINT('Origin',(430.,-34.,216.));
#4056=CARTESIAN_POINT('Origin',(478.,-42.,211.));
#4057=CARTESIAN_POINT('Origin',(462.,-34.,211.));
#4058=CARTESIAN_POINT('Origin',(430.,-34.,211.));
#4059=CARTESIAN_POINT('',(426.,-39.2776580397223,211.));
#4060=CARTESIAN_POINT('',(426.,-42.,211.));
#4061=CARTESIAN_POINT('',(499.583668941722,-46.9782745568793,211.));
#4062=CARTESIAN_POINT('',(467.151075655645,-43.5841659571735,211.));
#4063=CARTESIAN_POINT('',(499.932593286077,-43.6441085997058,211.));
#4064=CARTESIAN_POINT('Origin',(430.,-34.,264.));
#4065=CARTESIAN_POINT('',(427.8,-34.,264.));
#4066=CARTESIAN_POINT('Origin',(430.,-34.,264.));
#4067=CARTESIAN_POINT('Origin',(430.,-34.,264.));
#4068=CARTESIAN_POINT('Origin',(462.,34.,204.));
#4069=CARTESIAN_POINT('',(459.945349035281,34.7863901151326,206.));
#4070=CARTESIAN_POINT('',(459.945349035281,34.7863901151326,204.));
#4071=CARTESIAN_POINT('Origin',(462.,34.,206.));
#4072=CARTESIAN_POINT('Origin',(457.416331058278,34.5217254431207,240.));
#4073=CARTESIAN_POINT('',(435.,32.1758303323707,220.));
#4074=CARTESIAN_POINT('',(457.9626731741,34.578900780823,220.));
#4075=CARTESIAN_POINT('',(435.,32.1758303323707,206.));
#4076=CARTESIAN_POINT('',(435.,32.1758303323707,240.));
#4077=CARTESIAN_POINT('',(457.416331058278,34.5217254431207,206.));
#4078=CARTESIAN_POINT('Origin',(462.,34.,276.));
#4079=CARTESIAN_POINT('Origin',(462.,34.,274.));
#4080=CARTESIAN_POINT('Origin',(462.,34.,269.));
#4081=CARTESIAN_POINT('Origin',(462.,-34.,204.));
#4082=CARTESIAN_POINT('Origin',(462.,-34.,206.));
#4083=CARTESIAN_POINT('Origin',(462.,-34.,276.));
#4084=CARTESIAN_POINT('',(459.945349035281,-34.7863901151326,274.));
#4085=CARTESIAN_POINT('',(459.945349035281,-34.7863901151326,276.));
#4086=CARTESIAN_POINT('Origin',(462.,-34.,274.));
#4087=CARTESIAN_POINT('Origin',(457.416331058278,-34.5217254431207,240.));
#4088=CARTESIAN_POINT('',(435.,-32.1758303323707,260.));
#4089=CARTESIAN_POINT('',(457.9626731741,-34.578900780823,260.));
#4090=CARTESIAN_POINT('',(435.,-32.1758303323707,274.));
#4091=CARTESIAN_POINT('',(435.,-32.1758303323707,240.));
#4092=CARTESIAN_POINT('',(457.416331058278,-34.5217254431207,274.));
#4093=CARTESIAN_POINT('Origin',(430.,34.,204.));
#4094=CARTESIAN_POINT('',(427.8,34.,206.));
#4095=CARTESIAN_POINT('Origin',(430.,34.,206.));
#4096=CARTESIAN_POINT('',(427.8,34.,204.));
#4097=CARTESIAN_POINT('Origin',(430.,34.,276.));
#4098=CARTESIAN_POINT('Origin',(430.,34.,269.));
#4099=CARTESIAN_POINT('',(427.8,34.,274.));
#4100=CARTESIAN_POINT('',(427.8,34.,276.));
#4101=CARTESIAN_POINT('Origin',(430.,34.,274.));
#4102=CARTESIAN_POINT('Origin',(430.,-34.,204.));
#4103=CARTESIAN_POINT('',(427.8,-34.,206.));
#4104=CARTESIAN_POINT('Origin',(430.,-34.,206.));
#4105=CARTESIAN_POINT('',(427.8,-34.,204.));
#4106=CARTESIAN_POINT('Origin',(430.,-34.,276.));
#4107=CARTESIAN_POINT('',(427.8,-34.,274.));
#4108=CARTESIAN_POINT('',(427.8,-34.,276.));
#4109=CARTESIAN_POINT('Origin',(430.,-34.,274.));
#4110=CARTESIAN_POINT('Origin',(457.,-38.5,274.));
#4111=CARTESIAN_POINT('',(500.,43.,274.));
#4112=CARTESIAN_POINT('',(500.,43.,274.));
#4113=CARTESIAN_POINT('',(495.,43.,274.));
#4114=CARTESIAN_POINT('',(478.,43.,274.));
#4115=CARTESIAN_POINT('',(495.,46.4985882722805,274.));
#4116=CARTESIAN_POINT('',(495.,45.5,274.));
#4117=CARTESIAN_POINT('',(413.583668941722,37.9782745568793,274.));
#4118=CARTESIAN_POINT('',(456.583668941722,42.4782745568793,274.));
#4119=CARTESIAN_POINT('',(414.416331058278,30.0217254431207,274.));
#4120=CARTESIAN_POINT('',(414.,34.,274.));
#4121=CARTESIAN_POINT('',(425.,31.1293187044637,274.));
#4122=CARTESIAN_POINT('',(457.416331058278,34.5217254431207,274.));
#4123=CARTESIAN_POINT('',(425.,-31.1293187044637,274.));
#4124=CARTESIAN_POINT('',(425.,0.,274.));
#4125=CARTESIAN_POINT('',(414.416331058278,-30.0217254431207,274.));
#4126=CARTESIAN_POINT('',(457.416331058278,-34.5217254431207,274.));
#4127=CARTESIAN_POINT('',(413.583668941722,-37.9782745568793,274.));
#4128=CARTESIAN_POINT('',(414.,-34.,274.));
#4129=CARTESIAN_POINT('',(495.,-46.4985882722805,274.));
#4130=CARTESIAN_POINT('',(456.583668941722,-42.4782745568793,274.));
#4131=CARTESIAN_POINT('',(495.,-43.,274.));
#4132=CARTESIAN_POINT('',(495.,-45.5,274.));
#4133=CARTESIAN_POINT('',(500.,-43.,274.));
#4134=CARTESIAN_POINT('',(478.,-43.,274.));
#4135=CARTESIAN_POINT('',(500.,-43.,274.));
#4136=CARTESIAN_POINT('',(435.,0.,274.));
#4137=CARTESIAN_POINT('Origin',(414.,-34.,240.));
#4138=CARTESIAN_POINT('',(414.416331058278,-30.0217254431207,260.));
#4139=CARTESIAN_POINT('',(413.583668941722,-37.9782745568793,260.));
#4140=CARTESIAN_POINT('',(413.953657884178,-34.4428246622977,260.));
#4141=CARTESIAN_POINT('',(413.583668941722,-37.9782745568793,240.));
#4142=CARTESIAN_POINT('',(414.416331058278,-30.0217254431207,240.));
#4143=CARTESIAN_POINT('Origin',(457.416331058278,-34.5217254431207,240.));
#4144=CARTESIAN_POINT('',(425.,-31.1293187044637,260.));
#4145=CARTESIAN_POINT('',(425.,-31.1293187044637,240.));
#4146=CARTESIAN_POINT('',(457.9626731741,-34.578900780823,260.));
#4147=CARTESIAN_POINT('Origin',(499.,-43.,282.));
#4148=CARTESIAN_POINT('',(503.,-43.,290.));
#4149=CARTESIAN_POINT('',(503.,-43.,274.));
#4150=CARTESIAN_POINT('',(503.,-43.,282.));
#4151=CARTESIAN_POINT('',(499.,-43.,274.));
#4152=CARTESIAN_POINT('',(495.,-43.,290.));
#4153=CARTESIAN_POINT('',(495.,-43.,282.));
#4154=CARTESIAN_POINT('',(499.,-43.,290.));
#4155=CARTESIAN_POINT('Origin',(495.,-52.5,282.));
#4156=CARTESIAN_POINT('',(495.,-62.,274.));
#4157=CARTESIAN_POINT('',(495.,-52.5,274.));
#4158=CARTESIAN_POINT('',(495.,-62.,290.));
#4159=CARTESIAN_POINT('',(495.,-62.,282.));
#4160=CARTESIAN_POINT('',(495.,-52.5,290.));
#4161=CARTESIAN_POINT('Origin',(499.,-62.,282.));
#4162=CARTESIAN_POINT('',(499.,-62.,274.));
#4163=CARTESIAN_POINT('',(499.,-62.,290.));
#4164=CARTESIAN_POINT('',(499.,-62.,282.));
#4165=CARTESIAN_POINT('',(499.,-62.,290.));
#4166=CARTESIAN_POINT('',(499.,-62.,274.));
#4167=CARTESIAN_POINT('Origin',(499.,-52.5,290.));
#4168=CARTESIAN_POINT('',(503.,-58.,290.));
#4169=CARTESIAN_POINT('',(503.,-52.5,290.));
#4170=CARTESIAN_POINT('',(499.,-66.,290.));
#4171=CARTESIAN_POINT('',(499.,-62.,290.));
#4172=CARTESIAN_POINT('',(535.,-66.,290.));
#4173=CARTESIAN_POINT('',(517.,-66.,290.));
#4174=CARTESIAN_POINT('',(535.,-58.,290.));
#4175=CARTESIAN_POINT('',(535.,-62.,290.));
#4176=CARTESIAN_POINT('',(517.,-58.,290.));
#4177=CARTESIAN_POINT('Origin',(499.,-52.5,274.));
#4178=CARTESIAN_POINT('',(503.,-58.,274.));
#4179=CARTESIAN_POINT('',(535.,-58.,274.));
#4180=CARTESIAN_POINT('',(517.,-58.,274.));
#4181=CARTESIAN_POINT('',(535.,-66.,274.));
#4182=CARTESIAN_POINT('',(535.,-62.,274.));
#4183=CARTESIAN_POINT('',(499.,-66.,274.));
#4184=CARTESIAN_POINT('',(517.,-66.,274.));
#4185=CARTESIAN_POINT('',(499.,-62.,274.));
#4186=CARTESIAN_POINT('',(499.583668941722,-46.9782745568793,274.));
#4187=CARTESIAN_POINT('',(456.583668941722,-42.4782745568793,274.));
#4188=CARTESIAN_POINT('',(500.,-43.,274.));
#4189=CARTESIAN_POINT('',(503.,-52.5,274.));
#4190=CARTESIAN_POINT('Origin',(503.,-52.5,282.));
#4191=CARTESIAN_POINT('',(503.,-58.,282.));
#4192=CARTESIAN_POINT('Origin',(535.,-62.,282.));
#4193=CARTESIAN_POINT('',(535.,-66.,282.));
#4194=CARTESIAN_POINT('',(535.,-58.,282.));
#4195=CARTESIAN_POINT('Origin',(517.,-58.,282.));
#4196=CARTESIAN_POINT('',(523.8,-58.,282.));
#4197=CARTESIAN_POINT('Origin',(526.,-58.,282.));
#4198=CARTESIAN_POINT('Origin',(517.,-66.,282.));
#4199=CARTESIAN_POINT('',(499.,-66.,282.));
#4200=CARTESIAN_POINT('',(523.8,-66.,282.));
#4201=CARTESIAN_POINT('Origin',(526.,-66.,282.));
#4202=CARTESIAN_POINT('Origin',(499.,-62.,282.));
#4203=CARTESIAN_POINT('Origin',(526.,-62.,282.));
#4204=CARTESIAN_POINT('',(523.8,-62.,282.));
#4205=CARTESIAN_POINT('Origin',(458.,-39.5,220.));
#4206=CARTESIAN_POINT('',(426.,-39.2776580397223,220.));
#4207=CARTESIAN_POINT('',(426.,-36.5,220.));
#4208=CARTESIAN_POINT('',(426.,-40.75,220.));
#4209=CARTESIAN_POINT('',(425.,-36.5,220.));
#4210=CARTESIAN_POINT('',(444.,-36.5,220.));
#4211=CARTESIAN_POINT('',(425.,-31.1293187044637,220.));
#4212=CARTESIAN_POINT('',(425.,-19.75,220.));
#4213=CARTESIAN_POINT('',(414.416331058278,-30.0217254431207,220.));
#4214=CARTESIAN_POINT('',(457.9626731741,-34.578900780823,220.));
#4215=CARTESIAN_POINT('',(413.583668941722,-37.9782745568793,220.));
#4216=CARTESIAN_POINT('',(413.953657884178,-34.4428246622977,220.));
#4217=CARTESIAN_POINT('',(457.130011057544,-42.5354498945816,220.));
#4218=CARTESIAN_POINT('Origin',(457.416331058278,-34.5217254431207,240.));
#4219=CARTESIAN_POINT('',(425.,-31.1293187044637,206.));
#4220=CARTESIAN_POINT('',(425.,-31.1293187044637,240.));
#4221=CARTESIAN_POINT('',(414.416331058278,-30.0217254431207,206.));
#4222=CARTESIAN_POINT('',(457.416331058278,-34.5217254431207,206.));
#4223=CARTESIAN_POINT('',(414.416331058278,-30.0217254431207,240.));
#4224=CARTESIAN_POINT('Origin',(414.,-34.,240.));
#4225=CARTESIAN_POINT('',(413.583668941722,-37.9782745568793,206.));
#4226=CARTESIAN_POINT('',(414.,-34.,206.));
#4227=CARTESIAN_POINT('',(413.583668941722,-37.9782745568793,240.));
#4228=CARTESIAN_POINT('Origin',(500.,-43.,240.));
#4229=CARTESIAN_POINT('',(499.583668941722,-46.9782745568793,206.));
#4230=CARTESIAN_POINT('',(499.583668941722,-46.9782745568793,240.));
#4231=CARTESIAN_POINT('',(500.,-43.,206.));
#4232=CARTESIAN_POINT('',(500.,-43.,206.));
#4233=CARTESIAN_POINT('',(500.,-43.,206.));
#4234=CARTESIAN_POINT('Origin',(456.583668941722,-42.4782745568793,240.));
#4235=CARTESIAN_POINT('',(426.,-39.2776580397223,240.));
#4236=CARTESIAN_POINT('',(495.,-46.4985882722805,206.));
#4237=CARTESIAN_POINT('',(456.583668941722,-42.4782745568793,206.));
#4238=CARTESIAN_POINT('',(456.583668941722,-42.4782745568793,206.));
#4239=CARTESIAN_POINT('Origin',(499.,-43.,198.));
#4240=CARTESIAN_POINT('',(503.,-43.,206.));
#4241=CARTESIAN_POINT('',(503.,-43.,190.));
#4242=CARTESIAN_POINT('',(503.,-43.,198.));
#4243=CARTESIAN_POINT('',(495.,-43.,190.));
#4244=CARTESIAN_POINT('',(499.,-43.,190.));
#4245=CARTESIAN_POINT('',(495.,-43.,206.));
#4246=CARTESIAN_POINT('',(495.,-43.,198.));
#4247=CARTESIAN_POINT('',(478.,-43.,206.));
#4248=CARTESIAN_POINT('',(499.,-43.,206.));
#4249=CARTESIAN_POINT('Origin',(495.,-52.5,198.));
#4250=CARTESIAN_POINT('',(495.,-62.,190.));
#4251=CARTESIAN_POINT('',(495.,-52.5,190.));
#4252=CARTESIAN_POINT('',(495.,-62.,206.));
#4253=CARTESIAN_POINT('',(495.,-62.,198.));
#4254=CARTESIAN_POINT('',(495.,-52.5,206.));
#4255=CARTESIAN_POINT('',(495.,-45.5,206.));
#4256=CARTESIAN_POINT('Origin',(499.,-62.,198.));
#4257=CARTESIAN_POINT('',(499.,-62.,190.));
#4258=CARTESIAN_POINT('',(499.,-62.,206.));
#4259=CARTESIAN_POINT('',(499.,-62.,198.));
#4260=CARTESIAN_POINT('',(499.,-62.,206.));
#4261=CARTESIAN_POINT('',(499.,-62.,190.));
#4262=CARTESIAN_POINT('Origin',(499.,-52.5,206.));
#4263=CARTESIAN_POINT('',(503.,-58.,206.));
#4264=CARTESIAN_POINT('',(503.,-52.5,206.));
#4265=CARTESIAN_POINT('',(499.,-66.,206.));
#4266=CARTESIAN_POINT('',(499.,-62.,206.));
#4267=CARTESIAN_POINT('',(535.,-66.,206.));
#4268=CARTESIAN_POINT('',(517.,-66.,206.));
#4269=CARTESIAN_POINT('',(535.,-58.,206.));
#4270=CARTESIAN_POINT('',(535.,-62.,206.));
#4271=CARTESIAN_POINT('',(517.,-58.,206.));
#4272=CARTESIAN_POINT('Origin',(499.,-52.5,190.));
#4273=CARTESIAN_POINT('',(503.,-58.,190.));
#4274=CARTESIAN_POINT('',(535.,-58.,190.));
#4275=CARTESIAN_POINT('',(517.,-58.,190.));
#4276=CARTESIAN_POINT('',(535.,-66.,190.));
#4277=CARTESIAN_POINT('',(535.,-62.,190.));
#4278=CARTESIAN_POINT('',(499.,-66.,190.));
#4279=CARTESIAN_POINT('',(517.,-66.,190.));
#4280=CARTESIAN_POINT('',(499.,-62.,190.));
#4281=CARTESIAN_POINT('',(503.,-52.5,190.));
#4282=CARTESIAN_POINT('Origin',(503.,-52.5,198.));
#4283=CARTESIAN_POINT('',(503.,-58.,198.));
#4284=CARTESIAN_POINT('Origin',(535.,-62.,198.));
#4285=CARTESIAN_POINT('',(535.,-66.,198.));
#4286=CARTESIAN_POINT('',(535.,-58.,198.));
#4287=CARTESIAN_POINT('Origin',(517.,-58.,198.));
#4288=CARTESIAN_POINT('',(523.8,-58.,198.));
#4289=CARTESIAN_POINT('Origin',(526.,-58.,198.));
#4290=CARTESIAN_POINT('Origin',(517.,-66.,198.));
#4291=CARTESIAN_POINT('',(499.,-66.,198.));
#4292=CARTESIAN_POINT('',(523.8,-66.,198.));
#4293=CARTESIAN_POINT('Origin',(526.,-66.,198.));
#4294=CARTESIAN_POINT('Origin',(499.,-62.,198.));
#4295=CARTESIAN_POINT('Origin',(526.,-62.,198.));
#4296=CARTESIAN_POINT('',(523.8,-62.,198.));
#4297=CARTESIAN_POINT('Origin',(457.,-38.5,206.));
#4298=CARTESIAN_POINT('',(435.,0.,206.));
#4299=CARTESIAN_POINT('',(425.,31.1293187044637,206.));
#4300=CARTESIAN_POINT('',(425.,0.,206.));
#4301=CARTESIAN_POINT('',(414.416331058278,30.0217254431207,206.));
#4302=CARTESIAN_POINT('',(457.416331058278,34.5217254431207,206.));
#4303=CARTESIAN_POINT('',(413.583668941722,37.9782745568793,206.));
#4304=CARTESIAN_POINT('',(414.,34.,206.));
#4305=CARTESIAN_POINT('',(495.,46.4985882722805,206.));
#4306=CARTESIAN_POINT('',(456.583668941722,42.4782745568793,206.));
#4307=CARTESIAN_POINT('',(495.,43.,206.));
#4308=CARTESIAN_POINT('',(495.,45.5,206.));
#4309=CARTESIAN_POINT('',(500.,43.,206.));
#4310=CARTESIAN_POINT('',(478.,43.,206.));
#4311=CARTESIAN_POINT('',(500.,43.,206.));
#4312=CARTESIAN_POINT('Origin',(456.583668941722,42.4782745568793,240.));
#4313=CARTESIAN_POINT('',(499.583668941722,46.9782745568793,206.));
#4314=CARTESIAN_POINT('',(499.583668941722,46.9782745568793,240.));
#4315=CARTESIAN_POINT('',(456.583668941722,42.4782745568793,206.));
#4316=CARTESIAN_POINT('',(413.583668941722,37.9782745568793,220.));
#4317=CARTESIAN_POINT('',(413.583668941722,37.9782745568793,240.));
#4318=CARTESIAN_POINT('',(426.,39.2776580397223,220.));
#4319=CARTESIAN_POINT('',(457.130011057544,42.5354498945816,220.));
#4320=CARTESIAN_POINT('',(426.,39.2776580397223,240.));
#4321=CARTESIAN_POINT('Origin',(414.,34.,240.));
#4322=CARTESIAN_POINT('',(414.416331058278,30.0217254431207,220.));
#4323=CARTESIAN_POINT('',(413.953657884178,34.4428246622977,220.));
#4324=CARTESIAN_POINT('',(414.416331058278,30.0217254431207,240.));
#4325=CARTESIAN_POINT('Origin',(500.,43.,240.));
#4326=CARTESIAN_POINT('',(500.,43.,206.));
#4327=CARTESIAN_POINT('Origin',(457.416331058278,34.5217254431207,240.));
#4328=CARTESIAN_POINT('',(425.,31.1293187044637,220.));
#4329=CARTESIAN_POINT('',(425.,31.1293187044637,240.));
#4330=CARTESIAN_POINT('',(457.9626731741,34.578900780823,220.));
#4331=CARTESIAN_POINT('Origin',(503.,52.5,198.));
#4332=CARTESIAN_POINT('',(503.,58.,190.));
#4333=CARTESIAN_POINT('',(503.,58.,206.));
#4334=CARTESIAN_POINT('',(503.,58.,198.));
#4335=CARTESIAN_POINT('',(503.,43.,206.));
#4336=CARTESIAN_POINT('',(503.,52.5,206.));
#4337=CARTESIAN_POINT('',(503.,43.,190.));
#4338=CARTESIAN_POINT('',(503.,43.,198.));
#4339=CARTESIAN_POINT('',(503.,52.5,190.));
#4340=CARTESIAN_POINT('Origin',(495.,52.5,198.));
#4341=CARTESIAN_POINT('',(495.,62.,206.));
#4342=CARTESIAN_POINT('',(495.,62.,190.));
#4343=CARTESIAN_POINT('',(495.,62.,198.));
#4344=CARTESIAN_POINT('',(495.,43.,190.));
#4345=CARTESIAN_POINT('',(495.,52.5,190.));
#4346=CARTESIAN_POINT('',(495.,43.,198.));
#4347=CARTESIAN_POINT('',(495.,52.5,206.));
#4348=CARTESIAN_POINT('Origin',(499.,43.,198.));
#4349=CARTESIAN_POINT('',(499.,43.,190.));
#4350=CARTESIAN_POINT('',(499.,43.,206.));
#4351=CARTESIAN_POINT('Origin',(499.,52.5,190.));
#4352=CARTESIAN_POINT('',(499.,62.,190.));
#4353=CARTESIAN_POINT('',(499.,62.,190.));
#4354=CARTESIAN_POINT('',(499.,66.,190.));
#4355=CARTESIAN_POINT('',(499.,62.,190.));
#4356=CARTESIAN_POINT('',(535.,66.,190.));
#4357=CARTESIAN_POINT('',(517.,66.,190.));
#4358=CARTESIAN_POINT('',(535.,58.,190.));
#4359=CARTESIAN_POINT('',(535.,62.,190.));
#4360=CARTESIAN_POINT('',(517.,58.,190.));
#4361=CARTESIAN_POINT('Origin',(499.,62.,198.));
#4362=CARTESIAN_POINT('',(499.,62.,206.));
#4363=CARTESIAN_POINT('',(499.,62.,198.));
#4364=CARTESIAN_POINT('',(499.,62.,206.));
#4365=CARTESIAN_POINT('Origin',(499.,52.5,206.));
#4366=CARTESIAN_POINT('',(535.,58.,206.));
#4367=CARTESIAN_POINT('',(517.,58.,206.));
#4368=CARTESIAN_POINT('',(535.,66.,206.));
#4369=CARTESIAN_POINT('',(535.,62.,206.));
#4370=CARTESIAN_POINT('',(499.,66.,206.));
#4371=CARTESIAN_POINT('',(517.,66.,206.));
#4372=CARTESIAN_POINT('',(499.,62.,206.));
#4373=CARTESIAN_POINT('Origin',(535.,62.,198.));
#4374=CARTESIAN_POINT('',(535.,58.,198.));
#4375=CARTESIAN_POINT('',(535.,66.,198.));
#4376=CARTESIAN_POINT('Origin',(517.,66.,198.));
#4377=CARTESIAN_POINT('',(499.,66.,198.));
#4378=CARTESIAN_POINT('',(523.8,66.,198.));
#4379=CARTESIAN_POINT('Origin',(526.,66.,198.));
#4380=CARTESIAN_POINT('Origin',(499.,62.,198.));
#4381=CARTESIAN_POINT('Origin',(517.,58.,198.));
#4382=CARTESIAN_POINT('',(523.8,58.,198.));
#4383=CARTESIAN_POINT('Origin',(526.,58.,198.));
#4384=CARTESIAN_POINT('Origin',(526.,62.,198.));
#4385=CARTESIAN_POINT('',(523.8,62.,198.));
#4386=CARTESIAN_POINT('Origin',(458.,39.5,220.));
#4387=CARTESIAN_POINT('',(435.,19.75,220.));
#4388=CARTESIAN_POINT('Origin',(414.,34.,240.));
#4389=CARTESIAN_POINT('',(413.583668941722,37.9782745568793,260.));
#4390=CARTESIAN_POINT('',(414.416331058278,30.0217254431207,260.));
#4391=CARTESIAN_POINT('',(413.953657884178,34.4428246622977,260.));
#4392=CARTESIAN_POINT('',(414.416331058278,30.0217254431207,240.));
#4393=CARTESIAN_POINT('',(413.583668941722,37.9782745568793,240.));
#4394=CARTESIAN_POINT('Origin',(503.,52.5,282.));
#4395=CARTESIAN_POINT('',(503.,58.,274.));
#4396=CARTESIAN_POINT('',(503.,58.,290.));
#4397=CARTESIAN_POINT('',(503.,58.,282.));
#4398=CARTESIAN_POINT('',(503.,43.,290.));
#4399=CARTESIAN_POINT('',(503.,52.5,290.));
#4400=CARTESIAN_POINT('',(503.,43.,274.));
#4401=CARTESIAN_POINT('',(503.,43.,282.));
#4402=CARTESIAN_POINT('',(503.,52.5,274.));
#4403=CARTESIAN_POINT('Origin',(495.,52.5,282.));
#4404=CARTESIAN_POINT('',(495.,62.,290.));
#4405=CARTESIAN_POINT('',(495.,62.,274.));
#4406=CARTESIAN_POINT('',(495.,62.,282.));
#4407=CARTESIAN_POINT('',(495.,52.5,274.));
#4408=CARTESIAN_POINT('',(495.,43.,290.));
#4409=CARTESIAN_POINT('',(495.,43.,282.));
#4410=CARTESIAN_POINT('',(495.,52.5,290.));
#4411=CARTESIAN_POINT('Origin',(499.,43.,282.));
#4412=CARTESIAN_POINT('',(499.,43.,274.));
#4413=CARTESIAN_POINT('',(499.,43.,290.));
#4414=CARTESIAN_POINT('Origin',(499.,52.5,274.));
#4415=CARTESIAN_POINT('',(499.583668941722,46.9782745568793,274.));
#4416=CARTESIAN_POINT('',(500.,43.,274.));
#4417=CARTESIAN_POINT('',(456.583668941722,42.4782745568793,274.));
#4418=CARTESIAN_POINT('',(499.,62.,274.));
#4419=CARTESIAN_POINT('',(499.,62.,274.));
#4420=CARTESIAN_POINT('',(499.,66.,274.));
#4421=CARTESIAN_POINT('',(499.,62.,274.));
#4422=CARTESIAN_POINT('',(535.,66.,274.));
#4423=CARTESIAN_POINT('',(517.,66.,274.));
#4424=CARTESIAN_POINT('',(535.,58.,274.));
#4425=CARTESIAN_POINT('',(535.,62.,274.));
#4426=CARTESIAN_POINT('',(517.,58.,274.));
#4427=CARTESIAN_POINT('Origin',(499.,62.,282.));
#4428=CARTESIAN_POINT('',(499.,62.,290.));
#4429=CARTESIAN_POINT('',(499.,62.,282.));
#4430=CARTESIAN_POINT('',(499.,62.,290.));
#4431=CARTESIAN_POINT('Origin',(499.,52.5,290.));
#4432=CARTESIAN_POINT('',(535.,58.,290.));
#4433=CARTESIAN_POINT('',(517.,58.,290.));
#4434=CARTESIAN_POINT('',(535.,66.,290.));
#4435=CARTESIAN_POINT('',(535.,62.,290.));
#4436=CARTESIAN_POINT('',(499.,66.,290.));
#4437=CARTESIAN_POINT('',(517.,66.,290.));
#4438=CARTESIAN_POINT('',(499.,62.,290.));
#4439=CARTESIAN_POINT('Origin',(535.,62.,282.));
#4440=CARTESIAN_POINT('',(535.,58.,282.));
#4441=CARTESIAN_POINT('',(535.,66.,282.));
#4442=CARTESIAN_POINT('Origin',(517.,66.,282.));
#4443=CARTESIAN_POINT('',(499.,66.,282.));
#4444=CARTESIAN_POINT('',(523.8,66.,282.));
#4445=CARTESIAN_POINT('Origin',(526.,66.,282.));
#4446=CARTESIAN_POINT('Origin',(499.,62.,282.));
#4447=CARTESIAN_POINT('Origin',(517.,58.,282.));
#4448=CARTESIAN_POINT('',(523.8,58.,282.));
#4449=CARTESIAN_POINT('Origin',(526.,58.,282.));
#4450=CARTESIAN_POINT('Origin',(526.,62.,282.));
#4451=CARTESIAN_POINT('',(523.8,62.,282.));
#4452=CARTESIAN_POINT('Origin',(457.416331058278,34.5217254431207,240.));
#4453=CARTESIAN_POINT('',(425.,31.1293187044637,260.));
#4454=CARTESIAN_POINT('',(425.,31.1293187044637,240.));
#4455=CARTESIAN_POINT('',(457.9626731741,34.578900780823,260.));
#4456=CARTESIAN_POINT('Origin',(430.,36.5,240.));
#4457=CARTESIAN_POINT('',(426.,36.5,260.));
#4458=CARTESIAN_POINT('',(426.,36.5,220.));
#4459=CARTESIAN_POINT('',(426.,36.5,240.));
#4460=CARTESIAN_POINT('',(425.,36.5,220.));
#4461=CARTESIAN_POINT('',(444.,36.5,220.));
#4462=CARTESIAN_POINT('',(425.,36.5,260.));
#4463=CARTESIAN_POINT('',(425.,36.5,240.));
#4464=CARTESIAN_POINT('',(444.,36.5,260.));
#4465=CARTESIAN_POINT('Origin',(430.,27.5,240.));
#4466=CARTESIAN_POINT('',(425.,27.5,218.));
#4467=CARTESIAN_POINT('',(425.,27.5,262.));
#4468=CARTESIAN_POINT('',(425.,27.5,240.));
#4469=CARTESIAN_POINT('',(435.,27.5,218.));
#4470=CARTESIAN_POINT('',(430.,27.5,218.));
#4471=CARTESIAN_POINT('',(435.,27.5,262.));
#4472=CARTESIAN_POINT('',(435.,27.5,240.));
#4473=CARTESIAN_POINT('',(430.,27.5,262.));
#4474=CARTESIAN_POINT('Origin',(430.,0.,218.));
#4475=CARTESIAN_POINT('',(425.,-27.5,218.));
#4476=CARTESIAN_POINT('',(425.,0.,218.));
#4477=CARTESIAN_POINT('',(435.,-27.5,218.));
#4478=CARTESIAN_POINT('',(430.,-27.5,218.));
#4479=CARTESIAN_POINT('',(435.,0.,218.));
#4480=CARTESIAN_POINT('Origin',(430.,-27.5,240.));
#4481=CARTESIAN_POINT('',(425.,-27.5,262.));
#4482=CARTESIAN_POINT('',(425.,-27.5,240.));
#4483=CARTESIAN_POINT('',(435.,-27.5,262.));
#4484=CARTESIAN_POINT('',(430.,-27.5,262.));
#4485=CARTESIAN_POINT('',(435.,-27.5,240.));
#4486=CARTESIAN_POINT('Origin',(430.,0.,262.));
#4487=CARTESIAN_POINT('',(425.,0.,262.));
#4488=CARTESIAN_POINT('',(435.,0.,262.));
#4489=CARTESIAN_POINT('Origin',(425.,0.,240.));
#4490=CARTESIAN_POINT('',(425.,-36.5,260.));
#4491=CARTESIAN_POINT('',(425.,-19.75,260.));
#4492=CARTESIAN_POINT('',(425.,19.75,260.));
#4493=CARTESIAN_POINT('',(425.,19.75,220.));
#4494=CARTESIAN_POINT('',(425.,-36.5,240.));
#4495=CARTESIAN_POINT('Origin',(458.,-39.5,260.));
#4496=CARTESIAN_POINT('',(426.,-36.5,260.));
#4497=CARTESIAN_POINT('',(426.,-39.2776580397223,260.));
#4498=CARTESIAN_POINT('',(426.,-40.75,260.));
#4499=CARTESIAN_POINT('',(457.130011057544,-42.5354498945816,260.));
#4500=CARTESIAN_POINT('',(444.,-36.5,260.));
#4501=CARTESIAN_POINT('Origin',(458.,-39.5,260.));
#4502=CARTESIAN_POINT('',(435.,-19.75,260.));
#4503=CARTESIAN_POINT('Origin',(458.,-39.5,220.));
#4504=CARTESIAN_POINT('',(435.,-19.75,220.));
#4505=CARTESIAN_POINT('Origin',(500.,-43.,240.));
#4506=CARTESIAN_POINT('',(499.583668941722,-46.9782745568793,240.));
#4507=CARTESIAN_POINT('Origin',(456.583668941722,-42.4782745568793,240.));
#4508=CARTESIAN_POINT('',(426.,-39.2776580397223,240.));
#4509=CARTESIAN_POINT('Origin',(430.,-36.5,240.));
#4510=CARTESIAN_POINT('',(426.,-36.5,240.));
#4511=CARTESIAN_POINT('Origin',(426.,-42.,240.));
#4512=CARTESIAN_POINT('Origin',(458.,39.5,260.));
#4513=CARTESIAN_POINT('',(435.,19.75,260.));
#4514=CARTESIAN_POINT('Origin',(458.,39.5,260.));
#4515=CARTESIAN_POINT('',(426.,39.2776580397223,260.));
#4516=CARTESIAN_POINT('',(426.,40.75,260.));
#4517=CARTESIAN_POINT('',(457.130011057544,42.5354498945816,260.));
#4518=CARTESIAN_POINT('Origin',(458.,39.5,220.));
#4519=CARTESIAN_POINT('',(426.,40.75,220.));
#4520=CARTESIAN_POINT('Origin',(456.583668941722,42.4782745568793,240.));
#4521=CARTESIAN_POINT('',(499.583668941722,46.9782745568793,269.));
#4522=CARTESIAN_POINT('',(426.,39.2776580397223,269.));
#4523=CARTESIAN_POINT('',(467.151075655645,43.5841659571735,269.));
#4524=CARTESIAN_POINT('',(426.,39.2776580397223,240.));
#4525=CARTESIAN_POINT('',(499.583668941722,46.9782745568793,240.));
#4526=CARTESIAN_POINT('Origin',(500.,43.,240.));
#4527=CARTESIAN_POINT('',(499.932593286077,43.6441085997058,269.));
#4528=CARTESIAN_POINT('Origin',(435.,0.,240.));
#4529=CARTESIAN_POINT('Origin',(426.,42.,240.));
#4530=CARTESIAN_POINT('',(426.,42.,269.));
#4531=CARTESIAN_POINT('Origin',(478.,42.,269.));
#4532=CARTESIAN_POINT('Origin',(409.,15.5,213.153212482682));
#4533=CARTESIAN_POINT('',(404.,15.5,215.853212482682));
#4534=CARTESIAN_POINT('Origin',(404.,15.5,213.153212482682));
#4535=CARTESIAN_POINT('',(414.,15.5,215.853212482682));
#4536=CARTESIAN_POINT('',(409.,15.5,215.853212482682));
#4537=CARTESIAN_POINT('Origin',(414.,15.5,213.153212482682));
#4538=CARTESIAN_POINT('Origin',(409.,-15.5,213.153212482682));
#4539=CARTESIAN_POINT('',(404.,-15.5,215.853212482682));
#4540=CARTESIAN_POINT('Origin',(404.,-15.5,213.153212482682));
#4541=CARTESIAN_POINT('',(414.,-15.5,215.853212482682));
#4542=CARTESIAN_POINT('',(409.,-15.5,215.853212482682));
#4543=CARTESIAN_POINT('Origin',(414.,-15.5,213.153212482682));
#4544=CARTESIAN_POINT('Origin',(409.,-31.,240.));
#4545=CARTESIAN_POINT('',(404.,-31.,242.7));
#4546=CARTESIAN_POINT('Origin',(404.,-31.,240.));
#4547=CARTESIAN_POINT('',(414.,-31.,242.7));
#4548=CARTESIAN_POINT('',(409.,-31.,242.7));
#4549=CARTESIAN_POINT('Origin',(414.,-31.,240.));
#4550=CARTESIAN_POINT('Origin',(409.,-15.5,266.846787517318));
#4551=CARTESIAN_POINT('',(404.,-15.5,269.546787517318));
#4552=CARTESIAN_POINT('Origin',(404.,-15.5,266.846787517318));
#4553=CARTESIAN_POINT('',(414.,-15.5,269.546787517318));
#4554=CARTESIAN_POINT('',(409.,-15.5,269.546787517318));
#4555=CARTESIAN_POINT('Origin',(414.,-15.5,266.846787517318));
#4556=CARTESIAN_POINT('Origin',(409.,15.5,266.846787517318));
#4557=CARTESIAN_POINT('',(404.,15.5,269.546787517318));
#4558=CARTESIAN_POINT('Origin',(404.,15.5,266.846787517318));
#4559=CARTESIAN_POINT('',(414.,15.5,269.546787517318));
#4560=CARTESIAN_POINT('',(409.,15.5,269.546787517318));
#4561=CARTESIAN_POINT('Origin',(414.,15.5,266.846787517318));
#4562=CARTESIAN_POINT('Origin',(409.,31.,240.));
#4563=CARTESIAN_POINT('',(404.,31.,242.7));
#4564=CARTESIAN_POINT('Origin',(404.,31.,240.));
#4565=CARTESIAN_POINT('',(414.,31.,242.7));
#4566=CARTESIAN_POINT('',(409.,31.,242.7));
#4567=CARTESIAN_POINT('Origin',(414.,31.,240.));
#4568=CARTESIAN_POINT('Origin',(409.,0.,240.));
#4569=CARTESIAN_POINT('',(404.,-1.12667505521557E-15,249.2));
#4570=CARTESIAN_POINT('Origin',(404.,0.,240.));
#4571=CARTESIAN_POINT('',(414.,1.12667505521557E-15,249.2));
#4572=CARTESIAN_POINT('',(409.,-1.12667505521557E-15,249.2));
#4573=CARTESIAN_POINT('Origin',(414.,0.,240.));
#4574=CARTESIAN_POINT('Origin',(409.,0.,240.));
#4575=CARTESIAN_POINT('',(414.,-4.77612251667468E-15,279.));
#4576=CARTESIAN_POINT('Origin',(414.,0.,240.));
#4577=CARTESIAN_POINT('',(404.,-4.77612251667468E-15,279.));
#4578=CARTESIAN_POINT('',(409.,-4.77612251667468E-15,279.));
#4579=CARTESIAN_POINT('Origin',(404.,0.,240.));
#4580=CARTESIAN_POINT('Origin',(404.,0.,240.));
#4581=CARTESIAN_POINT('Origin',(414.,0.,240.));
#4582=UNCERTAINTY_MEASURE_WITH_UNIT(LENGTH_MEASURE(0.01),#4586,
'DISTANCE_ACCURACY_VALUE',
'Maximum model space distance between geometric entities at asserted c
onnectivities');
#4583=UNCERTAINTY_MEASURE_WITH_UNIT(LENGTH_MEASURE(0.01),#4586,
'DISTANCE_ACCURACY_VALUE',
'Maximum model space distance between geometric entities at asserted c
onnectivities');
#4584=(
GEOMETRIC_REPRESENTATION_CONTEXT(3)
GLOBAL_UNCERTAINTY_ASSIGNED_CONTEXT((#4582))
GLOBAL_UNIT_ASSIGNED_CONTEXT((#4586,#4588,#4589))
REPRESENTATION_CONTEXT('','3D')
);
#4585=(
GEOMETRIC_REPRESENTATION_CONTEXT(3)
GLOBAL_UNCERTAINTY_ASSIGNED_CONTEXT((#4583))
GLOBAL_UNIT_ASSIGNED_CONTEXT((#4586,#4588,#4589))
REPRESENTATION_CONTEXT('','3D')
);
#4586=(
LENGTH_UNIT()
NAMED_UNIT(*)
SI_UNIT(.MILLI.,.METRE.)
);
#4587=(
LENGTH_UNIT()
NAMED_UNIT(*)
SI_UNIT($,.METRE.)
);
#4588=(
NAMED_UNIT(*)
PLANE_ANGLE_UNIT()
SI_UNIT($,.RADIAN.)
);
#4589=(
NAMED_UNIT(*)
SI_UNIT($,.STERADIAN.)
SOLID_ANGLE_UNIT()
);
#4590=SHAPE_DEFINITION_REPRESENTATION(#4591,#4592);
#4591=PRODUCT_DEFINITION_SHAPE('',$,#4594);
#4592=SHAPE_REPRESENTATION('',(#2858),#4584);
#4593=PRODUCT_DEFINITION_CONTEXT('part definition',#4598,'design');
#4594=PRODUCT_DEFINITION('2026-08-12-23-09-23-388',
'EXPORT_TMP_PRINT_V007D_P401_J4_BoltedFlange_Forearm',#4595,#4593);
#4595=PRODUCT_DEFINITION_FORMATION('',$,#4600);
#4596=PRODUCT_RELATED_PRODUCT_CATEGORY(
'EXPORT_TMP_PRINT_V007D_P401_J4_BoltedFlange_Forearm',
'EXPORT_TMP_PRINT_V007D_P401_J4_BoltedFlange_Forearm',(#4600));
#4597=APPLICATION_PROTOCOL_DEFINITION('international standard',
'automotive_design',2009,#4598);
#4598=APPLICATION_CONTEXT(
'Core Data for Automotive Mechanical Design Process');
#4599=PRODUCT_CONTEXT('part definition',#4598,'mechanical');
#4600=PRODUCT('2026-08-12-23-09-23-388',
'EXPORT_TMP_PRINT_V007D_P401_J4_BoltedFlange_Forearm',$,(#4599));
#4601=PRESENTATION_STYLE_ASSIGNMENT((#4602));
#4602=SURFACE_STYLE_USAGE(.BOTH.,#4603);
#4603=SURFACE_SIDE_STYLE('',(#4604));
#4604=SURFACE_STYLE_FILL_AREA(#4605);
#4605=FILL_AREA_STYLE('Steel - Satin',(#4606));
#4606=FILL_AREA_STYLE_COLOUR('Steel - Satin',#4607);
#4607=COLOUR_RGB('Steel - Satin',0.627450980392157,0.627450980392157,0.627450980392157);
ENDSEC;
END-ISO-10303-21;
