ISO-10303-21;
HEADER;
/* Generated by software containing ST-Developer
 * from STEP Tools, Inc. (www.steptools.com) 
 */

FILE_DESCRIPTION(
/* description */ (''),
/* implementation_level */ '2;1');

FILE_NAME(
/* name */ 'PRINT_V015_P401B_ForearmSideFrame_PosY.step',
/* time_stamp */ '2026-09-30T14:03:43+02:00',
/* author */ (''),
/* organization */ (''),
/* preprocessor_version */ 'ST-DEVELOPER v20.2',
/* originating_system */ 'Autodesk Translation Framework v15.15.0.0',
/* authorisation */ '');

FILE_SCHEMA (('AUTOMOTIVE_DESIGN { 1 0 10303 214 3 1 1 }'));
ENDSEC;

DATA;
#10=MECHANICAL_DESIGN_GEOMETRIC_PRESENTATION_REPRESENTATION('',(#13),#5515);
#11=SHAPE_REPRESENTATION_RELATIONSHIP('SRR','None',#5522,#12);
#12=ADVANCED_BREP_SHAPE_REPRESENTATION('',(#14),#5514);
#13=STYLED_ITEM('',(#5531),#14);
#14=MANIFOLD_SOLID_BREP('PRINT_V015_P401B_ForearmSideFrame_PosY',#3090);
#15=B_SPLINE_CURVE_WITH_KNOTS('',3,(#4592,#4593,#4594,#4595,#4596,#4597,
#4598,#4599,#4600,#4601),.UNSPECIFIED.,.F.,.F.,(4,2,2,2,4),(0.,0.079210314627801,
0.158420629255602,0.23415589605277,0.241898227585003),.UNSPECIFIED.);
#16=B_SPLINE_CURVE_WITH_KNOTS('',3,(#4603,#4604,#4605,#4606,#4607,#4608,
#4609,#4610,#4611,#4612),.UNSPECIFIED.,.F.,.F.,(4,2,2,2,4),(2.09665802986446,
2.10440036139669,2.18013562819386,2.25934594282166,2.33855625744946),
 .UNSPECIFIED.);
#17=B_SPLINE_CURVE_WITH_KNOTS('',3,(#4615,#4616,#4617,#4618,#4619,#4620),
 .UNSPECIFIED.,.F.,.F.,(4,2,4),(0.204354316145408,0.261754626656088,0.35113440677329),
 .UNSPECIFIED.);
#18=B_SPLINE_CURVE_WITH_KNOTS('',3,(#4623,#4624,#4625,#4626,#4627,#4628,
#4629,#4630,#4631,#4632,#4633,#4634,#4635,#4636,#4637,#4638,#4639,#4640,
#4641,#4642,#4643,#4644),.UNSPECIFIED.,.F.,.F.,(4,2,2,2,2,2,2,2,2,2,4),
(0.35113440677329,0.43592228165474,0.520710156536189,0.60606153790313,0.691412919270071,
0.776764300637012,0.862115682003953,0.946903556885402,1.03169143176685,
1.12107121188405,1.1341692469759),.UNSPECIFIED.);
#19=B_SPLINE_CURVE_WITH_KNOTS('',3,(#4646,#4647,#4648,#4649,#4650,#4651,
#4652,#4653,#4654,#4655,#4656,#4657,#4658,#4659,#4660,#4661,#4662,#4663,
#4664,#4665,#4666,#4667,#4668,#4669,#4670,#4671,#4672,#4673,#4674,#4675,
#4676,#4677),.UNSPECIFIED.,.F.,.F.,(4,2,2,2,2,2,2,2,2,2,2,2,2,2,2,4),(1.16927812872473,
1.24848844335253,1.32769875798033,1.4034340247775,1.46164483059932,1.51985563642115,
1.5786140644531,1.63737249248505,1.69564484278608,1.7539171930871,1.81218954338812,
1.87046189368914,1.92922032172109,1.98797874975305,2.04618955557487,2.09665802986446),
 .UNSPECIFIED.);
#20=B_SPLINE_CURVE_WITH_KNOTS('',3,(#4678,#4679,#4680,#4681,#4682,#4683,
#4684,#4685,#4686,#4687,#4688,#4689,#4690,#4691,#4692,#4693,#4694,#4695,
#4696,#4697,#4698,#4699,#4700,#4701,#4702,#4703,#4704,#4705,#4706,#4707,
#4708,#4709),.UNSPECIFIED.,.F.,.F.,(4,2,2,2,2,2,2,2,2,2,2,2,2,2,2,4),(0.241898227585003,
0.292366701874592,0.350577507696415,0.409335935728369,0.468094363760323,
0.526366714061344,0.584639064362365,0.642911414663387,0.701183764964408,
0.759942192996362,0.818700621028316,0.876911426850138,0.935122232671961,
1.01085749946913,1.09006781409693,1.16927812872473),.UNSPECIFIED.);
#21=B_SPLINE_CURVE_WITH_KNOTS('',3,(#4716,#4717,#4718,#4719,#4720,#4721,
#4722,#4723,#4724,#4725,#4726,#4727,#4728,#4729,#4730,#4731,#4732,#4733,
#4734,#4735,#4736,#4737,#4738,#4739,#4740,#4741,#4742,#4743,#4744,#4745,
#4746,#4747),.UNSPECIFIED.,.F.,.F.,(4,2,2,2,2,2,2,2,2,2,2,2,2,2,2,4),(0.,
0.079210314627801,0.158420629255602,0.23415589605277,0.292366701874592,
0.350577507696415,0.409335935728369,0.468094363760323,0.526366714061344,
0.584639064362365,0.642911414663387,0.701183764964408,0.759942192996362,
0.818700621028316,0.876911426850138,0.927379901139727),.UNSPECIFIED.);
#22=B_SPLINE_CURVE_WITH_KNOTS('',3,(#4749,#4750,#4751,#4752,#4753,#4754,
#4755,#4756,#4757,#4758,#4759,#4760,#4761,#4762,#4763,#4764,#4765,#4766,
#4767,#4768,#4769,#4770,#4771,#4772,#4773,#4774,#4775,#4776,#4777,#4778,
#4779,#4780),.UNSPECIFIED.,.F.,.F.,(4,2,2,2,2,2,2,2,2,2,2,2,2,2,2,4),(1.41117635630973,
1.46164483059932,1.51985563642115,1.5786140644531,1.63737249248505,1.69564484278608,
1.7539171930871,1.81218954338812,1.87046189368914,1.92922032172109,1.98797874975305,
2.04618955557487,2.10440036139669,2.18013562819386,2.25934594282166,2.33855625744946),
 .UNSPECIFIED.);
#23=B_SPLINE_CURVE_WITH_KNOTS('',3,(#4784,#4785,#4786,#4787,#4788,#4789,
#4790,#4791,#4792,#4793,#4794,#4795,#4796,#4797,#4798,#4799,#4800,#4801,
#4802,#4803,#4804,#4805,#4806),.UNSPECIFIED.,.F.,.F.,(4,2,2,2,2,2,3,2,2,
2,4),(-0.442756327705832,-0.429658292613986,-0.340278512496784,-0.255490637615337,
-0.170702762733889,-0.0853513813669444,0.,0.0853513813669445,0.170702762733889,
0.255490637615337,0.340278512496784),.UNSPECIFIED.);
#24=B_SPLINE_CURVE_WITH_KNOTS('',3,(#4808,#4809,#4810,#4811,#4812,#4813),
 .UNSPECIFIED.,.F.,.F.,(4,2,4),(0.340278512496784,0.429658292613986,0.487058603124669),
 .UNSPECIFIED.);
#25=B_SPLINE_CURVE_WITH_KNOTS('',3,(#4814,#4815,#4816,#4817,#4818,#4819,
#4820,#4821,#4822,#4823,#4824,#4825,#4826,#4827,#4828,#4829,#4830,#4831),
 .UNSPECIFIED.,.F.,.F.,(4,2,2,2,2,2,2,2,4),(0.927379901139727,0.935122232671961,
1.01085749946913,1.09006781409693,1.16927812872473,1.24848844335253,1.32769875798033,
1.4034340247775,1.41117635630973),.UNSPECIFIED.);
#26=B_SPLINE_CURVE_WITH_KNOTS('',3,(#4851,#4852,#4853,#4854,#4855,#4856,
#4857,#4858,#4859,#4860),.UNSPECIFIED.,.F.,.F.,(4,2,2,2,4),(0.804085777243119,
0.872722200543315,0.957528142565564,1.04233408458781,1.11097139658143),
 .UNSPECIFIED.);
#27=B_SPLINE_CURVE_WITH_KNOTS('',3,(#4880,#4881,#4882,#4883,#4884,#4885,
#4886,#4887,#4888,#4889),.UNSPECIFIED.,.F.,.F.,(4,2,2,2,4),(0.993011005959206,
1.06164831795282,1.14645425997507,1.23126020199732,1.29989662529751),
 .UNSPECIFIED.);
#28=B_SPLINE_CURVE_WITH_KNOTS('',3,(#5059,#5060,#5061,#5062,#5063,#5064,
#5065,#5066,#5067,#5068,#5069,#5070,#5071,#5072,#5073),.UNSPECIFIED.,.F.,
 .F.,(4,2,2,3,2,2,4),(-0.127024675737774,-0.115103815641762,-0.0575519078208808,
0.,0.0575519078208808,0.115103815641762,0.127024669583023),
 .UNSPECIFIED.);
#29=B_SPLINE_CURVE_WITH_KNOTS('',3,(#5074,#5075,#5076,#5077,#5078,#5079,
#5080,#5081,#5082,#5083),.UNSPECIFIED.,.F.,.F.,(4,2,2,2,4),(0.230315754041038,
0.252862163431699,0.337046065105676,0.421229966779654,0.443776376170309),
 .UNSPECIFIED.);
#30=B_SPLINE_CURVE_WITH_KNOTS('',3,(#5087,#5088,#5089,#5090,#5091,#5092,
#5093,#5094,#5095,#5096,#5097,#5098,#5099,#5100,#5101),.UNSPECIFIED.,.F.,
 .F.,(4,2,2,3,2,2,4),(-0.12702467573778,-0.115103815641762,-0.0575519078208808,
0.,0.0575519078208808,0.115103815641762,0.127024669583031),
 .UNSPECIFIED.);
#31=B_SPLINE_CURVE_WITH_KNOTS('',3,(#5102,#5103,#5104,#5105,#5106,#5107,
#5108,#5109,#5110,#5111),.UNSPECIFIED.,.F.,.F.,(4,2,2,2,4),(0.904407884252391,
0.926954293643052,1.01113819531703,1.09532209699101,1.11786850638167),
 .UNSPECIFIED.);
#32=B_SPLINE_CURVE_WITH_KNOTS('',3,(#5119,#5120,#5121,#5122,#5123,#5124,
#5125,#5126,#5127,#5128,#5129,#5130,#5131,#5132),.UNSPECIFIED.,.F.,.F.,
(4,2,2,2,2,2,4),(0.77618317707789,0.83729604273427,0.920990698523478,1.00468535431269,
1.08838001010189,1.1720746658911,1.23318753154748),.UNSPECIFIED.);
#33=B_SPLINE_CURVE_WITH_KNOTS('',3,(#5134,#5135,#5136,#5137,#5138,#5139,
#5140,#5141),.UNSPECIFIED.,.F.,.F.,(4,2,2,4),(0.106392940869435,0.167505806525813,
0.251200462315021,0.334895118104229),.UNSPECIFIED.);
#34=B_SPLINE_CURVE_WITH_KNOTS('',3,(#5145,#5146,#5147,#5148,#5149,#5150,
#5151,#5152),.UNSPECIFIED.,.F.,.F.,(4,2,2,4),(0.334895118104229,0.418589773893436,
0.502284429682644,0.563397295339014),.UNSPECIFIED.);
#35=B_SPLINE_CURVE_WITH_KNOTS('',3,(#5157,#5158,#5159,#5160,#5161,#5162,
#5163,#5164,#5165,#5166,#5167,#5168,#5169,#5170),.UNSPECIFIED.,.F.,.F.,
(4,2,2,2,2,2,4),(1.50087702236289,1.51279787630416,1.57034978412504,1.62790169194592,
1.6854535997668,1.74300550758768,1.75492636152894),.UNSPECIFIED.);
#36=B_SPLINE_CURVE_WITH_KNOTS('',3,(#5171,#5172,#5173,#5174,#5175,#5176,
#5177,#5178,#5179,#5180),.UNSPECIFIED.,.F.,.F.,(4,2,2,2,4),(0.904407884252391,
0.926954293643052,1.01113819531703,1.09532209699101,1.11786850638167),
 .UNSPECIFIED.);
#37=B_SPLINE_CURVE_WITH_KNOTS('',3,(#5184,#5185,#5186,#5187,#5188,#5189,
#5190,#5191,#5192,#5193,#5194,#5195,#5196,#5197),.UNSPECIFIED.,.F.,.F.,
(4,2,2,2,2,2,4),(1.50087702236288,1.51279787630416,1.57034978412504,1.62790169194592,
1.6854535997668,1.74300550758768,1.75492636152895),.UNSPECIFIED.);
#38=B_SPLINE_CURVE_WITH_KNOTS('',3,(#5198,#5199,#5200,#5201,#5202,#5203,
#5204,#5205,#5206,#5207),.UNSPECIFIED.,.F.,.F.,(4,2,2,2,4),(0.230315754041036,
0.252862163431699,0.337046065105676,0.421229966779654,0.443776376170299),
 .UNSPECIFIED.);
#39=B_SPLINE_CURVE_WITH_KNOTS('',3,(#5217,#5218,#5219,#5220,#5221,#5222,
#5223,#5224),.UNSPECIFIED.,.F.,.F.,(4,2,2,4),(1.00468535431269,1.08838001010189,
1.1720746658911,1.23318753154748),.UNSPECIFIED.);
#40=B_SPLINE_CURVE_WITH_KNOTS('',3,(#5225,#5226,#5227,#5228,#5229,#5230,
#5231,#5232,#5233,#5234,#5235,#5236,#5237,#5238),.UNSPECIFIED.,.F.,.F.,
(4,2,2,2,2,2,4),(0.106392940869434,0.167505806525813,0.251200462315021,
0.334895118104229,0.418589773893436,0.502284429682644,0.563397295339024),
 .UNSPECIFIED.);
#41=B_SPLINE_CURVE_WITH_KNOTS('',3,(#5239,#5240,#5241,#5242,#5243,#5244,
#5245,#5246),.UNSPECIFIED.,.F.,.F.,(4,2,2,4),(0.776183177077891,0.83729604273427,
0.920990698523478,1.00468535431269),.UNSPECIFIED.);
#42=ELLIPSE('',#3178,57.646431902432,6.);
#43=ELLIPSE('',#3179,2.26228729850672,2.25);
#44=ELLIPSE('',#3181,2.26228729850672,2.25);
#45=ELLIPSE('',#3182,57.646431902432,6.);
#46=ELLIPSE('',#3199,21.617411963412,2.25);
#47=ELLIPSE('',#3201,21.617411963412,2.25);
#48=ELLIPSE('',#3207,21.617411963412,2.25);
#49=ELLIPSE('',#3209,21.617411963412,2.25);
#50=ELLIPSE('',#3216,2.26228729850672,2.25);
#51=ELLIPSE('',#3226,2.26228729850672,2.25);
#52=ELLIPSE('',#3236,57.646431902432,6.);
#53=ELLIPSE('',#3263,57.646431902432,6.);
#54=ELLIPSE('',#3269,2.66447170713,2.65);
#55=ELLIPSE('',#3271,2.66447170713,2.65);
#56=ELLIPSE('',#3277,2.66447170713,2.65);
#57=ELLIPSE('',#3280,2.66447170713,2.65);
#58=ELLIPSE('',#3314,2.66447170713,2.65);
#59=ELLIPSE('',#3316,2.66447170713,2.65);
#60=ELLIPSE('',#3347,2.66447170713,2.65);
#61=ELLIPSE('',#3349,2.66447170713,2.65);
#62=FACE_BOUND('',#353,.T.);
#63=FACE_BOUND('',#358,.T.);
#64=FACE_BOUND('',#361,.T.);
#65=FACE_BOUND('',#380,.T.);
#66=FACE_BOUND('',#382,.T.);
#67=FACE_BOUND('',#384,.T.);
#68=FACE_BOUND('',#386,.T.);
#69=FACE_BOUND('',#388,.T.);
#70=FACE_BOUND('',#398,.T.);
#71=FACE_BOUND('',#399,.T.);
#72=FACE_BOUND('',#401,.T.);
#73=FACE_BOUND('',#410,.T.);
#74=FACE_BOUND('',#445,.T.);
#75=FACE_BOUND('',#478,.T.);
#76=FACE_BOUND('',#479,.T.);
#77=FACE_BOUND('',#486,.T.);
#78=FACE_BOUND('',#487,.T.);
#79=FACE_BOUND('',#490,.T.);
#80=FACE_BOUND('',#508,.T.);
#81=FACE_BOUND('',#511,.T.);
#82=FACE_BOUND('',#512,.T.);
#83=FACE_BOUND('',#520,.T.);
#84=FACE_BOUND('',#521,.T.);
#85=FACE_BOUND('',#524,.T.);
#86=PLANE('',#3107);
#87=PLANE('',#3108);
#88=PLANE('',#3111);
#89=PLANE('',#3112);
#90=PLANE('',#3116);
#91=PLANE('',#3118);
#92=PLANE('',#3119);
#93=PLANE('',#3122);
#94=PLANE('',#3127);
#95=PLANE('',#3128);
#96=PLANE('',#3129);
#97=PLANE('',#3130);
#98=PLANE('',#3131);
#99=PLANE('',#3138);
#100=PLANE('',#3142);
#101=PLANE('',#3143);
#102=PLANE('',#3144);
#103=PLANE('',#3145);
#104=PLANE('',#3146);
#105=PLANE('',#3148);
#106=PLANE('',#3150);
#107=PLANE('',#3152);
#108=PLANE('',#3154);
#109=PLANE('',#3155);
#110=PLANE('',#3157);
#111=PLANE('',#3167);
#112=PLANE('',#3168);
#113=PLANE('',#3169);
#114=PLANE('',#3174);
#115=PLANE('',#3177);
#116=PLANE('',#3180);
#117=PLANE('',#3213);
#118=PLANE('',#3217);
#119=PLANE('',#3219);
#120=PLANE('',#3222);
#121=PLANE('',#3223);
#122=PLANE('',#3227);
#123=PLANE('',#3229);
#124=PLANE('',#3232);
#125=PLANE('',#3237);
#126=PLANE('',#3238);
#127=PLANE('',#3239);
#128=PLANE('',#3240);
#129=PLANE('',#3241);
#130=PLANE('',#3246);
#131=PLANE('',#3249);
#132=PLANE('',#3254);
#133=PLANE('',#3257);
#134=PLANE('',#3259);
#135=PLANE('',#3264);
#136=PLANE('',#3265);
#137=PLANE('',#3272);
#138=PLANE('',#3281);
#139=PLANE('',#3282);
#140=PLANE('',#3284);
#141=PLANE('',#3285);
#142=PLANE('',#3289);
#143=PLANE('',#3291);
#144=PLANE('',#3293);
#145=PLANE('',#3295);
#146=PLANE('',#3296);
#147=PLANE('',#3298);
#148=PLANE('',#3301);
#149=PLANE('',#3302);
#150=PLANE('',#3303);
#151=PLANE('',#3304);
#152=PLANE('',#3305);
#153=PLANE('',#3306);
#154=PLANE('',#3307);
#155=PLANE('',#3309);
#156=PLANE('',#3310);
#157=PLANE('',#3311);
#158=PLANE('',#3317);
#159=PLANE('',#3320);
#160=PLANE('',#3322);
#161=PLANE('',#3324);
#162=PLANE('',#3327);
#163=PLANE('',#3329);
#164=PLANE('',#3330);
#165=PLANE('',#3331);
#166=PLANE('',#3332);
#167=PLANE('',#3333);
#168=PLANE('',#3334);
#169=PLANE('',#3335);
#170=PLANE('',#3336);
#171=PLANE('',#3337);
#172=PLANE('',#3338);
#173=PLANE('',#3339);
#174=PLANE('',#3340);
#175=PLANE('',#3341);
#176=PLANE('',#3342);
#177=PLANE('',#3350);
#178=PLANE('',#3351);
#179=PLANE('',#3353);
#180=PLANE('',#3355);
#181=PLANE('',#3356);
#182=PLANE('',#3357);
#183=PLANE('',#3358);
#184=PLANE('',#3359);
#185=PLANE('',#3360);
#186=PLANE('',#3362);
#187=PLANE('',#3363);
#188=PLANE('',#3364);
#189=PLANE('',#3365);
#190=PLANE('',#3367);
#191=PLANE('',#3368);
#192=PLANE('',#3369);
#193=PLANE('',#3370);
#194=PLANE('',#3371);
#195=PLANE('',#3373);
#196=PLANE('',#3375);
#197=PLANE('',#3376);
#198=FACE_OUTER_BOUND('',#350,.T.);
#199=FACE_OUTER_BOUND('',#351,.T.);
#200=FACE_OUTER_BOUND('',#352,.T.);
#201=FACE_OUTER_BOUND('',#354,.T.);
#202=FACE_OUTER_BOUND('',#355,.T.);
#203=FACE_OUTER_BOUND('',#356,.T.);
#204=FACE_OUTER_BOUND('',#357,.T.);
#205=FACE_OUTER_BOUND('',#359,.T.);
#206=FACE_OUTER_BOUND('',#360,.T.);
#207=FACE_OUTER_BOUND('',#362,.T.);
#208=FACE_OUTER_BOUND('',#363,.T.);
#209=FACE_OUTER_BOUND('',#364,.T.);
#210=FACE_OUTER_BOUND('',#365,.T.);
#211=FACE_OUTER_BOUND('',#366,.T.);
#212=FACE_OUTER_BOUND('',#367,.T.);
#213=FACE_OUTER_BOUND('',#368,.T.);
#214=FACE_OUTER_BOUND('',#369,.T.);
#215=FACE_OUTER_BOUND('',#370,.T.);
#216=FACE_OUTER_BOUND('',#371,.T.);
#217=FACE_OUTER_BOUND('',#372,.T.);
#218=FACE_OUTER_BOUND('',#373,.T.);
#219=FACE_OUTER_BOUND('',#374,.T.);
#220=FACE_OUTER_BOUND('',#375,.T.);
#221=FACE_OUTER_BOUND('',#376,.T.);
#222=FACE_OUTER_BOUND('',#377,.T.);
#223=FACE_OUTER_BOUND('',#378,.T.);
#224=FACE_OUTER_BOUND('',#379,.T.);
#225=FACE_OUTER_BOUND('',#381,.T.);
#226=FACE_OUTER_BOUND('',#383,.T.);
#227=FACE_OUTER_BOUND('',#385,.T.);
#228=FACE_OUTER_BOUND('',#387,.T.);
#229=FACE_OUTER_BOUND('',#389,.T.);
#230=FACE_OUTER_BOUND('',#390,.T.);
#231=FACE_OUTER_BOUND('',#391,.T.);
#232=FACE_OUTER_BOUND('',#392,.T.);
#233=FACE_OUTER_BOUND('',#393,.T.);
#234=FACE_OUTER_BOUND('',#394,.T.);
#235=FACE_OUTER_BOUND('',#395,.T.);
#236=FACE_OUTER_BOUND('',#396,.T.);
#237=FACE_OUTER_BOUND('',#397,.T.);
#238=FACE_OUTER_BOUND('',#400,.T.);
#239=FACE_OUTER_BOUND('',#402,.T.);
#240=FACE_OUTER_BOUND('',#403,.T.);
#241=FACE_OUTER_BOUND('',#404,.T.);
#242=FACE_OUTER_BOUND('',#405,.T.);
#243=FACE_OUTER_BOUND('',#406,.T.);
#244=FACE_OUTER_BOUND('',#407,.T.);
#245=FACE_OUTER_BOUND('',#408,.T.);
#246=FACE_OUTER_BOUND('',#409,.T.);
#247=FACE_OUTER_BOUND('',#411,.T.);
#248=FACE_OUTER_BOUND('',#412,.T.);
#249=FACE_OUTER_BOUND('',#413,.T.);
#250=FACE_OUTER_BOUND('',#414,.T.);
#251=FACE_OUTER_BOUND('',#415,.T.);
#252=FACE_OUTER_BOUND('',#416,.T.);
#253=FACE_OUTER_BOUND('',#417,.T.);
#254=FACE_OUTER_BOUND('',#418,.T.);
#255=FACE_OUTER_BOUND('',#419,.T.);
#256=FACE_OUTER_BOUND('',#420,.T.);
#257=FACE_OUTER_BOUND('',#421,.T.);
#258=FACE_OUTER_BOUND('',#422,.T.);
#259=FACE_OUTER_BOUND('',#423,.T.);
#260=FACE_OUTER_BOUND('',#424,.T.);
#261=FACE_OUTER_BOUND('',#425,.T.);
#262=FACE_OUTER_BOUND('',#426,.T.);
#263=FACE_OUTER_BOUND('',#427,.T.);
#264=FACE_OUTER_BOUND('',#428,.T.);
#265=FACE_OUTER_BOUND('',#429,.T.);
#266=FACE_OUTER_BOUND('',#430,.T.);
#267=FACE_OUTER_BOUND('',#431,.T.);
#268=FACE_OUTER_BOUND('',#432,.T.);
#269=FACE_OUTER_BOUND('',#433,.T.);
#270=FACE_OUTER_BOUND('',#434,.T.);
#271=FACE_OUTER_BOUND('',#435,.T.);
#272=FACE_OUTER_BOUND('',#436,.T.);
#273=FACE_OUTER_BOUND('',#437,.T.);
#274=FACE_OUTER_BOUND('',#438,.T.);
#275=FACE_OUTER_BOUND('',#439,.T.);
#276=FACE_OUTER_BOUND('',#440,.T.);
#277=FACE_OUTER_BOUND('',#441,.T.);
#278=FACE_OUTER_BOUND('',#442,.T.);
#279=FACE_OUTER_BOUND('',#443,.T.);
#280=FACE_OUTER_BOUND('',#444,.T.);
#281=FACE_OUTER_BOUND('',#446,.T.);
#282=FACE_OUTER_BOUND('',#447,.T.);
#283=FACE_OUTER_BOUND('',#448,.T.);
#284=FACE_OUTER_BOUND('',#449,.T.);
#285=FACE_OUTER_BOUND('',#450,.T.);
#286=FACE_OUTER_BOUND('',#451,.T.);
#287=FACE_OUTER_BOUND('',#452,.T.);
#288=FACE_OUTER_BOUND('',#453,.T.);
#289=FACE_OUTER_BOUND('',#454,.T.);
#290=FACE_OUTER_BOUND('',#455,.T.);
#291=FACE_OUTER_BOUND('',#456,.T.);
#292=FACE_OUTER_BOUND('',#457,.T.);
#293=FACE_OUTER_BOUND('',#458,.T.);
#294=FACE_OUTER_BOUND('',#459,.T.);
#295=FACE_OUTER_BOUND('',#460,.T.);
#296=FACE_OUTER_BOUND('',#461,.T.);
#297=FACE_OUTER_BOUND('',#462,.T.);
#298=FACE_OUTER_BOUND('',#463,.T.);
#299=FACE_OUTER_BOUND('',#464,.T.);
#300=FACE_OUTER_BOUND('',#465,.T.);
#301=FACE_OUTER_BOUND('',#466,.T.);
#302=FACE_OUTER_BOUND('',#467,.T.);
#303=FACE_OUTER_BOUND('',#468,.T.);
#304=FACE_OUTER_BOUND('',#469,.T.);
#305=FACE_OUTER_BOUND('',#470,.T.);
#306=FACE_OUTER_BOUND('',#471,.T.);
#307=FACE_OUTER_BOUND('',#472,.T.);
#308=FACE_OUTER_BOUND('',#473,.T.);
#309=FACE_OUTER_BOUND('',#474,.T.);
#310=FACE_OUTER_BOUND('',#475,.T.);
#311=FACE_OUTER_BOUND('',#476,.T.);
#312=FACE_OUTER_BOUND('',#477,.T.);
#313=FACE_OUTER_BOUND('',#480,.T.);
#314=FACE_OUTER_BOUND('',#481,.T.);
#315=FACE_OUTER_BOUND('',#482,.T.);
#316=FACE_OUTER_BOUND('',#483,.T.);
#317=FACE_OUTER_BOUND('',#484,.T.);
#318=FACE_OUTER_BOUND('',#485,.T.);
#319=FACE_OUTER_BOUND('',#488,.T.);
#320=FACE_OUTER_BOUND('',#489,.T.);
#321=FACE_OUTER_BOUND('',#491,.T.);
#322=FACE_OUTER_BOUND('',#492,.T.);
#323=FACE_OUTER_BOUND('',#493,.T.);
#324=FACE_OUTER_BOUND('',#494,.T.);
#325=FACE_OUTER_BOUND('',#495,.T.);
#326=FACE_OUTER_BOUND('',#496,.T.);
#327=FACE_OUTER_BOUND('',#497,.T.);
#328=FACE_OUTER_BOUND('',#498,.T.);
#329=FACE_OUTER_BOUND('',#499,.T.);
#330=FACE_OUTER_BOUND('',#500,.T.);
#331=FACE_OUTER_BOUND('',#501,.T.);
#332=FACE_OUTER_BOUND('',#502,.T.);
#333=FACE_OUTER_BOUND('',#503,.T.);
#334=FACE_OUTER_BOUND('',#504,.T.);
#335=FACE_OUTER_BOUND('',#505,.T.);
#336=FACE_OUTER_BOUND('',#506,.T.);
#337=FACE_OUTER_BOUND('',#507,.T.);
#338=FACE_OUTER_BOUND('',#509,.T.);
#339=FACE_OUTER_BOUND('',#510,.T.);
#340=FACE_OUTER_BOUND('',#513,.T.);
#341=FACE_OUTER_BOUND('',#514,.T.);
#342=FACE_OUTER_BOUND('',#515,.T.);
#343=FACE_OUTER_BOUND('',#516,.T.);
#344=FACE_OUTER_BOUND('',#517,.T.);
#345=FACE_OUTER_BOUND('',#518,.T.);
#346=FACE_OUTER_BOUND('',#519,.T.);
#347=FACE_OUTER_BOUND('',#522,.T.);
#348=FACE_OUTER_BOUND('',#523,.T.);
#349=FACE_OUTER_BOUND('',#525,.T.);
#350=EDGE_LOOP('',(#1990,#1991,#1992,#1993));
#351=EDGE_LOOP('',(#1994));
#352=EDGE_LOOP('',(#1995,#1996,#1997,#1998,#1999,#2000,#2001,#2002));
#353=EDGE_LOOP('',(#2003));
#354=EDGE_LOOP('',(#2004,#2005,#2006,#2007,#2008));
#355=EDGE_LOOP('',(#2009,#2010,#2011,#2012));
#356=EDGE_LOOP('',(#2013,#2014,#2015,#2016));
#357=EDGE_LOOP('',(#2017,#2018,#2019,#2020,#2021,#2022));
#358=EDGE_LOOP('',(#2023));
#359=EDGE_LOOP('',(#2024,#2025,#2026,#2027));
#360=EDGE_LOOP('',(#2028,#2029,#2030,#2031,#2032,#2033));
#361=EDGE_LOOP('',(#2034));
#362=EDGE_LOOP('',(#2035,#2036,#2037,#2038));
#363=EDGE_LOOP('',(#2039,#2040,#2041,#2042));
#364=EDGE_LOOP('',(#2043,#2044,#2045,#2046));
#365=EDGE_LOOP('',(#2047,#2048,#2049,#2050,#2051,#2052));
#366=EDGE_LOOP('',(#2053,#2054,#2055,#2056));
#367=EDGE_LOOP('',(#2057,#2058,#2059,#2060));
#368=EDGE_LOOP('',(#2061,#2062,#2063,#2064));
#369=EDGE_LOOP('',(#2065,#2066,#2067,#2068));
#370=EDGE_LOOP('',(#2069,#2070,#2071,#2072));
#371=EDGE_LOOP('',(#2073,#2074,#2075,#2076));
#372=EDGE_LOOP('',(#2077,#2078,#2079,#2080));
#373=EDGE_LOOP('',(#2081,#2082,#2083,#2084,#2085));
#374=EDGE_LOOP('',(#2086,#2087,#2088,#2089));
#375=EDGE_LOOP('',(#2090));
#376=EDGE_LOOP('',(#2091,#2092,#2093,#2094,#2095,#2096,#2097,#2098,#2099,
#2100));
#377=EDGE_LOOP('',(#2101,#2102,#2103,#2104,#2105,#2106,#2107,#2108,#2109,
#2110,#2111,#2112));
#378=EDGE_LOOP('',(#2113,#2114,#2115,#2116,#2117,#2118,#2119,#2120,#2121,
#2122));
#379=EDGE_LOOP('',(#2123,#2124,#2125,#2126,#2127,#2128));
#380=EDGE_LOOP('',(#2129));
#381=EDGE_LOOP('',(#2130));
#382=EDGE_LOOP('',(#2131));
#383=EDGE_LOOP('',(#2132,#2133,#2134,#2135,#2136,#2137));
#384=EDGE_LOOP('',(#2138));
#385=EDGE_LOOP('',(#2139,#2140));
#386=EDGE_LOOP('',(#2141));
#387=EDGE_LOOP('',(#2142));
#388=EDGE_LOOP('',(#2143));
#389=EDGE_LOOP('',(#2144));
#390=EDGE_LOOP('',(#2145));
#391=EDGE_LOOP('',(#2146,#2147,#2148,#2149));
#392=EDGE_LOOP('',(#2150,#2151,#2152,#2153));
#393=EDGE_LOOP('',(#2154,#2155,#2156,#2157));
#394=EDGE_LOOP('',(#2158,#2159,#2160,#2161));
#395=EDGE_LOOP('',(#2162,#2163,#2164,#2165,#2166,#2167,#2168));
#396=EDGE_LOOP('',(#2169,#2170,#2171,#2172,#2173,#2174,#2175,#2176));
#397=EDGE_LOOP('',(#2177,#2178,#2179,#2180,#2181,#2182,#2183,#2184,#2185,
#2186,#2187,#2188));
#398=EDGE_LOOP('',(#2189));
#399=EDGE_LOOP('',(#2190));
#400=EDGE_LOOP('',(#2191,#2192,#2193,#2194,#2195,#2196,#2197,#2198,#2199,
#2200,#2201,#2202,#2203,#2204,#2205,#2206));
#401=EDGE_LOOP('',(#2207));
#402=EDGE_LOOP('',(#2208,#2209,#2210,#2211,#2212,#2213,#2214));
#403=EDGE_LOOP('',(#2215,#2216,#2217,#2218,#2219,#2220,#2221));
#404=EDGE_LOOP('',(#2222,#2223,#2224,#2225,#2226,#2227,#2228,#2229));
#405=EDGE_LOOP('',(#2230,#2231,#2232,#2233,#2234,#2235,#2236,#2237));
#406=EDGE_LOOP('',(#2238,#2239,#2240,#2241,#2242,#2243,#2244,#2245,#2246,
#2247,#2248,#2249,#2250));
#407=EDGE_LOOP('',(#2251,#2252,#2253,#2254,#2255,#2256,#2257,#2258,#2259,
#2260,#2261,#2262));
#408=EDGE_LOOP('',(#2263,#2264,#2265,#2266,#2267,#2268,#2269,#2270,#2271,
#2272,#2273,#2274,#2275,#2276,#2277,#2278,#2279,#2280,#2281));
#409=EDGE_LOOP('',(#2282,#2283,#2284,#2285,#2286,#2287,#2288,#2289,#2290,
#2291,#2292,#2293,#2294));
#410=EDGE_LOOP('',(#2295,#2296,#2297));
#411=EDGE_LOOP('',(#2298,#2299));
#412=EDGE_LOOP('',(#2300,#2301,#2302,#2303));
#413=EDGE_LOOP('',(#2304,#2305,#2306,#2307,#2308,#2309,#2310,#2311,#2312,
#2313,#2314,#2315,#2316,#2317,#2318,#2319,#2320,#2321,#2322,#2323,#2324,
#2325));
#414=EDGE_LOOP('',(#2326,#2327,#2328,#2329,#2330,#2331,#2332));
#415=EDGE_LOOP('',(#2333,#2334,#2335,#2336));
#416=EDGE_LOOP('',(#2337,#2338));
#417=EDGE_LOOP('',(#2339,#2340,#2341,#2342));
#418=EDGE_LOOP('',(#2343,#2344,#2345,#2346,#2347,#2348,#2349,#2350,#2351,
#2352,#2353,#2354,#2355,#2356,#2357,#2358,#2359,#2360,#2361,#2362,#2363,
#2364));
#419=EDGE_LOOP('',(#2365,#2366,#2367,#2368,#2369,#2370,#2371));
#420=EDGE_LOOP('',(#2372,#2373,#2374,#2375));
#421=EDGE_LOOP('',(#2376,#2377,#2378,#2379,#2380,#2381,#2382,#2383,#2384));
#422=EDGE_LOOP('',(#2385,#2386,#2387,#2388,#2389,#2390));
#423=EDGE_LOOP('',(#2391,#2392,#2393,#2394,#2395,#2396,#2397,#2398,#2399,
#2400));
#424=EDGE_LOOP('',(#2401,#2402,#2403,#2404,#2405,#2406));
#425=EDGE_LOOP('',(#2407,#2408,#2409,#2410,#2411,#2412,#2413,#2414,#2415,
#2416,#2417,#2418,#2419,#2420,#2421,#2422,#2423,#2424,#2425,#2426));
#426=EDGE_LOOP('',(#2427,#2428,#2429,#2430,#2431,#2432,#2433,#2434,#2435,
#2436));
#427=EDGE_LOOP('',(#2437,#2438));
#428=EDGE_LOOP('',(#2439,#2440));
#429=EDGE_LOOP('',(#2441,#2442,#2443,#2444));
#430=EDGE_LOOP('',(#2445,#2446,#2447));
#431=EDGE_LOOP('',(#2448,#2449,#2450,#2451,#2452,#2453,#2454,#2455));
#432=EDGE_LOOP('',(#2456,#2457,#2458,#2459,#2460,#2461));
#433=EDGE_LOOP('',(#2462,#2463));
#434=EDGE_LOOP('',(#2464,#2465));
#435=EDGE_LOOP('',(#2466,#2467,#2468,#2469));
#436=EDGE_LOOP('',(#2470,#2471,#2472));
#437=EDGE_LOOP('',(#2473,#2474,#2475,#2476,#2477,#2478,#2479,#2480));
#438=EDGE_LOOP('',(#2481,#2482,#2483,#2484,#2485));
#439=EDGE_LOOP('',(#2486,#2487,#2488,#2489,#2490,#2491,#2492,#2493));
#440=EDGE_LOOP('',(#2494,#2495,#2496,#2497,#2498,#2499));
#441=EDGE_LOOP('',(#2500,#2501,#2502,#2503,#2504));
#442=EDGE_LOOP('',(#2505,#2506,#2507,#2508,#2509,#2510,#2511,#2512,#2513));
#443=EDGE_LOOP('',(#2514,#2515,#2516,#2517));
#444=EDGE_LOOP('',(#2518,#2519,#2520,#2521,#2522,#2523,#2524,#2525,#2526,
#2527,#2528,#2529,#2530,#2531,#2532,#2533));
#445=EDGE_LOOP('',(#2534));
#446=EDGE_LOOP('',(#2535,#2536,#2537,#2538,#2539,#2540,#2541,#2542,#2543,
#2544));
#447=EDGE_LOOP('',(#2545,#2546,#2547,#2548));
#448=EDGE_LOOP('',(#2549,#2550,#2551,#2552,#2553,#2554,#2555,#2556,#2557,
#2558,#2559,#2560));
#449=EDGE_LOOP('',(#2561,#2562,#2563,#2564,#2565));
#450=EDGE_LOOP('',(#2566,#2567,#2568,#2569));
#451=EDGE_LOOP('',(#2570,#2571,#2572,#2573,#2574,#2575,#2576));
#452=EDGE_LOOP('',(#2577,#2578,#2579,#2580));
#453=EDGE_LOOP('',(#2581,#2582,#2583,#2584));
#454=EDGE_LOOP('',(#2585,#2586,#2587,#2588));
#455=EDGE_LOOP('',(#2589,#2590,#2591,#2592));
#456=EDGE_LOOP('',(#2593,#2594,#2595,#2596,#2597,#2598,#2599,#2600,#2601,
#2602,#2603,#2604,#2605,#2606,#2607,#2608));
#457=EDGE_LOOP('',(#2609,#2610,#2611,#2612,#2613,#2614,#2615,#2616,#2617,
#2618,#2619,#2620));
#458=EDGE_LOOP('',(#2621,#2622,#2623,#2624));
#459=EDGE_LOOP('',(#2625,#2626,#2627,#2628,#2629,#2630));
#460=EDGE_LOOP('',(#2631,#2632,#2633,#2634));
#461=EDGE_LOOP('',(#2635,#2636,#2637,#2638,#2639));
#462=EDGE_LOOP('',(#2640,#2641,#2642,#2643,#2644));
#463=EDGE_LOOP('',(#2645,#2646,#2647,#2648,#2649));
#464=EDGE_LOOP('',(#2650,#2651));
#465=EDGE_LOOP('',(#2652,#2653,#2654,#2655,#2656,#2657,#2658,#2659,#2660,
#2661,#2662,#2663));
#466=EDGE_LOOP('',(#2664,#2665,#2666));
#467=EDGE_LOOP('',(#2667,#2668,#2669));
#468=EDGE_LOOP('',(#2670,#2671));
#469=EDGE_LOOP('',(#2672,#2673,#2674));
#470=EDGE_LOOP('',(#2675,#2676,#2677,#2678,#2679,#2680,#2681,#2682,#2683,
#2684,#2685,#2686));
#471=EDGE_LOOP('',(#2687,#2688,#2689,#2690));
#472=EDGE_LOOP('',(#2691,#2692,#2693));
#473=EDGE_LOOP('',(#2694,#2695,#2696));
#474=EDGE_LOOP('',(#2697,#2698,#2699));
#475=EDGE_LOOP('',(#2700,#2701,#2702,#2703));
#476=EDGE_LOOP('',(#2704,#2705,#2706,#2707,#2708,#2709,#2710));
#477=EDGE_LOOP('',(#2711,#2712,#2713,#2714));
#478=EDGE_LOOP('',(#2715));
#479=EDGE_LOOP('',(#2716));
#480=EDGE_LOOP('',(#2717,#2718,#2719,#2720));
#481=EDGE_LOOP('',(#2721,#2722,#2723));
#482=EDGE_LOOP('',(#2724,#2725,#2726,#2727));
#483=EDGE_LOOP('',(#2728,#2729,#2730,#2731));
#484=EDGE_LOOP('',(#2732,#2733,#2734,#2735));
#485=EDGE_LOOP('',(#2736,#2737,#2738,#2739));
#486=EDGE_LOOP('',(#2740));
#487=EDGE_LOOP('',(#2741));
#488=EDGE_LOOP('',(#2742,#2743,#2744,#2745,#2746,#2747));
#489=EDGE_LOOP('',(#2748,#2749,#2750,#2751,#2752,#2753,#2754,#2755,#2756,
#2757,#2758,#2759));
#490=EDGE_LOOP('',(#2760));
#491=EDGE_LOOP('',(#2761,#2762,#2763,#2764));
#492=EDGE_LOOP('',(#2765,#2766,#2767));
#493=EDGE_LOOP('',(#2768,#2769,#2770));
#494=EDGE_LOOP('',(#2771,#2772,#2773));
#495=EDGE_LOOP('',(#2774,#2775,#2776,#2777,#2778,#2779));
#496=EDGE_LOOP('',(#2780,#2781,#2782,#2783,#2784,#2785,#2786,#2787,#2788,
#2789));
#497=EDGE_LOOP('',(#2790,#2791,#2792,#2793,#2794));
#498=EDGE_LOOP('',(#2795,#2796,#2797,#2798));
#499=EDGE_LOOP('',(#2799,#2800,#2801,#2802));
#500=EDGE_LOOP('',(#2803,#2804,#2805,#2806));
#501=EDGE_LOOP('',(#2807,#2808,#2809,#2810,#2811,#2812,#2813));
#502=EDGE_LOOP('',(#2814,#2815,#2816,#2817,#2818));
#503=EDGE_LOOP('',(#2819,#2820,#2821,#2822,#2823));
#504=EDGE_LOOP('',(#2824,#2825,#2826,#2827,#2828));
#505=EDGE_LOOP('',(#2829,#2830,#2831,#2832));
#506=EDGE_LOOP('',(#2833,#2834));
#507=EDGE_LOOP('',(#2835));
#508=EDGE_LOOP('',(#2836));
#509=EDGE_LOOP('',(#2837,#2838,#2839,#2840));
#510=EDGE_LOOP('',(#2841,#2842,#2843,#2844));
#511=EDGE_LOOP('',(#2845));
#512=EDGE_LOOP('',(#2846));
#513=EDGE_LOOP('',(#2847,#2848));
#514=EDGE_LOOP('',(#2849,#2850,#2851,#2852,#2853,#2854,#2855,#2856,#2857,
#2858,#2859,#2860));
#515=EDGE_LOOP('',(#2861,#2862,#2863,#2864));
#516=EDGE_LOOP('',(#2865,#2866,#2867,#2868,#2869,#2870,#2871,#2872));
#517=EDGE_LOOP('',(#2873,#2874,#2875,#2876));
#518=EDGE_LOOP('',(#2877,#2878,#2879,#2880));
#519=EDGE_LOOP('',(#2881,#2882,#2883,#2884));
#520=EDGE_LOOP('',(#2885));
#521=EDGE_LOOP('',(#2886));
#522=EDGE_LOOP('',(#2887,#2888,#2889,#2890));
#523=EDGE_LOOP('',(#2891,#2892));
#524=EDGE_LOOP('',(#2893));
#525=EDGE_LOOP('',(#2894,#2895,#2896,#2897));
#526=LINE('',#4238,#831);
#527=LINE('',#4244,#832);
#528=LINE('',#4246,#833);
#529=LINE('',#4248,#834);
#530=LINE('',#4250,#835);
#531=LINE('',#4254,#836);
#532=LINE('',#4256,#837);
#533=LINE('',#4257,#838);
#534=LINE('',#4262,#839);
#535=LINE('',#4264,#840);
#536=LINE('',#4266,#841);
#537=LINE('',#4267,#842);
#538=LINE('',#4270,#843);
#539=LINE('',#4272,#844);
#540=LINE('',#4273,#845);
#541=LINE('',#4277,#846);
#542=LINE('',#4281,#847);
#543=LINE('',#4284,#848);
#544=LINE('',#4286,#849);
#545=LINE('',#4288,#850);
#546=LINE('',#4289,#851);
#547=LINE('',#4295,#852);
#548=LINE('',#4297,#853);
#549=LINE('',#4299,#854);
#550=LINE('',#4300,#855);
#551=LINE('',#4303,#856);
#552=LINE('',#4307,#857);
#553=LINE('',#4309,#858);
#554=LINE('',#4310,#859);
#555=LINE('',#4315,#860);
#556=LINE('',#4316,#861);
#557=LINE('',#4319,#862);
#558=LINE('',#4325,#863);
#559=LINE('',#4326,#864);
#560=LINE('',#4329,#865);
#561=LINE('',#4331,#866);
#562=LINE('',#4332,#867);
#563=LINE('',#4336,#868);
#564=LINE('',#4337,#869);
#565=LINE('',#4338,#870);
#566=LINE('',#4341,#871);
#567=LINE('',#4342,#872);
#568=LINE('',#4344,#873);
#569=LINE('',#4347,#874);
#570=LINE('',#4348,#875);
#571=LINE('',#4351,#876);
#572=LINE('',#4355,#877);
#573=LINE('',#4358,#878);
#574=LINE('',#4361,#879);
#575=LINE('',#4365,#880);
#576=LINE('',#4366,#881);
#577=LINE('',#4371,#882);
#578=LINE('',#4375,#883);
#579=LINE('',#4377,#884);
#580=LINE('',#4378,#885);
#581=LINE('',#4381,#886);
#582=LINE('',#4383,#887);
#583=LINE('',#4385,#888);
#584=LINE('',#4387,#889);
#585=LINE('',#4389,#890);
#586=LINE('',#4391,#891);
#587=LINE('',#4393,#892);
#588=LINE('',#4395,#893);
#589=LINE('',#4396,#894);
#590=LINE('',#4399,#895);
#591=LINE('',#4401,#896);
#592=LINE('',#4403,#897);
#593=LINE('',#4404,#898);
#594=LINE('',#4405,#899);
#595=LINE('',#4408,#900);
#596=LINE('',#4410,#901);
#597=LINE('',#4411,#902);
#598=LINE('',#4419,#903);
#599=LINE('',#4420,#904);
#600=LINE('',#4434,#905);
#601=LINE('',#4438,#906);
#602=LINE('',#4441,#907);
#603=LINE('',#4447,#908);
#604=LINE('',#4452,#909);
#605=LINE('',#4454,#910);
#606=LINE('',#4456,#911);
#607=LINE('',#4458,#912);
#608=LINE('',#4460,#913);
#609=LINE('',#4462,#914);
#610=LINE('',#4463,#915);
#611=LINE('',#4466,#916);
#612=LINE('',#4468,#917);
#613=LINE('',#4470,#918);
#614=LINE('',#4472,#919);
#615=LINE('',#4474,#920);
#616=LINE('',#4476,#921);
#617=LINE('',#4477,#922);
#618=LINE('',#4481,#923);
#619=LINE('',#4483,#924);
#620=LINE('',#4485,#925);
#621=LINE('',#4489,#926);
#622=LINE('',#4491,#927);
#623=LINE('',#4493,#928);
#624=LINE('',#4495,#929);
#625=LINE('',#4497,#930);
#626=LINE('',#4501,#931);
#627=LINE('',#4502,#932);
#628=LINE('',#4509,#933);
#629=LINE('',#4511,#934);
#630=LINE('',#4513,#935);
#631=LINE('',#4515,#936);
#632=LINE('',#4517,#937);
#633=LINE('',#4519,#938);
#634=LINE('',#4521,#939);
#635=LINE('',#4523,#940);
#636=LINE('',#4525,#941);
#637=LINE('',#4527,#942);
#638=LINE('',#4529,#943);
#639=LINE('',#4531,#944);
#640=LINE('',#4535,#945);
#641=LINE('',#4536,#946);
#642=LINE('',#4545,#947);
#643=LINE('',#4547,#948);
#644=LINE('',#4548,#949);
#645=LINE('',#4550,#950);
#646=LINE('',#4552,#951);
#647=LINE('',#4554,#952);
#648=LINE('',#4562,#953);
#649=LINE('',#4566,#954);
#650=LINE('',#4570,#955);
#651=LINE('',#4576,#956);
#652=LINE('',#4580,#957);
#653=LINE('',#4584,#958);
#654=LINE('',#4590,#959);
#655=LINE('',#4614,#960);
#656=LINE('',#4622,#961);
#657=LINE('',#4714,#962);
#658=LINE('',#4782,#963);
#659=LINE('',#4807,#964);
#660=LINE('',#4833,#965);
#661=LINE('',#4835,#966);
#662=LINE('',#4847,#967);
#663=LINE('',#4862,#968);
#664=LINE('',#4866,#969);
#665=LINE('',#4878,#970);
#666=LINE('',#4893,#971);
#667=LINE('',#4898,#972);
#668=LINE('',#4902,#973);
#669=LINE('',#4905,#974);
#670=LINE('',#4908,#975);
#671=LINE('',#4910,#976);
#672=LINE('',#4912,#977);
#673=LINE('',#4914,#978);
#674=LINE('',#4916,#979);
#675=LINE('',#4918,#980);
#676=LINE('',#4920,#981);
#677=LINE('',#4924,#982);
#678=LINE('',#4925,#983);
#679=LINE('',#4927,#984);
#680=LINE('',#4929,#985);
#681=LINE('',#4931,#986);
#682=LINE('',#4932,#987);
#683=LINE('',#4934,#988);
#684=LINE('',#4935,#989);
#685=LINE('',#4938,#990);
#686=LINE('',#4942,#991);
#687=LINE('',#4945,#992);
#688=LINE('',#4946,#993);
#689=LINE('',#4950,#994);
#690=LINE('',#4954,#995);
#691=LINE('',#4957,#996);
#692=LINE('',#4960,#997);
#693=LINE('',#4961,#998);
#694=LINE('',#4963,#999);
#695=LINE('',#4965,#1000);
#696=LINE('',#4967,#1001);
#697=LINE('',#4968,#1002);
#698=LINE('',#4970,#1003);
#699=LINE('',#4972,#1004);
#700=LINE('',#4976,#1005);
#701=LINE('',#4978,#1006);
#702=LINE('',#4980,#1007);
#703=LINE('',#4982,#1008);
#704=LINE('',#4984,#1009);
#705=LINE('',#4986,#1010);
#706=LINE('',#4987,#1011);
#707=LINE('',#4989,#1012);
#708=LINE('',#4991,#1013);
#709=LINE('',#4996,#1014);
#710=LINE('',#4998,#1015);
#711=LINE('',#5003,#1016);
#712=LINE('',#5008,#1017);
#713=LINE('',#5009,#1018);
#714=LINE('',#5012,#1019);
#715=LINE('',#5014,#1020);
#716=LINE('',#5016,#1021);
#717=LINE('',#5018,#1022);
#718=LINE('',#5020,#1023);
#719=LINE('',#5022,#1024);
#720=LINE('',#5023,#1025);
#721=LINE('',#5025,#1026);
#722=LINE('',#5026,#1027);
#723=LINE('',#5029,#1028);
#724=LINE('',#5030,#1029);
#725=LINE('',#5032,#1030);
#726=LINE('',#5034,#1031);
#727=LINE('',#5036,#1032);
#728=LINE('',#5038,#1033);
#729=LINE('',#5040,#1034);
#730=LINE('',#5041,#1035);
#731=LINE('',#5043,#1036);
#732=LINE('',#5045,#1037);
#733=LINE('',#5046,#1038);
#734=LINE('',#5047,#1039);
#735=LINE('',#5049,#1040);
#736=LINE('',#5051,#1041);
#737=LINE('',#5052,#1042);
#738=LINE('',#5054,#1043);
#739=LINE('',#5055,#1044);
#740=LINE('',#5114,#1045);
#741=LINE('',#5117,#1046);
#742=LINE('',#5143,#1047);
#743=LINE('',#5211,#1048);
#744=LINE('',#5213,#1049);
#745=LINE('',#5216,#1050);
#746=LINE('',#5252,#1051);
#747=LINE('',#5254,#1052);
#748=LINE('',#5256,#1053);
#749=LINE('',#5258,#1054);
#750=LINE('',#5259,#1055);
#751=LINE('',#5266,#1056);
#752=LINE('',#5269,#1057);
#753=LINE('',#5270,#1058);
#754=LINE('',#5274,#1059);
#755=LINE('',#5276,#1060);
#756=LINE('',#5278,#1061);
#757=LINE('',#5280,#1062);
#758=LINE('',#5282,#1063);
#759=LINE('',#5284,#1064);
#760=LINE('',#5286,#1065);
#761=LINE('',#5287,#1066);
#762=LINE('',#5289,#1067);
#763=LINE('',#5290,#1068);
#764=LINE('',#5296,#1069);
#765=LINE('',#5299,#1070);
#766=LINE('',#5311,#1071);
#767=LINE('',#5315,#1072);
#768=LINE('',#5319,#1073);
#769=LINE('',#5328,#1074);
#770=LINE('',#5334,#1075);
#771=LINE('',#5338,#1076);
#772=LINE('',#5339,#1077);
#773=LINE('',#5341,#1078);
#774=LINE('',#5342,#1079);
#775=LINE('',#5344,#1080);
#776=LINE('',#5346,#1081);
#777=LINE('',#5348,#1082);
#778=LINE('',#5350,#1083);
#779=LINE('',#5352,#1084);
#780=LINE('',#5354,#1085);
#781=LINE('',#5356,#1086);
#782=LINE('',#5357,#1087);
#783=LINE('',#5359,#1088);
#784=LINE('',#5361,#1089);
#785=LINE('',#5367,#1090);
#786=LINE('',#5370,#1091);
#787=LINE('',#5372,#1092);
#788=LINE('',#5373,#1093);
#789=LINE('',#5376,#1094);
#790=LINE('',#5377,#1095);
#791=LINE('',#5381,#1096);
#792=LINE('',#5382,#1097);
#793=LINE('',#5383,#1098);
#794=LINE('',#5394,#1099);
#795=LINE('',#5396,#1100);
#796=LINE('',#5398,#1101);
#797=LINE('',#5414,#1102);
#798=LINE('',#5417,#1103);
#799=LINE('',#5419,#1104);
#800=LINE('',#5420,#1105);
#801=LINE('',#5425,#1106);
#802=LINE('',#5427,#1107);
#803=LINE('',#5431,#1108);
#804=LINE('',#5434,#1109);
#805=LINE('',#5436,#1110);
#806=LINE('',#5437,#1111);
#807=LINE('',#5439,#1112);
#808=LINE('',#5445,#1113);
#809=LINE('',#5458,#1114);
#810=LINE('',#5462,#1115);
#811=LINE('',#5464,#1116);
#812=LINE('',#5465,#1117);
#813=LINE('',#5466,#1118);
#814=LINE('',#5469,#1119);
#815=LINE('',#5471,#1120);
#816=LINE('',#5472,#1121);
#817=LINE('',#5474,#1122);
#818=LINE('',#5480,#1123);
#819=LINE('',#5486,#1124);
#820=LINE('',#5488,#1125);
#821=LINE('',#5490,#1126);
#822=LINE('',#5491,#1127);
#823=LINE('',#5493,#1128);
#824=LINE('',#5496,#1129);
#825=LINE('',#5498,#1130);
#826=LINE('',#5499,#1131);
#827=LINE('',#5501,#1132);
#828=LINE('',#5503,#1133);
#829=LINE('',#5505,#1134);
#830=LINE('',#5511,#1135);
#831=VECTOR('',#3384,1.8);
#832=VECTOR('',#3391,10.);
#833=VECTOR('',#3392,10.);
#834=VECTOR('',#3393,10.);
#835=VECTOR('',#3394,10.);
#836=VECTOR('',#3397,10.);
#837=VECTOR('',#3398,10.);
#838=VECTOR('',#3399,10.);
#839=VECTOR('',#3404,10.);
#840=VECTOR('',#3405,10.);
#841=VECTOR('',#3406,10.);
#842=VECTOR('',#3407,10.);
#843=VECTOR('',#3410,10.);
#844=VECTOR('',#3411,10.);
#845=VECTOR('',#3412,10.);
#846=VECTOR('',#3415,10.);
#847=VECTOR('',#3418,10.);
#848=VECTOR('',#3423,10.);
#849=VECTOR('',#3424,10.);
#850=VECTOR('',#3425,10.);
#851=VECTOR('',#3426,10.);
#852=VECTOR('',#3431,10.);
#853=VECTOR('',#3432,10.);
#854=VECTOR('',#3433,10.);
#855=VECTOR('',#3434,10.);
#856=VECTOR('',#3437,10.);
#857=VECTOR('',#3440,10.);
#858=VECTOR('',#3441,10.);
#859=VECTOR('',#3442,10.);
#860=VECTOR('',#3447,10.);
#861=VECTOR('',#3448,10.);
#862=VECTOR('',#3451,2.15000000000003);
#863=VECTOR('',#3458,10.);
#864=VECTOR('',#3459,10.);
#865=VECTOR('',#3462,10.);
#866=VECTOR('',#3463,10.);
#867=VECTOR('',#3464,10.);
#868=VECTOR('',#3467,10.);
#869=VECTOR('',#3468,10.);
#870=VECTOR('',#3469,10.);
#871=VECTOR('',#3472,10.);
#872=VECTOR('',#3473,10.);
#873=VECTOR('',#3476,10.);
#874=VECTOR('',#3479,10.);
#875=VECTOR('',#3480,10.);
#876=VECTOR('',#3483,2.15000000000003);
#877=VECTOR('',#3488,10.);
#878=VECTOR('',#3491,10.);
#879=VECTOR('',#3494,2.15000000000003);
#880=VECTOR('',#3499,10.);
#881=VECTOR('',#3500,10.);
#882=VECTOR('',#3505,1.8);
#883=VECTOR('',#3512,1.);
#884=VECTOR('',#3513,1.);
#885=VECTOR('',#3514,1.);
#886=VECTOR('',#3517,1.);
#887=VECTOR('',#3518,1.);
#888=VECTOR('',#3519,1.);
#889=VECTOR('',#3520,1.);
#890=VECTOR('',#3521,1.);
#891=VECTOR('',#3522,1.00000000000023);
#892=VECTOR('',#3523,1.00000000000023);
#893=VECTOR('',#3524,1.);
#894=VECTOR('',#3525,1.);
#895=VECTOR('',#3528,1.);
#896=VECTOR('',#3529,1.);
#897=VECTOR('',#3530,1.);
#898=VECTOR('',#3531,1.);
#899=VECTOR('',#3532,1.);
#900=VECTOR('',#3535,1.);
#901=VECTOR('',#3536,1.);
#902=VECTOR('',#3537,1.);
#903=VECTOR('',#3546,1.);
#904=VECTOR('',#3547,1.);
#905=VECTOR('',#3566,1.8);
#906=VECTOR('',#3571,1.8);
#907=VECTOR('',#3574,1.8);
#908=VECTOR('',#3581,1.8);
#909=VECTOR('',#3586,10.);
#910=VECTOR('',#3587,1.);
#911=VECTOR('',#3588,1.);
#912=VECTOR('',#3589,1.);
#913=VECTOR('',#3590,1.);
#914=VECTOR('',#3591,1.);
#915=VECTOR('',#3592,1.);
#916=VECTOR('',#3595,10.);
#917=VECTOR('',#3596,1.);
#918=VECTOR('',#3597,1.);
#919=VECTOR('',#3598,1.);
#920=VECTOR('',#3599,1.);
#921=VECTOR('',#3600,1.);
#922=VECTOR('',#3601,1.);
#923=VECTOR('',#3604,10.);
#924=VECTOR('',#3605,10.);
#925=VECTOR('',#3606,10.);
#926=VECTOR('',#3609,10.);
#927=VECTOR('',#3610,10.);
#928=VECTOR('',#3611,1.);
#929=VECTOR('',#3612,10.);
#930=VECTOR('',#3613,10.);
#931=VECTOR('',#3616,10.);
#932=VECTOR('',#3617,10.);
#933=VECTOR('',#3624,10.);
#934=VECTOR('',#3625,1.00000000000023);
#935=VECTOR('',#3626,1.);
#936=VECTOR('',#3627,1.);
#937=VECTOR('',#3628,1.00000000000023);
#938=VECTOR('',#3629,1.00000000000023);
#939=VECTOR('',#3630,1.);
#940=VECTOR('',#3631,1.);
#941=VECTOR('',#3632,1.);
#942=VECTOR('',#3633,1.);
#943=VECTOR('',#3634,1.);
#944=VECTOR('',#3635,1.00000000000023);
#945=VECTOR('',#3638,1.00000000000023);
#946=VECTOR('',#3639,1.);
#947=VECTOR('',#3648,1.00000000000023);
#948=VECTOR('',#3649,1.);
#949=VECTOR('',#3650,1.00000000000023);
#950=VECTOR('',#3653,1.00000000000023);
#951=VECTOR('',#3654,1.);
#952=VECTOR('',#3655,1.00000000000023);
#953=VECTOR('',#3664,2.25);
#954=VECTOR('',#3667,10.);
#955=VECTOR('',#3670,10.);
#956=VECTOR('',#3677,2.25);
#957=VECTOR('',#3680,10.);
#958=VECTOR('',#3683,10.);
#959=VECTOR('',#3690,2.25);
#960=VECTOR('',#3691,2.25);
#961=VECTOR('',#3692,10.);
#962=VECTOR('',#3697,2.25);
#963=VECTOR('',#3698,2.25);
#964=VECTOR('',#3699,10.);
#965=VECTOR('',#3702,2.25);
#966=VECTOR('',#3703,2.25);
#967=VECTOR('',#3714,10.);
#968=VECTOR('',#3717,10.);
#969=VECTOR('',#3722,2.25);
#970=VECTOR('',#3733,10.);
#971=VECTOR('',#3736,10.);
#972=VECTOR('',#3741,10.);
#973=VECTOR('',#3746,10.);
#974=VECTOR('',#3749,10.);
#975=VECTOR('',#3752,1.00000000000023);
#976=VECTOR('',#3753,1.);
#977=VECTOR('',#3754,1.);
#978=VECTOR('',#3755,1.);
#979=VECTOR('',#3756,1.);
#980=VECTOR('',#3757,1.);
#981=VECTOR('',#3758,1.00000000000023);
#982=VECTOR('',#3761,1.);
#983=VECTOR('',#3762,10.);
#984=VECTOR('',#3763,10.);
#985=VECTOR('',#3764,10.);
#986=VECTOR('',#3765,10.);
#987=VECTOR('',#3766,10.);
#988=VECTOR('',#3767,1.00000000000023);
#989=VECTOR('',#3768,1.00000000000023);
#990=VECTOR('',#3771,1.);
#991=VECTOR('',#3776,1.);
#992=VECTOR('',#3779,1.);
#993=VECTOR('',#3780,1.);
#994=VECTOR('',#3783,10.);
#995=VECTOR('',#3788,10.);
#996=VECTOR('',#3791,10.);
#997=VECTOR('',#3794,1.00000000000023);
#998=VECTOR('',#3795,1.00000000000023);
#999=VECTOR('',#3796,10.);
#1000=VECTOR('',#3797,10.);
#1001=VECTOR('',#3798,10.);
#1002=VECTOR('',#3799,10.);
#1003=VECTOR('',#3800,10.);
#1004=VECTOR('',#3801,1.);
#1005=VECTOR('',#3804,1.00000000000023);
#1006=VECTOR('',#3805,1.);
#1007=VECTOR('',#3806,1.);
#1008=VECTOR('',#3807,1.);
#1009=VECTOR('',#3808,1.);
#1010=VECTOR('',#3809,1.);
#1011=VECTOR('',#3810,1.00000000000023);
#1012=VECTOR('',#3813,1.);
#1013=VECTOR('',#3814,1.);
#1014=VECTOR('',#3819,1.);
#1015=VECTOR('',#3822,1.);
#1016=VECTOR('',#3827,10.);
#1017=VECTOR('',#3834,10.);
#1018=VECTOR('',#3835,10.);
#1019=VECTOR('',#3838,1.);
#1020=VECTOR('',#3839,1.00000000000023);
#1021=VECTOR('',#3840,1.);
#1022=VECTOR('',#3841,1.00000000000023);
#1023=VECTOR('',#3842,1.);
#1024=VECTOR('',#3843,1.00000000000023);
#1025=VECTOR('',#3844,1.);
#1026=VECTOR('',#3847,10.);
#1027=VECTOR('',#3848,10.);
#1028=VECTOR('',#3851,1.);
#1029=VECTOR('',#3852,1.);
#1030=VECTOR('',#3853,1.);
#1031=VECTOR('',#3854,1.);
#1032=VECTOR('',#3855,1.);
#1033=VECTOR('',#3856,1.);
#1034=VECTOR('',#3857,1.);
#1035=VECTOR('',#3858,1.);
#1036=VECTOR('',#3859,10.);
#1037=VECTOR('',#3860,10.);
#1038=VECTOR('',#3861,1.);
#1039=VECTOR('',#3862,10.);
#1040=VECTOR('',#3865,1.);
#1041=VECTOR('',#3866,1.);
#1042=VECTOR('',#3867,1.00000000000023);
#1043=VECTOR('',#3868,1.00000000000023);
#1044=VECTOR('',#3869,1.);
#1045=VECTOR('',#3876,10.);
#1046=VECTOR('',#3881,10.);
#1047=VECTOR('',#3884,2.2);
#1048=VECTOR('',#3897,10.);
#1049=VECTOR('',#3900,10.);
#1050=VECTOR('',#3903,2.2);
#1051=VECTOR('',#3910,1.);
#1052=VECTOR('',#3911,1.);
#1053=VECTOR('',#3912,1.);
#1054=VECTOR('',#3913,1.);
#1055=VECTOR('',#3914,1.);
#1056=VECTOR('',#3927,1.00000000000023);
#1057=VECTOR('',#3930,10.);
#1058=VECTOR('',#3931,1.);
#1059=VECTOR('',#3934,1.00000000000023);
#1060=VECTOR('',#3935,1.);
#1061=VECTOR('',#3936,1.);
#1062=VECTOR('',#3937,1.);
#1063=VECTOR('',#3938,1.);
#1064=VECTOR('',#3939,1.);
#1065=VECTOR('',#3940,1.00000000000023);
#1066=VECTOR('',#3941,1.00000000000023);
#1067=VECTOR('',#3942,1.);
#1068=VECTOR('',#3943,1.);
#1069=VECTOR('',#3950,1.);
#1070=VECTOR('',#3953,1.);
#1071=VECTOR('',#3970,1.);
#1072=VECTOR('',#3977,1.);
#1073=VECTOR('',#3984,1.);
#1074=VECTOR('',#3995,1.);
#1075=VECTOR('',#4004,1.);
#1076=VECTOR('',#4009,10.);
#1077=VECTOR('',#4010,1.);
#1078=VECTOR('',#4011,1.);
#1079=VECTOR('',#4012,1.);
#1080=VECTOR('',#4013,1.);
#1081=VECTOR('',#4014,1.);
#1082=VECTOR('',#4015,1.);
#1083=VECTOR('',#4016,1.);
#1084=VECTOR('',#4017,1.);
#1085=VECTOR('',#4018,1.);
#1086=VECTOR('',#4019,1.);
#1087=VECTOR('',#4020,1.);
#1088=VECTOR('',#4023,1.);
#1089=VECTOR('',#4024,1.);
#1090=VECTOR('',#4035,1.00000000000023);
#1091=VECTOR('',#4038,1.);
#1092=VECTOR('',#4039,1.);
#1093=VECTOR('',#4040,1.);
#1094=VECTOR('',#4043,1.);
#1095=VECTOR('',#4044,1.);
#1096=VECTOR('',#4051,10.);
#1097=VECTOR('',#4052,1.);
#1098=VECTOR('',#4053,1.);
#1099=VECTOR('',#4070,1.);
#1100=VECTOR('',#4073,1.);
#1101=VECTOR('',#4074,1.);
#1102=VECTOR('',#4099,1.);
#1103=VECTOR('',#4104,10.);
#1104=VECTOR('',#4105,1.);
#1105=VECTOR('',#4106,1.);
#1106=VECTOR('',#4115,1.);
#1107=VECTOR('',#4118,1.);
#1108=VECTOR('',#4125,1.);
#1109=VECTOR('',#4128,1.);
#1110=VECTOR('',#4129,1.);
#1111=VECTOR('',#4130,1.);
#1112=VECTOR('',#4133,1.);
#1113=VECTOR('',#4144,1.);
#1114=VECTOR('',#4169,1.);
#1115=VECTOR('',#4172,1.);
#1116=VECTOR('',#4173,1.);
#1117=VECTOR('',#4174,1.);
#1118=VECTOR('',#4175,1.);
#1119=VECTOR('',#4178,1.);
#1120=VECTOR('',#4179,1.);
#1121=VECTOR('',#4180,1.);
#1122=VECTOR('',#4183,1.00000000000023);
#1123=VECTOR('',#4194,1.);
#1124=VECTOR('',#4203,1.);
#1125=VECTOR('',#4204,1.);
#1126=VECTOR('',#4205,1.);
#1127=VECTOR('',#4206,1.);
#1128=VECTOR('',#4209,1.);
#1129=VECTOR('',#4212,1.);
#1130=VECTOR('',#4213,1.);
#1131=VECTOR('',#4214,1.);
#1132=VECTOR('',#4217,1.);
#1133=VECTOR('',#4220,2.2);
#1134=VECTOR('',#4223,1.);
#1135=VECTOR('',#4232,2.2);
#1136=CIRCLE('',#3105,1.8);
#1137=CIRCLE('',#3106,1.8);
#1138=CIRCLE('',#3109,2.15000000000003);
#1139=CIRCLE('',#3110,2.15000000000003);
#1140=CIRCLE('',#3114,2.15000000000003);
#1141=CIRCLE('',#3115,2.15000000000003);
#1142=CIRCLE('',#3117,2.15000000000003);
#1143=CIRCLE('',#3120,2.15000000000003);
#1144=CIRCLE('',#3121,2.15000000000003);
#1145=CIRCLE('',#3124,2.15000000000003);
#1146=CIRCLE('',#3126,2.15000000000003);
#1147=CIRCLE('',#3133,2.15000000000003);
#1148=CIRCLE('',#3135,2.15000000000003);
#1149=CIRCLE('',#3137,2.15000000000003);
#1150=CIRCLE('',#3140,1.8);
#1151=CIRCLE('',#3141,1.8);
#1152=CIRCLE('',#3147,2.2);
#1153=CIRCLE('',#3149,1.8);
#1154=CIRCLE('',#3151,2.2);
#1155=CIRCLE('',#3153,1.8);
#1156=CIRCLE('',#3156,1.8);
#1157=CIRCLE('',#3158,1.8);
#1158=CIRCLE('',#3161,1.8);
#1159=CIRCLE('',#3163,1.8);
#1160=CIRCLE('',#3165,1.8);
#1161=CIRCLE('',#3166,1.8);
#1162=CIRCLE('',#3170,6.);
#1163=CIRCLE('',#3171,6.);
#1164=CIRCLE('',#3172,2.25);
#1165=CIRCLE('',#3173,2.25);
#1166=CIRCLE('',#3175,2.2);
#1167=CIRCLE('',#3176,2.2);
#1168=CIRCLE('',#3184,2.25);
#1169=CIRCLE('',#3185,2.25);
#1170=CIRCLE('',#3186,2.25);
#1171=CIRCLE('',#3187,2.25);
#1172=CIRCLE('',#3189,2.25);
#1173=CIRCLE('',#3190,2.25);
#1174=CIRCLE('',#3191,2.25);
#1175=CIRCLE('',#3192,2.25);
#1176=CIRCLE('',#3194,2.25);
#1177=CIRCLE('',#3196,2.25);
#1178=CIRCLE('',#3198,2.25);
#1179=CIRCLE('',#3200,2.25);
#1180=CIRCLE('',#3202,2.25);
#1181=CIRCLE('',#3203,2.25);
#1182=CIRCLE('',#3204,2.25);
#1183=CIRCLE('',#3206,2.25);
#1184=CIRCLE('',#3208,2.25);
#1185=CIRCLE('',#3210,2.25);
#1186=CIRCLE('',#3211,2.25);
#1187=CIRCLE('',#3212,2.25);
#1188=CIRCLE('',#3214,2.25);
#1189=CIRCLE('',#3218,2.2);
#1190=CIRCLE('',#3220,2.65);
#1191=CIRCLE('',#3221,2.65);
#1192=CIRCLE('',#3224,2.25);
#1193=CIRCLE('',#3228,2.2);
#1194=CIRCLE('',#3230,2.65);
#1195=CIRCLE('',#3231,2.65);
#1196=CIRCLE('',#3234,6.);
#1197=CIRCLE('',#3235,6.);
#1198=CIRCLE('',#3245,4.8);
#1199=CIRCLE('',#3248,2.2);
#1200=CIRCLE('',#3253,4.8);
#1201=CIRCLE('',#3258,6.);
#1202=CIRCLE('',#3260,6.);
#1203=CIRCLE('',#3266,2.2);
#1204=CIRCLE('',#3268,2.65);
#1205=CIRCLE('',#3270,2.65);
#1206=CIRCLE('',#3273,2.65);
#1207=CIRCLE('',#3274,2.5);
#1208=CIRCLE('',#3276,2.65);
#1209=CIRCLE('',#3278,2.65);
#1210=CIRCLE('',#3279,2.65);
#1211=CIRCLE('',#3283,2.5);
#1212=CIRCLE('',#3286,2.65);
#1213=CIRCLE('',#3287,2.5);
#1214=CIRCLE('',#3288,2.5);
#1215=CIRCLE('',#3290,2.65);
#1216=CIRCLE('',#3292,2.5);
#1217=CIRCLE('',#3294,2.5);
#1218=CIRCLE('',#3297,2.65);
#1219=CIRCLE('',#3300,2.2);
#1220=CIRCLE('',#3308,2.65);
#1221=CIRCLE('',#3313,2.65);
#1222=CIRCLE('',#3315,2.65);
#1223=CIRCLE('',#3318,2.65);
#1224=CIRCLE('',#3319,2.5);
#1225=CIRCLE('',#3321,2.65);
#1226=CIRCLE('',#3323,2.5);
#1227=CIRCLE('',#3325,2.65);
#1228=CIRCLE('',#3326,2.5);
#1229=CIRCLE('',#3328,2.5);
#1230=CIRCLE('',#3343,2.2);
#1231=CIRCLE('',#3346,2.65);
#1232=CIRCLE('',#3348,2.65);
#1233=CIRCLE('',#3352,2.5);
#1234=CIRCLE('',#3354,2.65);
#1235=CIRCLE('',#3361,2.5);
#1236=CIRCLE('',#3366,2.2);
#1237=CIRCLE('',#3374,2.2);
#1238=VERTEX_POINT('',#4235);
#1239=VERTEX_POINT('',#4237);
#1240=VERTEX_POINT('',#4242);
#1241=VERTEX_POINT('',#4243);
#1242=VERTEX_POINT('',#4245);
#1243=VERTEX_POINT('',#4247);
#1244=VERTEX_POINT('',#4249);
#1245=VERTEX_POINT('',#4251);
#1246=VERTEX_POINT('',#4253);
#1247=VERTEX_POINT('',#4255);
#1248=VERTEX_POINT('',#4258);
#1249=VERTEX_POINT('',#4261);
#1250=VERTEX_POINT('',#4263);
#1251=VERTEX_POINT('',#4265);
#1252=VERTEX_POINT('',#4269);
#1253=VERTEX_POINT('',#4271);
#1254=VERTEX_POINT('',#4275);
#1255=VERTEX_POINT('',#4276);
#1256=VERTEX_POINT('',#4278);
#1257=VERTEX_POINT('',#4280);
#1258=VERTEX_POINT('',#4285);
#1259=VERTEX_POINT('',#4287);
#1260=VERTEX_POINT('',#4290);
#1261=VERTEX_POINT('',#4293);
#1262=VERTEX_POINT('',#4294);
#1263=VERTEX_POINT('',#4296);
#1264=VERTEX_POINT('',#4298);
#1265=VERTEX_POINT('',#4302);
#1266=VERTEX_POINT('',#4304);
#1267=VERTEX_POINT('',#4306);
#1268=VERTEX_POINT('',#4308);
#1269=VERTEX_POINT('',#4311);
#1270=VERTEX_POINT('',#4314);
#1271=VERTEX_POINT('',#4318);
#1272=VERTEX_POINT('',#4322);
#1273=VERTEX_POINT('',#4323);
#1274=VERTEX_POINT('',#4328);
#1275=VERTEX_POINT('',#4330);
#1276=VERTEX_POINT('',#4334);
#1277=VERTEX_POINT('',#4335);
#1278=VERTEX_POINT('',#4340);
#1279=VERTEX_POINT('',#4346);
#1280=VERTEX_POINT('',#4350);
#1281=VERTEX_POINT('',#4354);
#1282=VERTEX_POINT('',#4356);
#1283=VERTEX_POINT('',#4360);
#1284=VERTEX_POINT('',#4364);
#1285=VERTEX_POINT('',#4368);
#1286=VERTEX_POINT('',#4370);
#1287=VERTEX_POINT('',#4376);
#1288=VERTEX_POINT('',#4380);
#1289=VERTEX_POINT('',#4382);
#1290=VERTEX_POINT('',#4384);
#1291=VERTEX_POINT('',#4386);
#1292=VERTEX_POINT('',#4388);
#1293=VERTEX_POINT('',#4390);
#1294=VERTEX_POINT('',#4392);
#1295=VERTEX_POINT('',#4394);
#1296=VERTEX_POINT('',#4398);
#1297=VERTEX_POINT('',#4400);
#1298=VERTEX_POINT('',#4402);
#1299=VERTEX_POINT('',#4407);
#1300=VERTEX_POINT('',#4409);
#1301=VERTEX_POINT('',#4412);
#1302=VERTEX_POINT('',#4415);
#1303=VERTEX_POINT('',#4418);
#1304=VERTEX_POINT('',#4421);
#1305=VERTEX_POINT('',#4424);
#1306=VERTEX_POINT('',#4428);
#1307=VERTEX_POINT('',#4431);
#1308=VERTEX_POINT('',#4436);
#1309=VERTEX_POINT('',#4440);
#1310=VERTEX_POINT('',#4444);
#1311=VERTEX_POINT('',#4446);
#1312=VERTEX_POINT('',#4450);
#1313=VERTEX_POINT('',#4451);
#1314=VERTEX_POINT('',#4453);
#1315=VERTEX_POINT('',#4455);
#1316=VERTEX_POINT('',#4457);
#1317=VERTEX_POINT('',#4459);
#1318=VERTEX_POINT('',#4461);
#1319=VERTEX_POINT('',#4465);
#1320=VERTEX_POINT('',#4467);
#1321=VERTEX_POINT('',#4469);
#1322=VERTEX_POINT('',#4471);
#1323=VERTEX_POINT('',#4473);
#1324=VERTEX_POINT('',#4475);
#1325=VERTEX_POINT('',#4479);
#1326=VERTEX_POINT('',#4480);
#1327=VERTEX_POINT('',#4482);
#1328=VERTEX_POINT('',#4484);
#1329=VERTEX_POINT('',#4486);
#1330=VERTEX_POINT('',#4488);
#1331=VERTEX_POINT('',#4490);
#1332=VERTEX_POINT('',#4492);
#1333=VERTEX_POINT('',#4494);
#1334=VERTEX_POINT('',#4496);
#1335=VERTEX_POINT('',#4498);
#1336=VERTEX_POINT('',#4500);
#1337=VERTEX_POINT('',#4503);
#1338=VERTEX_POINT('',#4505);
#1339=VERTEX_POINT('',#4508);
#1340=VERTEX_POINT('',#4510);
#1341=VERTEX_POINT('',#4512);
#1342=VERTEX_POINT('',#4514);
#1343=VERTEX_POINT('',#4516);
#1344=VERTEX_POINT('',#4518);
#1345=VERTEX_POINT('',#4520);
#1346=VERTEX_POINT('',#4522);
#1347=VERTEX_POINT('',#4524);
#1348=VERTEX_POINT('',#4526);
#1349=VERTEX_POINT('',#4528);
#1350=VERTEX_POINT('',#4530);
#1351=VERTEX_POINT('',#4532);
#1352=VERTEX_POINT('',#4534);
#1353=VERTEX_POINT('',#4537);
#1354=VERTEX_POINT('',#4540);
#1355=VERTEX_POINT('',#4542);
#1356=VERTEX_POINT('',#4544);
#1357=VERTEX_POINT('',#4546);
#1358=VERTEX_POINT('',#4551);
#1359=VERTEX_POINT('',#4553);
#1360=VERTEX_POINT('',#4555);
#1361=VERTEX_POINT('',#4559);
#1362=VERTEX_POINT('',#4561);
#1363=VERTEX_POINT('',#4563);
#1364=VERTEX_POINT('',#4565);
#1365=VERTEX_POINT('',#4567);
#1366=VERTEX_POINT('',#4569);
#1367=VERTEX_POINT('',#4573);
#1368=VERTEX_POINT('',#4575);
#1369=VERTEX_POINT('',#4577);
#1370=VERTEX_POINT('',#4579);
#1371=VERTEX_POINT('',#4581);
#1372=VERTEX_POINT('',#4583);
#1373=VERTEX_POINT('',#4587);
#1374=VERTEX_POINT('',#4589);
#1375=VERTEX_POINT('',#4591);
#1376=VERTEX_POINT('',#4602);
#1377=VERTEX_POINT('',#4613);
#1378=VERTEX_POINT('',#4621);
#1379=VERTEX_POINT('',#4645);
#1380=VERTEX_POINT('',#4711);
#1381=VERTEX_POINT('',#4713);
#1382=VERTEX_POINT('',#4715);
#1383=VERTEX_POINT('',#4748);
#1384=VERTEX_POINT('',#4781);
#1385=VERTEX_POINT('',#4783);
#1386=VERTEX_POINT('',#4834);
#1387=VERTEX_POINT('',#4836);
#1388=VERTEX_POINT('',#4838);
#1389=VERTEX_POINT('',#4840);
#1390=VERTEX_POINT('',#4842);
#1391=VERTEX_POINT('',#4844);
#1392=VERTEX_POINT('',#4846);
#1393=VERTEX_POINT('',#4848);
#1394=VERTEX_POINT('',#4850);
#1395=VERTEX_POINT('',#4861);
#1396=VERTEX_POINT('',#4865);
#1397=VERTEX_POINT('',#4867);
#1398=VERTEX_POINT('',#4869);
#1399=VERTEX_POINT('',#4871);
#1400=VERTEX_POINT('',#4873);
#1401=VERTEX_POINT('',#4875);
#1402=VERTEX_POINT('',#4877);
#1403=VERTEX_POINT('',#4879);
#1404=VERTEX_POINT('',#4890);
#1405=VERTEX_POINT('',#4892);
#1406=VERTEX_POINT('',#4896);
#1407=VERTEX_POINT('',#4897);
#1408=VERTEX_POINT('',#4901);
#1409=VERTEX_POINT('',#4903);
#1410=VERTEX_POINT('',#4907);
#1411=VERTEX_POINT('',#4909);
#1412=VERTEX_POINT('',#4911);
#1413=VERTEX_POINT('',#4913);
#1414=VERTEX_POINT('',#4915);
#1415=VERTEX_POINT('',#4917);
#1416=VERTEX_POINT('',#4919);
#1417=VERTEX_POINT('',#4921);
#1418=VERTEX_POINT('',#4923);
#1419=VERTEX_POINT('',#4926);
#1420=VERTEX_POINT('',#4928);
#1421=VERTEX_POINT('',#4930);
#1422=VERTEX_POINT('',#4933);
#1423=VERTEX_POINT('',#4937);
#1424=VERTEX_POINT('',#4939);
#1425=VERTEX_POINT('',#4944);
#1426=VERTEX_POINT('',#4948);
#1427=VERTEX_POINT('',#4949);
#1428=VERTEX_POINT('',#4953);
#1429=VERTEX_POINT('',#4955);
#1430=VERTEX_POINT('',#4959);
#1431=VERTEX_POINT('',#4962);
#1432=VERTEX_POINT('',#4964);
#1433=VERTEX_POINT('',#4966);
#1434=VERTEX_POINT('',#4969);
#1435=VERTEX_POINT('',#4971);
#1436=VERTEX_POINT('',#4973);
#1437=VERTEX_POINT('',#4975);
#1438=VERTEX_POINT('',#4977);
#1439=VERTEX_POINT('',#4979);
#1440=VERTEX_POINT('',#4981);
#1441=VERTEX_POINT('',#4983);
#1442=VERTEX_POINT('',#4985);
#1443=VERTEX_POINT('',#4990);
#1444=VERTEX_POINT('',#4992);
#1445=VERTEX_POINT('',#4994);
#1446=VERTEX_POINT('',#5000);
#1447=VERTEX_POINT('',#5002);
#1448=VERTEX_POINT('',#5004);
#1449=VERTEX_POINT('',#5011);
#1450=VERTEX_POINT('',#5013);
#1451=VERTEX_POINT('',#5015);
#1452=VERTEX_POINT('',#5017);
#1453=VERTEX_POINT('',#5019);
#1454=VERTEX_POINT('',#5021);
#1455=VERTEX_POINT('',#5028);
#1456=VERTEX_POINT('',#5031);
#1457=VERTEX_POINT('',#5033);
#1458=VERTEX_POINT('',#5035);
#1459=VERTEX_POINT('',#5037);
#1460=VERTEX_POINT('',#5039);
#1461=VERTEX_POINT('',#5042);
#1462=VERTEX_POINT('',#5044);
#1463=VERTEX_POINT('',#5050);
#1464=VERTEX_POINT('',#5053);
#1465=VERTEX_POINT('',#5057);
#1466=VERTEX_POINT('',#5058);
#1467=VERTEX_POINT('',#5085);
#1468=VERTEX_POINT('',#5086);
#1469=VERTEX_POINT('',#5113);
#1470=VERTEX_POINT('',#5133);
#1471=VERTEX_POINT('',#5142);
#1472=VERTEX_POINT('',#5155);
#1473=VERTEX_POINT('',#5156);
#1474=VERTEX_POINT('',#5182);
#1475=VERTEX_POINT('',#5183);
#1476=VERTEX_POINT('',#5209);
#1477=VERTEX_POINT('',#5215);
#1478=VERTEX_POINT('',#5249);
#1479=VERTEX_POINT('',#5251);
#1480=VERTEX_POINT('',#5253);
#1481=VERTEX_POINT('',#5255);
#1482=VERTEX_POINT('',#5257);
#1483=VERTEX_POINT('',#5268);
#1484=VERTEX_POINT('',#5271);
#1485=VERTEX_POINT('',#5273);
#1486=VERTEX_POINT('',#5275);
#1487=VERTEX_POINT('',#5277);
#1488=VERTEX_POINT('',#5279);
#1489=VERTEX_POINT('',#5281);
#1490=VERTEX_POINT('',#5283);
#1491=VERTEX_POINT('',#5285);
#1492=VERTEX_POINT('',#5288);
#1493=VERTEX_POINT('',#5293);
#1494=VERTEX_POINT('',#5295);
#1495=VERTEX_POINT('',#5298);
#1496=VERTEX_POINT('',#5302);
#1497=VERTEX_POINT('',#5308);
#1498=VERTEX_POINT('',#5310);
#1499=VERTEX_POINT('',#5321);
#1500=VERTEX_POINT('',#5323);
#1501=VERTEX_POINT('',#5327);
#1502=VERTEX_POINT('',#5333);
#1503=VERTEX_POINT('',#5337);
#1504=VERTEX_POINT('',#5340);
#1505=VERTEX_POINT('',#5343);
#1506=VERTEX_POINT('',#5345);
#1507=VERTEX_POINT('',#5347);
#1508=VERTEX_POINT('',#5349);
#1509=VERTEX_POINT('',#5351);
#1510=VERTEX_POINT('',#5353);
#1511=VERTEX_POINT('',#5355);
#1512=VERTEX_POINT('',#5360);
#1513=VERTEX_POINT('',#5369);
#1514=VERTEX_POINT('',#5371);
#1515=VERTEX_POINT('',#5375);
#1516=VERTEX_POINT('',#5391);
#1517=VERTEX_POINT('',#5393);
#1518=VERTEX_POINT('',#5397);
#1519=VERTEX_POINT('',#5401);
#1520=VERTEX_POINT('',#5409);
#1521=VERTEX_POINT('',#5413);
#1522=VERTEX_POINT('',#5418);
#1523=VERTEX_POINT('',#5433);
#1524=VERTEX_POINT('',#5435);
#1525=VERTEX_POINT('',#5460);
#1526=VERTEX_POINT('',#5461);
#1527=VERTEX_POINT('',#5463);
#1528=VERTEX_POINT('',#5468);
#1529=VERTEX_POINT('',#5470);
#1530=VERTEX_POINT('',#5482);
#1531=VERTEX_POINT('',#5487);
#1532=VERTEX_POINT('',#5489);
#1533=VERTEX_POINT('',#5495);
#1534=VERTEX_POINT('',#5497);
#1535=VERTEX_POINT('',#5506);
#1536=EDGE_CURVE('',#1238,#1238,#1136,.T.);
#1537=EDGE_CURVE('',#1238,#1239,#526,.T.);
#1538=EDGE_CURVE('',#1239,#1239,#1137,.T.);
#1539=EDGE_CURVE('',#1240,#1241,#527,.T.);
#1540=EDGE_CURVE('',#1240,#1242,#528,.T.);
#1541=EDGE_CURVE('',#1242,#1243,#529,.T.);
#1542=EDGE_CURVE('',#1244,#1243,#530,.T.);
#1543=EDGE_CURVE('',#1245,#1244,#1138,.T.);
#1544=EDGE_CURVE('',#1246,#1245,#531,.T.);
#1545=EDGE_CURVE('',#1246,#1247,#532,.T.);
#1546=EDGE_CURVE('',#1241,#1247,#533,.T.);
#1547=EDGE_CURVE('',#1248,#1248,#1139,.T.);
#1548=EDGE_CURVE('',#1247,#1249,#534,.T.);
#1549=EDGE_CURVE('',#1250,#1246,#535,.T.);
#1550=EDGE_CURVE('',#1251,#1250,#536,.T.);
#1551=EDGE_CURVE('',#1251,#1249,#537,.T.);
#1552=EDGE_CURVE('',#1249,#1252,#538,.T.);
#1553=EDGE_CURVE('',#1251,#1253,#539,.T.);
#1554=EDGE_CURVE('',#1253,#1252,#540,.T.);
#1555=EDGE_CURVE('',#1254,#1255,#541,.T.);
#1556=EDGE_CURVE('',#1254,#1256,#1140,.T.);
#1557=EDGE_CURVE('',#1257,#1256,#542,.T.);
#1558=EDGE_CURVE('',#1255,#1257,#1141,.T.);
#1559=EDGE_CURVE('',#1252,#1254,#543,.T.);
#1560=EDGE_CURVE('',#1258,#1253,#544,.T.);
#1561=EDGE_CURVE('',#1259,#1258,#545,.T.);
#1562=EDGE_CURVE('',#1256,#1259,#546,.T.);
#1563=EDGE_CURVE('',#1260,#1260,#1142,.T.);
#1564=EDGE_CURVE('',#1261,#1262,#547,.T.);
#1565=EDGE_CURVE('',#1261,#1263,#548,.T.);
#1566=EDGE_CURVE('',#1264,#1263,#549,.T.);
#1567=EDGE_CURVE('',#1262,#1264,#550,.T.);
#1568=EDGE_CURVE('',#1265,#1261,#551,.T.);
#1569=EDGE_CURVE('',#1266,#1265,#1143,.T.);
#1570=EDGE_CURVE('',#1267,#1266,#552,.T.);
#1571=EDGE_CURVE('',#1268,#1267,#553,.T.);
#1572=EDGE_CURVE('',#1263,#1268,#554,.T.);
#1573=EDGE_CURVE('',#1269,#1269,#1144,.T.);
#1574=EDGE_CURVE('',#1264,#1270,#555,.T.);
#1575=EDGE_CURVE('',#1270,#1268,#556,.T.);
#1576=EDGE_CURVE('',#1248,#1271,#557,.T.);
#1577=EDGE_CURVE('',#1271,#1271,#1145,.T.);
#1578=EDGE_CURVE('',#1272,#1273,#1146,.T.);
#1579=EDGE_CURVE('',#1272,#1245,#558,.T.);
#1580=EDGE_CURVE('',#1244,#1273,#559,.T.);
#1581=EDGE_CURVE('',#1274,#1272,#560,.T.);
#1582=EDGE_CURVE('',#1275,#1274,#561,.T.);
#1583=EDGE_CURVE('',#1275,#1250,#562,.T.);
#1584=EDGE_CURVE('',#1276,#1277,#563,.T.);
#1585=EDGE_CURVE('',#1243,#1276,#564,.T.);
#1586=EDGE_CURVE('',#1277,#1242,#565,.T.);
#1587=EDGE_CURVE('',#1278,#1275,#566,.T.);
#1588=EDGE_CURVE('',#1278,#1251,#567,.T.);
#1589=EDGE_CURVE('',#1273,#1276,#568,.T.);
#1590=EDGE_CURVE('',#1279,#1240,#569,.T.);
#1591=EDGE_CURVE('',#1277,#1279,#570,.T.);
#1592=EDGE_CURVE('',#1269,#1280,#571,.T.);
#1593=EDGE_CURVE('',#1280,#1280,#1147,.T.);
#1594=EDGE_CURVE('',#1281,#1265,#572,.T.);
#1595=EDGE_CURVE('',#1282,#1281,#1148,.T.);
#1596=EDGE_CURVE('',#1266,#1282,#573,.T.);
#1597=EDGE_CURVE('',#1260,#1283,#574,.T.);
#1598=EDGE_CURVE('',#1283,#1283,#1149,.T.);
#1599=EDGE_CURVE('',#1284,#1278,#575,.T.);
#1600=EDGE_CURVE('',#1258,#1284,#576,.T.);
#1601=EDGE_CURVE('',#1285,#1285,#1150,.T.);
#1602=EDGE_CURVE('',#1285,#1286,#577,.T.);
#1603=EDGE_CURVE('',#1286,#1286,#1151,.T.);
#1604=EDGE_CURVE('',#1255,#1257,#578,.T.);
#1605=EDGE_CURVE('',#1287,#1259,#579,.T.);
#1606=EDGE_CURVE('',#1241,#1287,#580,.T.);
#1607=EDGE_CURVE('',#1284,#1288,#581,.T.);
#1608=EDGE_CURVE('',#1288,#1289,#582,.T.);
#1609=EDGE_CURVE('',#1289,#1290,#583,.T.);
#1610=EDGE_CURVE('',#1290,#1291,#584,.T.);
#1611=EDGE_CURVE('',#1291,#1292,#585,.T.);
#1612=EDGE_CURVE('',#1292,#1293,#586,.T.);
#1613=EDGE_CURVE('',#1293,#1294,#587,.T.);
#1614=EDGE_CURVE('',#1294,#1295,#588,.T.);
#1615=EDGE_CURVE('',#1295,#1287,#589,.T.);
#1616=EDGE_CURVE('',#1262,#1296,#590,.T.);
#1617=EDGE_CURVE('',#1297,#1296,#591,.T.);
#1618=EDGE_CURVE('',#1298,#1297,#592,.T.);
#1619=EDGE_CURVE('',#1267,#1298,#593,.T.);
#1620=EDGE_CURVE('',#1282,#1281,#594,.T.);
#1621=EDGE_CURVE('',#1299,#1270,#595,.T.);
#1622=EDGE_CURVE('',#1299,#1300,#596,.T.);
#1623=EDGE_CURVE('',#1296,#1300,#597,.T.);
#1624=EDGE_CURVE('',#1301,#1301,#1152,.T.);
#1625=EDGE_CURVE('',#1302,#1302,#1153,.T.);
#1626=EDGE_CURVE('',#1303,#1274,#598,.T.);
#1627=EDGE_CURVE('',#1303,#1288,#599,.T.);
#1628=EDGE_CURVE('',#1304,#1304,#1154,.T.);
#1629=EDGE_CURVE('',#1305,#1305,#1155,.T.);
#1630=EDGE_CURVE('',#1306,#1306,#1156,.T.);
#1631=EDGE_CURVE('',#1307,#1307,#1157,.T.);
#1632=EDGE_CURVE('',#1306,#1305,#600,.T.);
#1633=EDGE_CURVE('',#1308,#1308,#1158,.T.);
#1634=EDGE_CURVE('',#1308,#1302,#601,.T.);
#1635=EDGE_CURVE('',#1307,#1309,#602,.T.);
#1636=EDGE_CURVE('',#1309,#1309,#1159,.T.);
#1637=EDGE_CURVE('',#1310,#1310,#1160,.T.);
#1638=EDGE_CURVE('',#1310,#1311,#603,.T.);
#1639=EDGE_CURVE('',#1311,#1311,#1161,.T.);
#1640=EDGE_CURVE('',#1312,#1313,#604,.T.);
#1641=EDGE_CURVE('',#1312,#1314,#605,.T.);
#1642=EDGE_CURVE('',#1314,#1315,#606,.T.);
#1643=EDGE_CURVE('',#1316,#1315,#607,.T.);
#1644=EDGE_CURVE('',#1316,#1317,#608,.T.);
#1645=EDGE_CURVE('',#1317,#1318,#609,.T.);
#1646=EDGE_CURVE('',#1318,#1313,#610,.T.);
#1647=EDGE_CURVE('',#1319,#1312,#611,.T.);
#1648=EDGE_CURVE('',#1320,#1319,#612,.T.);
#1649=EDGE_CURVE('',#1321,#1320,#613,.T.);
#1650=EDGE_CURVE('',#1321,#1322,#614,.T.);
#1651=EDGE_CURVE('',#1322,#1323,#615,.T.);
#1652=EDGE_CURVE('',#1323,#1324,#616,.T.);
#1653=EDGE_CURVE('',#1314,#1324,#617,.T.);
#1654=EDGE_CURVE('',#1325,#1326,#618,.T.);
#1655=EDGE_CURVE('',#1325,#1327,#619,.T.);
#1656=EDGE_CURVE('',#1327,#1328,#620,.T.);
#1657=EDGE_CURVE('',#1328,#1329,#1162,.T.);
#1658=EDGE_CURVE('',#1330,#1329,#621,.T.);
#1659=EDGE_CURVE('',#1331,#1330,#622,.T.);
#1660=EDGE_CURVE('',#1331,#1332,#623,.T.);
#1661=EDGE_CURVE('',#1333,#1332,#624,.T.);
#1662=EDGE_CURVE('',#1334,#1333,#625,.T.);
#1663=EDGE_CURVE('',#1334,#1335,#1163,.T.);
#1664=EDGE_CURVE('',#1335,#1336,#626,.T.);
#1665=EDGE_CURVE('',#1336,#1326,#627,.T.);
#1666=EDGE_CURVE('',#1337,#1337,#1164,.T.);
#1667=EDGE_CURVE('',#1338,#1338,#1165,.T.);
#1668=EDGE_CURVE('',#1326,#1339,#628,.T.);
#1669=EDGE_CURVE('',#1336,#1340,#629,.T.);
#1670=EDGE_CURVE('',#1340,#1341,#630,.T.);
#1671=EDGE_CURVE('',#1341,#1342,#631,.T.);
#1672=EDGE_CURVE('',#1342,#1343,#632,.T.);
#1673=EDGE_CURVE('',#1343,#1344,#633,.T.);
#1674=EDGE_CURVE('',#1344,#1345,#634,.T.);
#1675=EDGE_CURVE('',#1345,#1346,#635,.T.);
#1676=EDGE_CURVE('',#1346,#1347,#636,.T.);
#1677=EDGE_CURVE('',#1347,#1348,#637,.T.);
#1678=EDGE_CURVE('',#1349,#1348,#638,.T.);
#1679=EDGE_CURVE('',#1349,#1350,#639,.T.);
#1680=EDGE_CURVE('',#1350,#1351,#1166,.T.);
#1681=EDGE_CURVE('',#1351,#1352,#640,.T.);
#1682=EDGE_CURVE('',#1352,#1339,#641,.T.);
#1683=EDGE_CURVE('',#1353,#1353,#1167,.T.);
#1684=EDGE_CURVE('',#1335,#1354,#42,.T.);
#1685=EDGE_CURVE('',#1354,#1355,#43,.T.);
#1686=EDGE_CURVE('',#1355,#1356,#642,.T.);
#1687=EDGE_CURVE('',#1356,#1357,#643,.T.);
#1688=EDGE_CURVE('',#1340,#1357,#644,.T.);
#1689=EDGE_CURVE('',#1294,#1327,#645,.T.);
#1690=EDGE_CURVE('',#1293,#1358,#646,.T.);
#1691=EDGE_CURVE('',#1358,#1359,#647,.T.);
#1692=EDGE_CURVE('',#1359,#1360,#44,.T.);
#1693=EDGE_CURVE('',#1360,#1328,#45,.T.);
#1694=EDGE_CURVE('',#1361,#1361,#1168,.T.);
#1695=EDGE_CURVE('',#1361,#1362,#648,.T.);
#1696=EDGE_CURVE('',#1363,#1362,#1169,.T.);
#1697=EDGE_CURVE('',#1364,#1363,#649,.T.);
#1698=EDGE_CURVE('',#1365,#1364,#1170,.T.);
#1699=EDGE_CURVE('',#1366,#1365,#650,.T.);
#1700=EDGE_CURVE('',#1362,#1366,#1171,.T.);
#1701=EDGE_CURVE('',#1367,#1367,#1172,.T.);
#1702=EDGE_CURVE('',#1367,#1368,#651,.T.);
#1703=EDGE_CURVE('',#1369,#1368,#1173,.T.);
#1704=EDGE_CURVE('',#1370,#1369,#652,.T.);
#1705=EDGE_CURVE('',#1371,#1370,#1174,.T.);
#1706=EDGE_CURVE('',#1372,#1371,#653,.T.);
#1707=EDGE_CURVE('',#1368,#1372,#1175,.T.);
#1708=EDGE_CURVE('',#1373,#1373,#1176,.T.);
#1709=EDGE_CURVE('',#1373,#1374,#654,.T.);
#1710=EDGE_CURVE('',#1375,#1374,#15,.T.);
#1711=EDGE_CURVE('',#1376,#1375,#16,.T.);
#1712=EDGE_CURVE('',#1376,#1377,#655,.T.);
#1713=EDGE_CURVE('',#1360,#1377,#17,.T.);
#1714=EDGE_CURVE('',#1378,#1359,#656,.T.);
#1715=EDGE_CURVE('',#1377,#1378,#18,.T.);
#1716=EDGE_CURVE('',#1379,#1376,#19,.T.);
#1717=EDGE_CURVE('',#1374,#1379,#20,.T.);
#1718=EDGE_CURVE('',#1380,#1380,#1177,.T.);
#1719=EDGE_CURVE('',#1380,#1381,#657,.T.);
#1720=EDGE_CURVE('',#1382,#1381,#21,.T.);
#1721=EDGE_CURVE('',#1383,#1382,#22,.T.);
#1722=EDGE_CURVE('',#1383,#1384,#658,.T.);
#1723=EDGE_CURVE('',#1385,#1384,#23,.T.);
#1724=EDGE_CURVE('',#1355,#1385,#659,.T.);
#1725=EDGE_CURVE('',#1384,#1354,#24,.T.);
#1726=EDGE_CURVE('',#1381,#1383,#25,.T.);
#1727=EDGE_CURVE('',#1337,#1375,#660,.T.);
#1728=EDGE_CURVE('',#1379,#1386,#661,.T.);
#1729=EDGE_CURVE('',#1386,#1387,#1178,.T.);
#1730=EDGE_CURVE('',#1388,#1387,#46,.T.);
#1731=EDGE_CURVE('',#1389,#1388,#1179,.T.);
#1732=EDGE_CURVE('',#1390,#1389,#47,.T.);
#1733=EDGE_CURVE('',#1390,#1391,#1180,.T.);
#1734=EDGE_CURVE('',#1392,#1391,#662,.T.);
#1735=EDGE_CURVE('',#1393,#1392,#1181,.T.);
#1736=EDGE_CURVE('',#1394,#1393,#26,.T.);
#1737=EDGE_CURVE('',#1395,#1394,#663,.T.);
#1738=EDGE_CURVE('',#1395,#1386,#1182,.T.);
#1739=EDGE_CURVE('',#1338,#1396,#664,.T.);
#1740=EDGE_CURVE('',#1396,#1397,#1183,.T.);
#1741=EDGE_CURVE('',#1398,#1397,#48,.T.);
#1742=EDGE_CURVE('',#1399,#1398,#1184,.T.);
#1743=EDGE_CURVE('',#1400,#1399,#49,.T.);
#1744=EDGE_CURVE('',#1400,#1401,#1185,.T.);
#1745=EDGE_CURVE('',#1402,#1401,#665,.T.);
#1746=EDGE_CURVE('',#1403,#1402,#27,.T.);
#1747=EDGE_CURVE('',#1404,#1403,#1186,.T.);
#1748=EDGE_CURVE('',#1405,#1404,#666,.T.);
#1749=EDGE_CURVE('',#1405,#1396,#1187,.T.);
#1750=EDGE_CURVE('',#1406,#1407,#667,.T.);
#1751=EDGE_CURVE('',#1407,#1406,#1188,.T.);
#1752=EDGE_CURVE('',#1408,#1406,#668,.T.);
#1753=EDGE_CURVE('',#1409,#1408,#50,.T.);
#1754=EDGE_CURVE('',#1407,#1409,#669,.T.);
#1755=EDGE_CURVE('',#1410,#1409,#670,.T.);
#1756=EDGE_CURVE('',#1410,#1411,#671,.T.);
#1757=EDGE_CURVE('',#1411,#1412,#672,.T.);
#1758=EDGE_CURVE('',#1412,#1413,#673,.T.);
#1759=EDGE_CURVE('',#1413,#1414,#674,.T.);
#1760=EDGE_CURVE('',#1415,#1414,#675,.T.);
#1761=EDGE_CURVE('',#1416,#1415,#676,.T.);
#1762=EDGE_CURVE('',#1416,#1417,#1189,.T.);
#1763=EDGE_CURVE('',#1418,#1417,#677,.T.);
#1764=EDGE_CURVE('',#1418,#1395,#678,.T.);
#1765=EDGE_CURVE('',#1394,#1419,#679,.T.);
#1766=EDGE_CURVE('',#1419,#1420,#680,.T.);
#1767=EDGE_CURVE('',#1420,#1421,#681,.T.);
#1768=EDGE_CURVE('',#1421,#1378,#682,.T.);
#1769=EDGE_CURVE('',#1422,#1358,#683,.T.);
#1770=EDGE_CURVE('',#1408,#1422,#684,.T.);
#1771=EDGE_CURVE('',#1364,#1423,#685,.T.);
#1772=EDGE_CURVE('',#1424,#1423,#1190,.T.);
#1773=EDGE_CURVE('',#1315,#1424,#1191,.T.);
#1774=EDGE_CURVE('',#1324,#1365,#686,.T.);
#1775=EDGE_CURVE('',#1425,#1363,#687,.T.);
#1776=EDGE_CURVE('',#1425,#1423,#688,.T.);
#1777=EDGE_CURVE('',#1426,#1427,#689,.T.);
#1778=EDGE_CURVE('',#1427,#1426,#1192,.T.);
#1779=EDGE_CURVE('',#1428,#1426,#690,.T.);
#1780=EDGE_CURVE('',#1429,#1428,#51,.T.);
#1781=EDGE_CURVE('',#1427,#1429,#691,.T.);
#1782=EDGE_CURVE('',#1430,#1429,#692,.T.);
#1783=EDGE_CURVE('',#1356,#1430,#693,.T.);
#1784=EDGE_CURVE('',#1385,#1431,#694,.T.);
#1785=EDGE_CURVE('',#1431,#1432,#695,.T.);
#1786=EDGE_CURVE('',#1432,#1433,#696,.T.);
#1787=EDGE_CURVE('',#1433,#1402,#697,.T.);
#1788=EDGE_CURVE('',#1401,#1434,#698,.T.);
#1789=EDGE_CURVE('',#1435,#1434,#699,.T.);
#1790=EDGE_CURVE('',#1435,#1436,#1193,.T.);
#1791=EDGE_CURVE('',#1437,#1436,#700,.T.);
#1792=EDGE_CURVE('',#1437,#1438,#701,.T.);
#1793=EDGE_CURVE('',#1439,#1438,#702,.T.);
#1794=EDGE_CURVE('',#1440,#1439,#703,.T.);
#1795=EDGE_CURVE('',#1441,#1440,#704,.T.);
#1796=EDGE_CURVE('',#1442,#1441,#705,.T.);
#1797=EDGE_CURVE('',#1428,#1442,#706,.T.);
#1798=EDGE_CURVE('',#1370,#1321,#707,.T.);
#1799=EDGE_CURVE('',#1443,#1320,#708,.T.);
#1800=EDGE_CURVE('',#1444,#1443,#1194,.T.);
#1801=EDGE_CURVE('',#1445,#1444,#1195,.T.);
#1802=EDGE_CURVE('',#1445,#1371,#709,.T.);
#1803=EDGE_CURVE('',#1322,#1369,#710,.T.);
#1804=EDGE_CURVE('',#1446,#1421,#1196,.T.);
#1805=EDGE_CURVE('',#1447,#1446,#711,.T.);
#1806=EDGE_CURVE('',#1448,#1447,#1197,.T.);
#1807=EDGE_CURVE('',#1329,#1448,#52,.T.);
#1808=EDGE_CURVE('',#1391,#1418,#712,.T.);
#1809=EDGE_CURVE('',#1387,#1390,#713,.T.);
#1810=EDGE_CURVE('',#1389,#1449,#714,.T.);
#1811=EDGE_CURVE('',#1449,#1450,#715,.T.);
#1812=EDGE_CURVE('',#1450,#1451,#716,.T.);
#1813=EDGE_CURVE('',#1451,#1452,#717,.T.);
#1814=EDGE_CURVE('',#1452,#1453,#718,.T.);
#1815=EDGE_CURVE('',#1454,#1453,#719,.T.);
#1816=EDGE_CURVE('',#1454,#1388,#720,.T.);
#1817=EDGE_CURVE('',#1397,#1400,#721,.T.);
#1818=EDGE_CURVE('',#1434,#1405,#722,.T.);
#1819=EDGE_CURVE('',#1417,#1455,#723,.T.);
#1820=EDGE_CURVE('',#1455,#1451,#724,.T.);
#1821=EDGE_CURVE('',#1456,#1450,#725,.T.);
#1822=EDGE_CURVE('',#1457,#1456,#726,.T.);
#1823=EDGE_CURVE('',#1458,#1457,#727,.T.);
#1824=EDGE_CURVE('',#1459,#1458,#728,.T.);
#1825=EDGE_CURVE('',#1459,#1460,#729,.T.);
#1826=EDGE_CURVE('',#1460,#1435,#730,.T.);
#1827=EDGE_CURVE('',#1404,#1461,#731,.T.);
#1828=EDGE_CURVE('',#1461,#1462,#732,.T.);
#1829=EDGE_CURVE('',#1447,#1462,#733,.T.);
#1830=EDGE_CURVE('',#1446,#1392,#734,.T.);
#1831=EDGE_CURVE('',#1399,#1352,#735,.T.);
#1832=EDGE_CURVE('',#1351,#1463,#736,.T.);
#1833=EDGE_CURVE('',#1463,#1459,#737,.T.);
#1834=EDGE_CURVE('',#1458,#1464,#738,.T.);
#1835=EDGE_CURVE('',#1464,#1398,#739,.T.);
#1836=EDGE_CURVE('',#1465,#1466,#28,.T.);
#1837=EDGE_CURVE('',#1466,#1465,#29,.T.);
#1838=EDGE_CURVE('',#1467,#1468,#30,.T.);
#1839=EDGE_CURVE('',#1468,#1467,#31,.T.);
#1840=EDGE_CURVE('',#1469,#1393,#740,.T.);
#1841=EDGE_CURVE('',#1419,#1469,#1198,.T.);
#1842=EDGE_CURVE('',#1420,#1469,#741,.T.);
#1843=EDGE_CURVE('',#1467,#1466,#32,.T.);
#1844=EDGE_CURVE('',#1465,#1470,#33,.T.);
#1845=EDGE_CURVE('',#1470,#1471,#742,.T.);
#1846=EDGE_CURVE('',#1471,#1471,#1199,.T.);
#1847=EDGE_CURVE('',#1470,#1468,#34,.T.);
#1848=EDGE_CURVE('',#1472,#1473,#35,.T.);
#1849=EDGE_CURVE('',#1473,#1472,#36,.T.);
#1850=EDGE_CURVE('',#1474,#1475,#37,.T.);
#1851=EDGE_CURVE('',#1475,#1474,#38,.T.);
#1852=EDGE_CURVE('',#1476,#1433,#1200,.T.);
#1853=EDGE_CURVE('',#1403,#1476,#743,.T.);
#1854=EDGE_CURVE('',#1476,#1432,#744,.T.);
#1855=EDGE_CURVE('',#1353,#1477,#745,.T.);
#1856=EDGE_CURVE('',#1477,#1473,#39,.T.);
#1857=EDGE_CURVE('',#1472,#1475,#40,.T.);
#1858=EDGE_CURVE('',#1474,#1477,#41,.T.);
#1859=EDGE_CURVE('',#1462,#1478,#1201,.T.);
#1860=EDGE_CURVE('',#1479,#1478,#746,.T.);
#1861=EDGE_CURVE('',#1480,#1479,#747,.T.);
#1862=EDGE_CURVE('',#1481,#1480,#748,.T.);
#1863=EDGE_CURVE('',#1482,#1481,#749,.T.);
#1864=EDGE_CURVE('',#1448,#1482,#750,.T.);
#1865=EDGE_CURVE('',#1431,#1461,#1202,.T.);
#1866=EDGE_CURVE('',#1478,#1334,#53,.T.);
#1867=EDGE_CURVE('',#1333,#1479,#751,.T.);
#1868=EDGE_CURVE('',#1483,#1325,#752,.T.);
#1869=EDGE_CURVE('',#1483,#1454,#753,.T.);
#1870=EDGE_CURVE('',#1453,#1484,#1203,.T.);
#1871=EDGE_CURVE('',#1484,#1485,#754,.T.);
#1872=EDGE_CURVE('',#1485,#1486,#755,.T.);
#1873=EDGE_CURVE('',#1487,#1486,#756,.T.);
#1874=EDGE_CURVE('',#1488,#1487,#757,.T.);
#1875=EDGE_CURVE('',#1489,#1488,#758,.T.);
#1876=EDGE_CURVE('',#1490,#1489,#759,.T.);
#1877=EDGE_CURVE('',#1490,#1491,#760,.T.);
#1878=EDGE_CURVE('',#1491,#1292,#761,.T.);
#1879=EDGE_CURVE('',#1292,#1492,#762,.T.);
#1880=EDGE_CURVE('',#1492,#1294,#763,.T.);
#1881=EDGE_CURVE('',#1486,#1489,#1204,.T.);
#1882=EDGE_CURVE('',#1493,#1485,#54,.T.);
#1883=EDGE_CURVE('',#1494,#1493,#764,.T.);
#1884=EDGE_CURVE('',#1494,#1316,#1205,.T.);
#1885=EDGE_CURVE('',#1424,#1495,#765,.T.);
#1886=EDGE_CURVE('',#1490,#1495,#55,.T.);
#1887=EDGE_CURVE('',#1494,#1496,#1206,.T.);
#1888=EDGE_CURVE('',#1496,#1317,#1207,.T.);
#1889=EDGE_CURVE('',#1411,#1414,#1208,.T.);
#1890=EDGE_CURVE('',#1495,#1410,#56,.T.);
#1891=EDGE_CURVE('',#1425,#1497,#1209,.T.);
#1892=EDGE_CURVE('',#1498,#1497,#766,.T.);
#1893=EDGE_CURVE('',#1498,#1494,#1210,.T.);
#1894=EDGE_CURVE('',#1415,#1493,#57,.T.);
#1895=EDGE_CURVE('',#1484,#1416,#767,.T.);
#1896=EDGE_CURVE('',#1487,#1488,#1211,.T.);
#1897=EDGE_CURVE('',#1491,#1422,#768,.T.);
#1898=EDGE_CURVE('',#1499,#1494,#1212,.T.);
#1899=EDGE_CURVE('',#1499,#1500,#1213,.T.);
#1900=EDGE_CURVE('',#1500,#1496,#1214,.T.);
#1901=EDGE_CURVE('',#1501,#1318,#769,.T.);
#1902=EDGE_CURVE('',#1496,#1501,#1215,.T.);
#1903=EDGE_CURVE('',#1412,#1413,#1216,.T.);
#1904=EDGE_CURVE('',#1498,#1502,#770,.T.);
#1905=EDGE_CURVE('',#1502,#1499,#1217,.T.);
#1906=EDGE_CURVE('',#1313,#1503,#771,.T.);
#1907=EDGE_CURVE('',#1500,#1501,#772,.T.);
#1908=EDGE_CURVE('',#1504,#1500,#773,.T.);
#1909=EDGE_CURVE('',#1502,#1504,#774,.T.);
#1910=EDGE_CURVE('',#1497,#1505,#775,.T.);
#1911=EDGE_CURVE('',#1506,#1505,#776,.T.);
#1912=EDGE_CURVE('',#1507,#1506,#777,.T.);
#1913=EDGE_CURVE('',#1508,#1507,#778,.T.);
#1914=EDGE_CURVE('',#1509,#1508,#779,.T.);
#1915=EDGE_CURVE('',#1510,#1509,#780,.T.);
#1916=EDGE_CURVE('',#1511,#1510,#781,.T.);
#1917=EDGE_CURVE('',#1503,#1511,#782,.T.);
#1918=EDGE_CURVE('',#1366,#1323,#783,.T.);
#1919=EDGE_CURVE('',#1372,#1512,#784,.T.);
#1920=EDGE_CURVE('',#1505,#1512,#1218,.T.);
#1921=EDGE_CURVE('',#1452,#1455,#1219,.T.);
#1922=EDGE_CURVE('',#1482,#1330,#785,.T.);
#1923=EDGE_CURVE('',#1513,#1295,#786,.T.);
#1924=EDGE_CURVE('',#1514,#1492,#787,.T.);
#1925=EDGE_CURVE('',#1513,#1514,#788,.T.);
#1926=EDGE_CURVE('',#1515,#1291,#789,.T.);
#1927=EDGE_CURVE('',#1514,#1515,#790,.T.);
#1928=EDGE_CURVE('',#1339,#1483,#791,.T.);
#1929=EDGE_CURVE('',#1457,#1464,#792,.T.);
#1930=EDGE_CURVE('',#1449,#1456,#793,.T.);
#1931=EDGE_CURVE('',#1504,#1499,#1220,.T.);
#1932=EDGE_CURVE('',#1438,#1441,#1221,.T.);
#1933=EDGE_CURVE('',#1516,#1437,#58,.T.);
#1934=EDGE_CURVE('',#1517,#1516,#794,.T.);
#1935=EDGE_CURVE('',#1517,#1506,#1222,.T.);
#1936=EDGE_CURVE('',#1512,#1445,#795,.T.);
#1937=EDGE_CURVE('',#1444,#1518,#796,.T.);
#1938=EDGE_CURVE('',#1442,#1518,#59,.T.);
#1939=EDGE_CURVE('',#1517,#1519,#1223,.T.);
#1940=EDGE_CURVE('',#1519,#1507,#1224,.T.);
#1941=EDGE_CURVE('',#1519,#1508,#1225,.T.);
#1942=EDGE_CURVE('',#1509,#1519,#1226,.T.);
#1943=EDGE_CURVE('',#1510,#1520,#1227,.T.);
#1944=EDGE_CURVE('',#1520,#1509,#1228,.T.);
#1945=EDGE_CURVE('',#1521,#1511,#797,.T.);
#1946=EDGE_CURVE('',#1521,#1520,#1229,.T.);
#1947=EDGE_CURVE('',#1503,#1319,#798,.T.);
#1948=EDGE_CURVE('',#1522,#1521,#799,.T.);
#1949=EDGE_CURVE('',#1522,#1443,#800,.T.);
#1950=EDGE_CURVE('',#1481,#1331,#801,.T.);
#1951=EDGE_CURVE('',#1332,#1480,#802,.T.);
#1952=EDGE_CURVE('',#1279,#1513,#803,.T.);
#1953=EDGE_CURVE('',#1515,#1523,#804,.T.);
#1954=EDGE_CURVE('',#1523,#1524,#805,.T.);
#1955=EDGE_CURVE('',#1524,#1303,#806,.T.);
#1956=EDGE_CURVE('',#1290,#1523,#807,.T.);
#1957=EDGE_CURVE('',#1460,#1463,#1230,.T.);
#1958=EDGE_CURVE('',#1436,#1350,#808,.T.);
#1959=EDGE_CURVE('',#1345,#1348,#1231,.T.);
#1960=EDGE_CURVE('',#1518,#1344,#60,.T.);
#1961=EDGE_CURVE('',#1522,#1517,#1232,.T.);
#1962=EDGE_CURVE('',#1349,#1516,#61,.T.);
#1963=EDGE_CURVE('',#1439,#1440,#1233,.T.);
#1964=EDGE_CURVE('',#1520,#1517,#1234,.T.);
#1965=EDGE_CURVE('',#1430,#1343,#809,.T.);
#1966=EDGE_CURVE('',#1525,#1526,#810,.T.);
#1967=EDGE_CURVE('',#1527,#1526,#811,.T.);
#1968=EDGE_CURVE('',#1341,#1527,#812,.T.);
#1969=EDGE_CURVE('',#1525,#1340,#813,.T.);
#1970=EDGE_CURVE('',#1528,#1527,#814,.T.);
#1971=EDGE_CURVE('',#1529,#1528,#815,.T.);
#1972=EDGE_CURVE('',#1342,#1529,#816,.T.);
#1973=EDGE_CURVE('',#1357,#1342,#817,.T.);
#1974=EDGE_CURVE('',#1346,#1347,#1235,.T.);
#1975=EDGE_CURVE('',#1524,#1289,#818,.T.);
#1976=EDGE_CURVE('',#1530,#1530,#1236,.T.);
#1977=EDGE_CURVE('',#1298,#1525,#819,.T.);
#1978=EDGE_CURVE('',#1529,#1531,#820,.T.);
#1979=EDGE_CURVE('',#1531,#1532,#821,.T.);
#1980=EDGE_CURVE('',#1532,#1299,#822,.T.);
#1981=EDGE_CURVE('',#1526,#1297,#823,.T.);
#1982=EDGE_CURVE('',#1533,#1528,#824,.T.);
#1983=EDGE_CURVE('',#1300,#1534,#825,.T.);
#1984=EDGE_CURVE('',#1534,#1533,#826,.T.);
#1985=EDGE_CURVE('',#1533,#1531,#827,.T.);
#1986=EDGE_CURVE('',#1530,#1304,#828,.T.);
#1987=EDGE_CURVE('',#1532,#1534,#829,.T.);
#1988=EDGE_CURVE('',#1535,#1535,#1237,.T.);
#1989=EDGE_CURVE('',#1535,#1301,#830,.T.);
#1990=ORIENTED_EDGE('',*,*,#1536,.F.);
#1991=ORIENTED_EDGE('',*,*,#1537,.T.);
#1992=ORIENTED_EDGE('',*,*,#1538,.T.);
#1993=ORIENTED_EDGE('',*,*,#1537,.F.);
#1994=ORIENTED_EDGE('',*,*,#1538,.F.);
#1995=ORIENTED_EDGE('',*,*,#1539,.F.);
#1996=ORIENTED_EDGE('',*,*,#1540,.T.);
#1997=ORIENTED_EDGE('',*,*,#1541,.T.);
#1998=ORIENTED_EDGE('',*,*,#1542,.F.);
#1999=ORIENTED_EDGE('',*,*,#1543,.F.);
#2000=ORIENTED_EDGE('',*,*,#1544,.F.);
#2001=ORIENTED_EDGE('',*,*,#1545,.T.);
#2002=ORIENTED_EDGE('',*,*,#1546,.F.);
#2003=ORIENTED_EDGE('',*,*,#1547,.F.);
#2004=ORIENTED_EDGE('',*,*,#1548,.F.);
#2005=ORIENTED_EDGE('',*,*,#1545,.F.);
#2006=ORIENTED_EDGE('',*,*,#1549,.F.);
#2007=ORIENTED_EDGE('',*,*,#1550,.F.);
#2008=ORIENTED_EDGE('',*,*,#1551,.T.);
#2009=ORIENTED_EDGE('',*,*,#1552,.F.);
#2010=ORIENTED_EDGE('',*,*,#1551,.F.);
#2011=ORIENTED_EDGE('',*,*,#1553,.T.);
#2012=ORIENTED_EDGE('',*,*,#1554,.T.);
#2013=ORIENTED_EDGE('',*,*,#1555,.F.);
#2014=ORIENTED_EDGE('',*,*,#1556,.T.);
#2015=ORIENTED_EDGE('',*,*,#1557,.F.);
#2016=ORIENTED_EDGE('',*,*,#1558,.F.);
#2017=ORIENTED_EDGE('',*,*,#1559,.F.);
#2018=ORIENTED_EDGE('',*,*,#1554,.F.);
#2019=ORIENTED_EDGE('',*,*,#1560,.F.);
#2020=ORIENTED_EDGE('',*,*,#1561,.F.);
#2021=ORIENTED_EDGE('',*,*,#1562,.F.);
#2022=ORIENTED_EDGE('',*,*,#1556,.F.);
#2023=ORIENTED_EDGE('',*,*,#1563,.F.);
#2024=ORIENTED_EDGE('',*,*,#1564,.F.);
#2025=ORIENTED_EDGE('',*,*,#1565,.T.);
#2026=ORIENTED_EDGE('',*,*,#1566,.F.);
#2027=ORIENTED_EDGE('',*,*,#1567,.F.);
#2028=ORIENTED_EDGE('',*,*,#1568,.F.);
#2029=ORIENTED_EDGE('',*,*,#1569,.F.);
#2030=ORIENTED_EDGE('',*,*,#1570,.F.);
#2031=ORIENTED_EDGE('',*,*,#1571,.F.);
#2032=ORIENTED_EDGE('',*,*,#1572,.F.);
#2033=ORIENTED_EDGE('',*,*,#1565,.F.);
#2034=ORIENTED_EDGE('',*,*,#1573,.F.);
#2035=ORIENTED_EDGE('',*,*,#1574,.F.);
#2036=ORIENTED_EDGE('',*,*,#1566,.T.);
#2037=ORIENTED_EDGE('',*,*,#1572,.T.);
#2038=ORIENTED_EDGE('',*,*,#1575,.F.);
#2039=ORIENTED_EDGE('',*,*,#1547,.T.);
#2040=ORIENTED_EDGE('',*,*,#1576,.T.);
#2041=ORIENTED_EDGE('',*,*,#1577,.F.);
#2042=ORIENTED_EDGE('',*,*,#1576,.F.);
#2043=ORIENTED_EDGE('',*,*,#1578,.F.);
#2044=ORIENTED_EDGE('',*,*,#1579,.T.);
#2045=ORIENTED_EDGE('',*,*,#1543,.T.);
#2046=ORIENTED_EDGE('',*,*,#1580,.T.);
#2047=ORIENTED_EDGE('',*,*,#1581,.F.);
#2048=ORIENTED_EDGE('',*,*,#1582,.F.);
#2049=ORIENTED_EDGE('',*,*,#1583,.T.);
#2050=ORIENTED_EDGE('',*,*,#1549,.T.);
#2051=ORIENTED_EDGE('',*,*,#1544,.T.);
#2052=ORIENTED_EDGE('',*,*,#1579,.F.);
#2053=ORIENTED_EDGE('',*,*,#1584,.F.);
#2054=ORIENTED_EDGE('',*,*,#1585,.F.);
#2055=ORIENTED_EDGE('',*,*,#1541,.F.);
#2056=ORIENTED_EDGE('',*,*,#1586,.F.);
#2057=ORIENTED_EDGE('',*,*,#1587,.F.);
#2058=ORIENTED_EDGE('',*,*,#1588,.T.);
#2059=ORIENTED_EDGE('',*,*,#1550,.T.);
#2060=ORIENTED_EDGE('',*,*,#1583,.F.);
#2061=ORIENTED_EDGE('',*,*,#1589,.F.);
#2062=ORIENTED_EDGE('',*,*,#1580,.F.);
#2063=ORIENTED_EDGE('',*,*,#1542,.T.);
#2064=ORIENTED_EDGE('',*,*,#1585,.T.);
#2065=ORIENTED_EDGE('',*,*,#1590,.F.);
#2066=ORIENTED_EDGE('',*,*,#1591,.F.);
#2067=ORIENTED_EDGE('',*,*,#1586,.T.);
#2068=ORIENTED_EDGE('',*,*,#1540,.F.);
#2069=ORIENTED_EDGE('',*,*,#1573,.T.);
#2070=ORIENTED_EDGE('',*,*,#1592,.T.);
#2071=ORIENTED_EDGE('',*,*,#1593,.F.);
#2072=ORIENTED_EDGE('',*,*,#1592,.F.);
#2073=ORIENTED_EDGE('',*,*,#1594,.F.);
#2074=ORIENTED_EDGE('',*,*,#1595,.F.);
#2075=ORIENTED_EDGE('',*,*,#1596,.F.);
#2076=ORIENTED_EDGE('',*,*,#1569,.T.);
#2077=ORIENTED_EDGE('',*,*,#1563,.T.);
#2078=ORIENTED_EDGE('',*,*,#1597,.T.);
#2079=ORIENTED_EDGE('',*,*,#1598,.F.);
#2080=ORIENTED_EDGE('',*,*,#1597,.F.);
#2081=ORIENTED_EDGE('',*,*,#1599,.F.);
#2082=ORIENTED_EDGE('',*,*,#1600,.F.);
#2083=ORIENTED_EDGE('',*,*,#1560,.T.);
#2084=ORIENTED_EDGE('',*,*,#1553,.F.);
#2085=ORIENTED_EDGE('',*,*,#1588,.F.);
#2086=ORIENTED_EDGE('',*,*,#1601,.F.);
#2087=ORIENTED_EDGE('',*,*,#1602,.T.);
#2088=ORIENTED_EDGE('',*,*,#1603,.T.);
#2089=ORIENTED_EDGE('',*,*,#1602,.F.);
#2090=ORIENTED_EDGE('',*,*,#1603,.F.);
#2091=ORIENTED_EDGE('',*,*,#1546,.T.);
#2092=ORIENTED_EDGE('',*,*,#1548,.T.);
#2093=ORIENTED_EDGE('',*,*,#1552,.T.);
#2094=ORIENTED_EDGE('',*,*,#1559,.T.);
#2095=ORIENTED_EDGE('',*,*,#1555,.T.);
#2096=ORIENTED_EDGE('',*,*,#1604,.T.);
#2097=ORIENTED_EDGE('',*,*,#1557,.T.);
#2098=ORIENTED_EDGE('',*,*,#1562,.T.);
#2099=ORIENTED_EDGE('',*,*,#1605,.F.);
#2100=ORIENTED_EDGE('',*,*,#1606,.F.);
#2101=ORIENTED_EDGE('',*,*,#1561,.T.);
#2102=ORIENTED_EDGE('',*,*,#1600,.T.);
#2103=ORIENTED_EDGE('',*,*,#1607,.T.);
#2104=ORIENTED_EDGE('',*,*,#1608,.T.);
#2105=ORIENTED_EDGE('',*,*,#1609,.T.);
#2106=ORIENTED_EDGE('',*,*,#1610,.T.);
#2107=ORIENTED_EDGE('',*,*,#1611,.T.);
#2108=ORIENTED_EDGE('',*,*,#1612,.T.);
#2109=ORIENTED_EDGE('',*,*,#1613,.T.);
#2110=ORIENTED_EDGE('',*,*,#1614,.T.);
#2111=ORIENTED_EDGE('',*,*,#1615,.T.);
#2112=ORIENTED_EDGE('',*,*,#1605,.T.);
#2113=ORIENTED_EDGE('',*,*,#1594,.T.);
#2114=ORIENTED_EDGE('',*,*,#1568,.T.);
#2115=ORIENTED_EDGE('',*,*,#1564,.T.);
#2116=ORIENTED_EDGE('',*,*,#1616,.T.);
#2117=ORIENTED_EDGE('',*,*,#1617,.F.);
#2118=ORIENTED_EDGE('',*,*,#1618,.F.);
#2119=ORIENTED_EDGE('',*,*,#1619,.F.);
#2120=ORIENTED_EDGE('',*,*,#1570,.T.);
#2121=ORIENTED_EDGE('',*,*,#1596,.T.);
#2122=ORIENTED_EDGE('',*,*,#1620,.T.);
#2123=ORIENTED_EDGE('',*,*,#1567,.T.);
#2124=ORIENTED_EDGE('',*,*,#1574,.T.);
#2125=ORIENTED_EDGE('',*,*,#1621,.F.);
#2126=ORIENTED_EDGE('',*,*,#1622,.T.);
#2127=ORIENTED_EDGE('',*,*,#1623,.F.);
#2128=ORIENTED_EDGE('',*,*,#1616,.F.);
#2129=ORIENTED_EDGE('',*,*,#1624,.T.);
#2130=ORIENTED_EDGE('',*,*,#1593,.T.);
#2131=ORIENTED_EDGE('',*,*,#1625,.T.);
#2132=ORIENTED_EDGE('',*,*,#1582,.T.);
#2133=ORIENTED_EDGE('',*,*,#1626,.F.);
#2134=ORIENTED_EDGE('',*,*,#1627,.T.);
#2135=ORIENTED_EDGE('',*,*,#1607,.F.);
#2136=ORIENTED_EDGE('',*,*,#1599,.T.);
#2137=ORIENTED_EDGE('',*,*,#1587,.T.);
#2138=ORIENTED_EDGE('',*,*,#1628,.T.);
#2139=ORIENTED_EDGE('',*,*,#1558,.T.);
#2140=ORIENTED_EDGE('',*,*,#1604,.F.);
#2141=ORIENTED_EDGE('',*,*,#1629,.T.);
#2142=ORIENTED_EDGE('',*,*,#1577,.T.);
#2143=ORIENTED_EDGE('',*,*,#1536,.T.);
#2144=ORIENTED_EDGE('',*,*,#1630,.F.);
#2145=ORIENTED_EDGE('',*,*,#1631,.F.);
#2146=ORIENTED_EDGE('',*,*,#1630,.T.);
#2147=ORIENTED_EDGE('',*,*,#1632,.T.);
#2148=ORIENTED_EDGE('',*,*,#1629,.F.);
#2149=ORIENTED_EDGE('',*,*,#1632,.F.);
#2150=ORIENTED_EDGE('',*,*,#1633,.F.);
#2151=ORIENTED_EDGE('',*,*,#1634,.T.);
#2152=ORIENTED_EDGE('',*,*,#1625,.F.);
#2153=ORIENTED_EDGE('',*,*,#1634,.F.);
#2154=ORIENTED_EDGE('',*,*,#1631,.T.);
#2155=ORIENTED_EDGE('',*,*,#1635,.T.);
#2156=ORIENTED_EDGE('',*,*,#1636,.F.);
#2157=ORIENTED_EDGE('',*,*,#1635,.F.);
#2158=ORIENTED_EDGE('',*,*,#1637,.F.);
#2159=ORIENTED_EDGE('',*,*,#1638,.T.);
#2160=ORIENTED_EDGE('',*,*,#1639,.F.);
#2161=ORIENTED_EDGE('',*,*,#1638,.F.);
#2162=ORIENTED_EDGE('',*,*,#1640,.F.);
#2163=ORIENTED_EDGE('',*,*,#1641,.T.);
#2164=ORIENTED_EDGE('',*,*,#1642,.T.);
#2165=ORIENTED_EDGE('',*,*,#1643,.F.);
#2166=ORIENTED_EDGE('',*,*,#1644,.T.);
#2167=ORIENTED_EDGE('',*,*,#1645,.T.);
#2168=ORIENTED_EDGE('',*,*,#1646,.T.);
#2169=ORIENTED_EDGE('',*,*,#1647,.F.);
#2170=ORIENTED_EDGE('',*,*,#1648,.F.);
#2171=ORIENTED_EDGE('',*,*,#1649,.F.);
#2172=ORIENTED_EDGE('',*,*,#1650,.T.);
#2173=ORIENTED_EDGE('',*,*,#1651,.T.);
#2174=ORIENTED_EDGE('',*,*,#1652,.T.);
#2175=ORIENTED_EDGE('',*,*,#1653,.F.);
#2176=ORIENTED_EDGE('',*,*,#1641,.F.);
#2177=ORIENTED_EDGE('',*,*,#1654,.F.);
#2178=ORIENTED_EDGE('',*,*,#1655,.T.);
#2179=ORIENTED_EDGE('',*,*,#1656,.T.);
#2180=ORIENTED_EDGE('',*,*,#1657,.T.);
#2181=ORIENTED_EDGE('',*,*,#1658,.F.);
#2182=ORIENTED_EDGE('',*,*,#1659,.F.);
#2183=ORIENTED_EDGE('',*,*,#1660,.T.);
#2184=ORIENTED_EDGE('',*,*,#1661,.F.);
#2185=ORIENTED_EDGE('',*,*,#1662,.F.);
#2186=ORIENTED_EDGE('',*,*,#1663,.T.);
#2187=ORIENTED_EDGE('',*,*,#1664,.T.);
#2188=ORIENTED_EDGE('',*,*,#1665,.T.);
#2189=ORIENTED_EDGE('',*,*,#1666,.T.);
#2190=ORIENTED_EDGE('',*,*,#1667,.T.);
#2191=ORIENTED_EDGE('',*,*,#1668,.F.);
#2192=ORIENTED_EDGE('',*,*,#1665,.F.);
#2193=ORIENTED_EDGE('',*,*,#1669,.T.);
#2194=ORIENTED_EDGE('',*,*,#1670,.T.);
#2195=ORIENTED_EDGE('',*,*,#1671,.T.);
#2196=ORIENTED_EDGE('',*,*,#1672,.T.);
#2197=ORIENTED_EDGE('',*,*,#1673,.T.);
#2198=ORIENTED_EDGE('',*,*,#1674,.T.);
#2199=ORIENTED_EDGE('',*,*,#1675,.T.);
#2200=ORIENTED_EDGE('',*,*,#1676,.T.);
#2201=ORIENTED_EDGE('',*,*,#1677,.T.);
#2202=ORIENTED_EDGE('',*,*,#1678,.F.);
#2203=ORIENTED_EDGE('',*,*,#1679,.T.);
#2204=ORIENTED_EDGE('',*,*,#1680,.T.);
#2205=ORIENTED_EDGE('',*,*,#1681,.T.);
#2206=ORIENTED_EDGE('',*,*,#1682,.T.);
#2207=ORIENTED_EDGE('',*,*,#1683,.T.);
#2208=ORIENTED_EDGE('',*,*,#1664,.F.);
#2209=ORIENTED_EDGE('',*,*,#1684,.T.);
#2210=ORIENTED_EDGE('',*,*,#1685,.T.);
#2211=ORIENTED_EDGE('',*,*,#1686,.T.);
#2212=ORIENTED_EDGE('',*,*,#1687,.T.);
#2213=ORIENTED_EDGE('',*,*,#1688,.F.);
#2214=ORIENTED_EDGE('',*,*,#1669,.F.);
#2215=ORIENTED_EDGE('',*,*,#1656,.F.);
#2216=ORIENTED_EDGE('',*,*,#1689,.F.);
#2217=ORIENTED_EDGE('',*,*,#1613,.F.);
#2218=ORIENTED_EDGE('',*,*,#1690,.T.);
#2219=ORIENTED_EDGE('',*,*,#1691,.T.);
#2220=ORIENTED_EDGE('',*,*,#1692,.T.);
#2221=ORIENTED_EDGE('',*,*,#1693,.T.);
#2222=ORIENTED_EDGE('',*,*,#1694,.F.);
#2223=ORIENTED_EDGE('',*,*,#1695,.T.);
#2224=ORIENTED_EDGE('',*,*,#1696,.F.);
#2225=ORIENTED_EDGE('',*,*,#1697,.F.);
#2226=ORIENTED_EDGE('',*,*,#1698,.F.);
#2227=ORIENTED_EDGE('',*,*,#1699,.F.);
#2228=ORIENTED_EDGE('',*,*,#1700,.F.);
#2229=ORIENTED_EDGE('',*,*,#1695,.F.);
#2230=ORIENTED_EDGE('',*,*,#1701,.F.);
#2231=ORIENTED_EDGE('',*,*,#1702,.T.);
#2232=ORIENTED_EDGE('',*,*,#1703,.F.);
#2233=ORIENTED_EDGE('',*,*,#1704,.F.);
#2234=ORIENTED_EDGE('',*,*,#1705,.F.);
#2235=ORIENTED_EDGE('',*,*,#1706,.F.);
#2236=ORIENTED_EDGE('',*,*,#1707,.F.);
#2237=ORIENTED_EDGE('',*,*,#1702,.F.);
#2238=ORIENTED_EDGE('',*,*,#1708,.F.);
#2239=ORIENTED_EDGE('',*,*,#1709,.T.);
#2240=ORIENTED_EDGE('',*,*,#1710,.F.);
#2241=ORIENTED_EDGE('',*,*,#1711,.F.);
#2242=ORIENTED_EDGE('',*,*,#1712,.T.);
#2243=ORIENTED_EDGE('',*,*,#1713,.F.);
#2244=ORIENTED_EDGE('',*,*,#1692,.F.);
#2245=ORIENTED_EDGE('',*,*,#1714,.F.);
#2246=ORIENTED_EDGE('',*,*,#1715,.F.);
#2247=ORIENTED_EDGE('',*,*,#1712,.F.);
#2248=ORIENTED_EDGE('',*,*,#1716,.F.);
#2249=ORIENTED_EDGE('',*,*,#1717,.F.);
#2250=ORIENTED_EDGE('',*,*,#1709,.F.);
#2251=ORIENTED_EDGE('',*,*,#1718,.F.);
#2252=ORIENTED_EDGE('',*,*,#1719,.T.);
#2253=ORIENTED_EDGE('',*,*,#1720,.F.);
#2254=ORIENTED_EDGE('',*,*,#1721,.F.);
#2255=ORIENTED_EDGE('',*,*,#1722,.T.);
#2256=ORIENTED_EDGE('',*,*,#1723,.F.);
#2257=ORIENTED_EDGE('',*,*,#1724,.F.);
#2258=ORIENTED_EDGE('',*,*,#1685,.F.);
#2259=ORIENTED_EDGE('',*,*,#1725,.F.);
#2260=ORIENTED_EDGE('',*,*,#1722,.F.);
#2261=ORIENTED_EDGE('',*,*,#1726,.F.);
#2262=ORIENTED_EDGE('',*,*,#1719,.F.);
#2263=ORIENTED_EDGE('',*,*,#1666,.F.);
#2264=ORIENTED_EDGE('',*,*,#1727,.T.);
#2265=ORIENTED_EDGE('',*,*,#1710,.T.);
#2266=ORIENTED_EDGE('',*,*,#1717,.T.);
#2267=ORIENTED_EDGE('',*,*,#1728,.T.);
#2268=ORIENTED_EDGE('',*,*,#1729,.T.);
#2269=ORIENTED_EDGE('',*,*,#1730,.F.);
#2270=ORIENTED_EDGE('',*,*,#1731,.F.);
#2271=ORIENTED_EDGE('',*,*,#1732,.F.);
#2272=ORIENTED_EDGE('',*,*,#1733,.T.);
#2273=ORIENTED_EDGE('',*,*,#1734,.F.);
#2274=ORIENTED_EDGE('',*,*,#1735,.F.);
#2275=ORIENTED_EDGE('',*,*,#1736,.F.);
#2276=ORIENTED_EDGE('',*,*,#1737,.F.);
#2277=ORIENTED_EDGE('',*,*,#1738,.T.);
#2278=ORIENTED_EDGE('',*,*,#1728,.F.);
#2279=ORIENTED_EDGE('',*,*,#1716,.T.);
#2280=ORIENTED_EDGE('',*,*,#1711,.T.);
#2281=ORIENTED_EDGE('',*,*,#1727,.F.);
#2282=ORIENTED_EDGE('',*,*,#1667,.F.);
#2283=ORIENTED_EDGE('',*,*,#1739,.T.);
#2284=ORIENTED_EDGE('',*,*,#1740,.T.);
#2285=ORIENTED_EDGE('',*,*,#1741,.F.);
#2286=ORIENTED_EDGE('',*,*,#1742,.F.);
#2287=ORIENTED_EDGE('',*,*,#1743,.F.);
#2288=ORIENTED_EDGE('',*,*,#1744,.T.);
#2289=ORIENTED_EDGE('',*,*,#1745,.F.);
#2290=ORIENTED_EDGE('',*,*,#1746,.F.);
#2291=ORIENTED_EDGE('',*,*,#1747,.F.);
#2292=ORIENTED_EDGE('',*,*,#1748,.F.);
#2293=ORIENTED_EDGE('',*,*,#1749,.T.);
#2294=ORIENTED_EDGE('',*,*,#1739,.F.);
#2295=ORIENTED_EDGE('',*,*,#1720,.T.);
#2296=ORIENTED_EDGE('',*,*,#1726,.T.);
#2297=ORIENTED_EDGE('',*,*,#1721,.T.);
#2298=ORIENTED_EDGE('',*,*,#1750,.F.);
#2299=ORIENTED_EDGE('',*,*,#1751,.F.);
#2300=ORIENTED_EDGE('',*,*,#1752,.F.);
#2301=ORIENTED_EDGE('',*,*,#1753,.F.);
#2302=ORIENTED_EDGE('',*,*,#1754,.F.);
#2303=ORIENTED_EDGE('',*,*,#1751,.T.);
#2304=ORIENTED_EDGE('',*,*,#1752,.T.);
#2305=ORIENTED_EDGE('',*,*,#1750,.T.);
#2306=ORIENTED_EDGE('',*,*,#1754,.T.);
#2307=ORIENTED_EDGE('',*,*,#1755,.F.);
#2308=ORIENTED_EDGE('',*,*,#1756,.T.);
#2309=ORIENTED_EDGE('',*,*,#1757,.T.);
#2310=ORIENTED_EDGE('',*,*,#1758,.T.);
#2311=ORIENTED_EDGE('',*,*,#1759,.T.);
#2312=ORIENTED_EDGE('',*,*,#1760,.F.);
#2313=ORIENTED_EDGE('',*,*,#1761,.F.);
#2314=ORIENTED_EDGE('',*,*,#1762,.T.);
#2315=ORIENTED_EDGE('',*,*,#1763,.F.);
#2316=ORIENTED_EDGE('',*,*,#1764,.T.);
#2317=ORIENTED_EDGE('',*,*,#1737,.T.);
#2318=ORIENTED_EDGE('',*,*,#1765,.T.);
#2319=ORIENTED_EDGE('',*,*,#1766,.T.);
#2320=ORIENTED_EDGE('',*,*,#1767,.T.);
#2321=ORIENTED_EDGE('',*,*,#1768,.T.);
#2322=ORIENTED_EDGE('',*,*,#1714,.T.);
#2323=ORIENTED_EDGE('',*,*,#1691,.F.);
#2324=ORIENTED_EDGE('',*,*,#1769,.F.);
#2325=ORIENTED_EDGE('',*,*,#1770,.F.);
#2326=ORIENTED_EDGE('',*,*,#1698,.T.);
#2327=ORIENTED_EDGE('',*,*,#1771,.T.);
#2328=ORIENTED_EDGE('',*,*,#1772,.F.);
#2329=ORIENTED_EDGE('',*,*,#1773,.F.);
#2330=ORIENTED_EDGE('',*,*,#1642,.F.);
#2331=ORIENTED_EDGE('',*,*,#1653,.T.);
#2332=ORIENTED_EDGE('',*,*,#1774,.T.);
#2333=ORIENTED_EDGE('',*,*,#1697,.T.);
#2334=ORIENTED_EDGE('',*,*,#1775,.F.);
#2335=ORIENTED_EDGE('',*,*,#1776,.T.);
#2336=ORIENTED_EDGE('',*,*,#1771,.F.);
#2337=ORIENTED_EDGE('',*,*,#1777,.F.);
#2338=ORIENTED_EDGE('',*,*,#1778,.F.);
#2339=ORIENTED_EDGE('',*,*,#1779,.F.);
#2340=ORIENTED_EDGE('',*,*,#1780,.F.);
#2341=ORIENTED_EDGE('',*,*,#1781,.F.);
#2342=ORIENTED_EDGE('',*,*,#1778,.T.);
#2343=ORIENTED_EDGE('',*,*,#1779,.T.);
#2344=ORIENTED_EDGE('',*,*,#1777,.T.);
#2345=ORIENTED_EDGE('',*,*,#1781,.T.);
#2346=ORIENTED_EDGE('',*,*,#1782,.F.);
#2347=ORIENTED_EDGE('',*,*,#1783,.F.);
#2348=ORIENTED_EDGE('',*,*,#1686,.F.);
#2349=ORIENTED_EDGE('',*,*,#1724,.T.);
#2350=ORIENTED_EDGE('',*,*,#1784,.T.);
#2351=ORIENTED_EDGE('',*,*,#1785,.T.);
#2352=ORIENTED_EDGE('',*,*,#1786,.T.);
#2353=ORIENTED_EDGE('',*,*,#1787,.T.);
#2354=ORIENTED_EDGE('',*,*,#1745,.T.);
#2355=ORIENTED_EDGE('',*,*,#1788,.T.);
#2356=ORIENTED_EDGE('',*,*,#1789,.F.);
#2357=ORIENTED_EDGE('',*,*,#1790,.T.);
#2358=ORIENTED_EDGE('',*,*,#1791,.F.);
#2359=ORIENTED_EDGE('',*,*,#1792,.T.);
#2360=ORIENTED_EDGE('',*,*,#1793,.F.);
#2361=ORIENTED_EDGE('',*,*,#1794,.F.);
#2362=ORIENTED_EDGE('',*,*,#1795,.F.);
#2363=ORIENTED_EDGE('',*,*,#1796,.F.);
#2364=ORIENTED_EDGE('',*,*,#1797,.F.);
#2365=ORIENTED_EDGE('',*,*,#1705,.T.);
#2366=ORIENTED_EDGE('',*,*,#1798,.T.);
#2367=ORIENTED_EDGE('',*,*,#1649,.T.);
#2368=ORIENTED_EDGE('',*,*,#1799,.F.);
#2369=ORIENTED_EDGE('',*,*,#1800,.F.);
#2370=ORIENTED_EDGE('',*,*,#1801,.F.);
#2371=ORIENTED_EDGE('',*,*,#1802,.T.);
#2372=ORIENTED_EDGE('',*,*,#1704,.T.);
#2373=ORIENTED_EDGE('',*,*,#1803,.F.);
#2374=ORIENTED_EDGE('',*,*,#1650,.F.);
#2375=ORIENTED_EDGE('',*,*,#1798,.F.);
#2376=ORIENTED_EDGE('',*,*,#1713,.T.);
#2377=ORIENTED_EDGE('',*,*,#1715,.T.);
#2378=ORIENTED_EDGE('',*,*,#1768,.F.);
#2379=ORIENTED_EDGE('',*,*,#1804,.F.);
#2380=ORIENTED_EDGE('',*,*,#1805,.F.);
#2381=ORIENTED_EDGE('',*,*,#1806,.F.);
#2382=ORIENTED_EDGE('',*,*,#1807,.F.);
#2383=ORIENTED_EDGE('',*,*,#1657,.F.);
#2384=ORIENTED_EDGE('',*,*,#1693,.F.);
#2385=ORIENTED_EDGE('',*,*,#1808,.F.);
#2386=ORIENTED_EDGE('',*,*,#1733,.F.);
#2387=ORIENTED_EDGE('',*,*,#1809,.F.);
#2388=ORIENTED_EDGE('',*,*,#1729,.F.);
#2389=ORIENTED_EDGE('',*,*,#1738,.F.);
#2390=ORIENTED_EDGE('',*,*,#1764,.F.);
#2391=ORIENTED_EDGE('',*,*,#1730,.T.);
#2392=ORIENTED_EDGE('',*,*,#1809,.T.);
#2393=ORIENTED_EDGE('',*,*,#1732,.T.);
#2394=ORIENTED_EDGE('',*,*,#1810,.T.);
#2395=ORIENTED_EDGE('',*,*,#1811,.T.);
#2396=ORIENTED_EDGE('',*,*,#1812,.T.);
#2397=ORIENTED_EDGE('',*,*,#1813,.T.);
#2398=ORIENTED_EDGE('',*,*,#1814,.T.);
#2399=ORIENTED_EDGE('',*,*,#1815,.F.);
#2400=ORIENTED_EDGE('',*,*,#1816,.T.);
#2401=ORIENTED_EDGE('',*,*,#1788,.F.);
#2402=ORIENTED_EDGE('',*,*,#1744,.F.);
#2403=ORIENTED_EDGE('',*,*,#1817,.F.);
#2404=ORIENTED_EDGE('',*,*,#1740,.F.);
#2405=ORIENTED_EDGE('',*,*,#1749,.F.);
#2406=ORIENTED_EDGE('',*,*,#1818,.F.);
#2407=ORIENTED_EDGE('',*,*,#1808,.T.);
#2408=ORIENTED_EDGE('',*,*,#1763,.T.);
#2409=ORIENTED_EDGE('',*,*,#1819,.T.);
#2410=ORIENTED_EDGE('',*,*,#1820,.T.);
#2411=ORIENTED_EDGE('',*,*,#1812,.F.);
#2412=ORIENTED_EDGE('',*,*,#1821,.F.);
#2413=ORIENTED_EDGE('',*,*,#1822,.F.);
#2414=ORIENTED_EDGE('',*,*,#1823,.F.);
#2415=ORIENTED_EDGE('',*,*,#1824,.F.);
#2416=ORIENTED_EDGE('',*,*,#1825,.T.);
#2417=ORIENTED_EDGE('',*,*,#1826,.T.);
#2418=ORIENTED_EDGE('',*,*,#1789,.T.);
#2419=ORIENTED_EDGE('',*,*,#1818,.T.);
#2420=ORIENTED_EDGE('',*,*,#1748,.T.);
#2421=ORIENTED_EDGE('',*,*,#1827,.T.);
#2422=ORIENTED_EDGE('',*,*,#1828,.T.);
#2423=ORIENTED_EDGE('',*,*,#1829,.F.);
#2424=ORIENTED_EDGE('',*,*,#1805,.T.);
#2425=ORIENTED_EDGE('',*,*,#1830,.T.);
#2426=ORIENTED_EDGE('',*,*,#1734,.T.);
#2427=ORIENTED_EDGE('',*,*,#1741,.T.);
#2428=ORIENTED_EDGE('',*,*,#1817,.T.);
#2429=ORIENTED_EDGE('',*,*,#1743,.T.);
#2430=ORIENTED_EDGE('',*,*,#1831,.T.);
#2431=ORIENTED_EDGE('',*,*,#1681,.F.);
#2432=ORIENTED_EDGE('',*,*,#1832,.T.);
#2433=ORIENTED_EDGE('',*,*,#1833,.T.);
#2434=ORIENTED_EDGE('',*,*,#1824,.T.);
#2435=ORIENTED_EDGE('',*,*,#1834,.T.);
#2436=ORIENTED_EDGE('',*,*,#1835,.T.);
#2437=ORIENTED_EDGE('',*,*,#1836,.F.);
#2438=ORIENTED_EDGE('',*,*,#1837,.F.);
#2439=ORIENTED_EDGE('',*,*,#1838,.F.);
#2440=ORIENTED_EDGE('',*,*,#1839,.F.);
#2441=ORIENTED_EDGE('',*,*,#1736,.T.);
#2442=ORIENTED_EDGE('',*,*,#1840,.F.);
#2443=ORIENTED_EDGE('',*,*,#1841,.F.);
#2444=ORIENTED_EDGE('',*,*,#1765,.F.);
#2445=ORIENTED_EDGE('',*,*,#1766,.F.);
#2446=ORIENTED_EDGE('',*,*,#1841,.T.);
#2447=ORIENTED_EDGE('',*,*,#1842,.F.);
#2448=ORIENTED_EDGE('',*,*,#1839,.T.);
#2449=ORIENTED_EDGE('',*,*,#1843,.T.);
#2450=ORIENTED_EDGE('',*,*,#1837,.T.);
#2451=ORIENTED_EDGE('',*,*,#1844,.T.);
#2452=ORIENTED_EDGE('',*,*,#1845,.T.);
#2453=ORIENTED_EDGE('',*,*,#1846,.F.);
#2454=ORIENTED_EDGE('',*,*,#1845,.F.);
#2455=ORIENTED_EDGE('',*,*,#1847,.T.);
#2456=ORIENTED_EDGE('',*,*,#1735,.T.);
#2457=ORIENTED_EDGE('',*,*,#1830,.F.);
#2458=ORIENTED_EDGE('',*,*,#1804,.T.);
#2459=ORIENTED_EDGE('',*,*,#1767,.F.);
#2460=ORIENTED_EDGE('',*,*,#1842,.T.);
#2461=ORIENTED_EDGE('',*,*,#1840,.T.);
#2462=ORIENTED_EDGE('',*,*,#1848,.F.);
#2463=ORIENTED_EDGE('',*,*,#1849,.F.);
#2464=ORIENTED_EDGE('',*,*,#1850,.F.);
#2465=ORIENTED_EDGE('',*,*,#1851,.F.);
#2466=ORIENTED_EDGE('',*,*,#1746,.T.);
#2467=ORIENTED_EDGE('',*,*,#1787,.F.);
#2468=ORIENTED_EDGE('',*,*,#1852,.F.);
#2469=ORIENTED_EDGE('',*,*,#1853,.F.);
#2470=ORIENTED_EDGE('',*,*,#1854,.F.);
#2471=ORIENTED_EDGE('',*,*,#1852,.T.);
#2472=ORIENTED_EDGE('',*,*,#1786,.F.);
#2473=ORIENTED_EDGE('',*,*,#1683,.F.);
#2474=ORIENTED_EDGE('',*,*,#1855,.T.);
#2475=ORIENTED_EDGE('',*,*,#1856,.T.);
#2476=ORIENTED_EDGE('',*,*,#1849,.T.);
#2477=ORIENTED_EDGE('',*,*,#1857,.T.);
#2478=ORIENTED_EDGE('',*,*,#1851,.T.);
#2479=ORIENTED_EDGE('',*,*,#1858,.T.);
#2480=ORIENTED_EDGE('',*,*,#1855,.F.);
#2481=ORIENTED_EDGE('',*,*,#1838,.T.);
#2482=ORIENTED_EDGE('',*,*,#1847,.F.);
#2483=ORIENTED_EDGE('',*,*,#1844,.F.);
#2484=ORIENTED_EDGE('',*,*,#1836,.T.);
#2485=ORIENTED_EDGE('',*,*,#1843,.F.);
#2486=ORIENTED_EDGE('',*,*,#1806,.T.);
#2487=ORIENTED_EDGE('',*,*,#1829,.T.);
#2488=ORIENTED_EDGE('',*,*,#1859,.T.);
#2489=ORIENTED_EDGE('',*,*,#1860,.F.);
#2490=ORIENTED_EDGE('',*,*,#1861,.F.);
#2491=ORIENTED_EDGE('',*,*,#1862,.F.);
#2492=ORIENTED_EDGE('',*,*,#1863,.F.);
#2493=ORIENTED_EDGE('',*,*,#1864,.F.);
#2494=ORIENTED_EDGE('',*,*,#1747,.T.);
#2495=ORIENTED_EDGE('',*,*,#1853,.T.);
#2496=ORIENTED_EDGE('',*,*,#1854,.T.);
#2497=ORIENTED_EDGE('',*,*,#1785,.F.);
#2498=ORIENTED_EDGE('',*,*,#1865,.T.);
#2499=ORIENTED_EDGE('',*,*,#1827,.F.);
#2500=ORIENTED_EDGE('',*,*,#1850,.T.);
#2501=ORIENTED_EDGE('',*,*,#1857,.F.);
#2502=ORIENTED_EDGE('',*,*,#1848,.T.);
#2503=ORIENTED_EDGE('',*,*,#1856,.F.);
#2504=ORIENTED_EDGE('',*,*,#1858,.F.);
#2505=ORIENTED_EDGE('',*,*,#1723,.T.);
#2506=ORIENTED_EDGE('',*,*,#1725,.T.);
#2507=ORIENTED_EDGE('',*,*,#1684,.F.);
#2508=ORIENTED_EDGE('',*,*,#1663,.F.);
#2509=ORIENTED_EDGE('',*,*,#1866,.F.);
#2510=ORIENTED_EDGE('',*,*,#1859,.F.);
#2511=ORIENTED_EDGE('',*,*,#1828,.F.);
#2512=ORIENTED_EDGE('',*,*,#1865,.F.);
#2513=ORIENTED_EDGE('',*,*,#1784,.F.);
#2514=ORIENTED_EDGE('',*,*,#1866,.T.);
#2515=ORIENTED_EDGE('',*,*,#1662,.T.);
#2516=ORIENTED_EDGE('',*,*,#1867,.T.);
#2517=ORIENTED_EDGE('',*,*,#1860,.T.);
#2518=ORIENTED_EDGE('',*,*,#1868,.F.);
#2519=ORIENTED_EDGE('',*,*,#1869,.T.);
#2520=ORIENTED_EDGE('',*,*,#1815,.T.);
#2521=ORIENTED_EDGE('',*,*,#1870,.T.);
#2522=ORIENTED_EDGE('',*,*,#1871,.T.);
#2523=ORIENTED_EDGE('',*,*,#1872,.T.);
#2524=ORIENTED_EDGE('',*,*,#1873,.F.);
#2525=ORIENTED_EDGE('',*,*,#1874,.F.);
#2526=ORIENTED_EDGE('',*,*,#1875,.F.);
#2527=ORIENTED_EDGE('',*,*,#1876,.F.);
#2528=ORIENTED_EDGE('',*,*,#1877,.T.);
#2529=ORIENTED_EDGE('',*,*,#1878,.T.);
#2530=ORIENTED_EDGE('',*,*,#1879,.T.);
#2531=ORIENTED_EDGE('',*,*,#1880,.T.);
#2532=ORIENTED_EDGE('',*,*,#1689,.T.);
#2533=ORIENTED_EDGE('',*,*,#1655,.F.);
#2534=ORIENTED_EDGE('',*,*,#1846,.T.);
#2535=ORIENTED_EDGE('',*,*,#1881,.F.);
#2536=ORIENTED_EDGE('',*,*,#1872,.F.);
#2537=ORIENTED_EDGE('',*,*,#1882,.F.);
#2538=ORIENTED_EDGE('',*,*,#1883,.F.);
#2539=ORIENTED_EDGE('',*,*,#1884,.T.);
#2540=ORIENTED_EDGE('',*,*,#1643,.T.);
#2541=ORIENTED_EDGE('',*,*,#1773,.T.);
#2542=ORIENTED_EDGE('',*,*,#1885,.T.);
#2543=ORIENTED_EDGE('',*,*,#1886,.F.);
#2544=ORIENTED_EDGE('',*,*,#1876,.T.);
#2545=ORIENTED_EDGE('',*,*,#1884,.F.);
#2546=ORIENTED_EDGE('',*,*,#1887,.T.);
#2547=ORIENTED_EDGE('',*,*,#1888,.T.);
#2548=ORIENTED_EDGE('',*,*,#1644,.F.);
#2549=ORIENTED_EDGE('',*,*,#1889,.F.);
#2550=ORIENTED_EDGE('',*,*,#1756,.F.);
#2551=ORIENTED_EDGE('',*,*,#1890,.F.);
#2552=ORIENTED_EDGE('',*,*,#1885,.F.);
#2553=ORIENTED_EDGE('',*,*,#1772,.T.);
#2554=ORIENTED_EDGE('',*,*,#1776,.F.);
#2555=ORIENTED_EDGE('',*,*,#1891,.T.);
#2556=ORIENTED_EDGE('',*,*,#1892,.F.);
#2557=ORIENTED_EDGE('',*,*,#1893,.T.);
#2558=ORIENTED_EDGE('',*,*,#1883,.T.);
#2559=ORIENTED_EDGE('',*,*,#1894,.F.);
#2560=ORIENTED_EDGE('',*,*,#1760,.T.);
#2561=ORIENTED_EDGE('',*,*,#1895,.T.);
#2562=ORIENTED_EDGE('',*,*,#1761,.T.);
#2563=ORIENTED_EDGE('',*,*,#1894,.T.);
#2564=ORIENTED_EDGE('',*,*,#1882,.T.);
#2565=ORIENTED_EDGE('',*,*,#1871,.F.);
#2566=ORIENTED_EDGE('',*,*,#1881,.T.);
#2567=ORIENTED_EDGE('',*,*,#1875,.T.);
#2568=ORIENTED_EDGE('',*,*,#1896,.F.);
#2569=ORIENTED_EDGE('',*,*,#1873,.T.);
#2570=ORIENTED_EDGE('',*,*,#1753,.T.);
#2571=ORIENTED_EDGE('',*,*,#1770,.T.);
#2572=ORIENTED_EDGE('',*,*,#1897,.F.);
#2573=ORIENTED_EDGE('',*,*,#1877,.F.);
#2574=ORIENTED_EDGE('',*,*,#1886,.T.);
#2575=ORIENTED_EDGE('',*,*,#1890,.T.);
#2576=ORIENTED_EDGE('',*,*,#1755,.T.);
#2577=ORIENTED_EDGE('',*,*,#1898,.F.);
#2578=ORIENTED_EDGE('',*,*,#1899,.T.);
#2579=ORIENTED_EDGE('',*,*,#1900,.T.);
#2580=ORIENTED_EDGE('',*,*,#1887,.F.);
#2581=ORIENTED_EDGE('',*,*,#1901,.T.);
#2582=ORIENTED_EDGE('',*,*,#1645,.F.);
#2583=ORIENTED_EDGE('',*,*,#1888,.F.);
#2584=ORIENTED_EDGE('',*,*,#1902,.T.);
#2585=ORIENTED_EDGE('',*,*,#1757,.F.);
#2586=ORIENTED_EDGE('',*,*,#1889,.T.);
#2587=ORIENTED_EDGE('',*,*,#1759,.F.);
#2588=ORIENTED_EDGE('',*,*,#1903,.F.);
#2589=ORIENTED_EDGE('',*,*,#1904,.T.);
#2590=ORIENTED_EDGE('',*,*,#1905,.T.);
#2591=ORIENTED_EDGE('',*,*,#1898,.T.);
#2592=ORIENTED_EDGE('',*,*,#1893,.F.);
#2593=ORIENTED_EDGE('',*,*,#1906,.F.);
#2594=ORIENTED_EDGE('',*,*,#1646,.F.);
#2595=ORIENTED_EDGE('',*,*,#1901,.F.);
#2596=ORIENTED_EDGE('',*,*,#1907,.F.);
#2597=ORIENTED_EDGE('',*,*,#1908,.F.);
#2598=ORIENTED_EDGE('',*,*,#1909,.F.);
#2599=ORIENTED_EDGE('',*,*,#1904,.F.);
#2600=ORIENTED_EDGE('',*,*,#1892,.T.);
#2601=ORIENTED_EDGE('',*,*,#1910,.T.);
#2602=ORIENTED_EDGE('',*,*,#1911,.F.);
#2603=ORIENTED_EDGE('',*,*,#1912,.F.);
#2604=ORIENTED_EDGE('',*,*,#1913,.F.);
#2605=ORIENTED_EDGE('',*,*,#1914,.F.);
#2606=ORIENTED_EDGE('',*,*,#1915,.F.);
#2607=ORIENTED_EDGE('',*,*,#1916,.F.);
#2608=ORIENTED_EDGE('',*,*,#1917,.F.);
#2609=ORIENTED_EDGE('',*,*,#1696,.T.);
#2610=ORIENTED_EDGE('',*,*,#1700,.T.);
#2611=ORIENTED_EDGE('',*,*,#1918,.T.);
#2612=ORIENTED_EDGE('',*,*,#1651,.F.);
#2613=ORIENTED_EDGE('',*,*,#1803,.T.);
#2614=ORIENTED_EDGE('',*,*,#1703,.T.);
#2615=ORIENTED_EDGE('',*,*,#1707,.T.);
#2616=ORIENTED_EDGE('',*,*,#1919,.T.);
#2617=ORIENTED_EDGE('',*,*,#1920,.F.);
#2618=ORIENTED_EDGE('',*,*,#1910,.F.);
#2619=ORIENTED_EDGE('',*,*,#1891,.F.);
#2620=ORIENTED_EDGE('',*,*,#1775,.T.);
#2621=ORIENTED_EDGE('',*,*,#1699,.T.);
#2622=ORIENTED_EDGE('',*,*,#1774,.F.);
#2623=ORIENTED_EDGE('',*,*,#1652,.F.);
#2624=ORIENTED_EDGE('',*,*,#1918,.F.);
#2625=ORIENTED_EDGE('',*,*,#1819,.F.);
#2626=ORIENTED_EDGE('',*,*,#1762,.F.);
#2627=ORIENTED_EDGE('',*,*,#1895,.F.);
#2628=ORIENTED_EDGE('',*,*,#1870,.F.);
#2629=ORIENTED_EDGE('',*,*,#1814,.F.);
#2630=ORIENTED_EDGE('',*,*,#1921,.T.);
#2631=ORIENTED_EDGE('',*,*,#1807,.T.);
#2632=ORIENTED_EDGE('',*,*,#1864,.T.);
#2633=ORIENTED_EDGE('',*,*,#1922,.T.);
#2634=ORIENTED_EDGE('',*,*,#1658,.T.);
#2635=ORIENTED_EDGE('',*,*,#1923,.T.);
#2636=ORIENTED_EDGE('',*,*,#1614,.F.);
#2637=ORIENTED_EDGE('',*,*,#1880,.F.);
#2638=ORIENTED_EDGE('',*,*,#1924,.F.);
#2639=ORIENTED_EDGE('',*,*,#1925,.F.);
#2640=ORIENTED_EDGE('',*,*,#1924,.T.);
#2641=ORIENTED_EDGE('',*,*,#1879,.F.);
#2642=ORIENTED_EDGE('',*,*,#1611,.F.);
#2643=ORIENTED_EDGE('',*,*,#1926,.F.);
#2644=ORIENTED_EDGE('',*,*,#1927,.F.);
#2645=ORIENTED_EDGE('',*,*,#1769,.T.);
#2646=ORIENTED_EDGE('',*,*,#1690,.F.);
#2647=ORIENTED_EDGE('',*,*,#1612,.F.);
#2648=ORIENTED_EDGE('',*,*,#1878,.F.);
#2649=ORIENTED_EDGE('',*,*,#1897,.T.);
#2650=ORIENTED_EDGE('',*,*,#1896,.T.);
#2651=ORIENTED_EDGE('',*,*,#1874,.T.);
#2652=ORIENTED_EDGE('',*,*,#1928,.F.);
#2653=ORIENTED_EDGE('',*,*,#1682,.F.);
#2654=ORIENTED_EDGE('',*,*,#1831,.F.);
#2655=ORIENTED_EDGE('',*,*,#1742,.T.);
#2656=ORIENTED_EDGE('',*,*,#1835,.F.);
#2657=ORIENTED_EDGE('',*,*,#1929,.F.);
#2658=ORIENTED_EDGE('',*,*,#1822,.T.);
#2659=ORIENTED_EDGE('',*,*,#1930,.F.);
#2660=ORIENTED_EDGE('',*,*,#1810,.F.);
#2661=ORIENTED_EDGE('',*,*,#1731,.T.);
#2662=ORIENTED_EDGE('',*,*,#1816,.F.);
#2663=ORIENTED_EDGE('',*,*,#1869,.F.);
#2664=ORIENTED_EDGE('',*,*,#1931,.F.);
#2665=ORIENTED_EDGE('',*,*,#1908,.T.);
#2666=ORIENTED_EDGE('',*,*,#1899,.F.);
#2667=ORIENTED_EDGE('',*,*,#1907,.T.);
#2668=ORIENTED_EDGE('',*,*,#1902,.F.);
#2669=ORIENTED_EDGE('',*,*,#1900,.F.);
#2670=ORIENTED_EDGE('',*,*,#1758,.F.);
#2671=ORIENTED_EDGE('',*,*,#1903,.T.);
#2672=ORIENTED_EDGE('',*,*,#1909,.T.);
#2673=ORIENTED_EDGE('',*,*,#1931,.T.);
#2674=ORIENTED_EDGE('',*,*,#1905,.F.);
#2675=ORIENTED_EDGE('',*,*,#1932,.F.);
#2676=ORIENTED_EDGE('',*,*,#1792,.F.);
#2677=ORIENTED_EDGE('',*,*,#1933,.F.);
#2678=ORIENTED_EDGE('',*,*,#1934,.F.);
#2679=ORIENTED_EDGE('',*,*,#1935,.T.);
#2680=ORIENTED_EDGE('',*,*,#1911,.T.);
#2681=ORIENTED_EDGE('',*,*,#1920,.T.);
#2682=ORIENTED_EDGE('',*,*,#1936,.T.);
#2683=ORIENTED_EDGE('',*,*,#1801,.T.);
#2684=ORIENTED_EDGE('',*,*,#1937,.T.);
#2685=ORIENTED_EDGE('',*,*,#1938,.F.);
#2686=ORIENTED_EDGE('',*,*,#1796,.T.);
#2687=ORIENTED_EDGE('',*,*,#1935,.F.);
#2688=ORIENTED_EDGE('',*,*,#1939,.T.);
#2689=ORIENTED_EDGE('',*,*,#1940,.T.);
#2690=ORIENTED_EDGE('',*,*,#1912,.T.);
#2691=ORIENTED_EDGE('',*,*,#1941,.T.);
#2692=ORIENTED_EDGE('',*,*,#1913,.T.);
#2693=ORIENTED_EDGE('',*,*,#1940,.F.);
#2694=ORIENTED_EDGE('',*,*,#1914,.T.);
#2695=ORIENTED_EDGE('',*,*,#1941,.F.);
#2696=ORIENTED_EDGE('',*,*,#1942,.F.);
#2697=ORIENTED_EDGE('',*,*,#1943,.F.);
#2698=ORIENTED_EDGE('',*,*,#1915,.T.);
#2699=ORIENTED_EDGE('',*,*,#1944,.F.);
#2700=ORIENTED_EDGE('',*,*,#1945,.T.);
#2701=ORIENTED_EDGE('',*,*,#1916,.T.);
#2702=ORIENTED_EDGE('',*,*,#1943,.T.);
#2703=ORIENTED_EDGE('',*,*,#1946,.F.);
#2704=ORIENTED_EDGE('',*,*,#1947,.F.);
#2705=ORIENTED_EDGE('',*,*,#1917,.T.);
#2706=ORIENTED_EDGE('',*,*,#1945,.F.);
#2707=ORIENTED_EDGE('',*,*,#1948,.F.);
#2708=ORIENTED_EDGE('',*,*,#1949,.T.);
#2709=ORIENTED_EDGE('',*,*,#1799,.T.);
#2710=ORIENTED_EDGE('',*,*,#1648,.T.);
#2711=ORIENTED_EDGE('',*,*,#1906,.T.);
#2712=ORIENTED_EDGE('',*,*,#1947,.T.);
#2713=ORIENTED_EDGE('',*,*,#1647,.T.);
#2714=ORIENTED_EDGE('',*,*,#1640,.T.);
#2715=ORIENTED_EDGE('',*,*,#1694,.T.);
#2716=ORIENTED_EDGE('',*,*,#1701,.T.);
#2717=ORIENTED_EDGE('',*,*,#1706,.T.);
#2718=ORIENTED_EDGE('',*,*,#1802,.F.);
#2719=ORIENTED_EDGE('',*,*,#1936,.F.);
#2720=ORIENTED_EDGE('',*,*,#1919,.F.);
#2721=ORIENTED_EDGE('',*,*,#1820,.F.);
#2722=ORIENTED_EDGE('',*,*,#1921,.F.);
#2723=ORIENTED_EDGE('',*,*,#1813,.F.);
#2724=ORIENTED_EDGE('',*,*,#1659,.T.);
#2725=ORIENTED_EDGE('',*,*,#1922,.F.);
#2726=ORIENTED_EDGE('',*,*,#1863,.T.);
#2727=ORIENTED_EDGE('',*,*,#1950,.T.);
#2728=ORIENTED_EDGE('',*,*,#1862,.T.);
#2729=ORIENTED_EDGE('',*,*,#1951,.F.);
#2730=ORIENTED_EDGE('',*,*,#1660,.F.);
#2731=ORIENTED_EDGE('',*,*,#1950,.F.);
#2732=ORIENTED_EDGE('',*,*,#1661,.T.);
#2733=ORIENTED_EDGE('',*,*,#1951,.T.);
#2734=ORIENTED_EDGE('',*,*,#1861,.T.);
#2735=ORIENTED_EDGE('',*,*,#1867,.F.);
#2736=ORIENTED_EDGE('',*,*,#1654,.T.);
#2737=ORIENTED_EDGE('',*,*,#1668,.T.);
#2738=ORIENTED_EDGE('',*,*,#1928,.T.);
#2739=ORIENTED_EDGE('',*,*,#1868,.T.);
#2740=ORIENTED_EDGE('',*,*,#1718,.T.);
#2741=ORIENTED_EDGE('',*,*,#1708,.T.);
#2742=ORIENTED_EDGE('',*,*,#1539,.T.);
#2743=ORIENTED_EDGE('',*,*,#1606,.T.);
#2744=ORIENTED_EDGE('',*,*,#1615,.F.);
#2745=ORIENTED_EDGE('',*,*,#1923,.F.);
#2746=ORIENTED_EDGE('',*,*,#1952,.F.);
#2747=ORIENTED_EDGE('',*,*,#1590,.T.);
#2748=ORIENTED_EDGE('',*,*,#1591,.T.);
#2749=ORIENTED_EDGE('',*,*,#1952,.T.);
#2750=ORIENTED_EDGE('',*,*,#1925,.T.);
#2751=ORIENTED_EDGE('',*,*,#1927,.T.);
#2752=ORIENTED_EDGE('',*,*,#1953,.T.);
#2753=ORIENTED_EDGE('',*,*,#1954,.T.);
#2754=ORIENTED_EDGE('',*,*,#1955,.T.);
#2755=ORIENTED_EDGE('',*,*,#1626,.T.);
#2756=ORIENTED_EDGE('',*,*,#1581,.T.);
#2757=ORIENTED_EDGE('',*,*,#1578,.T.);
#2758=ORIENTED_EDGE('',*,*,#1589,.T.);
#2759=ORIENTED_EDGE('',*,*,#1584,.T.);
#2760=ORIENTED_EDGE('',*,*,#1601,.T.);
#2761=ORIENTED_EDGE('',*,*,#1956,.T.);
#2762=ORIENTED_EDGE('',*,*,#1953,.F.);
#2763=ORIENTED_EDGE('',*,*,#1926,.T.);
#2764=ORIENTED_EDGE('',*,*,#1610,.F.);
#2765=ORIENTED_EDGE('',*,*,#1821,.T.);
#2766=ORIENTED_EDGE('',*,*,#1811,.F.);
#2767=ORIENTED_EDGE('',*,*,#1930,.T.);
#2768=ORIENTED_EDGE('',*,*,#1823,.T.);
#2769=ORIENTED_EDGE('',*,*,#1929,.T.);
#2770=ORIENTED_EDGE('',*,*,#1834,.F.);
#2771=ORIENTED_EDGE('',*,*,#1825,.F.);
#2772=ORIENTED_EDGE('',*,*,#1833,.F.);
#2773=ORIENTED_EDGE('',*,*,#1957,.F.);
#2774=ORIENTED_EDGE('',*,*,#1826,.F.);
#2775=ORIENTED_EDGE('',*,*,#1957,.T.);
#2776=ORIENTED_EDGE('',*,*,#1832,.F.);
#2777=ORIENTED_EDGE('',*,*,#1680,.F.);
#2778=ORIENTED_EDGE('',*,*,#1958,.F.);
#2779=ORIENTED_EDGE('',*,*,#1790,.F.);
#2780=ORIENTED_EDGE('',*,*,#1959,.F.);
#2781=ORIENTED_EDGE('',*,*,#1674,.F.);
#2782=ORIENTED_EDGE('',*,*,#1960,.F.);
#2783=ORIENTED_EDGE('',*,*,#1937,.F.);
#2784=ORIENTED_EDGE('',*,*,#1800,.T.);
#2785=ORIENTED_EDGE('',*,*,#1949,.F.);
#2786=ORIENTED_EDGE('',*,*,#1961,.T.);
#2787=ORIENTED_EDGE('',*,*,#1934,.T.);
#2788=ORIENTED_EDGE('',*,*,#1962,.F.);
#2789=ORIENTED_EDGE('',*,*,#1678,.T.);
#2790=ORIENTED_EDGE('',*,*,#1958,.T.);
#2791=ORIENTED_EDGE('',*,*,#1679,.F.);
#2792=ORIENTED_EDGE('',*,*,#1962,.T.);
#2793=ORIENTED_EDGE('',*,*,#1933,.T.);
#2794=ORIENTED_EDGE('',*,*,#1791,.T.);
#2795=ORIENTED_EDGE('',*,*,#1932,.T.);
#2796=ORIENTED_EDGE('',*,*,#1795,.T.);
#2797=ORIENTED_EDGE('',*,*,#1963,.F.);
#2798=ORIENTED_EDGE('',*,*,#1793,.T.);
#2799=ORIENTED_EDGE('',*,*,#1964,.F.);
#2800=ORIENTED_EDGE('',*,*,#1944,.T.);
#2801=ORIENTED_EDGE('',*,*,#1942,.T.);
#2802=ORIENTED_EDGE('',*,*,#1939,.F.);
#2803=ORIENTED_EDGE('',*,*,#1948,.T.);
#2804=ORIENTED_EDGE('',*,*,#1946,.T.);
#2805=ORIENTED_EDGE('',*,*,#1964,.T.);
#2806=ORIENTED_EDGE('',*,*,#1961,.F.);
#2807=ORIENTED_EDGE('',*,*,#1780,.T.);
#2808=ORIENTED_EDGE('',*,*,#1797,.T.);
#2809=ORIENTED_EDGE('',*,*,#1938,.T.);
#2810=ORIENTED_EDGE('',*,*,#1960,.T.);
#2811=ORIENTED_EDGE('',*,*,#1673,.F.);
#2812=ORIENTED_EDGE('',*,*,#1965,.F.);
#2813=ORIENTED_EDGE('',*,*,#1782,.T.);
#2814=ORIENTED_EDGE('',*,*,#1966,.T.);
#2815=ORIENTED_EDGE('',*,*,#1967,.F.);
#2816=ORIENTED_EDGE('',*,*,#1968,.F.);
#2817=ORIENTED_EDGE('',*,*,#1670,.F.);
#2818=ORIENTED_EDGE('',*,*,#1969,.F.);
#2819=ORIENTED_EDGE('',*,*,#1968,.T.);
#2820=ORIENTED_EDGE('',*,*,#1970,.F.);
#2821=ORIENTED_EDGE('',*,*,#1971,.F.);
#2822=ORIENTED_EDGE('',*,*,#1972,.F.);
#2823=ORIENTED_EDGE('',*,*,#1671,.F.);
#2824=ORIENTED_EDGE('',*,*,#1783,.T.);
#2825=ORIENTED_EDGE('',*,*,#1965,.T.);
#2826=ORIENTED_EDGE('',*,*,#1672,.F.);
#2827=ORIENTED_EDGE('',*,*,#1973,.F.);
#2828=ORIENTED_EDGE('',*,*,#1687,.F.);
#2829=ORIENTED_EDGE('',*,*,#1675,.F.);
#2830=ORIENTED_EDGE('',*,*,#1959,.T.);
#2831=ORIENTED_EDGE('',*,*,#1677,.F.);
#2832=ORIENTED_EDGE('',*,*,#1974,.F.);
#2833=ORIENTED_EDGE('',*,*,#1676,.F.);
#2834=ORIENTED_EDGE('',*,*,#1974,.T.);
#2835=ORIENTED_EDGE('',*,*,#1598,.T.);
#2836=ORIENTED_EDGE('',*,*,#1639,.T.);
#2837=ORIENTED_EDGE('',*,*,#1975,.T.);
#2838=ORIENTED_EDGE('',*,*,#1608,.F.);
#2839=ORIENTED_EDGE('',*,*,#1627,.F.);
#2840=ORIENTED_EDGE('',*,*,#1955,.F.);
#2841=ORIENTED_EDGE('',*,*,#1956,.F.);
#2842=ORIENTED_EDGE('',*,*,#1609,.F.);
#2843=ORIENTED_EDGE('',*,*,#1975,.F.);
#2844=ORIENTED_EDGE('',*,*,#1954,.F.);
#2845=ORIENTED_EDGE('',*,*,#1637,.T.);
#2846=ORIENTED_EDGE('',*,*,#1976,.T.);
#2847=ORIENTED_EDGE('',*,*,#1963,.T.);
#2848=ORIENTED_EDGE('',*,*,#1794,.T.);
#2849=ORIENTED_EDGE('',*,*,#1571,.T.);
#2850=ORIENTED_EDGE('',*,*,#1619,.T.);
#2851=ORIENTED_EDGE('',*,*,#1977,.T.);
#2852=ORIENTED_EDGE('',*,*,#1969,.T.);
#2853=ORIENTED_EDGE('',*,*,#1688,.T.);
#2854=ORIENTED_EDGE('',*,*,#1973,.T.);
#2855=ORIENTED_EDGE('',*,*,#1972,.T.);
#2856=ORIENTED_EDGE('',*,*,#1978,.T.);
#2857=ORIENTED_EDGE('',*,*,#1979,.T.);
#2858=ORIENTED_EDGE('',*,*,#1980,.T.);
#2859=ORIENTED_EDGE('',*,*,#1621,.T.);
#2860=ORIENTED_EDGE('',*,*,#1575,.T.);
#2861=ORIENTED_EDGE('',*,*,#1618,.T.);
#2862=ORIENTED_EDGE('',*,*,#1981,.F.);
#2863=ORIENTED_EDGE('',*,*,#1966,.F.);
#2864=ORIENTED_EDGE('',*,*,#1977,.F.);
#2865=ORIENTED_EDGE('',*,*,#1982,.T.);
#2866=ORIENTED_EDGE('',*,*,#1970,.T.);
#2867=ORIENTED_EDGE('',*,*,#1967,.T.);
#2868=ORIENTED_EDGE('',*,*,#1981,.T.);
#2869=ORIENTED_EDGE('',*,*,#1617,.T.);
#2870=ORIENTED_EDGE('',*,*,#1623,.T.);
#2871=ORIENTED_EDGE('',*,*,#1983,.T.);
#2872=ORIENTED_EDGE('',*,*,#1984,.T.);
#2873=ORIENTED_EDGE('',*,*,#1985,.T.);
#2874=ORIENTED_EDGE('',*,*,#1978,.F.);
#2875=ORIENTED_EDGE('',*,*,#1971,.T.);
#2876=ORIENTED_EDGE('',*,*,#1982,.F.);
#2877=ORIENTED_EDGE('',*,*,#1976,.F.);
#2878=ORIENTED_EDGE('',*,*,#1986,.T.);
#2879=ORIENTED_EDGE('',*,*,#1628,.F.);
#2880=ORIENTED_EDGE('',*,*,#1986,.F.);
#2881=ORIENTED_EDGE('',*,*,#1985,.F.);
#2882=ORIENTED_EDGE('',*,*,#1984,.F.);
#2883=ORIENTED_EDGE('',*,*,#1987,.F.);
#2884=ORIENTED_EDGE('',*,*,#1979,.F.);
#2885=ORIENTED_EDGE('',*,*,#1633,.T.);
#2886=ORIENTED_EDGE('',*,*,#1988,.T.);
#2887=ORIENTED_EDGE('',*,*,#1987,.T.);
#2888=ORIENTED_EDGE('',*,*,#1983,.F.);
#2889=ORIENTED_EDGE('',*,*,#1622,.F.);
#2890=ORIENTED_EDGE('',*,*,#1980,.F.);
#2891=ORIENTED_EDGE('',*,*,#1595,.T.);
#2892=ORIENTED_EDGE('',*,*,#1620,.F.);
#2893=ORIENTED_EDGE('',*,*,#1636,.T.);
#2894=ORIENTED_EDGE('',*,*,#1988,.F.);
#2895=ORIENTED_EDGE('',*,*,#1989,.T.);
#2896=ORIENTED_EDGE('',*,*,#1624,.F.);
#2897=ORIENTED_EDGE('',*,*,#1989,.F.);
#2898=CYLINDRICAL_SURFACE('',#3104,1.8);
#2899=CYLINDRICAL_SURFACE('',#3113,2.15000000000003);
#2900=CYLINDRICAL_SURFACE('',#3123,2.15000000000003);
#2901=CYLINDRICAL_SURFACE('',#3125,2.15000000000003);
#2902=CYLINDRICAL_SURFACE('',#3132,2.15000000000003);
#2903=CYLINDRICAL_SURFACE('',#3134,2.15000000000003);
#2904=CYLINDRICAL_SURFACE('',#3136,2.15000000000003);
#2905=CYLINDRICAL_SURFACE('',#3139,1.8);
#2906=CYLINDRICAL_SURFACE('',#3159,1.8);
#2907=CYLINDRICAL_SURFACE('',#3160,1.8);
#2908=CYLINDRICAL_SURFACE('',#3162,1.8);
#2909=CYLINDRICAL_SURFACE('',#3164,1.8);
#2910=CYLINDRICAL_SURFACE('',#3183,2.25);
#2911=CYLINDRICAL_SURFACE('',#3188,2.25);
#2912=CYLINDRICAL_SURFACE('',#3193,2.25);
#2913=CYLINDRICAL_SURFACE('',#3195,2.25);
#2914=CYLINDRICAL_SURFACE('',#3197,2.25);
#2915=CYLINDRICAL_SURFACE('',#3205,2.25);
#2916=CYLINDRICAL_SURFACE('',#3215,2.25);
#2917=CYLINDRICAL_SURFACE('',#3225,2.25);
#2918=CYLINDRICAL_SURFACE('',#3233,6.);
#2919=CYLINDRICAL_SURFACE('',#3242,4.8);
#2920=CYLINDRICAL_SURFACE('',#3243,4.8);
#2921=CYLINDRICAL_SURFACE('',#3244,4.8);
#2922=CYLINDRICAL_SURFACE('',#3247,2.2);
#2923=CYLINDRICAL_SURFACE('',#3250,4.8);
#2924=CYLINDRICAL_SURFACE('',#3251,4.8);
#2925=CYLINDRICAL_SURFACE('',#3252,4.8);
#2926=CYLINDRICAL_SURFACE('',#3255,2.2);
#2927=CYLINDRICAL_SURFACE('',#3256,6.);
#2928=CYLINDRICAL_SURFACE('',#3261,6.);
#2929=CYLINDRICAL_SURFACE('',#3262,6.);
#2930=CYLINDRICAL_SURFACE('',#3267,2.65);
#2931=CYLINDRICAL_SURFACE('',#3275,2.65);
#2932=CYLINDRICAL_SURFACE('',#3299,2.2);
#2933=CYLINDRICAL_SURFACE('',#3312,2.65);
#2934=CYLINDRICAL_SURFACE('',#3344,2.2);
#2935=CYLINDRICAL_SURFACE('',#3345,2.65);
#2936=CYLINDRICAL_SURFACE('',#3372,2.2);
#2937=CYLINDRICAL_SURFACE('',#3377,2.2);
#2938=ADVANCED_FACE('',(#198),#2898,.F.);
#2939=ADVANCED_FACE('',(#199),#86,.T.);
#2940=ADVANCED_FACE('',(#200,#62),#87,.F.);
#2941=ADVANCED_FACE('',(#201),#88,.F.);
#2942=ADVANCED_FACE('',(#202),#89,.F.);
#2943=ADVANCED_FACE('',(#203),#2899,.T.);
#2944=ADVANCED_FACE('',(#204,#63),#90,.F.);
#2945=ADVANCED_FACE('',(#205),#91,.F.);
#2946=ADVANCED_FACE('',(#206,#64),#92,.F.);
#2947=ADVANCED_FACE('',(#207),#93,.F.);
#2948=ADVANCED_FACE('',(#208),#2900,.T.);
#2949=ADVANCED_FACE('',(#209),#2901,.T.);
#2950=ADVANCED_FACE('',(#210),#94,.F.);
#2951=ADVANCED_FACE('',(#211),#95,.F.);
#2952=ADVANCED_FACE('',(#212),#96,.F.);
#2953=ADVANCED_FACE('',(#213),#97,.F.);
#2954=ADVANCED_FACE('',(#214),#98,.F.);
#2955=ADVANCED_FACE('',(#215),#2902,.T.);
#2956=ADVANCED_FACE('',(#216),#2903,.T.);
#2957=ADVANCED_FACE('',(#217),#2904,.T.);
#2958=ADVANCED_FACE('',(#218),#99,.F.);
#2959=ADVANCED_FACE('',(#219),#2905,.F.);
#2960=ADVANCED_FACE('',(#220),#100,.T.);
#2961=ADVANCED_FACE('',(#221),#101,.F.);
#2962=ADVANCED_FACE('',(#222),#102,.F.);
#2963=ADVANCED_FACE('',(#223),#103,.F.);
#2964=ADVANCED_FACE('',(#224,#65),#104,.F.);
#2965=ADVANCED_FACE('',(#225,#66),#105,.F.);
#2966=ADVANCED_FACE('',(#226,#67),#106,.F.);
#2967=ADVANCED_FACE('',(#227,#68),#107,.F.);
#2968=ADVANCED_FACE('',(#228,#69),#108,.T.);
#2969=ADVANCED_FACE('',(#229),#109,.T.);
#2970=ADVANCED_FACE('',(#230),#110,.T.);
#2971=ADVANCED_FACE('',(#231),#2906,.F.);
#2972=ADVANCED_FACE('',(#232),#2907,.F.);
#2973=ADVANCED_FACE('',(#233),#2908,.F.);
#2974=ADVANCED_FACE('',(#234),#2909,.F.);
#2975=ADVANCED_FACE('',(#235),#111,.T.);
#2976=ADVANCED_FACE('',(#236),#112,.F.);
#2977=ADVANCED_FACE('',(#237,#70,#71),#113,.F.);
#2978=ADVANCED_FACE('',(#238,#72),#114,.F.);
#2979=ADVANCED_FACE('',(#239),#115,.F.);
#2980=ADVANCED_FACE('',(#240),#116,.F.);
#2981=ADVANCED_FACE('',(#241),#2910,.F.);
#2982=ADVANCED_FACE('',(#242),#2911,.F.);
#2983=ADVANCED_FACE('',(#243),#2912,.F.);
#2984=ADVANCED_FACE('',(#244),#2913,.F.);
#2985=ADVANCED_FACE('',(#245),#2914,.F.);
#2986=ADVANCED_FACE('',(#246,#73),#2915,.F.);
#2987=ADVANCED_FACE('',(#247),#117,.F.);
#2988=ADVANCED_FACE('',(#248),#2916,.F.);
#2989=ADVANCED_FACE('',(#249),#118,.F.);
#2990=ADVANCED_FACE('',(#250),#119,.F.);
#2991=ADVANCED_FACE('',(#251),#120,.F.);
#2992=ADVANCED_FACE('',(#252),#121,.F.);
#2993=ADVANCED_FACE('',(#253),#2917,.F.);
#2994=ADVANCED_FACE('',(#254),#122,.T.);
#2995=ADVANCED_FACE('',(#255),#123,.F.);
#2996=ADVANCED_FACE('',(#256),#124,.T.);
#2997=ADVANCED_FACE('',(#257),#2918,.T.);
#2998=ADVANCED_FACE('',(#258),#125,.F.);
#2999=ADVANCED_FACE('',(#259),#126,.F.);
#3000=ADVANCED_FACE('',(#260),#127,.F.);
#3001=ADVANCED_FACE('',(#261),#128,.T.);
#3002=ADVANCED_FACE('',(#262),#129,.F.);
#3003=ADVANCED_FACE('',(#263),#2919,.T.);
#3004=ADVANCED_FACE('',(#264),#2920,.T.);
#3005=ADVANCED_FACE('',(#265),#2921,.T.);
#3006=ADVANCED_FACE('',(#266),#130,.T.);
#3007=ADVANCED_FACE('',(#267),#2922,.F.);
#3008=ADVANCED_FACE('',(#268),#131,.T.);
#3009=ADVANCED_FACE('',(#269),#2923,.T.);
#3010=ADVANCED_FACE('',(#270),#2924,.T.);
#3011=ADVANCED_FACE('',(#271),#2925,.T.);
#3012=ADVANCED_FACE('',(#272),#132,.T.);
#3013=ADVANCED_FACE('',(#273),#2926,.F.);
#3014=ADVANCED_FACE('',(#274),#2927,.T.);
#3015=ADVANCED_FACE('',(#275),#133,.T.);
#3016=ADVANCED_FACE('',(#276),#134,.T.);
#3017=ADVANCED_FACE('',(#277),#2928,.T.);
#3018=ADVANCED_FACE('',(#278),#2929,.T.);
#3019=ADVANCED_FACE('',(#279),#135,.F.);
#3020=ADVANCED_FACE('',(#280,#74),#136,.T.);
#3021=ADVANCED_FACE('',(#281),#2930,.T.);
#3022=ADVANCED_FACE('',(#282),#137,.F.);
#3023=ADVANCED_FACE('',(#283),#2931,.T.);
#3024=ADVANCED_FACE('',(#284),#138,.F.);
#3025=ADVANCED_FACE('',(#285),#139,.T.);
#3026=ADVANCED_FACE('',(#286),#140,.F.);
#3027=ADVANCED_FACE('',(#287),#141,.F.);
#3028=ADVANCED_FACE('',(#288),#142,.F.);
#3029=ADVANCED_FACE('',(#289),#143,.T.);
#3030=ADVANCED_FACE('',(#290),#144,.F.);
#3031=ADVANCED_FACE('',(#291),#145,.F.);
#3032=ADVANCED_FACE('',(#292),#146,.T.);
#3033=ADVANCED_FACE('',(#293),#147,.F.);
#3034=ADVANCED_FACE('',(#294),#2932,.F.);
#3035=ADVANCED_FACE('',(#295),#148,.F.);
#3036=ADVANCED_FACE('',(#296),#149,.F.);
#3037=ADVANCED_FACE('',(#297),#150,.F.);
#3038=ADVANCED_FACE('',(#298),#151,.F.);
#3039=ADVANCED_FACE('',(#299),#152,.T.);
#3040=ADVANCED_FACE('',(#300),#153,.F.);
#3041=ADVANCED_FACE('',(#301),#154,.F.);
#3042=ADVANCED_FACE('',(#302),#155,.F.);
#3043=ADVANCED_FACE('',(#303),#156,.T.);
#3044=ADVANCED_FACE('',(#304),#157,.F.);
#3045=ADVANCED_FACE('',(#305),#2933,.T.);
#3046=ADVANCED_FACE('',(#306),#158,.F.);
#3047=ADVANCED_FACE('',(#307),#159,.F.);
#3048=ADVANCED_FACE('',(#308),#160,.F.);
#3049=ADVANCED_FACE('',(#309),#161,.F.);
#3050=ADVANCED_FACE('',(#310),#162,.F.);
#3051=ADVANCED_FACE('',(#311),#163,.F.);
#3052=ADVANCED_FACE('',(#312,#75,#76),#164,.T.);
#3053=ADVANCED_FACE('',(#313),#165,.T.);
#3054=ADVANCED_FACE('',(#314),#166,.F.);
#3055=ADVANCED_FACE('',(#315),#167,.F.);
#3056=ADVANCED_FACE('',(#316),#168,.F.);
#3057=ADVANCED_FACE('',(#317),#169,.T.);
#3058=ADVANCED_FACE('',(#318,#77,#78),#170,.T.);
#3059=ADVANCED_FACE('',(#319),#171,.F.);
#3060=ADVANCED_FACE('',(#320,#79),#172,.T.);
#3061=ADVANCED_FACE('',(#321),#173,.F.);
#3062=ADVANCED_FACE('',(#322),#174,.F.);
#3063=ADVANCED_FACE('',(#323),#175,.T.);
#3064=ADVANCED_FACE('',(#324),#176,.F.);
#3065=ADVANCED_FACE('',(#325),#2934,.F.);
#3066=ADVANCED_FACE('',(#326),#2935,.T.);
#3067=ADVANCED_FACE('',(#327),#177,.F.);
#3068=ADVANCED_FACE('',(#328),#178,.T.);
#3069=ADVANCED_FACE('',(#329),#179,.F.);
#3070=ADVANCED_FACE('',(#330),#180,.F.);
#3071=ADVANCED_FACE('',(#331),#181,.F.);
#3072=ADVANCED_FACE('',(#332),#182,.F.);
#3073=ADVANCED_FACE('',(#333),#183,.F.);
#3074=ADVANCED_FACE('',(#334),#184,.F.);
#3075=ADVANCED_FACE('',(#335),#185,.T.);
#3076=ADVANCED_FACE('',(#336),#186,.T.);
#3077=ADVANCED_FACE('',(#337,#80),#187,.F.);
#3078=ADVANCED_FACE('',(#338),#188,.F.);
#3079=ADVANCED_FACE('',(#339,#81,#82),#189,.F.);
#3080=ADVANCED_FACE('',(#340),#190,.T.);
#3081=ADVANCED_FACE('',(#341),#191,.T.);
#3082=ADVANCED_FACE('',(#342),#192,.F.);
#3083=ADVANCED_FACE('',(#343),#193,.F.);
#3084=ADVANCED_FACE('',(#344),#194,.F.);
#3085=ADVANCED_FACE('',(#345),#2936,.F.);
#3086=ADVANCED_FACE('',(#346,#83,#84),#195,.F.);
#3087=ADVANCED_FACE('',(#347),#196,.F.);
#3088=ADVANCED_FACE('',(#348,#85),#197,.F.);
#3089=ADVANCED_FACE('',(#349),#2937,.F.);
#3090=CLOSED_SHELL('',(#2938,#2939,#2940,#2941,#2942,#2943,#2944,#2945,
#2946,#2947,#2948,#2949,#2950,#2951,#2952,#2953,#2954,#2955,#2956,#2957,
#2958,#2959,#2960,#2961,#2962,#2963,#2964,#2965,#2966,#2967,#2968,#2969,
#2970,#2971,#2972,#2973,#2974,#2975,#2976,#2977,#2978,#2979,#2980,#2981,
#2982,#2983,#2984,#2985,#2986,#2987,#2988,#2989,#2990,#2991,#2992,#2993,
#2994,#2995,#2996,#2997,#2998,#2999,#3000,#3001,#3002,#3003,#3004,#3005,
#3006,#3007,#3008,#3009,#3010,#3011,#3012,#3013,#3014,#3015,#3016,#3017,
#3018,#3019,#3020,#3021,#3022,#3023,#3024,#3025,#3026,#3027,#3028,#3029,
#3030,#3031,#3032,#3033,#3034,#3035,#3036,#3037,#3038,#3039,#3040,#3041,
#3042,#3043,#3044,#3045,#3046,#3047,#3048,#3049,#3050,#3051,#3052,#3053,
#3054,#3055,#3056,#3057,#3058,#3059,#3060,#3061,#3062,#3063,#3064,#3065,
#3066,#3067,#3068,#3069,#3070,#3071,#3072,#3073,#3074,#3075,#3076,#3077,
#3078,#3079,#3080,#3081,#3082,#3083,#3084,#3085,#3086,#3087,#3088,#3089));
#3091=DERIVED_UNIT_ELEMENT(#3093,1.);
#3092=DERIVED_UNIT_ELEMENT(#5517,-3.);
#3093=(
MASS_UNIT()
NAMED_UNIT(*)
SI_UNIT(.KILO.,.GRAM.)
);
#3094=DERIVED_UNIT((#3091,#3092));
#3095=MEASURE_REPRESENTATION_ITEM('density measure',
POSITIVE_RATIO_MEASURE(7850.),#3094);
#3096=PROPERTY_DEFINITION_REPRESENTATION(#3101,#3098);
#3097=PROPERTY_DEFINITION_REPRESENTATION(#3102,#3099);
#3098=REPRESENTATION('material name',(#3100),#5514);
#3099=REPRESENTATION('density',(#3095),#5514);
#3100=DESCRIPTIVE_REPRESENTATION_ITEM('Steel','Steel');
#3101=PROPERTY_DEFINITION('material property','material name',#5524);
#3102=PROPERTY_DEFINITION('material property','density of part',#5524);
#3103=AXIS2_PLACEMENT_3D('',#4233,#3378,#3379);
#3104=AXIS2_PLACEMENT_3D('',#4234,#3380,#3381);
#3105=AXIS2_PLACEMENT_3D('',#4236,#3382,#3383);
#3106=AXIS2_PLACEMENT_3D('',#4239,#3385,#3386);
#3107=AXIS2_PLACEMENT_3D('',#4240,#3387,#3388);
#3108=AXIS2_PLACEMENT_3D('',#4241,#3389,#3390);
#3109=AXIS2_PLACEMENT_3D('',#4252,#3395,#3396);
#3110=AXIS2_PLACEMENT_3D('',#4259,#3400,#3401);
#3111=AXIS2_PLACEMENT_3D('',#4260,#3402,#3403);
#3112=AXIS2_PLACEMENT_3D('',#4268,#3408,#3409);
#3113=AXIS2_PLACEMENT_3D('',#4274,#3413,#3414);
#3114=AXIS2_PLACEMENT_3D('',#4279,#3416,#3417);
#3115=AXIS2_PLACEMENT_3D('',#4282,#3419,#3420);
#3116=AXIS2_PLACEMENT_3D('',#4283,#3421,#3422);
#3117=AXIS2_PLACEMENT_3D('',#4291,#3427,#3428);
#3118=AXIS2_PLACEMENT_3D('',#4292,#3429,#3430);
#3119=AXIS2_PLACEMENT_3D('',#4301,#3435,#3436);
#3120=AXIS2_PLACEMENT_3D('',#4305,#3438,#3439);
#3121=AXIS2_PLACEMENT_3D('',#4312,#3443,#3444);
#3122=AXIS2_PLACEMENT_3D('',#4313,#3445,#3446);
#3123=AXIS2_PLACEMENT_3D('',#4317,#3449,#3450);
#3124=AXIS2_PLACEMENT_3D('',#4320,#3452,#3453);
#3125=AXIS2_PLACEMENT_3D('',#4321,#3454,#3455);
#3126=AXIS2_PLACEMENT_3D('',#4324,#3456,#3457);
#3127=AXIS2_PLACEMENT_3D('',#4327,#3460,#3461);
#3128=AXIS2_PLACEMENT_3D('',#4333,#3465,#3466);
#3129=AXIS2_PLACEMENT_3D('',#4339,#3470,#3471);
#3130=AXIS2_PLACEMENT_3D('',#4343,#3474,#3475);
#3131=AXIS2_PLACEMENT_3D('',#4345,#3477,#3478);
#3132=AXIS2_PLACEMENT_3D('',#4349,#3481,#3482);
#3133=AXIS2_PLACEMENT_3D('',#4352,#3484,#3485);
#3134=AXIS2_PLACEMENT_3D('',#4353,#3486,#3487);
#3135=AXIS2_PLACEMENT_3D('',#4357,#3489,#3490);
#3136=AXIS2_PLACEMENT_3D('',#4359,#3492,#3493);
#3137=AXIS2_PLACEMENT_3D('',#4362,#3495,#3496);
#3138=AXIS2_PLACEMENT_3D('',#4363,#3497,#3498);
#3139=AXIS2_PLACEMENT_3D('',#4367,#3501,#3502);
#3140=AXIS2_PLACEMENT_3D('',#4369,#3503,#3504);
#3141=AXIS2_PLACEMENT_3D('',#4372,#3506,#3507);
#3142=AXIS2_PLACEMENT_3D('',#4373,#3508,#3509);
#3143=AXIS2_PLACEMENT_3D('',#4374,#3510,#3511);
#3144=AXIS2_PLACEMENT_3D('',#4379,#3515,#3516);
#3145=AXIS2_PLACEMENT_3D('',#4397,#3526,#3527);
#3146=AXIS2_PLACEMENT_3D('',#4406,#3533,#3534);
#3147=AXIS2_PLACEMENT_3D('',#4413,#3538,#3539);
#3148=AXIS2_PLACEMENT_3D('',#4414,#3540,#3541);
#3149=AXIS2_PLACEMENT_3D('',#4416,#3542,#3543);
#3150=AXIS2_PLACEMENT_3D('',#4417,#3544,#3545);
#3151=AXIS2_PLACEMENT_3D('',#4422,#3548,#3549);
#3152=AXIS2_PLACEMENT_3D('',#4423,#3550,#3551);
#3153=AXIS2_PLACEMENT_3D('',#4425,#3552,#3553);
#3154=AXIS2_PLACEMENT_3D('',#4426,#3554,#3555);
#3155=AXIS2_PLACEMENT_3D('',#4427,#3556,#3557);
#3156=AXIS2_PLACEMENT_3D('',#4429,#3558,#3559);
#3157=AXIS2_PLACEMENT_3D('',#4430,#3560,#3561);
#3158=AXIS2_PLACEMENT_3D('',#4432,#3562,#3563);
#3159=AXIS2_PLACEMENT_3D('',#4433,#3564,#3565);
#3160=AXIS2_PLACEMENT_3D('',#4435,#3567,#3568);
#3161=AXIS2_PLACEMENT_3D('',#4437,#3569,#3570);
#3162=AXIS2_PLACEMENT_3D('',#4439,#3572,#3573);
#3163=AXIS2_PLACEMENT_3D('',#4442,#3575,#3576);
#3164=AXIS2_PLACEMENT_3D('',#4443,#3577,#3578);
#3165=AXIS2_PLACEMENT_3D('',#4445,#3579,#3580);
#3166=AXIS2_PLACEMENT_3D('',#4448,#3582,#3583);
#3167=AXIS2_PLACEMENT_3D('',#4449,#3584,#3585);
#3168=AXIS2_PLACEMENT_3D('',#4464,#3593,#3594);
#3169=AXIS2_PLACEMENT_3D('',#4478,#3602,#3603);
#3170=AXIS2_PLACEMENT_3D('',#4487,#3607,#3608);
#3171=AXIS2_PLACEMENT_3D('',#4499,#3614,#3615);
#3172=AXIS2_PLACEMENT_3D('',#4504,#3618,#3619);
#3173=AXIS2_PLACEMENT_3D('',#4506,#3620,#3621);
#3174=AXIS2_PLACEMENT_3D('',#4507,#3622,#3623);
#3175=AXIS2_PLACEMENT_3D('',#4533,#3636,#3637);
#3176=AXIS2_PLACEMENT_3D('',#4538,#3640,#3641);
#3177=AXIS2_PLACEMENT_3D('',#4539,#3642,#3643);
#3178=AXIS2_PLACEMENT_3D('',#4541,#3644,#3645);
#3179=AXIS2_PLACEMENT_3D('',#4543,#3646,#3647);
#3180=AXIS2_PLACEMENT_3D('',#4549,#3651,#3652);
#3181=AXIS2_PLACEMENT_3D('',#4556,#3656,#3657);
#3182=AXIS2_PLACEMENT_3D('',#4557,#3658,#3659);
#3183=AXIS2_PLACEMENT_3D('',#4558,#3660,#3661);
#3184=AXIS2_PLACEMENT_3D('',#4560,#3662,#3663);
#3185=AXIS2_PLACEMENT_3D('',#4564,#3665,#3666);
#3186=AXIS2_PLACEMENT_3D('',#4568,#3668,#3669);
#3187=AXIS2_PLACEMENT_3D('',#4571,#3671,#3672);
#3188=AXIS2_PLACEMENT_3D('',#4572,#3673,#3674);
#3189=AXIS2_PLACEMENT_3D('',#4574,#3675,#3676);
#3190=AXIS2_PLACEMENT_3D('',#4578,#3678,#3679);
#3191=AXIS2_PLACEMENT_3D('',#4582,#3681,#3682);
#3192=AXIS2_PLACEMENT_3D('',#4585,#3684,#3685);
#3193=AXIS2_PLACEMENT_3D('',#4586,#3686,#3687);
#3194=AXIS2_PLACEMENT_3D('',#4588,#3688,#3689);
#3195=AXIS2_PLACEMENT_3D('',#4710,#3693,#3694);
#3196=AXIS2_PLACEMENT_3D('',#4712,#3695,#3696);
#3197=AXIS2_PLACEMENT_3D('',#4832,#3700,#3701);
#3198=AXIS2_PLACEMENT_3D('',#4837,#3704,#3705);
#3199=AXIS2_PLACEMENT_3D('',#4839,#3706,#3707);
#3200=AXIS2_PLACEMENT_3D('',#4841,#3708,#3709);
#3201=AXIS2_PLACEMENT_3D('',#4843,#3710,#3711);
#3202=AXIS2_PLACEMENT_3D('',#4845,#3712,#3713);
#3203=AXIS2_PLACEMENT_3D('',#4849,#3715,#3716);
#3204=AXIS2_PLACEMENT_3D('',#4863,#3718,#3719);
#3205=AXIS2_PLACEMENT_3D('',#4864,#3720,#3721);
#3206=AXIS2_PLACEMENT_3D('',#4868,#3723,#3724);
#3207=AXIS2_PLACEMENT_3D('',#4870,#3725,#3726);
#3208=AXIS2_PLACEMENT_3D('',#4872,#3727,#3728);
#3209=AXIS2_PLACEMENT_3D('',#4874,#3729,#3730);
#3210=AXIS2_PLACEMENT_3D('',#4876,#3731,#3732);
#3211=AXIS2_PLACEMENT_3D('',#4891,#3734,#3735);
#3212=AXIS2_PLACEMENT_3D('',#4894,#3737,#3738);
#3213=AXIS2_PLACEMENT_3D('',#4895,#3739,#3740);
#3214=AXIS2_PLACEMENT_3D('',#4899,#3742,#3743);
#3215=AXIS2_PLACEMENT_3D('',#4900,#3744,#3745);
#3216=AXIS2_PLACEMENT_3D('',#4904,#3747,#3748);
#3217=AXIS2_PLACEMENT_3D('',#4906,#3750,#3751);
#3218=AXIS2_PLACEMENT_3D('',#4922,#3759,#3760);
#3219=AXIS2_PLACEMENT_3D('',#4936,#3769,#3770);
#3220=AXIS2_PLACEMENT_3D('',#4940,#3772,#3773);
#3221=AXIS2_PLACEMENT_3D('',#4941,#3774,#3775);
#3222=AXIS2_PLACEMENT_3D('',#4943,#3777,#3778);
#3223=AXIS2_PLACEMENT_3D('',#4947,#3781,#3782);
#3224=AXIS2_PLACEMENT_3D('',#4951,#3784,#3785);
#3225=AXIS2_PLACEMENT_3D('',#4952,#3786,#3787);
#3226=AXIS2_PLACEMENT_3D('',#4956,#3789,#3790);
#3227=AXIS2_PLACEMENT_3D('',#4958,#3792,#3793);
#3228=AXIS2_PLACEMENT_3D('',#4974,#3802,#3803);
#3229=AXIS2_PLACEMENT_3D('',#4988,#3811,#3812);
#3230=AXIS2_PLACEMENT_3D('',#4993,#3815,#3816);
#3231=AXIS2_PLACEMENT_3D('',#4995,#3817,#3818);
#3232=AXIS2_PLACEMENT_3D('',#4997,#3820,#3821);
#3233=AXIS2_PLACEMENT_3D('',#4999,#3823,#3824);
#3234=AXIS2_PLACEMENT_3D('',#5001,#3825,#3826);
#3235=AXIS2_PLACEMENT_3D('',#5005,#3828,#3829);
#3236=AXIS2_PLACEMENT_3D('',#5006,#3830,#3831);
#3237=AXIS2_PLACEMENT_3D('',#5007,#3832,#3833);
#3238=AXIS2_PLACEMENT_3D('',#5010,#3836,#3837);
#3239=AXIS2_PLACEMENT_3D('',#5024,#3845,#3846);
#3240=AXIS2_PLACEMENT_3D('',#5027,#3849,#3850);
#3241=AXIS2_PLACEMENT_3D('',#5048,#3863,#3864);
#3242=AXIS2_PLACEMENT_3D('',#5056,#3870,#3871);
#3243=AXIS2_PLACEMENT_3D('',#5084,#3872,#3873);
#3244=AXIS2_PLACEMENT_3D('',#5112,#3874,#3875);
#3245=AXIS2_PLACEMENT_3D('',#5115,#3877,#3878);
#3246=AXIS2_PLACEMENT_3D('',#5116,#3879,#3880);
#3247=AXIS2_PLACEMENT_3D('',#5118,#3882,#3883);
#3248=AXIS2_PLACEMENT_3D('',#5144,#3885,#3886);
#3249=AXIS2_PLACEMENT_3D('',#5153,#3887,#3888);
#3250=AXIS2_PLACEMENT_3D('',#5154,#3889,#3890);
#3251=AXIS2_PLACEMENT_3D('',#5181,#3891,#3892);
#3252=AXIS2_PLACEMENT_3D('',#5208,#3893,#3894);
#3253=AXIS2_PLACEMENT_3D('',#5210,#3895,#3896);
#3254=AXIS2_PLACEMENT_3D('',#5212,#3898,#3899);
#3255=AXIS2_PLACEMENT_3D('',#5214,#3901,#3902);
#3256=AXIS2_PLACEMENT_3D('',#5247,#3904,#3905);
#3257=AXIS2_PLACEMENT_3D('',#5248,#3906,#3907);
#3258=AXIS2_PLACEMENT_3D('',#5250,#3908,#3909);
#3259=AXIS2_PLACEMENT_3D('',#5260,#3915,#3916);
#3260=AXIS2_PLACEMENT_3D('',#5261,#3917,#3918);
#3261=AXIS2_PLACEMENT_3D('',#5262,#3919,#3920);
#3262=AXIS2_PLACEMENT_3D('',#5263,#3921,#3922);
#3263=AXIS2_PLACEMENT_3D('',#5264,#3923,#3924);
#3264=AXIS2_PLACEMENT_3D('',#5265,#3925,#3926);
#3265=AXIS2_PLACEMENT_3D('',#5267,#3928,#3929);
#3266=AXIS2_PLACEMENT_3D('',#5272,#3932,#3933);
#3267=AXIS2_PLACEMENT_3D('',#5291,#3944,#3945);
#3268=AXIS2_PLACEMENT_3D('',#5292,#3946,#3947);
#3269=AXIS2_PLACEMENT_3D('',#5294,#3948,#3949);
#3270=AXIS2_PLACEMENT_3D('',#5297,#3951,#3952);
#3271=AXIS2_PLACEMENT_3D('',#5300,#3954,#3955);
#3272=AXIS2_PLACEMENT_3D('',#5301,#3956,#3957);
#3273=AXIS2_PLACEMENT_3D('',#5303,#3958,#3959);
#3274=AXIS2_PLACEMENT_3D('',#5304,#3960,#3961);
#3275=AXIS2_PLACEMENT_3D('',#5305,#3962,#3963);
#3276=AXIS2_PLACEMENT_3D('',#5306,#3964,#3965);
#3277=AXIS2_PLACEMENT_3D('',#5307,#3966,#3967);
#3278=AXIS2_PLACEMENT_3D('',#5309,#3968,#3969);
#3279=AXIS2_PLACEMENT_3D('',#5312,#3971,#3972);
#3280=AXIS2_PLACEMENT_3D('',#5313,#3973,#3974);
#3281=AXIS2_PLACEMENT_3D('',#5314,#3975,#3976);
#3282=AXIS2_PLACEMENT_3D('',#5316,#3978,#3979);
#3283=AXIS2_PLACEMENT_3D('',#5317,#3980,#3981);
#3284=AXIS2_PLACEMENT_3D('',#5318,#3982,#3983);
#3285=AXIS2_PLACEMENT_3D('',#5320,#3985,#3986);
#3286=AXIS2_PLACEMENT_3D('',#5322,#3987,#3988);
#3287=AXIS2_PLACEMENT_3D('',#5324,#3989,#3990);
#3288=AXIS2_PLACEMENT_3D('',#5325,#3991,#3992);
#3289=AXIS2_PLACEMENT_3D('',#5326,#3993,#3994);
#3290=AXIS2_PLACEMENT_3D('',#5329,#3996,#3997);
#3291=AXIS2_PLACEMENT_3D('',#5330,#3998,#3999);
#3292=AXIS2_PLACEMENT_3D('',#5331,#4000,#4001);
#3293=AXIS2_PLACEMENT_3D('',#5332,#4002,#4003);
#3294=AXIS2_PLACEMENT_3D('',#5335,#4005,#4006);
#3295=AXIS2_PLACEMENT_3D('',#5336,#4007,#4008);
#3296=AXIS2_PLACEMENT_3D('',#5358,#4021,#4022);
#3297=AXIS2_PLACEMENT_3D('',#5362,#4025,#4026);
#3298=AXIS2_PLACEMENT_3D('',#5363,#4027,#4028);
#3299=AXIS2_PLACEMENT_3D('',#5364,#4029,#4030);
#3300=AXIS2_PLACEMENT_3D('',#5365,#4031,#4032);
#3301=AXIS2_PLACEMENT_3D('',#5366,#4033,#4034);
#3302=AXIS2_PLACEMENT_3D('',#5368,#4036,#4037);
#3303=AXIS2_PLACEMENT_3D('',#5374,#4041,#4042);
#3304=AXIS2_PLACEMENT_3D('',#5378,#4045,#4046);
#3305=AXIS2_PLACEMENT_3D('',#5379,#4047,#4048);
#3306=AXIS2_PLACEMENT_3D('',#5380,#4049,#4050);
#3307=AXIS2_PLACEMENT_3D('',#5384,#4054,#4055);
#3308=AXIS2_PLACEMENT_3D('',#5385,#4056,#4057);
#3309=AXIS2_PLACEMENT_3D('',#5386,#4058,#4059);
#3310=AXIS2_PLACEMENT_3D('',#5387,#4060,#4061);
#3311=AXIS2_PLACEMENT_3D('',#5388,#4062,#4063);
#3312=AXIS2_PLACEMENT_3D('',#5389,#4064,#4065);
#3313=AXIS2_PLACEMENT_3D('',#5390,#4066,#4067);
#3314=AXIS2_PLACEMENT_3D('',#5392,#4068,#4069);
#3315=AXIS2_PLACEMENT_3D('',#5395,#4071,#4072);
#3316=AXIS2_PLACEMENT_3D('',#5399,#4075,#4076);
#3317=AXIS2_PLACEMENT_3D('',#5400,#4077,#4078);
#3318=AXIS2_PLACEMENT_3D('',#5402,#4079,#4080);
#3319=AXIS2_PLACEMENT_3D('',#5403,#4081,#4082);
#3320=AXIS2_PLACEMENT_3D('',#5404,#4083,#4084);
#3321=AXIS2_PLACEMENT_3D('',#5405,#4085,#4086);
#3322=AXIS2_PLACEMENT_3D('',#5406,#4087,#4088);
#3323=AXIS2_PLACEMENT_3D('',#5407,#4089,#4090);
#3324=AXIS2_PLACEMENT_3D('',#5408,#4091,#4092);
#3325=AXIS2_PLACEMENT_3D('',#5410,#4093,#4094);
#3326=AXIS2_PLACEMENT_3D('',#5411,#4095,#4096);
#3327=AXIS2_PLACEMENT_3D('',#5412,#4097,#4098);
#3328=AXIS2_PLACEMENT_3D('',#5415,#4100,#4101);
#3329=AXIS2_PLACEMENT_3D('',#5416,#4102,#4103);
#3330=AXIS2_PLACEMENT_3D('',#5421,#4107,#4108);
#3331=AXIS2_PLACEMENT_3D('',#5422,#4109,#4110);
#3332=AXIS2_PLACEMENT_3D('',#5423,#4111,#4112);
#3333=AXIS2_PLACEMENT_3D('',#5424,#4113,#4114);
#3334=AXIS2_PLACEMENT_3D('',#5426,#4116,#4117);
#3335=AXIS2_PLACEMENT_3D('',#5428,#4119,#4120);
#3336=AXIS2_PLACEMENT_3D('',#5429,#4121,#4122);
#3337=AXIS2_PLACEMENT_3D('',#5430,#4123,#4124);
#3338=AXIS2_PLACEMENT_3D('',#5432,#4126,#4127);
#3339=AXIS2_PLACEMENT_3D('',#5438,#4131,#4132);
#3340=AXIS2_PLACEMENT_3D('',#5440,#4134,#4135);
#3341=AXIS2_PLACEMENT_3D('',#5441,#4136,#4137);
#3342=AXIS2_PLACEMENT_3D('',#5442,#4138,#4139);
#3343=AXIS2_PLACEMENT_3D('',#5443,#4140,#4141);
#3344=AXIS2_PLACEMENT_3D('',#5444,#4142,#4143);
#3345=AXIS2_PLACEMENT_3D('',#5446,#4145,#4146);
#3346=AXIS2_PLACEMENT_3D('',#5447,#4147,#4148);
#3347=AXIS2_PLACEMENT_3D('',#5448,#4149,#4150);
#3348=AXIS2_PLACEMENT_3D('',#5449,#4151,#4152);
#3349=AXIS2_PLACEMENT_3D('',#5450,#4153,#4154);
#3350=AXIS2_PLACEMENT_3D('',#5451,#4155,#4156);
#3351=AXIS2_PLACEMENT_3D('',#5452,#4157,#4158);
#3352=AXIS2_PLACEMENT_3D('',#5453,#4159,#4160);
#3353=AXIS2_PLACEMENT_3D('',#5454,#4161,#4162);
#3354=AXIS2_PLACEMENT_3D('',#5455,#4163,#4164);
#3355=AXIS2_PLACEMENT_3D('',#5456,#4165,#4166);
#3356=AXIS2_PLACEMENT_3D('',#5457,#4167,#4168);
#3357=AXIS2_PLACEMENT_3D('',#5459,#4170,#4171);
#3358=AXIS2_PLACEMENT_3D('',#5467,#4176,#4177);
#3359=AXIS2_PLACEMENT_3D('',#5473,#4181,#4182);
#3360=AXIS2_PLACEMENT_3D('',#5475,#4184,#4185);
#3361=AXIS2_PLACEMENT_3D('',#5476,#4186,#4187);
#3362=AXIS2_PLACEMENT_3D('',#5477,#4188,#4189);
#3363=AXIS2_PLACEMENT_3D('',#5478,#4190,#4191);
#3364=AXIS2_PLACEMENT_3D('',#5479,#4192,#4193);
#3365=AXIS2_PLACEMENT_3D('',#5481,#4195,#4196);
#3366=AXIS2_PLACEMENT_3D('',#5483,#4197,#4198);
#3367=AXIS2_PLACEMENT_3D('',#5484,#4199,#4200);
#3368=AXIS2_PLACEMENT_3D('',#5485,#4201,#4202);
#3369=AXIS2_PLACEMENT_3D('',#5492,#4207,#4208);
#3370=AXIS2_PLACEMENT_3D('',#5494,#4210,#4211);
#3371=AXIS2_PLACEMENT_3D('',#5500,#4215,#4216);
#3372=AXIS2_PLACEMENT_3D('',#5502,#4218,#4219);
#3373=AXIS2_PLACEMENT_3D('',#5504,#4221,#4222);
#3374=AXIS2_PLACEMENT_3D('',#5507,#4224,#4225);
#3375=AXIS2_PLACEMENT_3D('',#5508,#4226,#4227);
#3376=AXIS2_PLACEMENT_3D('',#5509,#4228,#4229);
#3377=AXIS2_PLACEMENT_3D('',#5510,#4230,#4231);
#3378=DIRECTION('axis',(0.,0.,1.));
#3379=DIRECTION('refdir',(1.,0.,0.));
#3380=DIRECTION('center_axis',(0.,0.,-1.));
#3381=DIRECTION('ref_axis',(1.,0.,0.));
#3382=DIRECTION('center_axis',(0.,0.,-1.));
#3383=DIRECTION('ref_axis',(1.,0.,0.));
#3384=DIRECTION('',(0.,0.,-1.));
#3385=DIRECTION('center_axis',(0.,0.,-1.));
#3386=DIRECTION('ref_axis',(1.,0.,0.));
#3387=DIRECTION('center_axis',(0.,0.,1.));
#3388=DIRECTION('ref_axis',(1.,0.,0.));
#3389=DIRECTION('center_axis',(0.,0.,-1.));
#3390=DIRECTION('ref_axis',(1.,0.,0.));
#3391=DIRECTION('',(1.,0.,0.));
#3392=DIRECTION('',(0.,-1.,0.));
#3393=DIRECTION('',(1.,0.,0.));
#3394=DIRECTION('',(0.,-1.,0.));
#3395=DIRECTION('center_axis',(0.,0.,1.));
#3396=DIRECTION('ref_axis',(1.,0.,0.));
#3397=DIRECTION('',(0.,-1.,0.));
#3398=DIRECTION('',(-1.,0.,0.));
#3399=DIRECTION('',(0.,1.,0.));
#3400=DIRECTION('center_axis',(0.,0.,1.));
#3401=DIRECTION('ref_axis',(1.,0.,0.));
#3402=DIRECTION('center_axis',(0.,-1.,0.));
#3403=DIRECTION('ref_axis',(0.,0.,-1.));
#3404=DIRECTION('',(0.,0.,-1.));
#3405=DIRECTION('',(0.,0.,1.));
#3406=DIRECTION('',(1.,0.,0.));
#3407=DIRECTION('',(-1.,0.,0.));
#3408=DIRECTION('center_axis',(0.,0.,1.));
#3409=DIRECTION('ref_axis',(-1.,0.,0.));
#3410=DIRECTION('',(0.,-1.,0.));
#3411=DIRECTION('',(0.,-1.,0.));
#3412=DIRECTION('',(-1.,0.,0.));
#3413=DIRECTION('center_axis',(0.,-1.,0.));
#3414=DIRECTION('ref_axis',(1.,0.,0.));
#3415=DIRECTION('',(0.,1.,0.));
#3416=DIRECTION('center_axis',(0.,1.,0.));
#3417=DIRECTION('ref_axis',(1.,0.,0.));
#3418=DIRECTION('',(0.,-1.,0.));
#3419=DIRECTION('center_axis',(0.,1.,0.));
#3420=DIRECTION('ref_axis',(1.,0.,0.));
#3421=DIRECTION('center_axis',(0.,-1.,0.));
#3422=DIRECTION('ref_axis',(0.,0.,-1.));
#3423=DIRECTION('',(0.,0.,-1.));
#3424=DIRECTION('',(0.,0.,1.));
#3425=DIRECTION('',(1.,0.,0.));
#3426=DIRECTION('',(0.,0.,-1.));
#3427=DIRECTION('center_axis',(0.,1.,0.));
#3428=DIRECTION('ref_axis',(1.,0.,0.));
#3429=DIRECTION('center_axis',(0.,0.,-1.));
#3430=DIRECTION('ref_axis',(1.,0.,0.));
#3431=DIRECTION('',(0.,1.,0.));
#3432=DIRECTION('',(1.,0.,0.));
#3433=DIRECTION('',(0.,-1.,0.));
#3434=DIRECTION('',(1.,0.,0.));
#3435=DIRECTION('center_axis',(0.,-1.,0.));
#3436=DIRECTION('ref_axis',(0.,0.,-1.));
#3437=DIRECTION('',(0.,0.,-1.));
#3438=DIRECTION('center_axis',(0.,1.,0.));
#3439=DIRECTION('ref_axis',(1.,0.,0.));
#3440=DIRECTION('',(0.,0.,-1.));
#3441=DIRECTION('',(-1.,0.,0.));
#3442=DIRECTION('',(0.,0.,1.));
#3443=DIRECTION('center_axis',(0.,1.,0.));
#3444=DIRECTION('ref_axis',(1.,0.,0.));
#3445=DIRECTION('center_axis',(1.,0.,0.));
#3446=DIRECTION('ref_axis',(0.,0.,1.));
#3447=DIRECTION('',(0.,0.,1.));
#3448=DIRECTION('',(0.,-1.,0.));
#3449=DIRECTION('center_axis',(0.,0.,-1.));
#3450=DIRECTION('ref_axis',(1.,0.,0.));
#3451=DIRECTION('',(0.,0.,1.));
#3452=DIRECTION('center_axis',(0.,0.,1.));
#3453=DIRECTION('ref_axis',(1.,0.,0.));
#3454=DIRECTION('center_axis',(0.,0.,-1.));
#3455=DIRECTION('ref_axis',(-1.,-1.22464679914735E-16,0.));
#3456=DIRECTION('center_axis',(0.,0.,1.));
#3457=DIRECTION('ref_axis',(1.,0.,0.));
#3458=DIRECTION('',(0.,0.,-1.));
#3459=DIRECTION('',(0.,0.,1.));
#3460=DIRECTION('center_axis',(1.,0.,0.));
#3461=DIRECTION('ref_axis',(0.,0.,1.));
#3462=DIRECTION('',(0.,-1.,0.));
#3463=DIRECTION('',(0.,0.,1.));
#3464=DIRECTION('',(0.,-1.,0.));
#3465=DIRECTION('center_axis',(0.,-1.,0.));
#3466=DIRECTION('ref_axis',(0.,0.,-1.));
#3467=DIRECTION('',(-1.,0.,0.));
#3468=DIRECTION('',(0.,0.,1.));
#3469=DIRECTION('',(0.,0.,-1.));
#3470=DIRECTION('center_axis',(0.,0.,-1.));
#3471=DIRECTION('ref_axis',(1.,0.,0.));
#3472=DIRECTION('',(1.,0.,0.));
#3473=DIRECTION('',(0.,-1.,0.));
#3474=DIRECTION('center_axis',(1.,0.,0.));
#3475=DIRECTION('ref_axis',(0.,0.,1.));
#3476=DIRECTION('',(0.,-1.,0.));
#3477=DIRECTION('center_axis',(-1.,0.,0.));
#3478=DIRECTION('ref_axis',(0.,0.,-1.));
#3479=DIRECTION('',(0.,0.,-1.));
#3480=DIRECTION('',(0.,1.,0.));
#3481=DIRECTION('center_axis',(0.,-1.,0.));
#3482=DIRECTION('ref_axis',(1.,0.,0.));
#3483=DIRECTION('',(0.,1.,0.));
#3484=DIRECTION('center_axis',(0.,1.,0.));
#3485=DIRECTION('ref_axis',(1.,0.,0.));
#3486=DIRECTION('center_axis',(0.,-1.,0.));
#3487=DIRECTION('ref_axis',(1.,0.,0.));
#3488=DIRECTION('',(0.,-1.,0.));
#3489=DIRECTION('center_axis',(0.,1.,0.));
#3490=DIRECTION('ref_axis',(1.,0.,0.));
#3491=DIRECTION('',(0.,1.,0.));
#3492=DIRECTION('center_axis',(0.,-1.,0.));
#3493=DIRECTION('ref_axis',(1.,0.,0.));
#3494=DIRECTION('',(0.,1.,0.));
#3495=DIRECTION('center_axis',(0.,1.,0.));
#3496=DIRECTION('ref_axis',(1.,0.,0.));
#3497=DIRECTION('center_axis',(1.,0.,0.));
#3498=DIRECTION('ref_axis',(0.,0.,1.));
#3499=DIRECTION('',(0.,0.,1.));
#3500=DIRECTION('',(0.,1.,0.));
#3501=DIRECTION('center_axis',(0.,0.,-1.));
#3502=DIRECTION('ref_axis',(1.,0.,0.));
#3503=DIRECTION('center_axis',(0.,0.,-1.));
#3504=DIRECTION('ref_axis',(1.,0.,0.));
#3505=DIRECTION('',(0.,0.,-1.));
#3506=DIRECTION('center_axis',(0.,0.,-1.));
#3507=DIRECTION('ref_axis',(1.,0.,0.));
#3508=DIRECTION('center_axis',(0.,0.,1.));
#3509=DIRECTION('ref_axis',(1.,0.,0.));
#3510=DIRECTION('center_axis',(1.,0.,0.));
#3511=DIRECTION('ref_axis',(0.,0.,-1.));
#3512=DIRECTION('',(0.,0.,-1.));
#3513=DIRECTION('',(0.,1.,0.));
#3514=DIRECTION('',(0.,0.,-1.));
#3515=DIRECTION('center_axis',(0.,0.,1.));
#3516=DIRECTION('ref_axis',(1.,0.,0.));
#3517=DIRECTION('',(1.,0.,0.));
#3518=DIRECTION('',(0.,-1.,0.));
#3519=DIRECTION('',(-1.,0.,0.));
#3520=DIRECTION('',(0.,-1.,0.));
#3521=DIRECTION('',(-1.,0.,0.));
#3522=DIRECTION('',(-0.104082764569976,0.994568639219773,0.));
#3523=DIRECTION('',(-0.994568639219773,-0.104082764569976,0.));
#3524=DIRECTION('',(0.,1.,0.));
#3525=DIRECTION('',(1.,0.,0.));
#3526=DIRECTION('center_axis',(1.,0.,0.));
#3527=DIRECTION('ref_axis',(0.,0.,-1.));
#3528=DIRECTION('',(0.,0.,-1.));
#3529=DIRECTION('',(0.,1.,0.));
#3530=DIRECTION('',(0.,0.,-1.));
#3531=DIRECTION('',(0.,-1.,0.));
#3532=DIRECTION('',(0.,0.,-1.));
#3533=DIRECTION('center_axis',(0.,-1.,0.));
#3534=DIRECTION('ref_axis',(0.,0.,-1.));
#3535=DIRECTION('',(-1.,0.,0.));
#3536=DIRECTION('',(0.,0.,-1.));
#3537=DIRECTION('',(1.,0.,0.));
#3538=DIRECTION('center_axis',(0.,-1.,0.));
#3539=DIRECTION('ref_axis',(1.,0.,0.));
#3540=DIRECTION('center_axis',(0.,-1.,0.));
#3541=DIRECTION('ref_axis',(0.,0.,-1.));
#3542=DIRECTION('center_axis',(0.,-1.,0.));
#3543=DIRECTION('ref_axis',(1.,0.,0.));
#3544=DIRECTION('center_axis',(0.,-1.,0.));
#3545=DIRECTION('ref_axis',(0.,0.,-1.));
#3546=DIRECTION('',(-1.,0.,0.));
#3547=DIRECTION('',(0.,0.,-1.));
#3548=DIRECTION('center_axis',(0.,-1.,0.));
#3549=DIRECTION('ref_axis',(1.,0.,0.));
#3550=DIRECTION('center_axis',(0.,-1.,0.));
#3551=DIRECTION('ref_axis',(0.,0.,-1.));
#3552=DIRECTION('center_axis',(0.,-1.,0.));
#3553=DIRECTION('ref_axis',(1.,0.,0.));
#3554=DIRECTION('center_axis',(0.,0.,1.));
#3555=DIRECTION('ref_axis',(1.,0.,0.));
#3556=DIRECTION('center_axis',(0.,1.,0.));
#3557=DIRECTION('ref_axis',(1.,0.,0.));
#3558=DIRECTION('center_axis',(0.,-1.,0.));
#3559=DIRECTION('ref_axis',(1.,0.,0.));
#3560=DIRECTION('center_axis',(0.,1.,0.));
#3561=DIRECTION('ref_axis',(1.,0.,0.));
#3562=DIRECTION('center_axis',(0.,-1.,0.));
#3563=DIRECTION('ref_axis',(1.,0.,0.));
#3564=DIRECTION('center_axis',(0.,1.,0.));
#3565=DIRECTION('ref_axis',(1.,0.,0.));
#3566=DIRECTION('',(0.,1.,0.));
#3567=DIRECTION('center_axis',(0.,1.,0.));
#3568=DIRECTION('ref_axis',(1.,0.,0.));
#3569=DIRECTION('center_axis',(0.,1.,0.));
#3570=DIRECTION('ref_axis',(1.,0.,0.));
#3571=DIRECTION('',(0.,1.,0.));
#3572=DIRECTION('center_axis',(0.,1.,0.));
#3573=DIRECTION('ref_axis',(1.,0.,0.));
#3574=DIRECTION('',(0.,1.,0.));
#3575=DIRECTION('center_axis',(0.,-1.,0.));
#3576=DIRECTION('ref_axis',(1.,0.,0.));
#3577=DIRECTION('center_axis',(0.,1.,0.));
#3578=DIRECTION('ref_axis',(1.,0.,0.));
#3579=DIRECTION('center_axis',(0.,1.,0.));
#3580=DIRECTION('ref_axis',(1.,0.,0.));
#3581=DIRECTION('',(0.,1.,0.));
#3582=DIRECTION('center_axis',(0.,-1.,0.));
#3583=DIRECTION('ref_axis',(1.,0.,0.));
#3584=DIRECTION('center_axis',(0.,0.,1.));
#3585=DIRECTION('ref_axis',(1.,0.,0.));
#3586=DIRECTION('',(-1.,0.,0.));
#3587=DIRECTION('',(0.,1.,0.));
#3588=DIRECTION('',(-1.,0.,0.));
#3589=DIRECTION('',(0.,1.,0.));
#3590=DIRECTION('',(-1.,0.,0.));
#3591=DIRECTION('',(-1.,0.,0.));
#3592=DIRECTION('',(0.,-1.,0.));
#3593=DIRECTION('center_axis',(-1.,0.,0.));
#3594=DIRECTION('ref_axis',(0.,0.,1.));
#3595=DIRECTION('',(0.,0.,1.));
#3596=DIRECTION('',(0.,-1.,0.));
#3597=DIRECTION('',(0.,0.,-1.));
#3598=DIRECTION('',(0.,-1.,0.));
#3599=DIRECTION('',(0.,0.,1.));
#3600=DIRECTION('',(0.,1.,0.));
#3601=DIRECTION('',(0.,0.,-1.));
#3602=DIRECTION('center_axis',(1.,0.,0.));
#3603=DIRECTION('ref_axis',(0.,0.,-1.));
#3604=DIRECTION('',(0.,0.,-1.));
#3605=DIRECTION('',(0.,1.,0.));
#3606=DIRECTION('',(0.,0.,-1.));
#3607=DIRECTION('center_axis',(-1.,0.,0.));
#3608=DIRECTION('ref_axis',(0.,0.,-1.));
#3609=DIRECTION('',(0.,0.,1.));
#3610=DIRECTION('',(0.,1.,0.));
#3611=DIRECTION('',(0.,0.,-1.));
#3612=DIRECTION('',(0.,-1.,0.));
#3613=DIRECTION('',(0.,0.,1.));
#3614=DIRECTION('center_axis',(-1.,0.,0.));
#3615=DIRECTION('ref_axis',(0.,0.,-1.));
#3616=DIRECTION('',(0.,0.,-1.));
#3617=DIRECTION('',(0.,-1.,0.));
#3618=DIRECTION('center_axis',(1.,0.,0.));
#3619=DIRECTION('ref_axis',(0.,0.,-1.));
#3620=DIRECTION('center_axis',(1.,0.,0.));
#3621=DIRECTION('ref_axis',(0.,0.,-1.));
#3622=DIRECTION('center_axis',(0.,0.,1.));
#3623=DIRECTION('ref_axis',(0.994568639219773,-0.104082764569976,0.));
#3624=DIRECTION('',(1.,0.,0.));
#3625=DIRECTION('',(0.994568639219773,0.104082764569976,0.));
#3626=DIRECTION('',(0.,-1.,0.));
#3627=DIRECTION('',(1.,0.,0.));
#3628=DIRECTION('',(0.104082764569976,-0.994568639219773,0.));
#3629=DIRECTION('',(-0.994568639219773,-0.104082764569976,0.));
#3630=DIRECTION('',(0.,1.,0.));
#3631=DIRECTION('',(-1.,0.,0.));
#3632=DIRECTION('',(-1.,0.,0.));
#3633=DIRECTION('',(-1.,0.,0.));
#3634=DIRECTION('',(0.,1.,0.));
#3635=DIRECTION('',(-0.994568639219773,-0.104082764569976,0.));
#3636=DIRECTION('center_axis',(0.,0.,1.));
#3637=DIRECTION('ref_axis',(1.,0.,0.));
#3638=DIRECTION('',(-0.994568639219773,-0.104082764569976,0.));
#3639=DIRECTION('',(0.,-1.,0.));
#3640=DIRECTION('center_axis',(0.,0.,1.));
#3641=DIRECTION('ref_axis',(1.,0.,0.));
#3642=DIRECTION('center_axis',(0.104082764569976,-0.994568639219773,0.));
#3643=DIRECTION('ref_axis',(0.,0.,-1.));
#3644=DIRECTION('center_axis',(0.104082764569976,-0.994568639219773,0.));
#3645=DIRECTION('ref_axis',(0.994568639219773,0.104082764569976,0.));
#3646=DIRECTION('center_axis',(0.104082764569976,-0.994568639219773,0.));
#3647=DIRECTION('ref_axis',(0.994568639219773,0.104082764569976,0.));
#3648=DIRECTION('',(0.994568639219773,0.104082764569976,0.));
#3649=DIRECTION('',(0.,0.,-1.));
#3650=DIRECTION('',(0.994568639219773,0.104082764569976,0.));
#3651=DIRECTION('center_axis',(0.104082764569976,-0.994568639219773,0.));
#3652=DIRECTION('ref_axis',(0.,0.,-1.));
#3653=DIRECTION('',(-0.994568639219773,-0.104082764569976,0.));
#3654=DIRECTION('',(0.,0.,-1.));
#3655=DIRECTION('',(-0.994568639219773,-0.104082764569976,0.));
#3656=DIRECTION('center_axis',(0.104082764569976,-0.994568639219773,0.));
#3657=DIRECTION('ref_axis',(0.994568639219773,0.104082764569976,0.));
#3658=DIRECTION('center_axis',(0.104082764569976,-0.994568639219773,0.));
#3659=DIRECTION('ref_axis',(0.994568639219773,0.104082764569976,0.));
#3660=DIRECTION('center_axis',(0.,1.,0.));
#3661=DIRECTION('ref_axis',(1.,0.,0.));
#3662=DIRECTION('center_axis',(0.,1.,0.));
#3663=DIRECTION('ref_axis',(1.,0.,0.));
#3664=DIRECTION('',(0.,1.,0.));
#3665=DIRECTION('center_axis',(0.,-1.,0.));
#3666=DIRECTION('ref_axis',(1.,0.,0.));
#3667=DIRECTION('',(0.,-1.,0.));
#3668=DIRECTION('center_axis',(0.,-1.,0.));
#3669=DIRECTION('ref_axis',(1.,0.,0.));
#3670=DIRECTION('',(0.,1.,0.));
#3671=DIRECTION('center_axis',(0.,-1.,0.));
#3672=DIRECTION('ref_axis',(1.,0.,0.));
#3673=DIRECTION('center_axis',(0.,1.,0.));
#3674=DIRECTION('ref_axis',(1.,0.,0.));
#3675=DIRECTION('center_axis',(0.,1.,0.));
#3676=DIRECTION('ref_axis',(1.,0.,0.));
#3677=DIRECTION('',(0.,1.,0.));
#3678=DIRECTION('center_axis',(0.,-1.,0.));
#3679=DIRECTION('ref_axis',(1.,0.,0.));
#3680=DIRECTION('',(0.,-1.,0.));
#3681=DIRECTION('center_axis',(0.,-1.,0.));
#3682=DIRECTION('ref_axis',(1.,0.,0.));
#3683=DIRECTION('',(0.,1.,0.));
#3684=DIRECTION('center_axis',(0.,-1.,0.));
#3685=DIRECTION('ref_axis',(1.,0.,0.));
#3686=DIRECTION('center_axis',(0.,1.,0.));
#3687=DIRECTION('ref_axis',(1.,0.,0.));
#3688=DIRECTION('center_axis',(0.,1.,0.));
#3689=DIRECTION('ref_axis',(1.,0.,0.));
#3690=DIRECTION('',(0.,1.,0.));
#3691=DIRECTION('',(0.,1.,0.));
#3692=DIRECTION('',(0.,1.,0.));
#3693=DIRECTION('center_axis',(0.,1.,0.));
#3694=DIRECTION('ref_axis',(1.,0.,0.));
#3695=DIRECTION('center_axis',(0.,1.,0.));
#3696=DIRECTION('ref_axis',(1.,0.,0.));
#3697=DIRECTION('',(0.,1.,0.));
#3698=DIRECTION('',(0.,1.,0.));
#3699=DIRECTION('',(0.,-1.,0.));
#3700=DIRECTION('center_axis',(1.,0.,0.));
#3701=DIRECTION('ref_axis',(0.,0.,-1.));
#3702=DIRECTION('',(1.,0.,0.));
#3703=DIRECTION('',(1.,0.,0.));
#3704=DIRECTION('center_axis',(1.,0.,0.));
#3705=DIRECTION('ref_axis',(0.,0.,-1.));
#3706=DIRECTION('center_axis',(-0.104082764569976,0.994568639219773,0.));
#3707=DIRECTION('ref_axis',(0.994568639219773,0.104082764569976,0.));
#3708=DIRECTION('center_axis',(-1.,0.,0.));
#3709=DIRECTION('ref_axis',(0.,0.,-1.));
#3710=DIRECTION('center_axis',(-0.104082764569976,0.994568639219773,0.));
#3711=DIRECTION('ref_axis',(0.994568639219773,0.104082764569976,0.));
#3712=DIRECTION('center_axis',(1.,0.,0.));
#3713=DIRECTION('ref_axis',(0.,0.,-1.));
#3714=DIRECTION('',(1.,0.,0.));
#3715=DIRECTION('center_axis',(-1.,0.,0.));
#3716=DIRECTION('ref_axis',(0.,0.,-1.));
#3717=DIRECTION('',(-1.,0.,0.));
#3718=DIRECTION('center_axis',(1.,0.,0.));
#3719=DIRECTION('ref_axis',(0.,0.,-1.));
#3720=DIRECTION('center_axis',(1.,0.,0.));
#3721=DIRECTION('ref_axis',(0.,0.,-1.));
#3722=DIRECTION('',(1.,0.,0.));
#3723=DIRECTION('center_axis',(1.,0.,0.));
#3724=DIRECTION('ref_axis',(0.,0.,-1.));
#3725=DIRECTION('center_axis',(-0.104082764569976,0.994568639219773,0.));
#3726=DIRECTION('ref_axis',(0.994568639219773,0.104082764569976,0.));
#3727=DIRECTION('center_axis',(-1.,0.,0.));
#3728=DIRECTION('ref_axis',(0.,0.,-1.));
#3729=DIRECTION('center_axis',(-0.104082764569976,0.994568639219773,0.));
#3730=DIRECTION('ref_axis',(0.994568639219773,0.104082764569976,0.));
#3731=DIRECTION('center_axis',(1.,0.,0.));
#3732=DIRECTION('ref_axis',(0.,0.,-1.));
#3733=DIRECTION('',(1.,0.,0.));
#3734=DIRECTION('center_axis',(-1.,0.,0.));
#3735=DIRECTION('ref_axis',(0.,0.,-1.));
#3736=DIRECTION('',(-1.,0.,0.));
#3737=DIRECTION('center_axis',(1.,0.,0.));
#3738=DIRECTION('ref_axis',(0.,0.,-1.));
#3739=DIRECTION('center_axis',(0.,1.,0.));
#3740=DIRECTION('ref_axis',(1.,0.,0.));
#3741=DIRECTION('',(-1.,0.,0.));
#3742=DIRECTION('center_axis',(0.,1.,0.));
#3743=DIRECTION('ref_axis',(1.,0.,0.));
#3744=DIRECTION('center_axis',(0.,1.,0.));
#3745=DIRECTION('ref_axis',(1.,0.,0.));
#3746=DIRECTION('',(0.,1.,0.));
#3747=DIRECTION('center_axis',(-0.104082764569976,0.994568639219773,0.));
#3748=DIRECTION('ref_axis',(0.994568639219773,0.104082764569976,0.));
#3749=DIRECTION('',(0.,-1.,0.));
#3750=DIRECTION('center_axis',(0.,0.,1.));
#3751=DIRECTION('ref_axis',(1.,0.,0.));
#3752=DIRECTION('',(0.994568639219773,0.104082764569976,0.));
#3753=DIRECTION('',(0.,1.,0.));
#3754=DIRECTION('',(-1.,0.,0.));
#3755=DIRECTION('',(-1.,0.,0.));
#3756=DIRECTION('',(-1.,0.,0.));
#3757=DIRECTION('',(0.,1.,0.));
#3758=DIRECTION('',(0.994568639219773,0.104082764569976,0.));
#3759=DIRECTION('center_axis',(0.,0.,1.));
#3760=DIRECTION('ref_axis',(1.,0.,0.));
#3761=DIRECTION('',(1.,0.,0.));
#3762=DIRECTION('',(0.,1.,0.));
#3763=DIRECTION('',(0.,1.,0.));
#3764=DIRECTION('',(-1.,0.,0.));
#3765=DIRECTION('',(0.,1.,0.));
#3766=DIRECTION('',(-1.,0.,0.));
#3767=DIRECTION('',(-0.104082764569976,0.994568639219773,0.));
#3768=DIRECTION('',(0.994568639219773,0.104082764569976,0.));
#3769=DIRECTION('center_axis',(0.,-1.,0.));
#3770=DIRECTION('ref_axis',(0.,0.,-1.));
#3771=DIRECTION('',(-1.,0.,0.));
#3772=DIRECTION('center_axis',(0.,1.,0.));
#3773=DIRECTION('ref_axis',(0.,0.,1.));
#3774=DIRECTION('center_axis',(0.,1.,0.));
#3775=DIRECTION('ref_axis',(0.,0.,1.));
#3776=DIRECTION('',(-1.,0.,0.));
#3777=DIRECTION('center_axis',(0.,0.,1.));
#3778=DIRECTION('ref_axis',(1.,0.,0.));
#3779=DIRECTION('',(1.,0.,0.));
#3780=DIRECTION('',(0.,1.,0.));
#3781=DIRECTION('center_axis',(0.,1.,0.));
#3782=DIRECTION('ref_axis',(1.,0.,0.));
#3783=DIRECTION('',(1.,0.,0.));
#3784=DIRECTION('center_axis',(0.,1.,0.));
#3785=DIRECTION('ref_axis',(1.,0.,0.));
#3786=DIRECTION('center_axis',(0.,1.,0.));
#3787=DIRECTION('ref_axis',(1.,0.,0.));
#3788=DIRECTION('',(0.,1.,0.));
#3789=DIRECTION('center_axis',(-0.104082764569976,0.994568639219773,0.));
#3790=DIRECTION('ref_axis',(0.994568639219773,0.104082764569976,0.));
#3791=DIRECTION('',(0.,-1.,0.));
#3792=DIRECTION('center_axis',(0.,0.,1.));
#3793=DIRECTION('ref_axis',(1.,0.,0.));
#3794=DIRECTION('',(-0.994568639219773,-0.104082764569976,0.));
#3795=DIRECTION('',(0.104082764569976,-0.994568639219773,0.));
#3796=DIRECTION('',(1.,0.,0.));
#3797=DIRECTION('',(0.,-1.,0.));
#3798=DIRECTION('',(1.,0.,0.));
#3799=DIRECTION('',(0.,-1.,0.));
#3800=DIRECTION('',(0.,-1.,0.));
#3801=DIRECTION('',(-1.,0.,0.));
#3802=DIRECTION('center_axis',(0.,0.,-1.));
#3803=DIRECTION('ref_axis',(1.,0.,0.));
#3804=DIRECTION('',(-0.994568639219773,-0.104082764569976,0.));
#3805=DIRECTION('',(0.,1.,0.));
#3806=DIRECTION('',(-1.,0.,0.));
#3807=DIRECTION('',(-1.,0.,0.));
#3808=DIRECTION('',(-1.,0.,0.));
#3809=DIRECTION('',(0.,1.,0.));
#3810=DIRECTION('',(-0.994568639219773,-0.104082764569976,0.));
#3811=DIRECTION('center_axis',(0.,-1.,0.));
#3812=DIRECTION('ref_axis',(0.,0.,-1.));
#3813=DIRECTION('',(1.,0.,0.));
#3814=DIRECTION('',(1.,0.,0.));
#3815=DIRECTION('center_axis',(0.,1.,0.));
#3816=DIRECTION('ref_axis',(0.,0.,1.));
#3817=DIRECTION('center_axis',(0.,1.,0.));
#3818=DIRECTION('ref_axis',(0.,0.,1.));
#3819=DIRECTION('',(1.,0.,0.));
#3820=DIRECTION('center_axis',(0.,0.,1.));
#3821=DIRECTION('ref_axis',(1.,0.,0.));
#3822=DIRECTION('',(-1.,0.,0.));
#3823=DIRECTION('center_axis',(1.,0.,0.));
#3824=DIRECTION('ref_axis',(0.,0.,-1.));
#3825=DIRECTION('center_axis',(1.,0.,0.));
#3826=DIRECTION('ref_axis',(0.,0.,-1.));
#3827=DIRECTION('',(1.,0.,0.));
#3828=DIRECTION('center_axis',(-1.,0.,0.));
#3829=DIRECTION('ref_axis',(0.,0.,-1.));
#3830=DIRECTION('center_axis',(0.104082764569976,-0.994568639219773,0.));
#3831=DIRECTION('ref_axis',(0.994568639219773,0.104082764569976,0.));
#3832=DIRECTION('center_axis',(1.,0.,0.));
#3833=DIRECTION('ref_axis',(0.,0.,-1.));
#3834=DIRECTION('',(0.,0.,1.));
#3835=DIRECTION('',(0.,0.,-1.));
#3836=DIRECTION('center_axis',(-0.104082764569976,0.994568639219773,0.));
#3837=DIRECTION('ref_axis',(0.,0.,1.));
#3838=DIRECTION('',(0.,0.,-1.));
#3839=DIRECTION('',(0.994568639219773,0.104082764569976,0.));
#3840=DIRECTION('',(0.,0.,1.));
#3841=DIRECTION('',(-0.994568639219773,-0.104082764569976,0.));
#3842=DIRECTION('',(0.,0.,1.));
#3843=DIRECTION('',(0.994568639219773,0.104082764569976,0.));
#3844=DIRECTION('',(0.,0.,-1.));
#3845=DIRECTION('center_axis',(1.,0.,0.));
#3846=DIRECTION('ref_axis',(0.,0.,-1.));
#3847=DIRECTION('',(0.,0.,-1.));
#3848=DIRECTION('',(0.,0.,1.));
#3849=DIRECTION('center_axis',(0.,1.,0.));
#3850=DIRECTION('ref_axis',(0.,0.,1.));
#3851=DIRECTION('',(0.,0.,-1.));
#3852=DIRECTION('',(1.,0.,0.));
#3853=DIRECTION('',(1.,0.,0.));
#3854=DIRECTION('',(0.,0.,1.));
#3855=DIRECTION('',(-1.,0.,0.));
#3856=DIRECTION('',(0.,0.,1.));
#3857=DIRECTION('',(-1.,0.,0.));
#3858=DIRECTION('',(0.,0.,-1.));
#3859=DIRECTION('',(0.,0.,1.));
#3860=DIRECTION('',(-1.,0.,0.));
#3861=DIRECTION('',(0.,0.,-1.));
#3862=DIRECTION('',(0.,0.,1.));
#3863=DIRECTION('center_axis',(-0.104082764569976,0.994568639219773,0.));
#3864=DIRECTION('ref_axis',(0.,0.,1.));
#3865=DIRECTION('',(0.,0.,-1.));
#3866=DIRECTION('',(0.,0.,1.));
#3867=DIRECTION('',(0.994568639219773,0.104082764569976,0.));
#3868=DIRECTION('',(-0.994568639219773,-0.104082764569976,0.));
#3869=DIRECTION('',(0.,0.,-1.));
#3870=DIRECTION('center_axis',(0.,1.,0.));
#3871=DIRECTION('ref_axis',(1.,0.,0.));
#3872=DIRECTION('center_axis',(0.,1.,0.));
#3873=DIRECTION('ref_axis',(1.,0.,0.));
#3874=DIRECTION('center_axis',(0.,1.,0.));
#3875=DIRECTION('ref_axis',(1.,0.,0.));
#3876=DIRECTION('',(0.,-1.,0.));
#3877=DIRECTION('center_axis',(0.,1.,0.));
#3878=DIRECTION('ref_axis',(1.,0.,0.));
#3879=DIRECTION('center_axis',(0.,1.,0.));
#3880=DIRECTION('ref_axis',(1.,0.,0.));
#3881=DIRECTION('',(0.,0.,-1.));
#3882=DIRECTION('center_axis',(0.,0.,1.));
#3883=DIRECTION('ref_axis',(1.,0.,0.));
#3884=DIRECTION('',(0.,0.,1.));
#3885=DIRECTION('center_axis',(0.,0.,-1.));
#3886=DIRECTION('ref_axis',(1.,0.,0.));
#3887=DIRECTION('center_axis',(1.,0.,0.));
#3888=DIRECTION('ref_axis',(0.,0.,-1.));
#3889=DIRECTION('center_axis',(0.,1.,0.));
#3890=DIRECTION('ref_axis',(1.,0.,0.));
#3891=DIRECTION('center_axis',(0.,1.,0.));
#3892=DIRECTION('ref_axis',(1.,0.,0.));
#3893=DIRECTION('center_axis',(0.,1.,0.));
#3894=DIRECTION('ref_axis',(1.,0.,0.));
#3895=DIRECTION('center_axis',(0.,1.,0.));
#3896=DIRECTION('ref_axis',(1.,0.,0.));
#3897=DIRECTION('',(0.,1.,0.));
#3898=DIRECTION('center_axis',(0.,1.,0.));
#3899=DIRECTION('ref_axis',(1.,0.,0.));
#3900=DIRECTION('',(0.,0.,-1.));
#3901=DIRECTION('center_axis',(0.,0.,1.));
#3902=DIRECTION('ref_axis',(1.,0.,0.));
#3903=DIRECTION('',(0.,0.,1.));
#3904=DIRECTION('center_axis',(1.,0.,0.));
#3905=DIRECTION('ref_axis',(0.,3.67517835871524E-15,1.));
#3906=DIRECTION('center_axis',(1.,0.,0.));
#3907=DIRECTION('ref_axis',(0.,0.,-1.));
#3908=DIRECTION('center_axis',(-1.,0.,0.));
#3909=DIRECTION('ref_axis',(0.,0.,-1.));
#3910=DIRECTION('',(0.,0.,-1.));
#3911=DIRECTION('',(0.,1.,0.));
#3912=DIRECTION('',(0.,0.,-1.));
#3913=DIRECTION('',(0.,-1.,0.));
#3914=DIRECTION('',(0.,0.,-1.));
#3915=DIRECTION('center_axis',(1.,0.,0.));
#3916=DIRECTION('ref_axis',(0.,0.,-1.));
#3917=DIRECTION('center_axis',(1.,0.,0.));
#3918=DIRECTION('ref_axis',(0.,0.,-1.));
#3919=DIRECTION('center_axis',(1.,0.,0.));
#3920=DIRECTION('ref_axis',(0.,0.,-1.));
#3921=DIRECTION('center_axis',(1.,0.,0.));
#3922=DIRECTION('ref_axis',(0.,0.,-1.));
#3923=DIRECTION('center_axis',(0.104082764569976,-0.994568639219773,0.));
#3924=DIRECTION('ref_axis',(0.994568639219773,0.104082764569976,0.));
#3925=DIRECTION('center_axis',(0.104082764569976,-0.994568639219773,0.));
#3926=DIRECTION('ref_axis',(0.,0.,-1.));
#3927=DIRECTION('',(0.994568639219773,0.104082764569976,0.));
#3928=DIRECTION('center_axis',(0.,0.,1.));
#3929=DIRECTION('ref_axis',(0.994568639219773,-0.104082764569976,0.));
#3930=DIRECTION('',(-1.,0.,0.));
#3931=DIRECTION('',(0.,1.,0.));
#3932=DIRECTION('center_axis',(0.,0.,-1.));
#3933=DIRECTION('ref_axis',(1.,0.,0.));
#3934=DIRECTION('',(0.994568639219773,0.104082764569976,0.));
#3935=DIRECTION('',(0.,1.,0.));
#3936=DIRECTION('',(-1.,0.,0.));
#3937=DIRECTION('',(-1.,0.,0.));
#3938=DIRECTION('',(-1.,0.,0.));
#3939=DIRECTION('',(0.,1.,0.));
#3940=DIRECTION('',(0.994568639219773,0.104082764569976,0.));
#3941=DIRECTION('',(-0.104082764569976,0.994568639219773,0.));
#3942=DIRECTION('',(-1.,0.,0.));
#3943=DIRECTION('',(0.,1.,0.));
#3944=DIRECTION('center_axis',(0.,1.,0.));
#3945=DIRECTION('ref_axis',(0.,0.,1.));
#3946=DIRECTION('center_axis',(0.,1.,0.));
#3947=DIRECTION('ref_axis',(0.,0.,1.));
#3948=DIRECTION('center_axis',(-0.104082764569976,0.994568639219773,0.));
#3949=DIRECTION('ref_axis',(0.994568639219773,0.104082764569976,0.));
#3950=DIRECTION('',(0.,1.,0.));
#3951=DIRECTION('center_axis',(0.,1.,0.));
#3952=DIRECTION('ref_axis',(0.,0.,1.));
#3953=DIRECTION('',(0.,1.,0.));
#3954=DIRECTION('center_axis',(-0.104082764569976,0.994568639219773,0.));
#3955=DIRECTION('ref_axis',(0.994568639219773,0.104082764569976,0.));
#3956=DIRECTION('center_axis',(0.,1.,0.));
#3957=DIRECTION('ref_axis',(0.,0.,1.));
#3958=DIRECTION('center_axis',(0.,1.,0.));
#3959=DIRECTION('ref_axis',(0.,0.,1.));
#3960=DIRECTION('center_axis',(0.,1.,0.));
#3961=DIRECTION('ref_axis',(0.,0.,1.));
#3962=DIRECTION('center_axis',(0.,1.,0.));
#3963=DIRECTION('ref_axis',(3.53862528876521E-12,0.,-1.));
#3964=DIRECTION('center_axis',(0.,1.,0.));
#3965=DIRECTION('ref_axis',(0.,0.,1.));
#3966=DIRECTION('center_axis',(-0.104082764569976,0.994568639219773,0.));
#3967=DIRECTION('ref_axis',(0.994568639219773,0.104082764569976,0.));
#3968=DIRECTION('center_axis',(0.,1.,0.));
#3969=DIRECTION('ref_axis',(0.,0.,1.));
#3970=DIRECTION('',(0.,1.,0.));
#3971=DIRECTION('center_axis',(0.,1.,0.));
#3972=DIRECTION('ref_axis',(0.,0.,1.));
#3973=DIRECTION('center_axis',(-0.104082764569976,0.994568639219773,0.));
#3974=DIRECTION('ref_axis',(0.994568639219773,0.104082764569976,0.));
#3975=DIRECTION('center_axis',(-0.104082764569976,0.994568639219773,0.));
#3976=DIRECTION('ref_axis',(0.,0.,1.));
#3977=DIRECTION('',(0.,0.,-1.));
#3978=DIRECTION('center_axis',(0.,1.,0.));
#3979=DIRECTION('ref_axis',(0.,0.,1.));
#3980=DIRECTION('center_axis',(0.,1.,0.));
#3981=DIRECTION('ref_axis',(0.,0.,1.));
#3982=DIRECTION('center_axis',(-0.104082764569976,0.994568639219773,0.));
#3983=DIRECTION('ref_axis',(0.,0.,1.));
#3984=DIRECTION('',(0.,0.,-1.));
#3985=DIRECTION('center_axis',(0.,1.,0.));
#3986=DIRECTION('ref_axis',(0.,0.,1.));
#3987=DIRECTION('center_axis',(0.,1.,0.));
#3988=DIRECTION('ref_axis',(0.,0.,1.));
#3989=DIRECTION('center_axis',(0.,1.,0.));
#3990=DIRECTION('ref_axis',(0.,0.,1.));
#3991=DIRECTION('center_axis',(0.,1.,0.));
#3992=DIRECTION('ref_axis',(0.,0.,1.));
#3993=DIRECTION('center_axis',(0.,1.,0.));
#3994=DIRECTION('ref_axis',(0.,0.,1.));
#3995=DIRECTION('',(0.,0.,1.));
#3996=DIRECTION('center_axis',(0.,1.,0.));
#3997=DIRECTION('ref_axis',(0.,0.,1.));
#3998=DIRECTION('center_axis',(0.,1.,0.));
#3999=DIRECTION('ref_axis',(0.,0.,1.));
#4000=DIRECTION('center_axis',(0.,1.,0.));
#4001=DIRECTION('ref_axis',(0.,0.,1.));
#4002=DIRECTION('center_axis',(0.,1.,0.));
#4003=DIRECTION('ref_axis',(0.,0.,1.));
#4004=DIRECTION('',(0.,0.,1.));
#4005=DIRECTION('center_axis',(0.,1.,0.));
#4006=DIRECTION('ref_axis',(0.,0.,1.));
#4007=DIRECTION('center_axis',(1.,0.,0.));
#4008=DIRECTION('ref_axis',(0.,0.,-1.));
#4009=DIRECTION('',(0.,0.,-1.));
#4010=DIRECTION('',(0.,0.,1.));
#4011=DIRECTION('',(0.,0.,1.));
#4012=DIRECTION('',(0.,0.,1.));
#4013=DIRECTION('',(0.,0.,-1.));
#4014=DIRECTION('',(0.,1.,0.));
#4015=DIRECTION('',(0.,0.,1.));
#4016=DIRECTION('',(0.,0.,1.));
#4017=DIRECTION('',(0.,0.,1.));
#4018=DIRECTION('',(0.,0.,1.));
#4019=DIRECTION('',(0.,0.,1.));
#4020=DIRECTION('',(0.,1.,0.));
#4021=DIRECTION('center_axis',(0.,1.,0.));
#4022=DIRECTION('ref_axis',(0.,0.,1.));
#4023=DIRECTION('',(1.,0.,0.));
#4024=DIRECTION('',(-1.,0.,0.));
#4025=DIRECTION('center_axis',(0.,1.,0.));
#4026=DIRECTION('ref_axis',(0.,0.,1.));
#4027=DIRECTION('center_axis',(0.,0.,1.));
#4028=DIRECTION('ref_axis',(1.,0.,0.));
#4029=DIRECTION('center_axis',(0.,0.,1.));
#4030=DIRECTION('ref_axis',(1.,0.,0.));
#4031=DIRECTION('center_axis',(0.,0.,-1.));
#4032=DIRECTION('ref_axis',(1.,0.,0.));
#4033=DIRECTION('center_axis',(0.104082764569976,-0.994568639219773,0.));
#4034=DIRECTION('ref_axis',(0.,0.,-1.));
#4035=DIRECTION('',(-0.994568639219773,-0.104082764569976,0.));
#4036=DIRECTION('center_axis',(1.,0.,0.));
#4037=DIRECTION('ref_axis',(0.,0.,-1.));
#4038=DIRECTION('',(0.,0.,-1.));
#4039=DIRECTION('',(0.,0.,-1.));
#4040=DIRECTION('',(0.,-1.,0.));
#4041=DIRECTION('center_axis',(0.,1.,0.));
#4042=DIRECTION('ref_axis',(0.,0.,1.));
#4043=DIRECTION('',(0.,0.,-1.));
#4044=DIRECTION('',(1.,0.,0.));
#4045=DIRECTION('center_axis',(-0.994568639219773,-0.104082764569976,0.));
#4046=DIRECTION('ref_axis',(0.,0.,1.));
#4047=DIRECTION('center_axis',(0.,1.,0.));
#4048=DIRECTION('ref_axis',(0.,0.,1.));
#4049=DIRECTION('center_axis',(-1.,0.,0.));
#4050=DIRECTION('ref_axis',(0.,0.,1.));
#4051=DIRECTION('',(0.,0.,1.));
#4052=DIRECTION('',(0.,-1.,0.));
#4053=DIRECTION('',(0.,1.,0.));
#4054=DIRECTION('center_axis',(0.,1.,0.));
#4055=DIRECTION('ref_axis',(0.,0.,1.));
#4056=DIRECTION('center_axis',(0.,1.,0.));
#4057=DIRECTION('ref_axis',(0.,0.,1.));
#4058=DIRECTION('center_axis',(0.,1.,0.));
#4059=DIRECTION('ref_axis',(0.,0.,1.));
#4060=DIRECTION('center_axis',(0.,1.,0.));
#4061=DIRECTION('ref_axis',(0.,0.,1.));
#4062=DIRECTION('center_axis',(0.,1.,0.));
#4063=DIRECTION('ref_axis',(0.,0.,1.));
#4064=DIRECTION('center_axis',(0.,1.,0.));
#4065=DIRECTION('ref_axis',(0.,0.,1.));
#4066=DIRECTION('center_axis',(0.,1.,0.));
#4067=DIRECTION('ref_axis',(0.,0.,1.));
#4068=DIRECTION('center_axis',(-0.104082764569976,0.994568639219773,0.));
#4069=DIRECTION('ref_axis',(0.994568639219773,0.104082764569976,0.));
#4070=DIRECTION('',(0.,1.,0.));
#4071=DIRECTION('center_axis',(0.,1.,0.));
#4072=DIRECTION('ref_axis',(0.,0.,1.));
#4073=DIRECTION('',(0.,1.,0.));
#4074=DIRECTION('',(0.,1.,0.));
#4075=DIRECTION('center_axis',(-0.104082764569976,0.994568639219773,0.));
#4076=DIRECTION('ref_axis',(0.994568639219773,0.104082764569976,0.));
#4077=DIRECTION('center_axis',(0.,1.,0.));
#4078=DIRECTION('ref_axis',(0.,0.,1.));
#4079=DIRECTION('center_axis',(0.,1.,0.));
#4080=DIRECTION('ref_axis',(0.,0.,1.));
#4081=DIRECTION('center_axis',(0.,1.,0.));
#4082=DIRECTION('ref_axis',(0.,0.,1.));
#4083=DIRECTION('center_axis',(0.,1.,0.));
#4084=DIRECTION('ref_axis',(0.,0.,1.));
#4085=DIRECTION('center_axis',(0.,1.,0.));
#4086=DIRECTION('ref_axis',(0.,0.,1.));
#4087=DIRECTION('center_axis',(0.,1.,0.));
#4088=DIRECTION('ref_axis',(0.,0.,1.));
#4089=DIRECTION('center_axis',(0.,1.,0.));
#4090=DIRECTION('ref_axis',(0.,0.,1.));
#4091=DIRECTION('center_axis',(0.,1.,0.));
#4092=DIRECTION('ref_axis',(0.,0.,1.));
#4093=DIRECTION('center_axis',(0.,1.,0.));
#4094=DIRECTION('ref_axis',(0.,0.,1.));
#4095=DIRECTION('center_axis',(0.,1.,0.));
#4096=DIRECTION('ref_axis',(0.,0.,1.));
#4097=DIRECTION('center_axis',(0.,1.,0.));
#4098=DIRECTION('ref_axis',(0.,0.,1.));
#4099=DIRECTION('',(-1.,0.,0.));
#4100=DIRECTION('center_axis',(0.,1.,0.));
#4101=DIRECTION('ref_axis',(0.,0.,1.));
#4102=DIRECTION('center_axis',(0.,0.,1.));
#4103=DIRECTION('ref_axis',(1.,0.,0.));
#4104=DIRECTION('',(1.,0.,0.));
#4105=DIRECTION('',(-1.,0.,0.));
#4106=DIRECTION('',(0.,1.,0.));
#4107=DIRECTION('center_axis',(0.,-1.,0.));
#4108=DIRECTION('ref_axis',(0.,0.,-1.));
#4109=DIRECTION('center_axis',(0.,0.,1.));
#4110=DIRECTION('ref_axis',(1.,0.,0.));
#4111=DIRECTION('center_axis',(0.,0.,-1.));
#4112=DIRECTION('ref_axis',(-1.,0.,0.));
#4113=DIRECTION('center_axis',(0.,0.,1.));
#4114=DIRECTION('ref_axis',(0.994568639219773,0.104082764569976,0.));
#4115=DIRECTION('',(-1.,0.,0.));
#4116=DIRECTION('center_axis',(0.,-1.,0.));
#4117=DIRECTION('ref_axis',(0.,0.,-1.));
#4118=DIRECTION('',(1.,0.,0.));
#4119=DIRECTION('center_axis',(0.,0.,1.));
#4120=DIRECTION('ref_axis',(0.994568639219773,0.104082764569976,0.));
#4121=DIRECTION('center_axis',(0.,-1.,0.));
#4122=DIRECTION('ref_axis',(0.,0.,-1.));
#4123=DIRECTION('center_axis',(0.,-1.,0.));
#4124=DIRECTION('ref_axis',(0.,0.,-1.));
#4125=DIRECTION('',(-1.,0.,0.));
#4126=DIRECTION('center_axis',(0.,0.,1.));
#4127=DIRECTION('ref_axis',(1.,0.,0.));
#4128=DIRECTION('',(0.,1.,0.));
#4129=DIRECTION('',(1.,0.,0.));
#4130=DIRECTION('',(0.,1.,0.));
#4131=DIRECTION('center_axis',(-1.,0.,0.));
#4132=DIRECTION('ref_axis',(0.,0.,1.));
#4133=DIRECTION('',(0.,0.,1.));
#4134=DIRECTION('center_axis',(0.,0.,1.));
#4135=DIRECTION('ref_axis',(0.994568639219773,0.104082764569976,0.));
#4136=DIRECTION('center_axis',(0.,0.,1.));
#4137=DIRECTION('ref_axis',(0.994568639219773,0.104082764569976,0.));
#4138=DIRECTION('center_axis',(0.,0.,1.));
#4139=DIRECTION('ref_axis',(1.,0.,0.));
#4140=DIRECTION('center_axis',(0.,0.,1.));
#4141=DIRECTION('ref_axis',(1.,0.,0.));
#4142=DIRECTION('center_axis',(0.,0.,1.));
#4143=DIRECTION('ref_axis',(1.,0.,0.));
#4144=DIRECTION('',(0.,0.,-1.));
#4145=DIRECTION('center_axis',(0.,1.,0.));
#4146=DIRECTION('ref_axis',(3.53862528876521E-12,0.,-1.));
#4147=DIRECTION('center_axis',(0.,1.,0.));
#4148=DIRECTION('ref_axis',(0.,0.,1.));
#4149=DIRECTION('center_axis',(-0.104082764569976,0.994568639219773,0.));
#4150=DIRECTION('ref_axis',(0.994568639219773,0.104082764569976,0.));
#4151=DIRECTION('center_axis',(0.,1.,0.));
#4152=DIRECTION('ref_axis',(0.,0.,1.));
#4153=DIRECTION('center_axis',(-0.104082764569976,0.994568639219773,0.));
#4154=DIRECTION('ref_axis',(0.994568639219773,0.104082764569976,0.));
#4155=DIRECTION('center_axis',(-0.104082764569976,0.994568639219773,0.));
#4156=DIRECTION('ref_axis',(0.,0.,1.));
#4157=DIRECTION('center_axis',(0.,1.,0.));
#4158=DIRECTION('ref_axis',(0.,0.,1.));
#4159=DIRECTION('center_axis',(0.,1.,0.));
#4160=DIRECTION('ref_axis',(0.,0.,1.));
#4161=DIRECTION('center_axis',(0.,1.,0.));
#4162=DIRECTION('ref_axis',(0.,0.,1.));
#4163=DIRECTION('center_axis',(0.,1.,0.));
#4164=DIRECTION('ref_axis',(0.,0.,1.));
#4165=DIRECTION('center_axis',(0.,1.,0.));
#4166=DIRECTION('ref_axis',(0.,0.,1.));
#4167=DIRECTION('center_axis',(-0.104082764569976,0.994568639219773,0.));
#4168=DIRECTION('ref_axis',(0.,0.,1.));
#4169=DIRECTION('',(0.,0.,-1.));
#4170=DIRECTION('center_axis',(1.,0.,0.));
#4171=DIRECTION('ref_axis',(0.,0.,-1.));
#4172=DIRECTION('',(0.,0.,-1.));
#4173=DIRECTION('',(0.,1.,0.));
#4174=DIRECTION('',(0.,0.,-1.));
#4175=DIRECTION('',(0.,-1.,0.));
#4176=DIRECTION('center_axis',(0.,1.,0.));
#4177=DIRECTION('ref_axis',(0.,0.,1.));
#4178=DIRECTION('',(-1.,0.,0.));
#4179=DIRECTION('',(0.,0.,-1.));
#4180=DIRECTION('',(1.,0.,0.));
#4181=DIRECTION('center_axis',(-0.994568639219773,-0.104082764569976,0.));
#4182=DIRECTION('ref_axis',(0.,0.,1.));
#4183=DIRECTION('',(0.104082764569976,-0.994568639219773,0.));
#4184=DIRECTION('center_axis',(0.,1.,0.));
#4185=DIRECTION('ref_axis',(0.,0.,1.));
#4186=DIRECTION('center_axis',(0.,1.,0.));
#4187=DIRECTION('ref_axis',(0.,0.,1.));
#4188=DIRECTION('center_axis',(0.,1.,0.));
#4189=DIRECTION('ref_axis',(0.,0.,1.));
#4190=DIRECTION('center_axis',(0.,-1.,0.));
#4191=DIRECTION('ref_axis',(0.,0.,-1.));
#4192=DIRECTION('center_axis',(-1.,0.,0.));
#4193=DIRECTION('ref_axis',(0.,0.,1.));
#4194=DIRECTION('',(0.,0.,-1.));
#4195=DIRECTION('center_axis',(0.,1.,0.));
#4196=DIRECTION('ref_axis',(0.,0.,1.));
#4197=DIRECTION('center_axis',(0.,1.,0.));
#4198=DIRECTION('ref_axis',(1.,0.,0.));
#4199=DIRECTION('center_axis',(0.,1.,0.));
#4200=DIRECTION('ref_axis',(0.,0.,1.));
#4201=DIRECTION('center_axis',(0.,0.,1.));
#4202=DIRECTION('ref_axis',(1.,0.,0.));
#4203=DIRECTION('',(-1.,0.,0.));
#4204=DIRECTION('',(0.,1.,0.));
#4205=DIRECTION('',(1.,0.,0.));
#4206=DIRECTION('',(0.,1.,0.));
#4207=DIRECTION('center_axis',(0.,-1.,0.));
#4208=DIRECTION('ref_axis',(0.,0.,-1.));
#4209=DIRECTION('',(1.,0.,0.));
#4210=DIRECTION('center_axis',(0.,0.,1.));
#4211=DIRECTION('ref_axis',(1.,0.,0.));
#4212=DIRECTION('',(0.,-1.,0.));
#4213=DIRECTION('',(0.,-1.,0.));
#4214=DIRECTION('',(-1.,0.,0.));
#4215=DIRECTION('center_axis',(-1.,0.,0.));
#4216=DIRECTION('ref_axis',(0.,0.,1.));
#4217=DIRECTION('',(0.,0.,1.));
#4218=DIRECTION('center_axis',(0.,1.,0.));
#4219=DIRECTION('ref_axis',(1.,0.,0.));
#4220=DIRECTION('',(0.,1.,0.));
#4221=DIRECTION('center_axis',(0.,1.,0.));
#4222=DIRECTION('ref_axis',(0.,0.,1.));
#4223=DIRECTION('',(0.,0.,-1.));
#4224=DIRECTION('center_axis',(0.,1.,0.));
#4225=DIRECTION('ref_axis',(1.,0.,0.));
#4226=DIRECTION('center_axis',(-1.,0.,0.));
#4227=DIRECTION('ref_axis',(0.,0.,1.));
#4228=DIRECTION('center_axis',(0.,-1.,0.));
#4229=DIRECTION('ref_axis',(0.,0.,-1.));
#4230=DIRECTION('center_axis',(0.,1.,0.));
#4231=DIRECTION('ref_axis',(1.,0.,0.));
#4232=DIRECTION('',(0.,1.,0.));
#4233=CARTESIAN_POINT('',(0.,0.,0.));
#4234=CARTESIAN_POINT('Origin',(505.,62.,289.75));
#4235=CARTESIAN_POINT('',(503.2,62.,290.));
#4236=CARTESIAN_POINT('Origin',(505.,62.,290.));
#4237=CARTESIAN_POINT('',(503.2,62.,277.75));
#4238=CARTESIAN_POINT('',(503.2,62.,289.75));
#4239=CARTESIAN_POINT('Origin',(505.,62.,277.75));
#4240=CARTESIAN_POINT('Origin',(505.,62.,277.75));
#4241=CARTESIAN_POINT('Origin',(498.,65.75,289.75));
#4242=CARTESIAN_POINT('',(498.,62.,289.75));
#4243=CARTESIAN_POINT('',(499.,62.,289.75));
#4244=CARTESIAN_POINT('',(498.5,62.,289.75));
#4245=CARTESIAN_POINT('',(498.,58.25,289.75));
#4246=CARTESIAN_POINT('',(498.,65.75,289.75));
#4247=CARTESIAN_POINT('',(520.,58.25,289.75));
#4248=CARTESIAN_POINT('',(498.,58.25,289.75));
#4249=CARTESIAN_POINT('',(520.,61.2110133080968,289.75));
#4250=CARTESIAN_POINT('',(520.,65.75,289.75));
#4251=CARTESIAN_POINT('',(520.,62.7889866919032,289.75));
#4252=CARTESIAN_POINT('Origin',(518.,62.,289.75));
#4253=CARTESIAN_POINT('',(520.,65.75,289.75));
#4254=CARTESIAN_POINT('',(520.,65.75,289.75));
#4255=CARTESIAN_POINT('',(499.,65.75,289.75));
#4256=CARTESIAN_POINT('',(503.5,65.75,289.75));
#4257=CARTESIAN_POINT('',(499.,63.875,289.75));
#4258=CARTESIAN_POINT('',(502.85,62.,289.75));
#4259=CARTESIAN_POINT('Origin',(505.,62.,289.75));
#4260=CARTESIAN_POINT('Origin',(509.,65.75,291.875));
#4261=CARTESIAN_POINT('',(499.,65.75,288.));
#4262=CARTESIAN_POINT('',(499.,65.75,286.9375));
#4263=CARTESIAN_POINT('',(520.,65.75,288.));
#4264=CARTESIAN_POINT('',(520.,65.75,288.));
#4265=CARTESIAN_POINT('',(515.,65.75,288.));
#4266=CARTESIAN_POINT('',(498.,65.75,288.));
#4267=CARTESIAN_POINT('',(512.,65.75,288.));
#4268=CARTESIAN_POINT('Origin',(515.,72.,288.));
#4269=CARTESIAN_POINT('',(499.,65.5,288.));
#4270=CARTESIAN_POINT('',(499.,67.,288.));
#4271=CARTESIAN_POINT('',(515.,65.5,288.));
#4272=CARTESIAN_POINT('',(515.,72.,288.));
#4273=CARTESIAN_POINT('',(515.,65.5,288.));
#4274=CARTESIAN_POINT('Origin',(501.,72.,282.));
#4275=CARTESIAN_POINT('',(499.,65.5,282.788986691903));
#4276=CARTESIAN_POINT('',(499.,66.,282.788986691903));
#4277=CARTESIAN_POINT('',(499.,72.,282.788986691903));
#4278=CARTESIAN_POINT('',(499.,65.5,281.211013308097));
#4279=CARTESIAN_POINT('Origin',(501.,65.5,282.));
#4280=CARTESIAN_POINT('',(499.,66.,281.211013308097));
#4281=CARTESIAN_POINT('',(499.,72.,281.211013308097));
#4282=CARTESIAN_POINT('Origin',(501.,66.,282.));
#4283=CARTESIAN_POINT('Origin',(488.5,65.5,276.));
#4284=CARTESIAN_POINT('',(499.,65.5,279.));
#4285=CARTESIAN_POINT('',(515.,65.5,274.));
#4286=CARTESIAN_POINT('',(515.,65.5,270.));
#4287=CARTESIAN_POINT('',(499.,65.5,274.));
#4288=CARTESIAN_POINT('',(493.75,65.5,274.));
#4289=CARTESIAN_POINT('',(499.,65.5,279.));
#4290=CARTESIAN_POINT('',(507.85,65.5,282.));
#4291=CARTESIAN_POINT('Origin',(510.,65.5,282.));
#4292=CARTESIAN_POINT('Origin',(462.,72.,192.));
#4293=CARTESIAN_POINT('',(499.,65.5,192.));
#4294=CARTESIAN_POINT('',(499.,66.,192.));
#4295=CARTESIAN_POINT('',(499.,67.,192.));
#4296=CARTESIAN_POINT('',(515.,65.5,192.));
#4297=CARTESIAN_POINT('',(515.,65.5,192.));
#4298=CARTESIAN_POINT('',(515.,66.,192.));
#4299=CARTESIAN_POINT('',(515.,72.,192.));
#4300=CARTESIAN_POINT('',(489.5,66.,192.));
#4301=CARTESIAN_POINT('Origin',(488.5,65.5,204.));
#4302=CARTESIAN_POINT('',(499.,65.5,197.211013308097));
#4303=CARTESIAN_POINT('',(499.,65.5,201.));
#4304=CARTESIAN_POINT('',(499.,65.5,198.788986691903));
#4305=CARTESIAN_POINT('Origin',(501.,65.5,198.));
#4306=CARTESIAN_POINT('',(499.,65.5,206.));
#4307=CARTESIAN_POINT('',(499.,65.5,201.));
#4308=CARTESIAN_POINT('',(515.,65.5,206.));
#4309=CARTESIAN_POINT('',(493.75,65.5,206.));
#4310=CARTESIAN_POINT('',(515.,65.5,210.));
#4311=CARTESIAN_POINT('',(507.85,65.5,198.));
#4312=CARTESIAN_POINT('Origin',(510.,65.5,198.));
#4313=CARTESIAN_POINT('Origin',(515.,72.,192.));
#4314=CARTESIAN_POINT('',(515.,66.,206.));
#4315=CARTESIAN_POINT('',(515.,66.,195.));
#4316=CARTESIAN_POINT('',(515.,62.25,206.));
#4317=CARTESIAN_POINT('Origin',(505.,62.,296.));
#4318=CARTESIAN_POINT('',(502.85,62.,290.));
#4319=CARTESIAN_POINT('',(502.85,62.,296.));
#4320=CARTESIAN_POINT('Origin',(505.,62.,290.));
#4321=CARTESIAN_POINT('Origin',(518.,62.,296.));
#4322=CARTESIAN_POINT('',(520.,62.7889866919032,290.));
#4323=CARTESIAN_POINT('',(520.,61.2110133080968,290.));
#4324=CARTESIAN_POINT('Origin',(518.,62.,290.));
#4325=CARTESIAN_POINT('',(520.,62.7889866919032,296.));
#4326=CARTESIAN_POINT('',(520.,61.2110133080968,296.));
#4327=CARTESIAN_POINT('Origin',(520.,72.,288.));
#4328=CARTESIAN_POINT('',(520.,66.,290.));
#4329=CARTESIAN_POINT('',(520.,62.25,290.));
#4330=CARTESIAN_POINT('',(520.,66.,288.));
#4331=CARTESIAN_POINT('',(520.,66.,285.));
#4332=CARTESIAN_POINT('',(520.,72.,288.));
#4333=CARTESIAN_POINT('Origin',(509.,58.25,292.75));
#4334=CARTESIAN_POINT('',(520.,58.25,290.));
#4335=CARTESIAN_POINT('',(498.,58.25,290.));
#4336=CARTESIAN_POINT('',(504.,58.25,290.));
#4337=CARTESIAN_POINT('',(520.,58.25,289.75));
#4338=CARTESIAN_POINT('',(498.,58.25,295.75));
#4339=CARTESIAN_POINT('Origin',(498.,72.,288.));
#4340=CARTESIAN_POINT('',(515.,66.,288.));
#4341=CARTESIAN_POINT('',(507.5,66.,288.));
#4342=CARTESIAN_POINT('',(515.,72.,288.));
#4343=CARTESIAN_POINT('Origin',(520.,72.,288.));
#4344=CARTESIAN_POINT('',(520.,62.25,290.));
#4345=CARTESIAN_POINT('Origin',(498.,72.,295.75));
#4346=CARTESIAN_POINT('',(498.,62.,290.));
#4347=CARTESIAN_POINT('',(498.,62.,288.875));
#4348=CARTESIAN_POINT('',(498.,62.25,290.));
#4349=CARTESIAN_POINT('Origin',(510.,72.,198.));
#4350=CARTESIAN_POINT('',(507.85,66.,198.));
#4351=CARTESIAN_POINT('',(507.85,72.,198.));
#4352=CARTESIAN_POINT('Origin',(510.,66.,198.));
#4353=CARTESIAN_POINT('Origin',(501.,72.,198.));
#4354=CARTESIAN_POINT('',(499.,66.,197.211013308097));
#4355=CARTESIAN_POINT('',(499.,72.,197.211013308097));
#4356=CARTESIAN_POINT('',(499.,66.,198.788986691903));
#4357=CARTESIAN_POINT('Origin',(501.,66.,198.));
#4358=CARTESIAN_POINT('',(499.,72.,198.788986691903));
#4359=CARTESIAN_POINT('Origin',(510.,72.,282.));
#4360=CARTESIAN_POINT('',(507.85,66.,282.));
#4361=CARTESIAN_POINT('',(507.85,72.,282.));
#4362=CARTESIAN_POINT('Origin',(510.,66.,282.));
#4363=CARTESIAN_POINT('Origin',(515.,72.,270.));
#4364=CARTESIAN_POINT('',(515.,66.,274.));
#4365=CARTESIAN_POINT('',(515.,66.,276.));
#4366=CARTESIAN_POINT('',(515.,62.25,274.));
#4367=CARTESIAN_POINT('Origin',(518.,62.,289.75));
#4368=CARTESIAN_POINT('',(516.2,62.,290.));
#4369=CARTESIAN_POINT('Origin',(518.,62.,290.));
#4370=CARTESIAN_POINT('',(516.2,62.,277.75));
#4371=CARTESIAN_POINT('',(516.2,62.,289.75));
#4372=CARTESIAN_POINT('Origin',(518.,62.,277.75));
#4373=CARTESIAN_POINT('Origin',(518.,62.,277.75));
#4374=CARTESIAN_POINT('Origin',(499.,62.,282.));
#4375=CARTESIAN_POINT('',(499.,66.,282.));
#4376=CARTESIAN_POINT('',(499.,62.,274.));
#4377=CARTESIAN_POINT('',(499.,62.,274.));
#4378=CARTESIAN_POINT('',(499.,62.,282.));
#4379=CARTESIAN_POINT('Origin',(499.,52.5,274.));
#4380=CARTESIAN_POINT('',(535.,66.,274.));
#4381=CARTESIAN_POINT('',(517.,66.,274.));
#4382=CARTESIAN_POINT('',(535.,58.,274.));
#4383=CARTESIAN_POINT('',(535.,62.,274.));
#4384=CARTESIAN_POINT('',(503.,58.,274.));
#4385=CARTESIAN_POINT('',(517.,58.,274.));
#4386=CARTESIAN_POINT('',(503.,43.,274.));
#4387=CARTESIAN_POINT('',(503.,52.5,274.));
#4388=CARTESIAN_POINT('',(500.,43.,274.));
#4389=CARTESIAN_POINT('',(499.,43.,274.));
#4390=CARTESIAN_POINT('',(499.58366894172,46.978274556879,274.));
#4391=CARTESIAN_POINT('',(500.,43.,274.));
#4392=CARTESIAN_POINT('',(495.,46.498588272281,274.));
#4393=CARTESIAN_POINT('',(456.58366894172,42.478274556879,274.));
#4394=CARTESIAN_POINT('',(495.,62.,274.));
#4395=CARTESIAN_POINT('',(495.,52.5,274.));
#4396=CARTESIAN_POINT('',(499.,62.,274.));
#4397=CARTESIAN_POINT('Origin',(499.,62.,198.));
#4398=CARTESIAN_POINT('',(499.,66.,190.));
#4399=CARTESIAN_POINT('',(499.,66.,198.));
#4400=CARTESIAN_POINT('',(499.,62.,190.));
#4401=CARTESIAN_POINT('',(499.,62.,190.));
#4402=CARTESIAN_POINT('',(499.,62.,206.));
#4403=CARTESIAN_POINT('',(499.,62.,198.));
#4404=CARTESIAN_POINT('',(499.,62.,206.));
#4405=CARTESIAN_POINT('',(499.,66.,198.));
#4406=CARTESIAN_POINT('Origin',(517.,66.,198.));
#4407=CARTESIAN_POINT('',(535.,66.,206.));
#4408=CARTESIAN_POINT('',(517.,66.,206.));
#4409=CARTESIAN_POINT('',(535.,66.,190.));
#4410=CARTESIAN_POINT('',(535.,66.,198.));
#4411=CARTESIAN_POINT('',(517.,66.,190.));
#4412=CARTESIAN_POINT('',(523.8,66.,198.));
#4413=CARTESIAN_POINT('Origin',(526.,66.,198.));
#4414=CARTESIAN_POINT('Origin',(517.,66.,198.));
#4415=CARTESIAN_POINT('',(508.2,66.,198.));
#4416=CARTESIAN_POINT('Origin',(510.,66.,198.));
#4417=CARTESIAN_POINT('Origin',(517.,66.,282.));
#4418=CARTESIAN_POINT('',(535.,66.,290.));
#4419=CARTESIAN_POINT('',(517.,66.,290.));
#4420=CARTESIAN_POINT('',(535.,66.,282.));
#4421=CARTESIAN_POINT('',(523.8,66.,282.));
#4422=CARTESIAN_POINT('Origin',(526.,66.,282.));
#4423=CARTESIAN_POINT('Origin',(517.,66.,282.));
#4424=CARTESIAN_POINT('',(499.2,66.,282.));
#4425=CARTESIAN_POINT('Origin',(501.,66.,282.));
#4426=CARTESIAN_POINT('Origin',(499.,52.5,290.));
#4427=CARTESIAN_POINT('Origin',(501.,53.5,282.));
#4428=CARTESIAN_POINT('',(499.2,53.5,282.));
#4429=CARTESIAN_POINT('Origin',(501.,53.5,282.));
#4430=CARTESIAN_POINT('Origin',(501.,53.5,198.));
#4431=CARTESIAN_POINT('',(499.2,53.5,198.));
#4432=CARTESIAN_POINT('Origin',(501.,53.5,198.));
#4433=CARTESIAN_POINT('Origin',(501.,65.5,282.));
#4434=CARTESIAN_POINT('',(499.2,65.5,282.));
#4435=CARTESIAN_POINT('Origin',(510.,65.5,198.));
#4436=CARTESIAN_POINT('',(508.2,58.,198.));
#4437=CARTESIAN_POINT('Origin',(510.,58.,198.));
#4438=CARTESIAN_POINT('',(508.2,65.5,198.));
#4439=CARTESIAN_POINT('Origin',(501.,65.5,198.));
#4440=CARTESIAN_POINT('',(499.2,66.,198.));
#4441=CARTESIAN_POINT('',(499.2,65.5,198.));
#4442=CARTESIAN_POINT('Origin',(501.,66.,198.));
#4443=CARTESIAN_POINT('Origin',(510.,65.5,282.));
#4444=CARTESIAN_POINT('',(508.2,58.,282.));
#4445=CARTESIAN_POINT('Origin',(510.,58.,282.));
#4446=CARTESIAN_POINT('',(508.2,66.,282.));
#4447=CARTESIAN_POINT('',(508.2,65.5,282.));
#4448=CARTESIAN_POINT('Origin',(510.,66.,282.));
#4449=CARTESIAN_POINT('Origin',(485.,0.,274.));
#4450=CARTESIAN_POINT('',(490.,27.5,274.));
#4451=CARTESIAN_POINT('',(480.,27.5,274.));
#4452=CARTESIAN_POINT('',(482.75,27.5,274.));
#4453=CARTESIAN_POINT('',(490.,36.5,274.));
#4454=CARTESIAN_POINT('',(490.,0.,274.));
#4455=CARTESIAN_POINT('',(482.64999999999,36.5,274.));
#4456=CARTESIAN_POINT('',(485.,36.5,274.));
#4457=CARTESIAN_POINT('',(482.65,34.,274.));
#4458=CARTESIAN_POINT('',(482.65,34.,274.));
#4459=CARTESIAN_POINT('',(482.5,34.,274.));
#4460=CARTESIAN_POINT('',(482.5,34.,274.));
#4461=CARTESIAN_POINT('',(480.,34.,274.));
#4462=CARTESIAN_POINT('',(482.5,34.,274.));
#4463=CARTESIAN_POINT('',(480.,0.,274.));
#4464=CARTESIAN_POINT('Origin',(490.,0.,240.));
#4465=CARTESIAN_POINT('',(490.,27.5,206.));
#4466=CARTESIAN_POINT('',(490.,27.5,240.));
#4467=CARTESIAN_POINT('',(490.,36.5,206.));
#4468=CARTESIAN_POINT('',(490.,0.,206.));
#4469=CARTESIAN_POINT('',(490.,36.5,211.));
#4470=CARTESIAN_POINT('',(490.,36.5,240.));
#4471=CARTESIAN_POINT('',(490.,35.,211.));
#4472=CARTESIAN_POINT('',(490.,21.,211.));
#4473=CARTESIAN_POINT('',(490.,35.,269.));
#4474=CARTESIAN_POINT('',(490.,35.,240.));
#4475=CARTESIAN_POINT('',(490.,36.5,269.));
#4476=CARTESIAN_POINT('',(490.,21.,269.));
#4477=CARTESIAN_POINT('',(490.,36.5,240.));
#4478=CARTESIAN_POINT('Origin',(425.,0.,240.));
#4479=CARTESIAN_POINT('',(425.,27.5,274.));
#4480=CARTESIAN_POINT('',(425.,27.5,206.));
#4481=CARTESIAN_POINT('',(425.,27.5,240.));
#4482=CARTESIAN_POINT('',(425.,39.1730068769168,274.));
#4483=CARTESIAN_POINT('',(425.,4.375,274.));
#4484=CARTESIAN_POINT('',(425.,39.1730068769168,270.039736806267));
#4485=CARTESIAN_POINT('',(425.,39.1730068769168,240.));
#4486=CARTESIAN_POINT('',(425.,39.1730068769168,263.960263193733));
#4487=CARTESIAN_POINT('Origin',(425.,34.,267.));
#4488=CARTESIAN_POINT('',(425.,39.1730068769174,260.));
#4489=CARTESIAN_POINT('',(425.,39.1730068769168,240.));
#4490=CARTESIAN_POINT('',(425.,36.5,260.));
#4491=CARTESIAN_POINT('',(425.,19.75,260.));
#4492=CARTESIAN_POINT('',(425.,36.5,220.));
#4493=CARTESIAN_POINT('',(425.,36.5,240.));
#4494=CARTESIAN_POINT('',(425.,39.1730068769174,220.));
#4495=CARTESIAN_POINT('',(425.,19.75,220.));
#4496=CARTESIAN_POINT('',(425.,39.1730068769168,216.039736806267));
#4497=CARTESIAN_POINT('',(425.,39.1730068769168,240.));
#4498=CARTESIAN_POINT('',(425.,39.1730068769168,209.960263193733));
#4499=CARTESIAN_POINT('Origin',(425.,34.,213.));
#4500=CARTESIAN_POINT('',(425.,39.1730068769168,206.));
#4501=CARTESIAN_POINT('',(425.,39.1730068769168,240.));
#4502=CARTESIAN_POINT('',(425.,4.375,206.));
#4503=CARTESIAN_POINT('',(425.,34.,269.25));
#4504=CARTESIAN_POINT('Origin',(425.,34.,267.));
#4505=CARTESIAN_POINT('',(425.,34.,215.25));
#4506=CARTESIAN_POINT('Origin',(425.,34.,213.));
#4507=CARTESIAN_POINT('Origin',(457.,-38.5,206.));
#4508=CARTESIAN_POINT('',(435.,27.5,206.));
#4509=CARTESIAN_POINT('',(468.75,27.5,206.));
#4510=CARTESIAN_POINT('',(495.,46.498588272281,206.));
#4511=CARTESIAN_POINT('',(456.58366894172,42.478274556879,206.));
#4512=CARTESIAN_POINT('',(495.,43.,206.));
#4513=CARTESIAN_POINT('',(495.,45.5,206.));
#4514=CARTESIAN_POINT('',(500.,43.,206.));
#4515=CARTESIAN_POINT('',(478.,43.,206.));
#4516=CARTESIAN_POINT('',(500.41633105827,39.021725443121,206.));
#4517=CARTESIAN_POINT('',(500.,43.,206.));
#4518=CARTESIAN_POINT('',(482.65,37.162458239361,206.));
#4519=CARTESIAN_POINT('',(457.41633105827,34.521725443121,206.));
#4520=CARTESIAN_POINT('',(482.65,39.,206.));
#4521=CARTESIAN_POINT('',(482.65,34.,206.));
#4522=CARTESIAN_POINT('',(482.5,39.,206.));
#4523=CARTESIAN_POINT('',(468.5,39.,206.));
#4524=CARTESIAN_POINT('',(477.5,39.,206.));
#4525=CARTESIAN_POINT('',(468.5,39.,206.));
#4526=CARTESIAN_POINT('',(477.35,39.,206.));
#4527=CARTESIAN_POINT('',(468.5,39.,206.));
#4528=CARTESIAN_POINT('',(477.34999999999,36.607807076566,206.));
#4529=CARTESIAN_POINT('',(477.35,34.,206.));
#4530=CARTESIAN_POINT('',(463.84732378075,35.194736309426,206.));
#4531=CARTESIAN_POINT('',(457.41633105827,34.521725443121,206.));
#4532=CARTESIAN_POINT('',(459.94534903528,34.786390115133,206.));
#4533=CARTESIAN_POINT('Origin',(462.,34.,206.));
#4534=CARTESIAN_POINT('',(435.,32.175830332371,206.));
#4535=CARTESIAN_POINT('',(457.41633105827,34.521725443121,206.));
#4536=CARTESIAN_POINT('',(435.,0.,206.));
#4537=CARTESIAN_POINT('',(427.8,34.,206.));
#4538=CARTESIAN_POINT('Origin',(430.,34.,206.));
#4539=CARTESIAN_POINT('Origin',(456.58366894172,42.478274556879,240.));
#4540=CARTESIAN_POINT('',(428.219103658833,39.5098898179589,210.624897014032));
#4541=CARTESIAN_POINT('Origin',(375.569045398572,34.,213.));
#4542=CARTESIAN_POINT('',(432.015564437075,39.9071938528881,211.));
#4543=CARTESIAN_POINT('Origin',(430.,39.6962626908726,212.));
#4544=CARTESIAN_POINT('',(499.58366894172,46.978274556879,211.));
#4545=CARTESIAN_POINT('',(467.15107565564,43.584165957173,211.));
#4546=CARTESIAN_POINT('',(499.58366894172,46.978274556879,206.));
#4547=CARTESIAN_POINT('',(499.58366894172,46.978274556879,240.));
#4548=CARTESIAN_POINT('',(456.58366894172,42.478274556879,206.));
#4549=CARTESIAN_POINT('Origin',(456.58366894172,42.478274556879,240.));
#4550=CARTESIAN_POINT('',(456.58366894172,42.478274556879,274.));
#4551=CARTESIAN_POINT('',(499.58366894172,46.978274556879,269.));
#4552=CARTESIAN_POINT('',(499.58366894172,46.978274556879,240.));
#4553=CARTESIAN_POINT('',(432.015564437075,39.9071938528881,269.));
#4554=CARTESIAN_POINT('',(467.15107565564,43.584165957173,269.));
#4555=CARTESIAN_POINT('',(428.219103658833,39.5098898179589,269.375102985968));
#4556=CARTESIAN_POINT('Origin',(430.,39.6962626908726,268.));
#4557=CARTESIAN_POINT('Origin',(375.569045398572,34.,267.));
#4558=CARTESIAN_POINT('Origin',(485.,0.,268.));
#4559=CARTESIAN_POINT('',(482.75,27.5,268.));
#4560=CARTESIAN_POINT('Origin',(485.,27.5,268.));
#4561=CARTESIAN_POINT('',(482.75,35.,268.));
#4562=CARTESIAN_POINT('',(482.75,0.,268.));
#4563=CARTESIAN_POINT('',(482.984435562925,35.,269.));
#4564=CARTESIAN_POINT('Origin',(485.,35.,268.));
#4565=CARTESIAN_POINT('',(482.984435562925,36.5,269.));
#4566=CARTESIAN_POINT('',(482.984435562925,0.,269.));
#4567=CARTESIAN_POINT('',(487.015564437075,36.5,269.));
#4568=CARTESIAN_POINT('Origin',(485.,36.5,268.));
#4569=CARTESIAN_POINT('',(487.015564437075,35.,269.));
#4570=CARTESIAN_POINT('',(487.015564437075,0.,269.));
#4571=CARTESIAN_POINT('Origin',(485.,35.,268.));
#4572=CARTESIAN_POINT('Origin',(485.,0.,212.));
#4573=CARTESIAN_POINT('',(482.75,27.5,212.));
#4574=CARTESIAN_POINT('Origin',(485.,27.5,212.));
#4575=CARTESIAN_POINT('',(482.75,35.,212.));
#4576=CARTESIAN_POINT('',(482.75,0.,212.));
#4577=CARTESIAN_POINT('',(487.015564437075,35.,211.));
#4578=CARTESIAN_POINT('Origin',(485.,35.,212.));
#4579=CARTESIAN_POINT('',(487.015564437075,36.5,211.));
#4580=CARTESIAN_POINT('',(487.015564437075,0.,211.));
#4581=CARTESIAN_POINT('',(482.984435562925,36.5,211.));
#4582=CARTESIAN_POINT('Origin',(485.,36.5,212.));
#4583=CARTESIAN_POINT('',(482.984435562925,35.,211.));
#4584=CARTESIAN_POINT('',(482.984435562925,0.,211.));
#4585=CARTESIAN_POINT('Origin',(485.,35.,212.));
#4586=CARTESIAN_POINT('Origin',(430.,0.,268.));
#4587=CARTESIAN_POINT('',(427.75,27.5,268.));
#4588=CARTESIAN_POINT('Origin',(430.,27.5,268.));
#4589=CARTESIAN_POINT('',(427.75,31.9844355627599,267.999999999833));
#4590=CARTESIAN_POINT('',(427.75,0.,268.));
#4591=CARTESIAN_POINT('',(428.129171306613,34.,269.25));
#4592=CARTESIAN_POINT('Ctrl Pts',(428.129171306613,34.,269.25));
#4593=CARTESIAN_POINT('Ctrl Pts',(428.129171306613,33.7359656179073,269.25));
#4594=CARTESIAN_POINT('Ctrl Pts',(428.093987774513,33.4576273884988,269.200918512411));
#4595=CARTESIAN_POINT('Ctrl Pts',(427.983978228215,32.9432319916273,269.005356475972));
#4596=CARTESIAN_POINT('Ctrl Pts',(427.912697957519,32.7063870502389,268.85897033244));
#4597=CARTESIAN_POINT('Ctrl Pts',(427.805395878573,32.3273101417528,268.52498830164));
#4598=CARTESIAN_POINT('Ctrl Pts',(427.757920819646,32.140318463148,268.291421349565));
#4599=CARTESIAN_POINT('Ctrl Pts',(427.750369875935,32.0081153210148,268.046690487319));
#4600=CARTESIAN_POINT('Ctrl Pts',(427.749999999996,31.9961167753558,268.023544236366));
#4601=CARTESIAN_POINT('Ctrl Pts',(427.75,31.9844355627599,267.999999999666));
#4602=CARTESIAN_POINT('',(427.75,36.0155644372401,267.999999999833));
#4603=CARTESIAN_POINT('Ctrl Pts',(427.75,36.0155644372401,267.999999999666));
#4604=CARTESIAN_POINT('Ctrl Pts',(427.749999999996,36.0038832246442,268.023544236366));
#4605=CARTESIAN_POINT('Ctrl Pts',(427.750369875935,35.9918846789852,268.046690487319));
#4606=CARTESIAN_POINT('Ctrl Pts',(427.757920819646,35.859681536852,268.291421349565));
#4607=CARTESIAN_POINT('Ctrl Pts',(427.805395878573,35.6726898582472,268.52498830164));
#4608=CARTESIAN_POINT('Ctrl Pts',(427.912697957519,35.2936129497611,268.85897033244));
#4609=CARTESIAN_POINT('Ctrl Pts',(427.983978228215,35.0567680083727,269.005356475972));
#4610=CARTESIAN_POINT('Ctrl Pts',(428.093987774513,34.5423726115012,269.200918512411));
#4611=CARTESIAN_POINT('Ctrl Pts',(428.129171306613,34.2640343820927,269.25));
#4612=CARTESIAN_POINT('Ctrl Pts',(428.129171306613,34.,269.25));
#4613=CARTESIAN_POINT('',(427.75,39.9160797830996,268.));
#4614=CARTESIAN_POINT('',(427.75,0.,268.));
#4615=CARTESIAN_POINT('Ctrl Pts',(428.219103658833,39.5098898179589,269.375102985968));
#4616=CARTESIAN_POINT('Ctrl Pts',(428.104007010986,39.5741446248963,269.2260412785));
#4617=CARTESIAN_POINT('Ctrl Pts',(428.004910917737,39.6390679656776,269.058252299484));
#4618=CARTESIAN_POINT('Ctrl Pts',(427.810665241201,39.7899583001443,268.600760486444));
#4619=CARTESIAN_POINT('Ctrl Pts',(427.75,39.8664243497012,268.29376550565));
#4620=CARTESIAN_POINT('Ctrl Pts',(427.75,39.9160797830996,268.));
#4621=CARTESIAN_POINT('',(432.015564437075,39.6568542494924,269.));
#4622=CARTESIAN_POINT('',(432.015564437075,0.,269.));
#4623=CARTESIAN_POINT('Ctrl Pts',(427.75,39.9160797830996,268.));
#4624=CARTESIAN_POINT('Ctrl Pts',(427.75,39.9631841580337,267.721326759757));
#4625=CARTESIAN_POINT('Ctrl Pts',(427.805172067858,39.9915769216988,267.421444590731));
#4626=CARTESIAN_POINT('Ctrl Pts',(428.032601717292,40.0049309184689,266.868037085364));
#4627=CARTESIAN_POINT('Ctrl Pts',(428.204867939265,39.9909787861674,266.61454205479));
#4628=CARTESIAN_POINT('Ctrl Pts',(428.603544395459,39.9516176399432,266.213113120623));
#4629=CARTESIAN_POINT('Ctrl Pts',(428.856827576183,39.9236760452868,266.038794789203));
#4630=CARTESIAN_POINT('Ctrl Pts',(429.41274701497,39.8814215689099,265.807215814516));
#4631=CARTESIAN_POINT('Ctrl Pts',(429.715495395444,39.8683472971528,265.75));
#4632=CARTESIAN_POINT('Ctrl Pts',(430.284504604556,39.8683472971528,265.75));
#4633=CARTESIAN_POINT('Ctrl Pts',(430.58725298503,39.8814215689099,265.807215814516));
#4634=CARTESIAN_POINT('Ctrl Pts',(431.143172423817,39.9236760452868,266.038794789203));
#4635=CARTESIAN_POINT('Ctrl Pts',(431.396455604541,39.9516176399432,266.213113120623));
#4636=CARTESIAN_POINT('Ctrl Pts',(431.795132060735,39.9909787861674,266.61454205479));
#4637=CARTESIAN_POINT('Ctrl Pts',(431.967398282708,40.0049309184689,266.868037085364));
#4638=CARTESIAN_POINT('Ctrl Pts',(432.194827932142,39.9915769216988,267.421444590731));
#4639=CARTESIAN_POINT('Ctrl Pts',(432.25,39.9631841580337,267.721326759757));
#4640=CARTESIAN_POINT('Ctrl Pts',(432.25,39.8664243497012,268.29376550565));
#4641=CARTESIAN_POINT('Ctrl Pts',(432.189334758799,39.7899583001443,268.600760486444));
#4642=CARTESIAN_POINT('Ctrl Pts',(432.053717779275,39.6846108259319,268.920168665549));
#4643=CARTESIAN_POINT('Ctrl Pts',(432.035201143407,39.6708475557362,268.960420953055));
#4644=CARTESIAN_POINT('Ctrl Pts',(432.015564437075,39.6568542494924,269.));
#4645=CARTESIAN_POINT('',(431.870828693387,34.,269.25));
#4646=CARTESIAN_POINT('Ctrl Pts',(431.870828693387,34.,269.25));
#4647=CARTESIAN_POINT('Ctrl Pts',(431.870828693387,34.2640343820927,269.25));
#4648=CARTESIAN_POINT('Ctrl Pts',(431.906012225487,34.5423726115012,269.200918512411));
#4649=CARTESIAN_POINT('Ctrl Pts',(432.016021771785,35.0567680083727,269.005356475972));
#4650=CARTESIAN_POINT('Ctrl Pts',(432.087302042481,35.2936129497611,268.85897033244));
#4651=CARTESIAN_POINT('Ctrl Pts',(432.194604121427,35.6726898582472,268.52498830164));
#4652=CARTESIAN_POINT('Ctrl Pts',(432.242079180354,35.859681536852,268.291421349565));
#4653=CARTESIAN_POINT('Ctrl Pts',(432.254195236337,36.0718114020017,267.898732310799));
#4654=CARTESIAN_POINT('Ctrl Pts',(432.23929487136,36.1472871841438,267.701839634986));
#4655=CARTESIAN_POINT('Ctrl Pts',(432.150321423512,36.2380396784822,267.307570246049));
#4656=CARTESIAN_POINT('Ctrl Pts',(432.07575707725,36.253796030156,267.110415127611));
#4657=CARTESIAN_POINT('Ctrl Pts',(431.892009627368,36.2445248643026,266.766655126036));
#4658=CARTESIAN_POINT('Ctrl Pts',(431.769194052138,36.218559673994,266.594436903667));
#4659=CARTESIAN_POINT('Ctrl Pts',(431.481934218556,36.1420618901937,266.294266747944));
#4660=CARTESIAN_POINT('Ctrl Pts',(431.317453417756,36.0925227921653,266.166097457471));
#4661=CARTESIAN_POINT('Ctrl Pts',(430.991292529124,36.0039042328523,265.971300486592));
#4662=CARTESIAN_POINT('Ctrl Pts',(430.801631960099,35.9567961765996,265.887506189175));
#4663=CARTESIAN_POINT('Ctrl Pts',(430.403239283105,35.889567101571,265.776794872095));
#4664=CARTESIAN_POINT('Ctrl Pts',(430.19424116767,35.870828693387,265.75));
#4665=CARTESIAN_POINT('Ctrl Pts',(429.80575883233,35.870828693387,265.75));
#4666=CARTESIAN_POINT('Ctrl Pts',(429.596760716895,35.889567101571,265.776794872095));
#4667=CARTESIAN_POINT('Ctrl Pts',(429.198368039901,35.9567961765996,265.887506189175));
#4668=CARTESIAN_POINT('Ctrl Pts',(429.008707470876,36.0039042328523,265.971300486592));
#4669=CARTESIAN_POINT('Ctrl Pts',(428.682546582244,36.0925227921653,266.166097457471));
#4670=CARTESIAN_POINT('Ctrl Pts',(428.518065781444,36.1420618901937,266.294266747944));
#4671=CARTESIAN_POINT('Ctrl Pts',(428.230805947862,36.218559673994,266.594436903667));
#4672=CARTESIAN_POINT('Ctrl Pts',(428.107990372632,36.2445248643026,266.766655126036));
#4673=CARTESIAN_POINT('Ctrl Pts',(427.92424292275,36.253796030156,267.110415127611));
#4674=CARTESIAN_POINT('Ctrl Pts',(427.849678576488,36.2380396784822,267.307570246049));
#4675=CARTESIAN_POINT('Ctrl Pts',(427.76662208788,36.153322454474,267.675619723759));
#4676=CARTESIAN_POINT('Ctrl Pts',(427.750000000023,36.0917085515957,267.846526630615));
#4677=CARTESIAN_POINT('Ctrl Pts',(427.75,36.0155644372401,267.999999999666));
#4678=CARTESIAN_POINT('Ctrl Pts',(427.75,31.9844355627599,267.999999999666));
#4679=CARTESIAN_POINT('Ctrl Pts',(427.750000000023,31.9082914484043,267.846526630615));
#4680=CARTESIAN_POINT('Ctrl Pts',(427.76662208788,31.846677545526,267.675619723759));
#4681=CARTESIAN_POINT('Ctrl Pts',(427.849678576488,31.7619603215178,267.307570246049));
#4682=CARTESIAN_POINT('Ctrl Pts',(427.92424292275,31.746203969844,267.110415127611));
#4683=CARTESIAN_POINT('Ctrl Pts',(428.107990372632,31.7554751356974,266.766655126036));
#4684=CARTESIAN_POINT('Ctrl Pts',(428.230805947862,31.7814403260059,266.594436903667));
#4685=CARTESIAN_POINT('Ctrl Pts',(428.518065781444,31.8579381098063,266.294266747944));
#4686=CARTESIAN_POINT('Ctrl Pts',(428.682546582244,31.9074772078347,266.166097457471));
#4687=CARTESIAN_POINT('Ctrl Pts',(429.008707470876,31.9960957671477,265.971300486592));
#4688=CARTESIAN_POINT('Ctrl Pts',(429.198368039901,32.0432038234004,265.887506189175));
#4689=CARTESIAN_POINT('Ctrl Pts',(429.596760716895,32.110432898429,265.776794872095));
#4690=CARTESIAN_POINT('Ctrl Pts',(429.80575883233,32.129171306613,265.75));
#4691=CARTESIAN_POINT('Ctrl Pts',(430.19424116767,32.129171306613,265.75));
#4692=CARTESIAN_POINT('Ctrl Pts',(430.403239283105,32.110432898429,265.776794872095));
#4693=CARTESIAN_POINT('Ctrl Pts',(430.801631960099,32.0432038234004,265.887506189175));
#4694=CARTESIAN_POINT('Ctrl Pts',(430.991292529124,31.9960957671477,265.971300486592));
#4695=CARTESIAN_POINT('Ctrl Pts',(431.317453417756,31.9074772078347,266.166097457471));
#4696=CARTESIAN_POINT('Ctrl Pts',(431.481934218556,31.8579381098063,266.294266747944));
#4697=CARTESIAN_POINT('Ctrl Pts',(431.769194052138,31.7814403260059,266.594436903667));
#4698=CARTESIAN_POINT('Ctrl Pts',(431.892009627368,31.7554751356974,266.766655126036));
#4699=CARTESIAN_POINT('Ctrl Pts',(432.07575707725,31.746203969844,267.110415127611));
#4700=CARTESIAN_POINT('Ctrl Pts',(432.150321423512,31.7619603215178,267.307570246049));
#4701=CARTESIAN_POINT('Ctrl Pts',(432.23929487136,31.8527128158562,267.701839634986));
#4702=CARTESIAN_POINT('Ctrl Pts',(432.254195236337,31.9281885979983,267.898732310799));
#4703=CARTESIAN_POINT('Ctrl Pts',(432.242079180354,32.140318463148,268.291421349565));
#4704=CARTESIAN_POINT('Ctrl Pts',(432.194604121427,32.3273101417528,268.52498830164));
#4705=CARTESIAN_POINT('Ctrl Pts',(432.087302042481,32.7063870502389,268.85897033244));
#4706=CARTESIAN_POINT('Ctrl Pts',(432.016021771785,32.9432319916273,269.005356475972));
#4707=CARTESIAN_POINT('Ctrl Pts',(431.906012225487,33.4576273884988,269.200918512411));
#4708=CARTESIAN_POINT('Ctrl Pts',(431.870828693387,33.7359656179073,269.25));
#4709=CARTESIAN_POINT('Ctrl Pts',(431.870828693387,34.,269.25));
#4710=CARTESIAN_POINT('Origin',(430.,0.,212.));
#4711=CARTESIAN_POINT('',(427.75,27.5,212.));
#4712=CARTESIAN_POINT('Origin',(430.,27.5,212.));
#4713=CARTESIAN_POINT('',(427.75,31.9844355627599,212.000000000167));
#4714=CARTESIAN_POINT('',(427.75,0.,212.));
#4715=CARTESIAN_POINT('',(431.870828693387,34.,210.75));
#4716=CARTESIAN_POINT('Ctrl Pts',(431.870828693387,34.,210.75));
#4717=CARTESIAN_POINT('Ctrl Pts',(431.870828693387,33.7359656179073,210.75));
#4718=CARTESIAN_POINT('Ctrl Pts',(431.906012225487,33.4576273884988,210.799081487589));
#4719=CARTESIAN_POINT('Ctrl Pts',(432.016021771785,32.9432319916273,210.994643524028));
#4720=CARTESIAN_POINT('Ctrl Pts',(432.087302042481,32.7063870502389,211.141029667561));
#4721=CARTESIAN_POINT('Ctrl Pts',(432.194604121427,32.3273101417528,211.47501169836));
#4722=CARTESIAN_POINT('Ctrl Pts',(432.242079180354,32.140318463148,211.708578650435));
#4723=CARTESIAN_POINT('Ctrl Pts',(432.254195236337,31.9281885979983,212.101267689201));
#4724=CARTESIAN_POINT('Ctrl Pts',(432.23929487136,31.8527128158562,212.298160365014));
#4725=CARTESIAN_POINT('Ctrl Pts',(432.150321423512,31.7619603215178,212.692429753951));
#4726=CARTESIAN_POINT('Ctrl Pts',(432.07575707725,31.746203969844,212.889584872389));
#4727=CARTESIAN_POINT('Ctrl Pts',(431.892009627368,31.7554751356974,213.233344873964));
#4728=CARTESIAN_POINT('Ctrl Pts',(431.769194052138,31.7814403260059,213.405563096333));
#4729=CARTESIAN_POINT('Ctrl Pts',(431.481934218556,31.8579381098063,213.705733252056));
#4730=CARTESIAN_POINT('Ctrl Pts',(431.317453417756,31.9074772078347,213.833902542529));
#4731=CARTESIAN_POINT('Ctrl Pts',(430.991292529124,31.9960957671477,214.028699513408));
#4732=CARTESIAN_POINT('Ctrl Pts',(430.801631960099,32.0432038234004,214.112493810825));
#4733=CARTESIAN_POINT('Ctrl Pts',(430.403239283105,32.110432898429,214.223205127905));
#4734=CARTESIAN_POINT('Ctrl Pts',(430.19424116767,32.129171306613,214.25));
#4735=CARTESIAN_POINT('Ctrl Pts',(429.80575883233,32.129171306613,214.25));
#4736=CARTESIAN_POINT('Ctrl Pts',(429.596760716895,32.1104328984289,214.223205127905));
#4737=CARTESIAN_POINT('Ctrl Pts',(429.198368039901,32.0432038234004,214.112493810825));
#4738=CARTESIAN_POINT('Ctrl Pts',(429.008707470876,31.9960957671477,214.028699513408));
#4739=CARTESIAN_POINT('Ctrl Pts',(428.682546582244,31.9074772078347,213.833902542529));
#4740=CARTESIAN_POINT('Ctrl Pts',(428.518065781444,31.8579381098063,213.705733252056));
#4741=CARTESIAN_POINT('Ctrl Pts',(428.230805947862,31.7814403260059,213.405563096333));
#4742=CARTESIAN_POINT('Ctrl Pts',(428.107990372632,31.7554751356974,213.233344873964));
#4743=CARTESIAN_POINT('Ctrl Pts',(427.92424292275,31.746203969844,212.889584872389));
#4744=CARTESIAN_POINT('Ctrl Pts',(427.849678576488,31.7619603215178,212.692429753951));
#4745=CARTESIAN_POINT('Ctrl Pts',(427.76662208788,31.846677545526,212.324380276241));
#4746=CARTESIAN_POINT('Ctrl Pts',(427.750000000023,31.9082914484043,212.153473369385));
#4747=CARTESIAN_POINT('Ctrl Pts',(427.75,31.9844355627598,212.000000000334));
#4748=CARTESIAN_POINT('',(427.75,36.0155644372401,212.000000000167));
#4749=CARTESIAN_POINT('Ctrl Pts',(427.75,36.0155644372401,212.000000000334));
#4750=CARTESIAN_POINT('Ctrl Pts',(427.750000000023,36.0917085515957,212.153473369385));
#4751=CARTESIAN_POINT('Ctrl Pts',(427.76662208788,36.153322454474,212.324380276241));
#4752=CARTESIAN_POINT('Ctrl Pts',(427.849678576488,36.2380396784822,212.692429753951));
#4753=CARTESIAN_POINT('Ctrl Pts',(427.92424292275,36.253796030156,212.889584872389));
#4754=CARTESIAN_POINT('Ctrl Pts',(428.107990372632,36.2445248643026,213.233344873964));
#4755=CARTESIAN_POINT('Ctrl Pts',(428.230805947862,36.2185596739941,213.405563096333));
#4756=CARTESIAN_POINT('Ctrl Pts',(428.518065781444,36.1420618901937,213.705733252056));
#4757=CARTESIAN_POINT('Ctrl Pts',(428.682546582244,36.0925227921653,213.833902542529));
#4758=CARTESIAN_POINT('Ctrl Pts',(429.008707470876,36.0039042328523,214.028699513408));
#4759=CARTESIAN_POINT('Ctrl Pts',(429.198368039901,35.9567961765996,214.112493810825));
#4760=CARTESIAN_POINT('Ctrl Pts',(429.596760716895,35.889567101571,214.223205127905));
#4761=CARTESIAN_POINT('Ctrl Pts',(429.80575883233,35.870828693387,214.25));
#4762=CARTESIAN_POINT('Ctrl Pts',(430.19424116767,35.870828693387,214.25));
#4763=CARTESIAN_POINT('Ctrl Pts',(430.403239283105,35.889567101571,214.223205127905));
#4764=CARTESIAN_POINT('Ctrl Pts',(430.801631960099,35.9567961765996,214.112493810825));
#4765=CARTESIAN_POINT('Ctrl Pts',(430.991292529124,36.0039042328523,214.028699513408));
#4766=CARTESIAN_POINT('Ctrl Pts',(431.317453417756,36.0925227921653,213.833902542529));
#4767=CARTESIAN_POINT('Ctrl Pts',(431.481934218556,36.1420618901937,213.705733252056));
#4768=CARTESIAN_POINT('Ctrl Pts',(431.769194052138,36.2185596739941,213.405563096333));
#4769=CARTESIAN_POINT('Ctrl Pts',(431.892009627368,36.2445248643026,213.233344873964));
#4770=CARTESIAN_POINT('Ctrl Pts',(432.07575707725,36.253796030156,212.889584872389));
#4771=CARTESIAN_POINT('Ctrl Pts',(432.150321423512,36.2380396784822,212.692429753951));
#4772=CARTESIAN_POINT('Ctrl Pts',(432.23929487136,36.1472871841438,212.298160365014));
#4773=CARTESIAN_POINT('Ctrl Pts',(432.254195236337,36.0718114020017,212.101267689201));
#4774=CARTESIAN_POINT('Ctrl Pts',(432.242079180354,35.859681536852,211.708578650435));
#4775=CARTESIAN_POINT('Ctrl Pts',(432.194604121427,35.6726898582472,211.47501169836));
#4776=CARTESIAN_POINT('Ctrl Pts',(432.087302042481,35.2936129497611,211.141029667561));
#4777=CARTESIAN_POINT('Ctrl Pts',(432.016021771785,35.0567680083727,210.994643524028));
#4778=CARTESIAN_POINT('Ctrl Pts',(431.906012225487,34.5423726115012,210.799081487589));
#4779=CARTESIAN_POINT('Ctrl Pts',(431.870828693387,34.2640343820927,210.75));
#4780=CARTESIAN_POINT('Ctrl Pts',(431.870828693387,34.,210.75));
#4781=CARTESIAN_POINT('',(427.75,39.9160797830996,212.));
#4782=CARTESIAN_POINT('',(427.75,0.,212.));
#4783=CARTESIAN_POINT('',(432.015564437075,39.6568542494924,211.));
#4784=CARTESIAN_POINT('Ctrl Pts',(432.015564437075,39.6568542494924,211.));
#4785=CARTESIAN_POINT('Ctrl Pts',(432.035201143407,39.6708475557363,211.039579046945));
#4786=CARTESIAN_POINT('Ctrl Pts',(432.053717779275,39.6846108259319,211.079831334451));
#4787=CARTESIAN_POINT('Ctrl Pts',(432.189334758799,39.7899583001443,211.399239513556));
#4788=CARTESIAN_POINT('Ctrl Pts',(432.25,39.8664243497012,211.70623449435));
#4789=CARTESIAN_POINT('Ctrl Pts',(432.25,39.9631841580337,212.278673240243));
#4790=CARTESIAN_POINT('Ctrl Pts',(432.194827932142,39.9915769216988,212.578555409269));
#4791=CARTESIAN_POINT('Ctrl Pts',(431.967398282708,40.0049309184689,213.131962914636));
#4792=CARTESIAN_POINT('Ctrl Pts',(431.795132060735,39.9909787861674,213.38545794521));
#4793=CARTESIAN_POINT('Ctrl Pts',(431.396455604541,39.9516176399432,213.786886879377));
#4794=CARTESIAN_POINT('Ctrl Pts',(431.143172423817,39.9236760452868,213.961205210797));
#4795=CARTESIAN_POINT('Ctrl Pts',(430.58725298503,39.8814215689099,214.192784185484));
#4796=CARTESIAN_POINT('Ctrl Pts',(430.284504604556,39.8683472971528,214.25));
#4797=CARTESIAN_POINT('Ctrl Pts',(430.,39.8683472971528,214.25));
#4798=CARTESIAN_POINT('Ctrl Pts',(429.715495395444,39.8683472971528,214.25));
#4799=CARTESIAN_POINT('Ctrl Pts',(429.41274701497,39.8814215689099,214.192784185484));
#4800=CARTESIAN_POINT('Ctrl Pts',(428.856827576183,39.9236760452868,213.961205210797));
#4801=CARTESIAN_POINT('Ctrl Pts',(428.603544395459,39.9516176399432,213.786886879377));
#4802=CARTESIAN_POINT('Ctrl Pts',(428.204867939265,39.9909787861674,213.38545794521));
#4803=CARTESIAN_POINT('Ctrl Pts',(428.032601717292,40.0049309184689,213.131962914636));
#4804=CARTESIAN_POINT('Ctrl Pts',(427.805172067858,39.9915769216988,212.578555409269));
#4805=CARTESIAN_POINT('Ctrl Pts',(427.75,39.9631841580337,212.278673240243));
#4806=CARTESIAN_POINT('Ctrl Pts',(427.75,39.9160797830996,212.));
#4807=CARTESIAN_POINT('',(432.015564437075,0.,211.));
#4808=CARTESIAN_POINT('Ctrl Pts',(427.75,39.9160797830996,212.));
#4809=CARTESIAN_POINT('Ctrl Pts',(427.75,39.8664243497012,211.70623449435));
#4810=CARTESIAN_POINT('Ctrl Pts',(427.810665241201,39.7899583001443,211.399239513556));
#4811=CARTESIAN_POINT('Ctrl Pts',(428.004910917737,39.6390679656776,210.941747700516));
#4812=CARTESIAN_POINT('Ctrl Pts',(428.104007010986,39.5741446248963,210.7739587215));
#4813=CARTESIAN_POINT('Ctrl Pts',(428.219103658833,39.5098898179589,210.624897014032));
#4814=CARTESIAN_POINT('Ctrl Pts',(427.75,31.9844355627599,212.000000000334));
#4815=CARTESIAN_POINT('Ctrl Pts',(427.749999999996,31.9961167753558,211.976455763634));
#4816=CARTESIAN_POINT('Ctrl Pts',(427.750369875935,32.0081153210148,211.953309512681));
#4817=CARTESIAN_POINT('Ctrl Pts',(427.757920819646,32.140318463148,211.708578650435));
#4818=CARTESIAN_POINT('Ctrl Pts',(427.805395878573,32.3273101417528,211.47501169836));
#4819=CARTESIAN_POINT('Ctrl Pts',(427.912697957519,32.7063870502389,211.141029667561));
#4820=CARTESIAN_POINT('Ctrl Pts',(427.983978228215,32.9432319916273,210.994643524028));
#4821=CARTESIAN_POINT('Ctrl Pts',(428.093987774513,33.4576273884988,210.799081487589));
#4822=CARTESIAN_POINT('Ctrl Pts',(428.129171306613,33.7359656179073,210.75));
#4823=CARTESIAN_POINT('Ctrl Pts',(428.129171306613,34.2640343820927,210.75));
#4824=CARTESIAN_POINT('Ctrl Pts',(428.093987774513,34.5423726115012,210.799081487589));
#4825=CARTESIAN_POINT('Ctrl Pts',(427.983978228215,35.0567680083727,210.994643524028));
#4826=CARTESIAN_POINT('Ctrl Pts',(427.912697957519,35.2936129497611,211.141029667561));
#4827=CARTESIAN_POINT('Ctrl Pts',(427.805395878573,35.6726898582472,211.47501169836));
#4828=CARTESIAN_POINT('Ctrl Pts',(427.757920819646,35.859681536852,211.708578650435));
#4829=CARTESIAN_POINT('Ctrl Pts',(427.750369875935,35.9918846789852,211.953309512681));
#4830=CARTESIAN_POINT('Ctrl Pts',(427.749999999996,36.0038832246442,211.976455763634));
#4831=CARTESIAN_POINT('Ctrl Pts',(427.75,36.0155644372401,212.000000000334));
#4832=CARTESIAN_POINT('Origin',(425.5,34.,267.));
#4833=CARTESIAN_POINT('',(425.5,34.,269.25));
#4834=CARTESIAN_POINT('',(440.,34.,269.25));
#4835=CARTESIAN_POINT('',(425.5,34.,269.25));
#4836=CARTESIAN_POINT('',(440.,32.6990861463172,268.835789515521));
#4837=CARTESIAN_POINT('Origin',(440.,34.,267.));
#4838=CARTESIAN_POINT('',(435.,32.175830332371,268.317157934229));
#4839=CARTESIAN_POINT('Origin',(452.430954601803,34.,267.));
#4840=CARTESIAN_POINT('',(435.,32.175830332371,265.682842065771));
#4841=CARTESIAN_POINT('Origin',(435.,34.,267.));
#4842=CARTESIAN_POINT('',(440.,32.6990861463172,265.164210484479));
#4843=CARTESIAN_POINT('Origin',(452.430954601803,34.,267.));
#4844=CARTESIAN_POINT('',(440.,35.,264.984435562925));
#4845=CARTESIAN_POINT('Origin',(440.,34.,267.));
#4846=CARTESIAN_POINT('',(434.5,35.,264.984435562925));
#4847=CARTESIAN_POINT('',(425.5,35.,264.984435562925));
#4848=CARTESIAN_POINT('',(434.5,36.1478264868695,266.329670691151));
#4849=CARTESIAN_POINT('Origin',(434.5,34.,267.));
#4850=CARTESIAN_POINT('',(434.694677837722,35.0307764064044,269.));
#4851=CARTESIAN_POINT('Ctrl Pts',(434.694677837722,35.0307764064043,269.));
#4852=CARTESIAN_POINT('Ctrl Pts',(434.718207376559,35.2451072813139,268.88953639549));
#4853=CARTESIAN_POINT('Ctrl Pts',(434.744734369108,35.4392669262912,268.744408903099));
#4854=CARTESIAN_POINT('Ctrl Pts',(434.78901233931,35.7976240990254,268.38215786514));
#4855=CARTESIAN_POINT('Ctrl Pts',(434.806246390336,35.9693791128891,268.128383415071));
#4856=CARTESIAN_POINT('Ctrl Pts',(434.78918627605,36.1955585817883,267.575522098582));
#4857=CARTESIAN_POINT('Ctrl Pts',(434.753570853015,36.25,267.276483733694));
#4858=CARTESIAN_POINT('Ctrl Pts',(434.647013037727,36.25,266.776229119821));
#4859=CARTESIAN_POINT('Ctrl Pts',(434.58062195354,36.2156144749066,266.546872645885));
#4860=CARTESIAN_POINT('Ctrl Pts',(434.5,36.1478264868695,266.329670691151));
#4861=CARTESIAN_POINT('',(440.,35.0307764064044,269.));
#4862=CARTESIAN_POINT('',(425.5,35.0307764064044,269.));
#4863=CARTESIAN_POINT('Origin',(440.,34.,267.));
#4864=CARTESIAN_POINT('Origin',(425.5,34.,213.));
#4865=CARTESIAN_POINT('',(440.,34.,215.25));
#4866=CARTESIAN_POINT('',(425.5,34.,215.25));
#4867=CARTESIAN_POINT('',(440.,32.6990861463172,214.835789515521));
#4868=CARTESIAN_POINT('Origin',(440.,34.,213.));
#4869=CARTESIAN_POINT('',(435.,32.175830332371,214.317157934229));
#4870=CARTESIAN_POINT('Origin',(452.430954601803,34.,213.));
#4871=CARTESIAN_POINT('',(435.,32.175830332371,211.682842065771));
#4872=CARTESIAN_POINT('Origin',(435.,34.,213.));
#4873=CARTESIAN_POINT('',(440.,32.6990861463172,211.164210484479));
#4874=CARTESIAN_POINT('Origin',(452.430954601803,34.,213.));
#4875=CARTESIAN_POINT('',(440.,35.0307764064044,211.));
#4876=CARTESIAN_POINT('Origin',(440.,34.,213.));
#4877=CARTESIAN_POINT('',(434.694677837722,35.0307764064044,211.));
#4878=CARTESIAN_POINT('',(425.5,35.0307764064044,211.));
#4879=CARTESIAN_POINT('',(434.5,36.1478264868695,213.670329308849));
#4880=CARTESIAN_POINT('Ctrl Pts',(434.5,36.1478264868695,213.670329308849));
#4881=CARTESIAN_POINT('Ctrl Pts',(434.58062195354,36.2156144749066,213.453127354115));
#4882=CARTESIAN_POINT('Ctrl Pts',(434.647013037727,36.25,213.223770880179));
#4883=CARTESIAN_POINT('Ctrl Pts',(434.753570853015,36.25,212.723516266306));
#4884=CARTESIAN_POINT('Ctrl Pts',(434.78918627605,36.1955585817883,212.424477901418));
#4885=CARTESIAN_POINT('Ctrl Pts',(434.806246390336,35.9693791128891,211.871616584929));
#4886=CARTESIAN_POINT('Ctrl Pts',(434.78901233931,35.7976240990254,211.61784213486));
#4887=CARTESIAN_POINT('Ctrl Pts',(434.744734369108,35.4392669262913,211.255591096901));
#4888=CARTESIAN_POINT('Ctrl Pts',(434.718207376559,35.2451072813139,211.11046360451));
#4889=CARTESIAN_POINT('Ctrl Pts',(434.694677837722,35.0307764064044,211.));
#4890=CARTESIAN_POINT('',(434.5,35.,215.015564437075));
#4891=CARTESIAN_POINT('Origin',(434.5,34.,213.));
#4892=CARTESIAN_POINT('',(440.,35.,215.015564437075));
#4893=CARTESIAN_POINT('',(425.5,35.,215.015564437075));
#4894=CARTESIAN_POINT('Origin',(440.,34.,213.));
#4895=CARTESIAN_POINT('Origin',(485.,42.,268.));
#4896=CARTESIAN_POINT('',(487.015564437075,42.,269.));
#4897=CARTESIAN_POINT('',(482.984435562925,42.,269.));
#4898=CARTESIAN_POINT('',(481.5,42.,269.));
#4899=CARTESIAN_POINT('Origin',(485.,42.,268.));
#4900=CARTESIAN_POINT('Origin',(485.,0.,268.));
#4901=CARTESIAN_POINT('',(487.015564437075,37.619319633934,269.));
#4902=CARTESIAN_POINT('',(487.015564437075,0.,269.));
#4903=CARTESIAN_POINT('',(482.984435562925,37.1974573098933,269.));
#4904=CARTESIAN_POINT('Origin',(485.,37.4083884719196,268.));
#4905=CARTESIAN_POINT('',(482.984435562925,0.,269.));
#4906=CARTESIAN_POINT('Origin',(478.,42.,269.));
#4907=CARTESIAN_POINT('',(482.65,37.162458239355,269.));
#4908=CARTESIAN_POINT('',(467.9837377722,35.627616843415,269.));
#4909=CARTESIAN_POINT('',(482.65,39.,269.));
#4910=CARTESIAN_POINT('',(482.65,34.,269.));
#4911=CARTESIAN_POINT('',(482.5,39.,269.));
#4912=CARTESIAN_POINT('',(479.,39.,269.));
#4913=CARTESIAN_POINT('',(477.5,39.,269.));
#4914=CARTESIAN_POINT('',(479.,39.,269.));
#4915=CARTESIAN_POINT('',(477.35,39.,269.));
#4916=CARTESIAN_POINT('',(479.,39.,269.));
#4917=CARTESIAN_POINT('',(477.34999999999,36.607807076561,269.));
#4918=CARTESIAN_POINT('',(477.35,34.,269.));
#4919=CARTESIAN_POINT('',(463.84732378075,35.194736309426,269.));
#4920=CARTESIAN_POINT('',(467.9837377722,35.627616843415,269.));
#4921=CARTESIAN_POINT('',(460.04040820577,35.,269.));
#4922=CARTESIAN_POINT('Origin',(462.,34.,269.));
#4923=CARTESIAN_POINT('',(440.,35.,269.));
#4924=CARTESIAN_POINT('',(478.,35.,269.));
#4925=CARTESIAN_POINT('',(440.,38.,269.));
#4926=CARTESIAN_POINT('',(434.694677837722,36.5,269.));
#4927=CARTESIAN_POINT('',(434.694677837722,32.,269.));
#4928=CARTESIAN_POINT('',(434.5,36.5,269.));
#4929=CARTESIAN_POINT('',(454.,36.5,269.));
#4930=CARTESIAN_POINT('',(434.5,39.6568542494924,269.));
#4931=CARTESIAN_POINT('',(434.5,38.,269.));
#4932=CARTESIAN_POINT('',(429.75,39.6568542494924,269.));
#4933=CARTESIAN_POINT('',(500.41633105827,39.021725443121,269.));
#4934=CARTESIAN_POINT('',(499.93259328607,43.644108599706,269.));
#4935=CARTESIAN_POINT('',(467.9837377722,35.627616843415,269.));
#4936=CARTESIAN_POINT('Origin',(485.,36.5,240.));
#4937=CARTESIAN_POINT('',(482.64999999999,36.5,269.));
#4938=CARTESIAN_POINT('',(481.5,36.5,269.));
#4939=CARTESIAN_POINT('',(480.87891979155,36.5,271.5));
#4940=CARTESIAN_POINT('Origin',(480.,36.5,269.));
#4941=CARTESIAN_POINT('Origin',(480.,36.5,274.));
#4942=CARTESIAN_POINT('',(481.5,36.5,269.));
#4943=CARTESIAN_POINT('Origin',(478.,42.,269.));
#4944=CARTESIAN_POINT('',(482.64999999999,35.,269.));
#4945=CARTESIAN_POINT('',(478.,35.,269.));
#4946=CARTESIAN_POINT('',(482.65,34.,269.));
#4947=CARTESIAN_POINT('Origin',(485.,42.,212.));
#4948=CARTESIAN_POINT('',(482.984435562925,42.,211.));
#4949=CARTESIAN_POINT('',(487.015564437075,42.,211.));
#4950=CARTESIAN_POINT('',(481.5,42.,211.));
#4951=CARTESIAN_POINT('Origin',(485.,42.,212.));
#4952=CARTESIAN_POINT('Origin',(485.,0.,212.));
#4953=CARTESIAN_POINT('',(482.984435562925,37.1974573098933,211.));
#4954=CARTESIAN_POINT('',(482.984435562925,0.,211.));
#4955=CARTESIAN_POINT('',(487.015564437075,37.619319633934,211.));
#4956=CARTESIAN_POINT('Origin',(485.,37.4083884719196,212.));
#4957=CARTESIAN_POINT('',(487.015564437075,0.,211.));
#4958=CARTESIAN_POINT('Origin',(478.,42.,211.));
#4959=CARTESIAN_POINT('',(500.41633105827,39.021725443121,211.));
#4960=CARTESIAN_POINT('',(467.9837377722,35.627616843415,211.));
#4961=CARTESIAN_POINT('',(499.93259328607,43.644108599706,211.));
#4962=CARTESIAN_POINT('',(434.5,39.6568542494924,211.));
#4963=CARTESIAN_POINT('',(429.75,39.6568542494924,211.));
#4964=CARTESIAN_POINT('',(434.5,36.5,211.));
#4965=CARTESIAN_POINT('',(434.5,38.,211.));
#4966=CARTESIAN_POINT('',(434.694677837722,36.5,211.));
#4967=CARTESIAN_POINT('',(454.,36.5,211.));
#4968=CARTESIAN_POINT('',(434.694677837722,32.,211.));
#4969=CARTESIAN_POINT('',(440.,35.,211.));
#4970=CARTESIAN_POINT('',(440.,38.,211.));
#4971=CARTESIAN_POINT('',(460.04040820577,35.,211.));
#4972=CARTESIAN_POINT('',(478.,35.,211.));
#4973=CARTESIAN_POINT('',(463.84732378075,35.194736309426,211.));
#4974=CARTESIAN_POINT('Origin',(462.,34.,211.));
#4975=CARTESIAN_POINT('',(477.34999999999,36.607807076561,211.));
#4976=CARTESIAN_POINT('',(467.9837377722,35.627616843415,211.));
#4977=CARTESIAN_POINT('',(477.35,39.,211.));
#4978=CARTESIAN_POINT('',(477.35,34.,211.));
#4979=CARTESIAN_POINT('',(477.5,39.,211.));
#4980=CARTESIAN_POINT('',(479.,39.,211.));
#4981=CARTESIAN_POINT('',(482.5,39.,211.));
#4982=CARTESIAN_POINT('',(479.,39.,211.));
#4983=CARTESIAN_POINT('',(482.65,39.,211.));
#4984=CARTESIAN_POINT('',(479.,39.,211.));
#4985=CARTESIAN_POINT('',(482.65,37.162458239355,211.));
#4986=CARTESIAN_POINT('',(482.65,34.,211.));
#4987=CARTESIAN_POINT('',(467.9837377722,35.627616843415,211.));
#4988=CARTESIAN_POINT('Origin',(485.,36.5,240.));
#4989=CARTESIAN_POINT('',(481.5,36.5,211.));
#4990=CARTESIAN_POINT('',(482.64999999999,36.5,206.));
#4991=CARTESIAN_POINT('',(485.,36.5,206.));
#4992=CARTESIAN_POINT('',(480.87891979155,36.5,208.5));
#4993=CARTESIAN_POINT('Origin',(480.,36.5,206.));
#4994=CARTESIAN_POINT('',(482.64999999999,36.5,211.));
#4995=CARTESIAN_POINT('Origin',(480.,36.5,211.));
#4996=CARTESIAN_POINT('',(481.5,36.5,211.));
#4997=CARTESIAN_POINT('Origin',(478.,42.,211.));
#4998=CARTESIAN_POINT('',(478.,35.,211.));
#4999=CARTESIAN_POINT('Origin',(429.75,34.,267.));
#5000=CARTESIAN_POINT('',(434.5,35.,261.0839202169));
#5001=CARTESIAN_POINT('Origin',(434.5,34.,267.));
#5002=CARTESIAN_POINT('',(426.,35.,261.0839202169));
#5003=CARTESIAN_POINT('',(429.75,35.,261.0839202169));
#5004=CARTESIAN_POINT('',(426.,39.277658039722,264.145823128158));
#5005=CARTESIAN_POINT('Origin',(426.,34.,267.));
#5006=CARTESIAN_POINT('Origin',(375.569045398572,34.,267.));
#5007=CARTESIAN_POINT('Origin',(440.,34.,267.));
#5008=CARTESIAN_POINT('',(440.,35.,253.5));
#5009=CARTESIAN_POINT('',(440.,32.6990861463172,253.5));
#5010=CARTESIAN_POINT('Origin',(457.41633105827,34.521725443121,240.));
#5011=CARTESIAN_POINT('',(435.,32.175830332371,260.));
#5012=CARTESIAN_POINT('',(435.,32.175830332371,240.));
#5013=CARTESIAN_POINT('',(461.98651015734,35.,260.));
#5014=CARTESIAN_POINT('',(457.9626731741,34.578900780823,260.));
#5015=CARTESIAN_POINT('',(461.98651015734,35.,264.));
#5016=CARTESIAN_POINT('',(461.98651015734,35.,240.));
#5017=CARTESIAN_POINT('',(459.94534903528,34.786390115133,264.));
#5018=CARTESIAN_POINT('',(459.65633373314,34.7561443277,264.));
#5019=CARTESIAN_POINT('',(459.94534903528,34.786390115133,274.));
#5020=CARTESIAN_POINT('',(459.94534903528,34.786390115133,276.));
#5021=CARTESIAN_POINT('',(435.,32.175830332371,274.));
#5022=CARTESIAN_POINT('',(457.41633105827,34.521725443121,274.));
#5023=CARTESIAN_POINT('',(435.,32.175830332371,240.));
#5024=CARTESIAN_POINT('Origin',(440.,34.,213.));
#5025=CARTESIAN_POINT('',(440.,32.6990861463172,226.5));
#5026=CARTESIAN_POINT('',(440.,35.,226.5));
#5027=CARTESIAN_POINT('Origin',(478.,35.,240.));
#5028=CARTESIAN_POINT('',(460.04040820577,35.,264.));
#5029=CARTESIAN_POINT('',(460.04040820577,35.,275.));
#5030=CARTESIAN_POINT('',(470.,35.,264.));
#5031=CARTESIAN_POINT('',(435.,35.,260.));
#5032=CARTESIAN_POINT('',(468.,35.,260.));
#5033=CARTESIAN_POINT('',(435.,35.,220.));
#5034=CARTESIAN_POINT('',(435.,35.,240.));
#5035=CARTESIAN_POINT('',(461.98651015734,35.,220.));
#5036=CARTESIAN_POINT('',(468.,35.,220.));
#5037=CARTESIAN_POINT('',(461.98651015734,35.,216.));
#5038=CARTESIAN_POINT('',(461.98651015734,35.,240.));
#5039=CARTESIAN_POINT('',(460.04040820577,35.,216.));
#5040=CARTESIAN_POINT('',(470.,35.,216.));
#5041=CARTESIAN_POINT('',(460.04040820577,35.,205.));
#5042=CARTESIAN_POINT('',(434.5,35.,218.9160797831));
#5043=CARTESIAN_POINT('',(434.5,35.,226.5));
#5044=CARTESIAN_POINT('',(426.,35.,218.9160797831));
#5045=CARTESIAN_POINT('',(429.75,35.,218.9160797831));
#5046=CARTESIAN_POINT('',(426.,35.,240.));
#5047=CARTESIAN_POINT('',(434.5,35.,253.5));
#5048=CARTESIAN_POINT('Origin',(457.41633105827,34.521725443121,240.));
#5049=CARTESIAN_POINT('',(435.,32.175830332371,240.));
#5050=CARTESIAN_POINT('',(459.94534903528,34.786390115133,216.));
#5051=CARTESIAN_POINT('',(459.94534903528,34.786390115133,204.));
#5052=CARTESIAN_POINT('',(459.65633373314,34.7561443277,216.));
#5053=CARTESIAN_POINT('',(435.,32.175830332371,220.));
#5054=CARTESIAN_POINT('',(457.9626731741,34.578900780823,220.));
#5055=CARTESIAN_POINT('',(435.,32.175830332371,240.));
#5056=CARTESIAN_POINT('Origin',(430.,32.,268.));
#5057=CARTESIAN_POINT('',(428.940897283917,32.0717102300778,272.681698563213));
#5058=CARTESIAN_POINT('',(431.059102716083,32.0717102300778,272.681698563213));
#5059=CARTESIAN_POINT('Ctrl Pts',(428.940897283918,32.0717102300776,272.681698563213));
#5060=CARTESIAN_POINT('Ctrl Pts',(428.970557767211,32.0914807799804,272.68840841392));
#5061=CARTESIAN_POINT('Ctrl Pts',(429.00037002949,32.1108208819987,272.694856806636));
#5062=CARTESIAN_POINT('Ctrl Pts',(429.175180393479,32.2207182787884,272.73091153634));
#5063=CARTESIAN_POINT('Ctrl Pts',(429.323109077496,32.3007683692524,272.754700681647));
#5064=CARTESIAN_POINT('Ctrl Pts',(429.639738283569,32.4219698880193,272.789109584885));
#5065=CARTESIAN_POINT('Ctrl Pts',(429.808160307264,32.4637708504263,272.8));
#5066=CARTESIAN_POINT('Ctrl Pts',(430.,32.4637708504263,272.8));
#5067=CARTESIAN_POINT('Ctrl Pts',(430.191839692736,32.4637708504263,272.8));
#5068=CARTESIAN_POINT('Ctrl Pts',(430.360261716431,32.4219698880193,272.789109584885));
#5069=CARTESIAN_POINT('Ctrl Pts',(430.676890922504,32.3007683692524,272.754700681647));
#5070=CARTESIAN_POINT('Ctrl Pts',(430.824819606521,32.2207182787884,272.73091153634));
#5071=CARTESIAN_POINT('Ctrl Pts',(430.999629955023,32.1108208917347,272.69485680983));
#5072=CARTESIAN_POINT('Ctrl Pts',(431.029442219871,32.0914807885915,272.688408416842));
#5073=CARTESIAN_POINT('Ctrl Pts',(431.059102716082,32.0717102300776,272.681698563213));
#5074=CARTESIAN_POINT('Ctrl Pts',(431.059102716083,32.0717102300778,272.681698563213));
#5075=CARTESIAN_POINT('Ctrl Pts',(430.990791832521,32.0341908471268,272.697151980672));
#5076=CARTESIAN_POINT('Ctrl Pts',(430.920101684339,32.0001062325731,272.711563349225));
#5077=CARTESIAN_POINT('Ctrl Pts',(430.577190113742,31.8569272068065,272.773087255347));
#5078=CARTESIAN_POINT('Ctrl Pts',(430.28061300558,31.8,272.8));
#5079=CARTESIAN_POINT('Ctrl Pts',(429.71938699442,31.8,272.8));
#5080=CARTESIAN_POINT('Ctrl Pts',(429.422809886258,31.8569272068065,272.773087255347));
#5081=CARTESIAN_POINT('Ctrl Pts',(429.079898315661,32.0001062325731,272.711563349225));
#5082=CARTESIAN_POINT('Ctrl Pts',(429.009208167479,32.0341908471268,272.697151980672));
#5083=CARTESIAN_POINT('Ctrl Pts',(428.940897283917,32.0717102300778,272.681698563213));
#5084=CARTESIAN_POINT('Origin',(430.,32.,268.));
#5085=CARTESIAN_POINT('',(431.059102716083,35.9282897699222,272.681698563213));
#5086=CARTESIAN_POINT('',(428.940897283917,35.9282897699222,272.681698563213));
#5087=CARTESIAN_POINT('Ctrl Pts',(431.059102716082,35.9282897699224,272.681698563213));
#5088=CARTESIAN_POINT('Ctrl Pts',(431.029442232789,35.9085192200196,272.68840841392));
#5089=CARTESIAN_POINT('Ctrl Pts',(430.99962997051,35.8891791180013,272.694856806636));
#5090=CARTESIAN_POINT('Ctrl Pts',(430.824819606521,35.7792817212116,272.73091153634));
#5091=CARTESIAN_POINT('Ctrl Pts',(430.676890922504,35.6992316307476,272.754700681647));
#5092=CARTESIAN_POINT('Ctrl Pts',(430.360261716431,35.5780301119807,272.789109584885));
#5093=CARTESIAN_POINT('Ctrl Pts',(430.191839692736,35.5362291495736,272.8));
#5094=CARTESIAN_POINT('Ctrl Pts',(430.,35.5362291495736,272.8));
#5095=CARTESIAN_POINT('Ctrl Pts',(429.808160307264,35.5362291495736,272.8));
#5096=CARTESIAN_POINT('Ctrl Pts',(429.639738283569,35.5780301119807,272.789109584885));
#5097=CARTESIAN_POINT('Ctrl Pts',(429.323109077496,35.6992316307476,272.754700681647));
#5098=CARTESIAN_POINT('Ctrl Pts',(429.175180393479,35.7792817212116,272.73091153634));
#5099=CARTESIAN_POINT('Ctrl Pts',(429.000370044977,35.8891791082653,272.69485680983));
#5100=CARTESIAN_POINT('Ctrl Pts',(428.970557780129,35.9085192114086,272.688408416842));
#5101=CARTESIAN_POINT('Ctrl Pts',(428.940897283918,35.9282897699225,272.681698563213));
#5102=CARTESIAN_POINT('Ctrl Pts',(428.940897283917,35.9282897699222,272.681698563213));
#5103=CARTESIAN_POINT('Ctrl Pts',(429.009208167479,35.9658091528732,272.697151980672));
#5104=CARTESIAN_POINT('Ctrl Pts',(429.079898315661,35.9998937674269,272.711563349225));
#5105=CARTESIAN_POINT('Ctrl Pts',(429.422809886258,36.1430727931935,272.773087255347));
#5106=CARTESIAN_POINT('Ctrl Pts',(429.71938699442,36.2,272.8));
#5107=CARTESIAN_POINT('Ctrl Pts',(430.28061300558,36.2,272.8));
#5108=CARTESIAN_POINT('Ctrl Pts',(430.577190113742,36.1430727931935,272.773087255347));
#5109=CARTESIAN_POINT('Ctrl Pts',(430.920101684339,35.9998937674269,272.711563349225));
#5110=CARTESIAN_POINT('Ctrl Pts',(430.990791832521,35.9658091528733,272.697151980672));
#5111=CARTESIAN_POINT('Ctrl Pts',(431.059102716083,35.9282897699222,272.681698563213));
#5112=CARTESIAN_POINT('Origin',(430.,32.,268.));
#5113=CARTESIAN_POINT('',(434.5,36.5,266.329670691151));
#5114=CARTESIAN_POINT('',(434.5,32.,266.329670691151));
#5115=CARTESIAN_POINT('Origin',(430.,36.5,268.));
#5116=CARTESIAN_POINT('Origin',(430.,36.5,268.));
#5117=CARTESIAN_POINT('',(434.5,36.5,267.5));
#5118=CARTESIAN_POINT('Origin',(430.,34.,276.));
#5119=CARTESIAN_POINT('Ctrl Pts',(431.059102716082,35.9282897699223,272.681698563213));
#5120=CARTESIAN_POINT('Ctrl Pts',(431.245455712531,35.8259363955655,272.716435880318));
#5121=CARTESIAN_POINT('Ctrl Pts',(431.414117620675,35.6971522165462,272.756834615473));
#5122=CARTESIAN_POINT('Ctrl Pts',(431.749444215748,35.3618256214724,272.846853854265));
#5123=CARTESIAN_POINT('Ctrl Pts',(431.918370539017,35.1161576887116,272.901604403841));
#5124=CARTESIAN_POINT('Ctrl Pts',(432.143716792128,34.5748321143762,272.978654578431));
#5125=CARTESIAN_POINT('Ctrl Pts',(432.2,34.278982185964,273.));
#5126=CARTESIAN_POINT('Ctrl Pts',(432.2,33.721017814036,273.));
#5127=CARTESIAN_POINT('Ctrl Pts',(432.143716792128,33.4251678856238,272.978654578431));
#5128=CARTESIAN_POINT('Ctrl Pts',(431.918370539017,32.8838423112884,272.901604403841));
#5129=CARTESIAN_POINT('Ctrl Pts',(431.749444215748,32.6381743785276,272.846853854265));
#5130=CARTESIAN_POINT('Ctrl Pts',(431.414117620675,32.3028477834538,272.756834615473));
#5131=CARTESIAN_POINT('Ctrl Pts',(431.245455712531,32.1740636044346,272.716435880318));
#5132=CARTESIAN_POINT('Ctrl Pts',(431.059102716083,32.0717102300779,272.681698563213));
#5133=CARTESIAN_POINT('',(427.8,34.,273.));
#5134=CARTESIAN_POINT('Ctrl Pts',(428.940897283917,32.0717102300778,272.681698563213));
#5135=CARTESIAN_POINT('Ctrl Pts',(428.754544287469,32.1740636044346,272.716435880318));
#5136=CARTESIAN_POINT('Ctrl Pts',(428.585882379325,32.3028477834538,272.756834615473));
#5137=CARTESIAN_POINT('Ctrl Pts',(428.250555784252,32.6381743785276,272.846853854265));
#5138=CARTESIAN_POINT('Ctrl Pts',(428.081629460983,32.8838423112885,272.901604403841));
#5139=CARTESIAN_POINT('Ctrl Pts',(427.856283207872,33.4251678856238,272.978654578431));
#5140=CARTESIAN_POINT('Ctrl Pts',(427.8,33.721017814036,273.));
#5141=CARTESIAN_POINT('Ctrl Pts',(427.8,34.,273.));
#5142=CARTESIAN_POINT('',(427.8,34.,274.));
#5143=CARTESIAN_POINT('',(427.8,34.,276.));
#5144=CARTESIAN_POINT('Origin',(430.,34.,274.));
#5145=CARTESIAN_POINT('Ctrl Pts',(427.8,34.,273.));
#5146=CARTESIAN_POINT('Ctrl Pts',(427.8,34.278982185964,273.));
#5147=CARTESIAN_POINT('Ctrl Pts',(427.856283207872,34.5748321143762,272.978654578431));
#5148=CARTESIAN_POINT('Ctrl Pts',(428.081629460983,35.1161576887116,272.901604403841));
#5149=CARTESIAN_POINT('Ctrl Pts',(428.250555784252,35.3618256214724,272.846853854265));
#5150=CARTESIAN_POINT('Ctrl Pts',(428.585882379325,35.6971522165462,272.756834615473));
#5151=CARTESIAN_POINT('Ctrl Pts',(428.754544287468,35.8259363955654,272.716435880318));
#5152=CARTESIAN_POINT('Ctrl Pts',(428.940897283917,35.9282897699222,272.681698563213));
#5153=CARTESIAN_POINT('Origin',(434.5,34.,267.));
#5154=CARTESIAN_POINT('Origin',(430.,32.,212.));
#5155=CARTESIAN_POINT('',(431.059102716083,32.0717102300778,207.318301436787));
#5156=CARTESIAN_POINT('',(428.940897283917,32.0717102300778,207.318301436787));
#5157=CARTESIAN_POINT('Ctrl Pts',(431.059102716082,32.0717102300776,207.318301436787));
#5158=CARTESIAN_POINT('Ctrl Pts',(431.029442219871,32.0914807885915,207.311591583158));
#5159=CARTESIAN_POINT('Ctrl Pts',(430.999629955023,32.1108208917347,207.30514319017));
#5160=CARTESIAN_POINT('Ctrl Pts',(430.824819606521,32.2207182787884,207.26908846366));
#5161=CARTESIAN_POINT('Ctrl Pts',(430.676890922504,32.3007683692524,207.245299318353));
#5162=CARTESIAN_POINT('Ctrl Pts',(430.360261716431,32.4219698880193,207.210890415115));
#5163=CARTESIAN_POINT('Ctrl Pts',(430.191839692736,32.4637708504263,207.2));
#5164=CARTESIAN_POINT('Ctrl Pts',(429.808160307264,32.4637708504263,207.2));
#5165=CARTESIAN_POINT('Ctrl Pts',(429.639738283569,32.4219698880193,207.210890415115));
#5166=CARTESIAN_POINT('Ctrl Pts',(429.323109077496,32.3007683692524,207.245299318353));
#5167=CARTESIAN_POINT('Ctrl Pts',(429.175180393479,32.2207182787884,207.26908846366));
#5168=CARTESIAN_POINT('Ctrl Pts',(429.000370044977,32.1108208917347,207.30514319017));
#5169=CARTESIAN_POINT('Ctrl Pts',(428.970557780129,32.0914807885915,207.311591583158));
#5170=CARTESIAN_POINT('Ctrl Pts',(428.940897283918,32.0717102300776,207.318301436787));
#5171=CARTESIAN_POINT('Ctrl Pts',(428.940897283917,32.0717102300778,207.318301436787));
#5172=CARTESIAN_POINT('Ctrl Pts',(429.009208167479,32.0341908471268,207.302848019328));
#5173=CARTESIAN_POINT('Ctrl Pts',(429.079898315661,32.0001062325731,207.288436650775));
#5174=CARTESIAN_POINT('Ctrl Pts',(429.422809886258,31.8569272068065,207.226912744653));
#5175=CARTESIAN_POINT('Ctrl Pts',(429.71938699442,31.8,207.2));
#5176=CARTESIAN_POINT('Ctrl Pts',(430.28061300558,31.8,207.2));
#5177=CARTESIAN_POINT('Ctrl Pts',(430.577190113742,31.8569272068065,207.226912744653));
#5178=CARTESIAN_POINT('Ctrl Pts',(430.920101684339,32.0001062325731,207.288436650775));
#5179=CARTESIAN_POINT('Ctrl Pts',(430.990791832521,32.0341908471267,207.302848019328));
#5180=CARTESIAN_POINT('Ctrl Pts',(431.059102716083,32.0717102300778,207.318301436787));
#5181=CARTESIAN_POINT('Origin',(430.,32.,212.));
#5182=CARTESIAN_POINT('',(428.940897283917,35.9282897699222,207.318301436787));
#5183=CARTESIAN_POINT('',(431.059102716083,35.9282897699222,207.318301436787));
#5184=CARTESIAN_POINT('Ctrl Pts',(428.940897283918,35.9282897699224,207.318301436787));
#5185=CARTESIAN_POINT('Ctrl Pts',(428.970557780129,35.9085192114085,207.311591583158));
#5186=CARTESIAN_POINT('Ctrl Pts',(429.000370044977,35.8891791082653,207.30514319017));
#5187=CARTESIAN_POINT('Ctrl Pts',(429.175180393479,35.7792817212116,207.26908846366));
#5188=CARTESIAN_POINT('Ctrl Pts',(429.323109077496,35.6992316307476,207.245299318353));
#5189=CARTESIAN_POINT('Ctrl Pts',(429.639738283569,35.5780301119807,207.210890415115));
#5190=CARTESIAN_POINT('Ctrl Pts',(429.808160307264,35.5362291495736,207.2));
#5191=CARTESIAN_POINT('Ctrl Pts',(430.191839692736,35.5362291495736,207.2));
#5192=CARTESIAN_POINT('Ctrl Pts',(430.360261716431,35.5780301119807,207.210890415115));
#5193=CARTESIAN_POINT('Ctrl Pts',(430.676890922504,35.6992316307476,207.245299318353));
#5194=CARTESIAN_POINT('Ctrl Pts',(430.824819606521,35.7792817212116,207.26908846366));
#5195=CARTESIAN_POINT('Ctrl Pts',(430.999629955023,35.8891791082653,207.30514319017));
#5196=CARTESIAN_POINT('Ctrl Pts',(431.029442219871,35.9085192114085,207.311591583158));
#5197=CARTESIAN_POINT('Ctrl Pts',(431.059102716082,35.9282897699224,207.318301436787));
#5198=CARTESIAN_POINT('Ctrl Pts',(431.059102716083,35.9282897699222,207.318301436787));
#5199=CARTESIAN_POINT('Ctrl Pts',(430.990791832521,35.9658091528733,207.302848019328));
#5200=CARTESIAN_POINT('Ctrl Pts',(430.920101684339,35.9998937674269,207.288436650775));
#5201=CARTESIAN_POINT('Ctrl Pts',(430.577190113742,36.1430727931935,207.226912744653));
#5202=CARTESIAN_POINT('Ctrl Pts',(430.28061300558,36.2,207.2));
#5203=CARTESIAN_POINT('Ctrl Pts',(429.71938699442,36.2,207.2));
#5204=CARTESIAN_POINT('Ctrl Pts',(429.422809886258,36.1430727931935,207.226912744653));
#5205=CARTESIAN_POINT('Ctrl Pts',(429.079898315661,35.9998937674269,207.288436650775));
#5206=CARTESIAN_POINT('Ctrl Pts',(429.009208167479,35.9658091528733,207.302848019328));
#5207=CARTESIAN_POINT('Ctrl Pts',(428.940897283917,35.9282897699222,207.318301436787));
#5208=CARTESIAN_POINT('Origin',(430.,32.,212.));
#5209=CARTESIAN_POINT('',(434.5,36.5,213.670329308849));
#5210=CARTESIAN_POINT('Origin',(430.,36.5,212.));
#5211=CARTESIAN_POINT('',(434.5,32.,213.670329308849));
#5212=CARTESIAN_POINT('Origin',(430.,36.5,212.));
#5213=CARTESIAN_POINT('',(434.5,36.5,212.5));
#5214=CARTESIAN_POINT('Origin',(430.,34.,204.));
#5215=CARTESIAN_POINT('',(427.8,34.,207.));
#5216=CARTESIAN_POINT('',(427.8,34.,204.));
#5217=CARTESIAN_POINT('Ctrl Pts',(427.8,34.,207.));
#5218=CARTESIAN_POINT('Ctrl Pts',(427.8,33.721017814036,207.));
#5219=CARTESIAN_POINT('Ctrl Pts',(427.856283207872,33.4251678856238,207.021345421569));
#5220=CARTESIAN_POINT('Ctrl Pts',(428.081629460983,32.8838423112884,207.098395596159));
#5221=CARTESIAN_POINT('Ctrl Pts',(428.250555784252,32.6381743785276,207.153146145735));
#5222=CARTESIAN_POINT('Ctrl Pts',(428.585882379325,32.3028477834538,207.243165384527));
#5223=CARTESIAN_POINT('Ctrl Pts',(428.754544287469,32.1740636044346,207.283564119682));
#5224=CARTESIAN_POINT('Ctrl Pts',(428.940897283917,32.0717102300778,207.318301436787));
#5225=CARTESIAN_POINT('Ctrl Pts',(431.059102716082,32.0717102300777,207.318301436787));
#5226=CARTESIAN_POINT('Ctrl Pts',(431.245455712531,32.1740636044345,207.283564119682));
#5227=CARTESIAN_POINT('Ctrl Pts',(431.414117620675,32.3028477834538,207.243165384527));
#5228=CARTESIAN_POINT('Ctrl Pts',(431.749444215748,32.6381743785276,207.153146145735));
#5229=CARTESIAN_POINT('Ctrl Pts',(431.918370539018,32.8838423112884,207.098395596159));
#5230=CARTESIAN_POINT('Ctrl Pts',(432.143716792128,33.4251678856238,207.021345421569));
#5231=CARTESIAN_POINT('Ctrl Pts',(432.2,33.721017814036,207.));
#5232=CARTESIAN_POINT('Ctrl Pts',(432.2,34.278982185964,207.));
#5233=CARTESIAN_POINT('Ctrl Pts',(432.143716792128,34.5748321143762,207.021345421569));
#5234=CARTESIAN_POINT('Ctrl Pts',(431.918370539017,35.1161576887116,207.098395596159));
#5235=CARTESIAN_POINT('Ctrl Pts',(431.749444215748,35.3618256214724,207.153146145735));
#5236=CARTESIAN_POINT('Ctrl Pts',(431.414117620675,35.6971522165462,207.243165384527));
#5237=CARTESIAN_POINT('Ctrl Pts',(431.245455712531,35.8259363955654,207.283564119682));
#5238=CARTESIAN_POINT('Ctrl Pts',(431.059102716083,35.9282897699222,207.318301436787));
#5239=CARTESIAN_POINT('Ctrl Pts',(428.940897283917,35.9282897699222,207.318301436787));
#5240=CARTESIAN_POINT('Ctrl Pts',(428.754544287469,35.8259363955654,207.283564119682));
#5241=CARTESIAN_POINT('Ctrl Pts',(428.585882379325,35.6971522165462,207.243165384527));
#5242=CARTESIAN_POINT('Ctrl Pts',(428.250555784252,35.3618256214724,207.153146145735));
#5243=CARTESIAN_POINT('Ctrl Pts',(428.081629460983,35.1161576887116,207.098395596159));
#5244=CARTESIAN_POINT('Ctrl Pts',(427.856283207872,34.5748321143762,207.021345421569));
#5245=CARTESIAN_POINT('Ctrl Pts',(427.8,34.278982185964,207.));
#5246=CARTESIAN_POINT('Ctrl Pts',(427.8,34.,207.));
#5247=CARTESIAN_POINT('Origin',(429.75,34.,267.));
#5248=CARTESIAN_POINT('Origin',(426.,42.,240.));
#5249=CARTESIAN_POINT('',(426.,39.277658039722,215.854176871842));
#5250=CARTESIAN_POINT('Origin',(426.,34.,213.));
#5251=CARTESIAN_POINT('',(426.,39.277658039722,220.));
#5252=CARTESIAN_POINT('',(426.,39.277658039722,240.));
#5253=CARTESIAN_POINT('',(426.,36.5,220.));
#5254=CARTESIAN_POINT('',(426.,40.75,220.));
#5255=CARTESIAN_POINT('',(426.,36.5,260.));
#5256=CARTESIAN_POINT('',(426.,36.5,240.));
#5257=CARTESIAN_POINT('',(426.,39.277658039722,260.));
#5258=CARTESIAN_POINT('',(426.,40.75,260.));
#5259=CARTESIAN_POINT('',(426.,39.277658039722,240.));
#5260=CARTESIAN_POINT('Origin',(434.5,34.,213.));
#5261=CARTESIAN_POINT('Origin',(434.5,34.,213.));
#5262=CARTESIAN_POINT('Origin',(429.75,34.,213.));
#5263=CARTESIAN_POINT('Origin',(429.75,34.,213.));
#5264=CARTESIAN_POINT('Origin',(375.569045398572,34.,213.));
#5265=CARTESIAN_POINT('Origin',(456.58366894172,42.478274556879,240.));
#5266=CARTESIAN_POINT('',(457.13001105754,42.535449894582,220.));
#5267=CARTESIAN_POINT('Origin',(457.,-38.5,274.));
#5268=CARTESIAN_POINT('',(435.,27.5,274.));
#5269=CARTESIAN_POINT('',(468.75,27.5,274.));
#5270=CARTESIAN_POINT('',(435.,0.,274.));
#5271=CARTESIAN_POINT('',(463.84732378075,35.194736309426,274.));
#5272=CARTESIAN_POINT('Origin',(462.,34.,274.));
#5273=CARTESIAN_POINT('',(477.34999999999,36.607807076566,274.));
#5274=CARTESIAN_POINT('',(457.41633105827,34.521725443121,274.));
#5275=CARTESIAN_POINT('',(477.35,39.,274.));
#5276=CARTESIAN_POINT('',(477.35,34.,274.));
#5277=CARTESIAN_POINT('',(477.5,39.,274.));
#5278=CARTESIAN_POINT('',(468.5,39.,274.));
#5279=CARTESIAN_POINT('',(482.5,39.,274.));
#5280=CARTESIAN_POINT('',(468.5,39.,274.));
#5281=CARTESIAN_POINT('',(482.65,39.,274.));
#5282=CARTESIAN_POINT('',(468.5,39.,274.));
#5283=CARTESIAN_POINT('',(482.65,37.162458239361,274.));
#5284=CARTESIAN_POINT('',(482.65,34.,274.));
#5285=CARTESIAN_POINT('',(500.41633105827,39.021725443121,274.));
#5286=CARTESIAN_POINT('',(457.41633105827,34.521725443121,274.));
#5287=CARTESIAN_POINT('',(500.,43.,274.));
#5288=CARTESIAN_POINT('',(495.,43.,274.));
#5289=CARTESIAN_POINT('',(478.,43.,274.));
#5290=CARTESIAN_POINT('',(495.,45.5,274.));
#5291=CARTESIAN_POINT('Origin',(480.,34.,274.));
#5292=CARTESIAN_POINT('Origin',(480.,39.,274.));
#5293=CARTESIAN_POINT('',(479.12108020843,36.793152679777,271.5));
#5294=CARTESIAN_POINT('Origin',(480.,36.885132657964,274.));
#5295=CARTESIAN_POINT('',(479.12108020843,34.,271.5));
#5296=CARTESIAN_POINT('',(479.12108020843,34.,271.5));
#5297=CARTESIAN_POINT('Origin',(480.,34.,274.));
#5298=CARTESIAN_POINT('',(480.87891979156,36.977112636151,271.5));
#5299=CARTESIAN_POINT('',(480.87891979156,34.,271.5));
#5300=CARTESIAN_POINT('Origin',(480.,36.885132657964,274.));
#5301=CARTESIAN_POINT('Origin',(480.,34.,274.));
#5302=CARTESIAN_POINT('',(479.38332955519,34.,271.57725));
#5303=CARTESIAN_POINT('Origin',(480.,34.,269.));
#5304=CARTESIAN_POINT('Origin',(480.,34.,274.));
#5305=CARTESIAN_POINT('Origin',(480.,34.,269.));
#5306=CARTESIAN_POINT('Origin',(480.,39.,269.));
#5307=CARTESIAN_POINT('Origin',(480.,36.885132657964,269.));
#5308=CARTESIAN_POINT('',(480.,35.,266.35));
#5309=CARTESIAN_POINT('Origin',(480.,35.,269.));
#5310=CARTESIAN_POINT('',(480.,34.,266.35));
#5311=CARTESIAN_POINT('',(480.,34.,266.35));
#5312=CARTESIAN_POINT('Origin',(480.,34.,269.));
#5313=CARTESIAN_POINT('Origin',(480.,36.885132657964,269.));
#5314=CARTESIAN_POINT('Origin',(457.41633105827,34.521725443121,240.));
#5315=CARTESIAN_POINT('',(463.84732378075,35.194736309426,276.));
#5316=CARTESIAN_POINT('Origin',(480.,39.,274.));
#5317=CARTESIAN_POINT('Origin',(480.,39.,274.));
#5318=CARTESIAN_POINT('Origin',(457.41633105827,34.521725443121,240.));
#5319=CARTESIAN_POINT('',(500.41633105827,39.021725443121,240.));
#5320=CARTESIAN_POINT('Origin',(480.,34.,269.));
#5321=CARTESIAN_POINT('',(479.38332955519,34.,271.42275));
#5322=CARTESIAN_POINT('Origin',(480.,34.,274.));
#5323=CARTESIAN_POINT('',(480.,34.,271.5));
#5324=CARTESIAN_POINT('Origin',(480.,34.,269.));
#5325=CARTESIAN_POINT('Origin',(480.,34.,274.));
#5326=CARTESIAN_POINT('Origin',(480.,34.,274.));
#5327=CARTESIAN_POINT('',(480.,34.,271.65));
#5328=CARTESIAN_POINT('',(480.,34.,257.));
#5329=CARTESIAN_POINT('Origin',(480.,34.,269.));
#5330=CARTESIAN_POINT('Origin',(480.,39.,269.));
#5331=CARTESIAN_POINT('Origin',(480.,39.,269.));
#5332=CARTESIAN_POINT('Origin',(480.,34.,269.));
#5333=CARTESIAN_POINT('',(480.,34.,266.5));
#5334=CARTESIAN_POINT('',(480.,34.,254.5));
#5335=CARTESIAN_POINT('Origin',(480.,34.,269.));
#5336=CARTESIAN_POINT('Origin',(480.,0.,240.));
#5337=CARTESIAN_POINT('',(480.,27.5,206.));
#5338=CARTESIAN_POINT('',(480.,27.5,240.));
#5339=CARTESIAN_POINT('',(480.,34.,257.));
#5340=CARTESIAN_POINT('',(480.,34.,271.35));
#5341=CARTESIAN_POINT('',(480.,34.,254.5));
#5342=CARTESIAN_POINT('',(480.,34.,254.5));
#5343=CARTESIAN_POINT('',(480.,35.,213.65));
#5344=CARTESIAN_POINT('',(480.,35.,240.));
#5345=CARTESIAN_POINT('',(480.,34.,213.65));
#5346=CARTESIAN_POINT('',(480.,34.,213.65));
#5347=CARTESIAN_POINT('',(480.,34.,213.5));
#5348=CARTESIAN_POINT('',(480.,34.,225.5));
#5349=CARTESIAN_POINT('',(480.,34.,208.65));
#5350=CARTESIAN_POINT('',(480.,34.,225.5));
#5351=CARTESIAN_POINT('',(480.,34.,208.5));
#5352=CARTESIAN_POINT('',(480.,34.,225.5));
#5353=CARTESIAN_POINT('',(480.,34.,208.35));
#5354=CARTESIAN_POINT('',(480.,34.,223.));
#5355=CARTESIAN_POINT('',(480.,34.,206.));
#5356=CARTESIAN_POINT('',(480.,34.,223.));
#5357=CARTESIAN_POINT('',(480.,0.,206.));
#5358=CARTESIAN_POINT('Origin',(478.,35.,240.));
#5359=CARTESIAN_POINT('',(478.,35.,269.));
#5360=CARTESIAN_POINT('',(482.64999999999,35.,211.));
#5361=CARTESIAN_POINT('',(478.,35.,211.));
#5362=CARTESIAN_POINT('Origin',(480.,35.,211.));
#5363=CARTESIAN_POINT('Origin',(478.,42.,269.));
#5364=CARTESIAN_POINT('Origin',(462.,34.,276.));
#5365=CARTESIAN_POINT('Origin',(462.,34.,264.));
#5366=CARTESIAN_POINT('Origin',(456.58366894172,42.478274556879,240.));
#5367=CARTESIAN_POINT('',(457.13001105754,42.535449894582,260.));
#5368=CARTESIAN_POINT('Origin',(495.,52.5,282.));
#5369=CARTESIAN_POINT('',(495.,62.,290.));
#5370=CARTESIAN_POINT('',(495.,62.,282.));
#5371=CARTESIAN_POINT('',(495.,43.,290.));
#5372=CARTESIAN_POINT('',(495.,43.,282.));
#5373=CARTESIAN_POINT('',(495.,52.5,290.));
#5374=CARTESIAN_POINT('Origin',(499.,43.,282.));
#5375=CARTESIAN_POINT('',(503.,43.,290.));
#5376=CARTESIAN_POINT('',(503.,43.,282.));
#5377=CARTESIAN_POINT('',(499.,43.,290.));
#5378=CARTESIAN_POINT('Origin',(500.,43.,240.));
#5379=CARTESIAN_POINT('Origin',(480.,39.,274.));
#5380=CARTESIAN_POINT('Origin',(435.,0.,240.));
#5381=CARTESIAN_POINT('',(435.,27.5,240.));
#5382=CARTESIAN_POINT('',(435.,19.75,220.));
#5383=CARTESIAN_POINT('',(435.,19.75,260.));
#5384=CARTESIAN_POINT('Origin',(480.,34.,269.));
#5385=CARTESIAN_POINT('Origin',(480.,34.,274.));
#5386=CARTESIAN_POINT('Origin',(480.,34.,274.));
#5387=CARTESIAN_POINT('Origin',(480.,39.,269.));
#5388=CARTESIAN_POINT('Origin',(480.,34.,269.));
#5389=CARTESIAN_POINT('Origin',(480.,34.,211.));
#5390=CARTESIAN_POINT('Origin',(480.,39.,211.));
#5391=CARTESIAN_POINT('',(479.12108020843,36.793152679777,208.5));
#5392=CARTESIAN_POINT('Origin',(480.,36.885132657964,211.));
#5393=CARTESIAN_POINT('',(479.12108020843,34.,208.5));
#5394=CARTESIAN_POINT('',(479.12108020843,34.,208.5));
#5395=CARTESIAN_POINT('Origin',(480.,34.,211.));
#5396=CARTESIAN_POINT('',(482.65,34.,211.));
#5397=CARTESIAN_POINT('',(480.87891979156,36.977112636151,208.5));
#5398=CARTESIAN_POINT('',(480.87891979156,34.,208.5));
#5399=CARTESIAN_POINT('Origin',(480.,36.885132657964,211.));
#5400=CARTESIAN_POINT('Origin',(480.,34.,211.));
#5401=CARTESIAN_POINT('',(479.38332955519,34.,208.57725));
#5402=CARTESIAN_POINT('Origin',(480.,34.,206.));
#5403=CARTESIAN_POINT('Origin',(480.,34.,211.));
#5404=CARTESIAN_POINT('Origin',(480.,34.,211.));
#5405=CARTESIAN_POINT('Origin',(480.,34.,206.));
#5406=CARTESIAN_POINT('Origin',(480.,34.,211.));
#5407=CARTESIAN_POINT('Origin',(480.,34.,211.));
#5408=CARTESIAN_POINT('Origin',(480.,34.,206.));
#5409=CARTESIAN_POINT('',(479.38332955519,34.,208.42275));
#5410=CARTESIAN_POINT('Origin',(480.,34.,211.));
#5411=CARTESIAN_POINT('Origin',(480.,34.,206.));
#5412=CARTESIAN_POINT('Origin',(480.,34.,206.));
#5413=CARTESIAN_POINT('',(482.5,34.,206.));
#5414=CARTESIAN_POINT('',(482.5,34.,206.));
#5415=CARTESIAN_POINT('Origin',(480.,34.,206.));
#5416=CARTESIAN_POINT('Origin',(485.,0.,206.));
#5417=CARTESIAN_POINT('',(482.75,27.5,206.));
#5418=CARTESIAN_POINT('',(482.65,34.,206.));
#5419=CARTESIAN_POINT('',(482.5,34.,206.));
#5420=CARTESIAN_POINT('',(482.65,34.,206.));
#5421=CARTESIAN_POINT('Origin',(485.,27.5,240.));
#5422=CARTESIAN_POINT('Origin',(478.,42.,211.));
#5423=CARTESIAN_POINT('Origin',(462.,34.,264.));
#5424=CARTESIAN_POINT('Origin',(458.,39.5,260.));
#5425=CARTESIAN_POINT('',(444.,36.5,260.));
#5426=CARTESIAN_POINT('Origin',(430.,36.5,240.));
#5427=CARTESIAN_POINT('',(444.,36.5,220.));
#5428=CARTESIAN_POINT('Origin',(458.,39.5,220.));
#5429=CARTESIAN_POINT('Origin',(430.,27.5,240.));
#5430=CARTESIAN_POINT('Origin',(499.,62.,282.));
#5431=CARTESIAN_POINT('',(499.,62.,290.));
#5432=CARTESIAN_POINT('Origin',(499.,52.5,290.));
#5433=CARTESIAN_POINT('',(503.,58.,290.));
#5434=CARTESIAN_POINT('',(503.,52.5,290.));
#5435=CARTESIAN_POINT('',(535.,58.,290.));
#5436=CARTESIAN_POINT('',(517.,58.,290.));
#5437=CARTESIAN_POINT('',(535.,62.,290.));
#5438=CARTESIAN_POINT('Origin',(503.,52.5,282.));
#5439=CARTESIAN_POINT('',(503.,58.,282.));
#5440=CARTESIAN_POINT('Origin',(458.,39.5,260.));
#5441=CARTESIAN_POINT('Origin',(458.,39.5,220.));
#5442=CARTESIAN_POINT('Origin',(462.,34.,216.));
#5443=CARTESIAN_POINT('Origin',(462.,34.,216.));
#5444=CARTESIAN_POINT('Origin',(462.,34.,204.));
#5445=CARTESIAN_POINT('',(463.84732378075,35.194736309426,204.));
#5446=CARTESIAN_POINT('Origin',(480.,34.,206.));
#5447=CARTESIAN_POINT('Origin',(480.,39.,206.));
#5448=CARTESIAN_POINT('Origin',(480.,36.885132657964,206.));
#5449=CARTESIAN_POINT('Origin',(480.,34.,206.));
#5450=CARTESIAN_POINT('Origin',(480.,36.885132657964,206.));
#5451=CARTESIAN_POINT('Origin',(457.41633105827,34.521725443121,240.));
#5452=CARTESIAN_POINT('Origin',(480.,39.,211.));
#5453=CARTESIAN_POINT('Origin',(480.,39.,211.));
#5454=CARTESIAN_POINT('Origin',(480.,34.,206.));
#5455=CARTESIAN_POINT('Origin',(480.,34.,211.));
#5456=CARTESIAN_POINT('Origin',(480.,34.,206.));
#5457=CARTESIAN_POINT('Origin',(457.41633105827,34.521725443121,240.));
#5458=CARTESIAN_POINT('',(500.41633105827,39.021725443121,240.));
#5459=CARTESIAN_POINT('Origin',(495.,52.5,198.));
#5460=CARTESIAN_POINT('',(495.,62.,206.));
#5461=CARTESIAN_POINT('',(495.,62.,190.));
#5462=CARTESIAN_POINT('',(495.,62.,198.));
#5463=CARTESIAN_POINT('',(495.,43.,190.));
#5464=CARTESIAN_POINT('',(495.,52.5,190.));
#5465=CARTESIAN_POINT('',(495.,43.,198.));
#5466=CARTESIAN_POINT('',(495.,52.5,206.));
#5467=CARTESIAN_POINT('Origin',(499.,43.,198.));
#5468=CARTESIAN_POINT('',(503.,43.,190.));
#5469=CARTESIAN_POINT('',(499.,43.,190.));
#5470=CARTESIAN_POINT('',(503.,43.,206.));
#5471=CARTESIAN_POINT('',(503.,43.,198.));
#5472=CARTESIAN_POINT('',(499.,43.,206.));
#5473=CARTESIAN_POINT('Origin',(500.,43.,240.));
#5474=CARTESIAN_POINT('',(500.,43.,206.));
#5475=CARTESIAN_POINT('Origin',(480.,39.,206.));
#5476=CARTESIAN_POINT('Origin',(480.,39.,206.));
#5477=CARTESIAN_POINT('Origin',(480.,39.,206.));
#5478=CARTESIAN_POINT('Origin',(517.,66.,282.));
#5479=CARTESIAN_POINT('Origin',(535.,62.,282.));
#5480=CARTESIAN_POINT('',(535.,58.,282.));
#5481=CARTESIAN_POINT('Origin',(517.,58.,282.));
#5482=CARTESIAN_POINT('',(523.8,58.,282.));
#5483=CARTESIAN_POINT('Origin',(526.,58.,282.));
#5484=CARTESIAN_POINT('Origin',(480.,39.,211.));
#5485=CARTESIAN_POINT('Origin',(499.,52.5,206.));
#5486=CARTESIAN_POINT('',(499.,62.,206.));
#5487=CARTESIAN_POINT('',(503.,58.,206.));
#5488=CARTESIAN_POINT('',(503.,52.5,206.));
#5489=CARTESIAN_POINT('',(535.,58.,206.));
#5490=CARTESIAN_POINT('',(517.,58.,206.));
#5491=CARTESIAN_POINT('',(535.,62.,206.));
#5492=CARTESIAN_POINT('Origin',(499.,62.,198.));
#5493=CARTESIAN_POINT('',(499.,62.,190.));
#5494=CARTESIAN_POINT('Origin',(499.,52.5,190.));
#5495=CARTESIAN_POINT('',(503.,58.,190.));
#5496=CARTESIAN_POINT('',(503.,52.5,190.));
#5497=CARTESIAN_POINT('',(535.,58.,190.));
#5498=CARTESIAN_POINT('',(535.,62.,190.));
#5499=CARTESIAN_POINT('',(517.,58.,190.));
#5500=CARTESIAN_POINT('Origin',(503.,52.5,198.));
#5501=CARTESIAN_POINT('',(503.,58.,198.));
#5502=CARTESIAN_POINT('Origin',(526.,62.,282.));
#5503=CARTESIAN_POINT('',(523.8,62.,282.));
#5504=CARTESIAN_POINT('Origin',(517.,58.,198.));
#5505=CARTESIAN_POINT('',(535.,58.,198.));
#5506=CARTESIAN_POINT('',(523.8,58.,198.));
#5507=CARTESIAN_POINT('Origin',(526.,58.,198.));
#5508=CARTESIAN_POINT('Origin',(535.,62.,198.));
#5509=CARTESIAN_POINT('Origin',(517.,66.,198.));
#5510=CARTESIAN_POINT('Origin',(526.,62.,198.));
#5511=CARTESIAN_POINT('',(523.8,62.,198.));
#5512=UNCERTAINTY_MEASURE_WITH_UNIT(LENGTH_MEASURE(0.01),#5516,
'DISTANCE_ACCURACY_VALUE',
'Maximum model space distance between geometric entities at asserted c
onnectivities');
#5513=UNCERTAINTY_MEASURE_WITH_UNIT(LENGTH_MEASURE(0.01),#5516,
'DISTANCE_ACCURACY_VALUE',
'Maximum model space distance between geometric entities at asserted c
onnectivities');
#5514=(
GEOMETRIC_REPRESENTATION_CONTEXT(3)
GLOBAL_UNCERTAINTY_ASSIGNED_CONTEXT((#5512))
GLOBAL_UNIT_ASSIGNED_CONTEXT((#5516,#5518,#5519))
REPRESENTATION_CONTEXT('','3D')
);
#5515=(
GEOMETRIC_REPRESENTATION_CONTEXT(3)
GLOBAL_UNCERTAINTY_ASSIGNED_CONTEXT((#5513))
GLOBAL_UNIT_ASSIGNED_CONTEXT((#5516,#5518,#5519))
REPRESENTATION_CONTEXT('','3D')
);
#5516=(
LENGTH_UNIT()
NAMED_UNIT(*)
SI_UNIT(.MILLI.,.METRE.)
);
#5517=(
LENGTH_UNIT()
NAMED_UNIT(*)
SI_UNIT($,.METRE.)
);
#5518=(
NAMED_UNIT(*)
PLANE_ANGLE_UNIT()
SI_UNIT($,.RADIAN.)
);
#5519=(
NAMED_UNIT(*)
SI_UNIT($,.STERADIAN.)
SOLID_ANGLE_UNIT()
);
#5520=SHAPE_DEFINITION_REPRESENTATION(#5521,#5522);
#5521=PRODUCT_DEFINITION_SHAPE('',$,#5524);
#5522=SHAPE_REPRESENTATION('',(#3103),#5514);
#5523=PRODUCT_DEFINITION_CONTEXT('part definition',#5528,'design');
#5524=PRODUCT_DEFINITION('2026-09-30-14-03-43-235',
'EXPORT_TMP_PRINT_V015_P401B_ForearmSideFrame_PosY',#5525,#5523);
#5525=PRODUCT_DEFINITION_FORMATION('',$,#5530);
#5526=PRODUCT_RELATED_PRODUCT_CATEGORY(
'EXPORT_TMP_PRINT_V015_P401B_ForearmSideFrame_PosY',
'EXPORT_TMP_PRINT_V015_P401B_ForearmSideFrame_PosY',(#5530));
#5527=APPLICATION_PROTOCOL_DEFINITION('international standard',
'automotive_design',2009,#5528);
#5528=APPLICATION_CONTEXT(
'Core Data for Automotive Mechanical Design Process');
#5529=PRODUCT_CONTEXT('part definition',#5528,'mechanical');
#5530=PRODUCT('2026-09-30-14-03-43-235',
'EXPORT_TMP_PRINT_V015_P401B_ForearmSideFrame_PosY',$,(#5529));
#5531=PRESENTATION_STYLE_ASSIGNMENT((#5532));
#5532=SURFACE_STYLE_USAGE(.BOTH.,#5533);
#5533=SURFACE_SIDE_STYLE('',(#5534));
#5534=SURFACE_STYLE_FILL_AREA(#5535);
#5535=FILL_AREA_STYLE('Steel - Satin',(#5536));
#5536=FILL_AREA_STYLE_COLOUR('Steel - Satin',#5537);
#5537=COLOUR_RGB('Steel - Satin',0.627450980392157,0.627450980392157,0.627450980392157);
ENDSEC;
END-ISO-10303-21;
