ISO-10303-21;
HEADER;
/* Generated by software containing ST-Developer
 * from STEP Tools, Inc. (www.steptools.com) 
 */

FILE_DESCRIPTION(
/* description */ (''),
/* implementation_level */ '2;1');

FILE_NAME(
/* name */ 'PRINT_V015_P401C_ForearmSideFrame_NegY.step',
/* time_stamp */ '2026-09-09T17:44:21+02:00',
/* author */ (''),
/* organization */ (''),
/* preprocessor_version */ 'ST-DEVELOPER v20.1',
/* originating_system */ 'Autodesk Translation Framework v15.8.0.0',
/* authorisation */ '');

FILE_SCHEMA (('AUTOMOTIVE_DESIGN { 1 0 10303 214 3 1 1 }'));
ENDSEC;

DATA;
#10=MECHANICAL_DESIGN_GEOMETRIC_PRESENTATION_REPRESENTATION('',(#13),#4805);
#11=SHAPE_REPRESENTATION_RELATIONSHIP('SRR','None',#4812,#12);
#12=ADVANCED_BREP_SHAPE_REPRESENTATION('',(#2657),#4804);
#13=STYLED_ITEM('',(#4821),#2657);
#14=ORIENTED_CLOSED_SHELL('',*,#2655,.F.);
#15=ORIENTED_CLOSED_SHELL('',*,#2656,.F.);
#16=B_SPLINE_CURVE_WITH_KNOTS('',3,(#3773,#3774,#3775,#3776,#3777,#3778,
#3779,#3780,#3781,#3782),.UNSPECIFIED.,.F.,.F.,(4,2,2,2,4),(0.,0.079210314627801,
0.158420629255602,0.23415589605277,0.241898227585003),.UNSPECIFIED.);
#17=B_SPLINE_CURVE_WITH_KNOTS('',3,(#3784,#3785,#3786,#3787,#3788,#3789,
#3790,#3791,#3792,#3793,#3794,#3795,#3796,#3797,#3798,#3799,#3800,#3801,
#3802,#3803,#3804,#3805,#3806,#3807,#3808,#3809,#3810,#3811,#3812,#3813,
#3814,#3815),.UNSPECIFIED.,.F.,.F.,(4,2,2,2,2,2,2,2,2,2,2,2,2,2,2,4),(0.241898227585003,
0.292366701874592,0.350577507696415,0.409335935728369,0.468094363760323,
0.526366714061344,0.584639064362365,0.642911414663387,0.701183764964408,
0.759942192996362,0.818700621028316,0.876911426850138,0.935122232671961,
1.01085749946913,1.09006781409693,1.16927812872473),.UNSPECIFIED.);
#18=B_SPLINE_CURVE_WITH_KNOTS('',3,(#3823,#3824,#3825,#3826,#3827,#3828,
#3829,#3830,#3831,#3832),.UNSPECIFIED.,.F.,.F.,(4,2,2,2,4),(0.291683538445656,
0.360320850439278,0.445126792461528,0.529932734483777,0.598569157783972),
 .UNSPECIFIED.);
#19=B_SPLINE_CURVE_WITH_KNOTS('',3,(#3847,#3848,#3849,#3850,#3851,#3852,
#3853,#3854,#3855,#3856,#3857,#3858,#3859,#3860,#3861,#3862,#3863,#3864,
#3865,#3866,#3867,#3868,#3869,#3870,#3871,#3872,#3873,#3874,#3875,#3876,
#3877,#3878),.UNSPECIFIED.,.F.,.F.,(4,2,2,2,2,2,2,2,2,2,2,2,2,2,2,4),(1.16927812872473,
1.24848844335253,1.32769875798033,1.4034340247775,1.46164483059932,1.51985563642115,
1.5786140644531,1.63737249248505,1.69564484278608,1.7539171930871,1.81218954338812,
1.87046189368914,1.92922032172109,1.98797874975305,2.04618955557487,2.09665802986446),
 .UNSPECIFIED.);
#20=B_SPLINE_CURVE_WITH_KNOTS('',3,(#3879,#3880,#3881,#3882,#3883,#3884,
#3885,#3886,#3887,#3888),.UNSPECIFIED.,.F.,.F.,(4,2,2,2,4),(2.09665802986446,
2.10440036139669,2.18013562819386,2.25934594282166,2.33855625744946),
 .UNSPECIFIED.);
#21=B_SPLINE_CURVE_WITH_KNOTS('',3,(#3901,#3902,#3903,#3904,#3905,#3906,
#3907,#3908,#3909,#3910),.UNSPECIFIED.,.F.,.F.,(4,2,2,2,4),(0.102758309729577,
0.171394733029771,0.256200675052019,0.341006617074266,0.409643929067883),
 .UNSPECIFIED.);
#22=B_SPLINE_CURVE_WITH_KNOTS('',3,(#3924,#3925,#3926,#3927,#3928,#3929,
#3930,#3931,#3932,#3933,#3934,#3935,#3936,#3937,#3938,#3939,#3940,#3941,
#3942,#3943,#3944,#3945,#3946,#3947,#3948,#3949,#3950,#3951,#3952,#3953,
#3954,#3955),.UNSPECIFIED.,.F.,.F.,(4,2,2,2,2,2,2,2,2,2,2,2,2,2,2,4),(0.,
0.079210314627801,0.158420629255602,0.23415589605277,0.292366701874592,
0.350577507696415,0.409335935728369,0.468094363760323,0.526366714061344,
0.584639064362365,0.642911414663387,0.701183764964408,0.759942192996362,
0.818700621028316,0.876911426850138,0.927379901139728),.UNSPECIFIED.);
#23=B_SPLINE_CURVE_WITH_KNOTS('',3,(#3957,#3958,#3959,#3960,#3961,#3962,
#3963,#3964,#3965,#3966,#3967,#3968,#3969,#3970,#3971,#3972,#3973,#3974),
 .UNSPECIFIED.,.F.,.F.,(4,2,2,2,2,2,2,2,4),(0.927379901139728,0.935122232671961,
1.01085749946913,1.09006781409693,1.16927812872473,1.24848844335253,1.32769875798033,
1.4034340247775,1.41117635630973),.UNSPECIFIED.);
#24=B_SPLINE_CURVE_WITH_KNOTS('',3,(#3975,#3976,#3977,#3978,#3979,#3980,
#3981,#3982,#3983,#3984,#3985,#3986,#3987,#3988,#3989,#3990,#3991,#3992,
#3993,#3994,#3995,#3996,#3997,#3998,#3999,#4000,#4001,#4002,#4003,#4004,
#4005,#4006),.UNSPECIFIED.,.F.,.F.,(4,2,2,2,2,2,2,2,2,2,2,2,2,2,2,4),(1.41117635630973,
1.46164483059932,1.51985563642115,1.5786140644531,1.63737249248505,1.69564484278608,
1.7539171930871,1.81218954338812,1.87046189368914,1.92922032172109,1.98797874975305,
2.04618955557487,2.10440036139669,2.18013562819386,2.25934594282166,2.33855625744946),
 .UNSPECIFIED.);
#25=B_SPLINE_CURVE_WITH_KNOTS('',3,(#4042,#4043,#4044,#4045,#4046,#4047),
 .UNSPECIFIED.,.F.,.F.,(4,2,4),(1.03169143176685,1.12107121188405,1.17847152239697),
 .UNSPECIFIED.);
#26=B_SPLINE_CURVE_WITH_KNOTS('',3,(#4052,#4053,#4054,#4055,#4056,#4057,
#4058,#4059,#4060,#4061,#4062,#4063,#4064,#4065,#4066,#4067,#4068,#4069,
#4070,#4071,#4072,#4073),.UNSPECIFIED.,.F.,.F.,(4,2,2,2,2,2,2,2,2,2,4),
(0.248656591564235,0.261754626656088,0.35113440677329,0.43592228165474,
0.520710156536189,0.60606153790313,0.691412919270071,0.776764300637012,
0.862115682003953,0.946903556885402,1.03169143176685),.UNSPECIFIED.);
#27=B_SPLINE_CURVE_WITH_KNOTS('',3,(#4078,#4079,#4080,#4081,#4082,#4083,
#4084,#4085,#4086,#4087,#4088,#4089,#4090,#4091,#4092,#4093,#4094,#4095,
#4096,#4097,#4098,#4099,#4100),.UNSPECIFIED.,.F.,.F.,(4,2,2,2,3,2,2,2,2,
2,4),(-0.340278512496784,-0.255490637615337,-0.170702762733889,-0.0853513813669444,
0.,0.0853513813669445,0.170702762733889,0.255490637615337,0.340278512496784,
0.429658292613986,0.442756327705832),.UNSPECIFIED.);
#28=B_SPLINE_CURVE_WITH_KNOTS('',3,(#4105,#4106,#4107,#4108,#4109,#4110),
 .UNSPECIFIED.,.F.,.F.,(4,2,4),(-0.487058603126915,-0.429658292613986,-0.340278512496784),
 .UNSPECIFIED.);
#29=B_SPLINE_CURVE_WITH_KNOTS('',3,(#4295,#4296,#4297,#4298,#4299,#4300,
#4301,#4302,#4303,#4304,#4305,#4306,#4307,#4308,#4309),.UNSPECIFIED.,.F.,
 .F.,(4,2,2,3,2,2,4),(-0.127024675737779,-0.115103815641762,-0.0575519078208808,
0.,0.0575519078208808,0.115103815641762,0.127024669583027),
 .UNSPECIFIED.);
#30=B_SPLINE_CURVE_WITH_KNOTS('',3,(#4310,#4311,#4312,#4313,#4314,#4315,
#4316,#4317,#4318,#4319),.UNSPECIFIED.,.F.,.F.,(4,2,2,2,4),(0.230315754041039,
0.252862163431699,0.337046065105676,0.421229966779654,0.443776376170314),
 .UNSPECIFIED.);
#31=B_SPLINE_CURVE_WITH_KNOTS('',3,(#4323,#4324,#4325,#4326,#4327,#4328,
#4329,#4330,#4331,#4332,#4333,#4334,#4335,#4336,#4337),.UNSPECIFIED.,.F.,
 .F.,(4,2,2,3,2,2,4),(-0.127024675737775,-0.115103815641762,-0.0575519078208808,
0.,0.0575519078208808,0.115103815641762,0.127024669583032),
 .UNSPECIFIED.);
#32=B_SPLINE_CURVE_WITH_KNOTS('',3,(#4338,#4339,#4340,#4341,#4342,#4343,
#4344,#4345,#4346,#4347),.UNSPECIFIED.,.F.,.F.,(4,2,2,2,4),(0.904407884252393,
0.926954293643052,1.01113819531703,1.09532209699101,1.11786850638166),
 .UNSPECIFIED.);
#33=B_SPLINE_CURVE_WITH_KNOTS('',3,(#4355,#4356,#4357,#4358,#4359,#4360,
#4361,#4362,#4363,#4364,#4365,#4366,#4367,#4368),.UNSPECIFIED.,.F.,.F.,
(4,2,2,2,2,2,4),(0.776183177077895,0.83729604273427,0.920990698523478,1.00468535431269,
1.08838001010189,1.1720746658911,1.23318753154748),.UNSPECIFIED.);
#34=B_SPLINE_CURVE_WITH_KNOTS('',3,(#4370,#4371,#4372,#4373,#4374,#4375,
#4376,#4377),.UNSPECIFIED.,.F.,.F.,(4,2,2,4),(0.10639294086944,0.167505806525813,
0.251200462315021,0.334895118104229),.UNSPECIFIED.);
#35=B_SPLINE_CURVE_WITH_KNOTS('',3,(#4381,#4382,#4383,#4384,#4385,#4386,
#4387,#4388),.UNSPECIFIED.,.F.,.F.,(4,2,2,4),(0.334895118104229,0.418589773893436,
0.502284429682644,0.563397295339024),.UNSPECIFIED.);
#36=B_SPLINE_CURVE_WITH_KNOTS('',3,(#4408,#4409,#4410,#4411,#4412,#4413,
#4414,#4415,#4416,#4417,#4418,#4419,#4420,#4421),.UNSPECIFIED.,.F.,.F.,
(4,2,2,2,2,2,4),(1.50087702236289,1.51279787630416,1.57034978412504,1.62790169194592,
1.6854535997668,1.74300550758768,1.75492636152894),.UNSPECIFIED.);
#37=B_SPLINE_CURVE_WITH_KNOTS('',3,(#4422,#4423,#4424,#4425,#4426,#4427,
#4428,#4429,#4430,#4431),.UNSPECIFIED.,.F.,.F.,(4,2,2,2,4),(0.904407884252391,
0.926954293643052,1.01113819531703,1.09532209699101,1.11786850638166),
 .UNSPECIFIED.);
#38=B_SPLINE_CURVE_WITH_KNOTS('',3,(#4435,#4436,#4437,#4438,#4439,#4440,
#4441,#4442,#4443,#4444,#4445,#4446,#4447,#4448),.UNSPECIFIED.,.F.,.F.,
(4,2,2,2,2,2,4),(1.5008770223629,1.51279787630416,1.57034978412504,1.62790169194592,
1.6854535997668,1.74300550758768,1.75492636152895),.UNSPECIFIED.);
#39=B_SPLINE_CURVE_WITH_KNOTS('',3,(#4449,#4450,#4451,#4452,#4453,#4454,
#4455,#4456,#4457,#4458),.UNSPECIFIED.,.F.,.F.,(4,2,2,2,4),(0.23031575404103,
0.252862163431699,0.337046065105676,0.421229966779654,0.443776376170309),
 .UNSPECIFIED.);
#40=B_SPLINE_CURVE_WITH_KNOTS('',3,(#4469,#4470,#4471,#4472,#4473,#4474,
#4475,#4476),.UNSPECIFIED.,.F.,.F.,(4,2,2,4),(1.00468535431269,1.08838001010189,
1.1720746658911,1.23318753154747),.UNSPECIFIED.);
#41=B_SPLINE_CURVE_WITH_KNOTS('',3,(#4477,#4478,#4479,#4480,#4481,#4482,
#4483,#4484,#4485,#4486,#4487,#4488,#4489,#4490),.UNSPECIFIED.,.F.,.F.,
(4,2,2,2,2,2,4),(0.106392940869433,0.167505806525813,0.251200462315021,
0.334895118104229,0.418589773893436,0.502284429682644,0.56339729533902),
 .UNSPECIFIED.);
#42=B_SPLINE_CURVE_WITH_KNOTS('',3,(#4491,#4492,#4493,#4494,#4495,#4496,
#4497,#4498),.UNSPECIFIED.,.F.,.F.,(4,2,2,4),(0.776183177077895,0.83729604273427,
0.920990698523478,1.00468535431269),.UNSPECIFIED.);
#43=FACE_BOUND('',#764,.T.);
#44=FACE_BOUND('',#769,.T.);
#45=FACE_BOUND('',#812,.T.);
#46=FACE_BOUND('',#814,.T.);
#47=FACE_BOUND('',#815,.T.);
#48=FACE_BOUND('',#844,.T.);
#49=FACE_BOUND('',#845,.T.);
#50=FACE_BOUND('',#853,.T.);
#51=FACE_BOUND('',#854,.T.);
#52=FACE_BOUND('',#870,.T.);
#53=FACE_BOUND('',#871,.T.);
#54=FACE_BOUND('',#874,.T.);
#55=FACE_BOUND('',#875,.T.);
#56=FACE_BOUND('',#876,.T.);
#57=FACE_BOUND('',#891,.T.);
#58=FACE_BOUND('',#892,.T.);
#59=FACE_BOUND('',#893,.T.);
#60=FACE_BOUND('',#896,.T.);
#61=FACE_BOUND('',#897,.T.);
#62=ELLIPSE('',#2686,2.26228729850672,2.25);
#63=ELLIPSE('',#2687,57.646431902432,6.);
#64=ELLIPSE('',#2698,21.617411963412,2.25);
#65=ELLIPSE('',#2700,21.617411963412,2.25);
#66=ELLIPSE('',#2707,21.617411963412,2.25);
#67=ELLIPSE('',#2709,21.617411963412,2.25);
#68=ELLIPSE('',#2722,2.26228729850672,2.25);
#69=ELLIPSE('',#2728,2.26228729850672,2.25);
#70=ELLIPSE('',#2731,2.66447170713,2.65);
#71=ELLIPSE('',#2732,2.66447170713,2.65);
#72=ELLIPSE('',#2739,2.26228729850672,2.25);
#73=ELLIPSE('',#2742,2.66447170713,2.65);
#74=ELLIPSE('',#2743,2.66447170713,2.65);
#75=ELLIPSE('',#2749,57.646431902432,6.);
#76=ELLIPSE('',#2753,57.646431902432,6.);
#77=ELLIPSE('',#2783,57.646431902432,6.);
#78=ELLIPSE('',#2797,2.66447170713,2.65);
#79=ELLIPSE('',#2798,2.66447170713,2.65);
#80=ELLIPSE('',#2830,2.66447170713,2.65);
#81=ELLIPSE('',#2861,2.66447170713,2.65);
#82=LINE('',#3657,#337);
#83=LINE('',#3663,#338);
#84=LINE('',#3667,#339);
#85=LINE('',#3673,#340);
#86=LINE('',#3678,#341);
#87=LINE('',#3680,#342);
#88=LINE('',#3682,#343);
#89=LINE('',#3684,#344);
#90=LINE('',#3686,#345);
#91=LINE('',#3692,#346);
#92=LINE('',#3694,#347);
#93=LINE('',#3696,#348);
#94=LINE('',#3698,#349);
#95=LINE('',#3702,#350);
#96=LINE('',#3704,#351);
#97=LINE('',#3706,#352);
#98=LINE('',#3708,#353);
#99=LINE('',#3710,#354);
#100=LINE('',#3712,#355);
#101=LINE('',#3714,#356);
#102=LINE('',#3716,#357);
#103=LINE('',#3718,#358);
#104=LINE('',#3719,#359);
#105=LINE('',#3725,#360);
#106=LINE('',#3727,#361);
#107=LINE('',#3729,#362);
#108=LINE('',#3731,#363);
#109=LINE('',#3733,#364);
#110=LINE('',#3735,#365);
#111=LINE('',#3736,#366);
#112=LINE('',#3739,#367);
#113=LINE('',#3741,#368);
#114=LINE('',#3743,#369);
#115=LINE('',#3745,#370);
#116=LINE('',#3747,#371);
#117=LINE('',#3749,#372);
#118=LINE('',#3751,#373);
#119=LINE('',#3753,#374);
#120=LINE('',#3755,#375);
#121=LINE('',#3757,#376);
#122=LINE('',#3759,#377);
#123=LINE('',#3761,#378);
#124=LINE('',#3763,#379);
#125=LINE('',#3765,#380);
#126=LINE('',#3766,#381);
#127=LINE('',#3771,#382);
#128=LINE('',#3817,#383);
#129=LINE('',#3821,#384);
#130=LINE('',#3836,#385);
#131=LINE('',#3893,#386);
#132=LINE('',#3897,#387);
#133=LINE('',#3912,#388);
#134=LINE('',#4012,#389);
#135=LINE('',#4016,#390);
#136=LINE('',#4019,#391);
#137=LINE('',#4026,#392);
#138=LINE('',#4030,#393);
#139=LINE('',#4033,#394);
#140=LINE('',#4038,#395);
#141=LINE('',#4048,#396);
#142=LINE('',#4050,#397);
#143=LINE('',#4076,#398);
#144=LINE('',#4101,#399);
#145=LINE('',#4103,#400);
#146=LINE('',#4114,#401);
#147=LINE('',#4118,#402);
#148=LINE('',#4121,#403);
#149=LINE('',#4124,#404);
#150=LINE('',#4130,#405);
#151=LINE('',#4132,#406);
#152=LINE('',#4133,#407);
#153=LINE('',#4136,#408);
#154=LINE('',#4137,#409);
#155=LINE('',#4142,#410);
#156=LINE('',#4145,#411);
#157=LINE('',#4146,#412);
#158=LINE('',#4150,#413);
#159=LINE('',#4154,#414);
#160=LINE('',#4157,#415);
#161=LINE('',#4160,#416);
#162=LINE('',#4161,#417);
#163=LINE('',#4166,#418);
#164=LINE('',#4169,#419);
#165=LINE('',#4175,#420);
#166=LINE('',#4177,#421);
#167=LINE('',#4178,#422);
#168=LINE('',#4181,#423);
#169=LINE('',#4182,#424);
#170=LINE('',#4186,#425);
#171=LINE('',#4189,#426);
#172=LINE('',#4191,#427);
#173=LINE('',#4193,#428);
#174=LINE('',#4194,#429);
#175=LINE('',#4197,#430);
#176=LINE('',#4201,#431);
#177=LINE('',#4209,#432);
#178=LINE('',#4210,#433);
#179=LINE('',#4211,#434);
#180=LINE('',#4214,#435);
#181=LINE('',#4216,#436);
#182=LINE('',#4217,#437);
#183=LINE('',#4218,#438);
#184=LINE('',#4220,#439);
#185=LINE('',#4222,#440);
#186=LINE('',#4224,#441);
#187=LINE('',#4226,#442);
#188=LINE('',#4228,#443);
#189=LINE('',#4230,#444);
#190=LINE('',#4232,#445);
#191=LINE('',#4234,#446);
#192=LINE('',#4236,#447);
#193=LINE('',#4238,#448);
#194=LINE('',#4240,#449);
#195=LINE('',#4241,#450);
#196=LINE('',#4244,#451);
#197=LINE('',#4246,#452);
#198=LINE('',#4248,#453);
#199=LINE('',#4252,#454);
#200=LINE('',#4254,#455);
#201=LINE('',#4256,#456);
#202=LINE('',#4257,#457);
#203=LINE('',#4259,#458);
#204=LINE('',#4260,#459);
#205=LINE('',#4262,#460);
#206=LINE('',#4263,#461);
#207=LINE('',#4266,#462);
#208=LINE('',#4268,#463);
#209=LINE('',#4270,#464);
#210=LINE('',#4272,#465);
#211=LINE('',#4274,#466);
#212=LINE('',#4276,#467);
#213=LINE('',#4279,#468);
#214=LINE('',#4281,#469);
#215=LINE('',#4282,#470);
#216=LINE('',#4283,#471);
#217=LINE('',#4286,#472);
#218=LINE('',#4287,#473);
#219=LINE('',#4289,#474);
#220=LINE('',#4290,#475);
#221=LINE('',#4291,#476);
#222=LINE('',#4350,#477);
#223=LINE('',#4353,#478);
#224=LINE('',#4379,#479);
#225=LINE('',#4390,#480);
#226=LINE('',#4391,#481);
#227=LINE('',#4395,#482);
#228=LINE('',#4397,#483);
#229=LINE('',#4399,#484);
#230=LINE('',#4401,#485);
#231=LINE('',#4403,#486);
#232=LINE('',#4404,#487);
#233=LINE('',#4461,#488);
#234=LINE('',#4464,#489);
#235=LINE('',#4468,#490);
#236=LINE('',#4508,#491);
#237=LINE('',#4510,#492);
#238=LINE('',#4511,#493);
#239=LINE('',#4515,#494);
#240=LINE('',#4517,#495);
#241=LINE('',#4518,#496);
#242=LINE('',#4521,#497);
#243=LINE('',#4523,#498);
#244=LINE('',#4524,#499);
#245=LINE('',#4527,#500);
#246=LINE('',#4529,#501);
#247=LINE('',#4531,#502);
#248=LINE('',#4532,#503);
#249=LINE('',#4534,#504);
#250=LINE('',#4536,#505);
#251=LINE('',#4538,#506);
#252=LINE('',#4540,#507);
#253=LINE('',#4542,#508);
#254=LINE('',#4544,#509);
#255=LINE('',#4547,#510);
#256=LINE('',#4548,#511);
#257=LINE('',#4550,#512);
#258=LINE('',#4552,#513);
#259=LINE('',#4554,#514);
#260=LINE('',#4555,#515);
#261=LINE('',#4557,#516);
#262=LINE('',#4559,#517);
#263=LINE('',#4562,#518);
#264=LINE('',#4570,#519);
#265=LINE('',#4572,#520);
#266=LINE('',#4577,#521);
#267=LINE('',#4581,#522);
#268=LINE('',#4582,#523);
#269=LINE('',#4584,#524);
#270=LINE('',#4585,#525);
#271=LINE('',#4588,#526);
#272=LINE('',#4590,#527);
#273=LINE('',#4591,#528);
#274=LINE('',#4593,#529);
#275=LINE('',#4594,#530);
#276=LINE('',#4595,#531);
#277=LINE('',#4598,#532);
#278=LINE('',#4600,#533);
#279=LINE('',#4601,#534);
#280=LINE('',#4602,#535);
#281=LINE('',#4610,#536);
#282=LINE('',#4612,#537);
#283=LINE('',#4614,#538);
#284=LINE('',#4615,#539);
#285=LINE('',#4634,#540);
#286=LINE('',#4637,#541);
#287=LINE('',#4641,#542);
#288=LINE('',#4643,#543);
#289=LINE('',#4646,#544);
#290=LINE('',#4663,#545);
#291=LINE('',#4665,#546);
#292=LINE('',#4667,#547);
#293=LINE('',#4669,#548);
#294=LINE('',#4670,#549);
#295=LINE('',#4671,#550);
#296=LINE('',#4674,#551);
#297=LINE('',#4675,#552);
#298=LINE('',#4678,#553);
#299=LINE('',#4680,#554);
#300=LINE('',#4682,#555);
#301=LINE('',#4684,#556);
#302=LINE('',#4685,#557);
#303=LINE('',#4687,#558);
#304=LINE('',#4705,#559);
#305=LINE('',#4713,#560);
#306=LINE('',#4717,#561);
#307=LINE('',#4719,#562);
#308=LINE('',#4727,#563);
#309=LINE('',#4731,#564);
#310=LINE('',#4733,#565);
#311=LINE('',#4734,#566);
#312=LINE('',#4735,#567);
#313=LINE('',#4738,#568);
#314=LINE('',#4740,#569);
#315=LINE('',#4741,#570);
#316=LINE('',#4744,#571);
#317=LINE('',#4747,#572);
#318=LINE('',#4749,#573);
#319=LINE('',#4751,#574);
#320=LINE('',#4753,#575);
#321=LINE('',#4755,#576);
#322=LINE('',#4756,#577);
#323=LINE('',#4759,#578);
#324=LINE('',#4760,#579);
#325=LINE('',#4763,#580);
#326=LINE('',#4765,#581);
#327=LINE('',#4767,#582);
#328=LINE('',#4769,#583);
#329=LINE('',#4770,#584);
#330=LINE('',#4772,#585);
#331=LINE('',#4774,#586);
#332=LINE('',#4776,#587);
#333=LINE('',#4780,#588);
#334=LINE('',#4785,#589);
#335=LINE('',#4790,#590);
#336=LINE('',#4798,#591);
#337=VECTOR('',#2923,1.8);
#338=VECTOR('',#2930,1.8);
#339=VECTOR('',#2935,1.8);
#340=VECTOR('',#2942,1.8);
#341=VECTOR('',#2947,10.);
#342=VECTOR('',#2948,1.00000000000023);
#343=VECTOR('',#2949,1.00000000000023);
#344=VECTOR('',#2950,1.);
#345=VECTOR('',#2951,1.00000000000023);
#346=VECTOR('',#2958,10.);
#347=VECTOR('',#2959,10.);
#348=VECTOR('',#2960,1.);
#349=VECTOR('',#2961,1.00000000000023);
#350=VECTOR('',#2964,1.00000000000023);
#351=VECTOR('',#2965,1.);
#352=VECTOR('',#2966,1.);
#353=VECTOR('',#2967,1.);
#354=VECTOR('',#2968,1.);
#355=VECTOR('',#2969,1.);
#356=VECTOR('',#2970,1.00000000000023);
#357=VECTOR('',#2971,1.00000000000023);
#358=VECTOR('',#2972,1.);
#359=VECTOR('',#2973,1.);
#360=VECTOR('',#2978,10.);
#361=VECTOR('',#2979,1.);
#362=VECTOR('',#2980,1.);
#363=VECTOR('',#2981,1.);
#364=VECTOR('',#2982,1.);
#365=VECTOR('',#2983,1.);
#366=VECTOR('',#2984,1.);
#367=VECTOR('',#2987,10.);
#368=VECTOR('',#2988,1.);
#369=VECTOR('',#2989,1.);
#370=VECTOR('',#2990,1.);
#371=VECTOR('',#2991,1.);
#372=VECTOR('',#2992,1.);
#373=VECTOR('',#2993,1.);
#374=VECTOR('',#2994,1.);
#375=VECTOR('',#2995,1.);
#376=VECTOR('',#2996,1.);
#377=VECTOR('',#2997,1.);
#378=VECTOR('',#2998,1.);
#379=VECTOR('',#2999,1.);
#380=VECTOR('',#3000,1.);
#381=VECTOR('',#3001,1.);
#382=VECTOR('',#3006,2.25);
#383=VECTOR('',#3007,2.25);
#384=VECTOR('',#3010,10.);
#385=VECTOR('',#3013,10.);
#386=VECTOR('',#3028,2.25);
#387=VECTOR('',#3031,10.);
#388=VECTOR('',#3034,10.);
#389=VECTOR('',#3049,10.);
#390=VECTOR('',#3052,10.);
#391=VECTOR('',#3055,2.25);
#392=VECTOR('',#3062,10.);
#393=VECTOR('',#3065,10.);
#394=VECTOR('',#3068,2.25);
#395=VECTOR('',#3073,10.);
#396=VECTOR('',#3076,2.25);
#397=VECTOR('',#3077,2.25);
#398=VECTOR('',#3082,10.);
#399=VECTOR('',#3083,2.25);
#400=VECTOR('',#3084,2.25);
#401=VECTOR('',#3089,10.);
#402=VECTOR('',#3092,10.);
#403=VECTOR('',#3097,10.);
#404=VECTOR('',#3100,1.00000000000023);
#405=VECTOR('',#3105,1.00000000000023);
#406=VECTOR('',#3106,1.);
#407=VECTOR('',#3107,1.00000000000023);
#408=VECTOR('',#3110,1.);
#409=VECTOR('',#3111,1.);
#410=VECTOR('',#3116,1.);
#411=VECTOR('',#3119,1.);
#412=VECTOR('',#3120,1.);
#413=VECTOR('',#3123,10.);
#414=VECTOR('',#3126,10.);
#415=VECTOR('',#3131,10.);
#416=VECTOR('',#3134,1.00000000000023);
#417=VECTOR('',#3135,1.);
#418=VECTOR('',#3140,1.00000000000023);
#419=VECTOR('',#3143,1.);
#420=VECTOR('',#3148,1.);
#421=VECTOR('',#3149,1.);
#422=VECTOR('',#3150,1.);
#423=VECTOR('',#3153,1.);
#424=VECTOR('',#3154,1.);
#425=VECTOR('',#3157,10.);
#426=VECTOR('',#3160,1.00000000000023);
#427=VECTOR('',#3161,1.);
#428=VECTOR('',#3162,1.00000000000023);
#429=VECTOR('',#3163,1.00000000000023);
#430=VECTOR('',#3166,10.);
#431=VECTOR('',#3169,10.);
#432=VECTOR('',#3178,10.);
#433=VECTOR('',#3179,10.);
#434=VECTOR('',#3180,10.);
#435=VECTOR('',#3183,10.);
#436=VECTOR('',#3184,10.);
#437=VECTOR('',#3185,1.);
#438=VECTOR('',#3186,10.);
#439=VECTOR('',#3187,10.);
#440=VECTOR('',#3188,1.);
#441=VECTOR('',#3189,1.);
#442=VECTOR('',#3190,1.);
#443=VECTOR('',#3191,1.);
#444=VECTOR('',#3192,1.);
#445=VECTOR('',#3193,1.);
#446=VECTOR('',#3194,1.);
#447=VECTOR('',#3195,1.);
#448=VECTOR('',#3196,1.);
#449=VECTOR('',#3197,1.);
#450=VECTOR('',#3198,1.);
#451=VECTOR('',#3201,10.);
#452=VECTOR('',#3202,10.);
#453=VECTOR('',#3203,10.);
#454=VECTOR('',#3208,1.);
#455=VECTOR('',#3209,1.00000000000023);
#456=VECTOR('',#3210,1.);
#457=VECTOR('',#3211,1.00000000000023);
#458=VECTOR('',#3212,1.00000000000023);
#459=VECTOR('',#3213,1.);
#460=VECTOR('',#3216,10.);
#461=VECTOR('',#3217,10.);
#462=VECTOR('',#3220,1.);
#463=VECTOR('',#3221,1.);
#464=VECTOR('',#3222,1.);
#465=VECTOR('',#3223,1.);
#466=VECTOR('',#3224,1.);
#467=VECTOR('',#3225,1.00000000000023);
#468=VECTOR('',#3228,10.);
#469=VECTOR('',#3229,10.);
#470=VECTOR('',#3230,10.);
#471=VECTOR('',#3231,1.00000000000023);
#472=VECTOR('',#3234,1.);
#473=VECTOR('',#3235,1.00000000000023);
#474=VECTOR('',#3236,1.00000000000023);
#475=VECTOR('',#3237,1.);
#476=VECTOR('',#3238,1.);
#477=VECTOR('',#3245,10.);
#478=VECTOR('',#3250,10.);
#479=VECTOR('',#3253,2.2);
#480=VECTOR('',#3258,1.00000000000023);
#481=VECTOR('',#3259,10.);
#482=VECTOR('',#3262,1.00000000000023);
#483=VECTOR('',#3263,1.);
#484=VECTOR('',#3264,1.);
#485=VECTOR('',#3265,1.);
#486=VECTOR('',#3266,1.);
#487=VECTOR('',#3267,1.);
#488=VECTOR('',#3274,10.);
#489=VECTOR('',#3279,10.);
#490=VECTOR('',#3284,2.2);
#491=VECTOR('',#3297,10.);
#492=VECTOR('',#3298,1.00000000000023);
#493=VECTOR('',#3299,1.);
#494=VECTOR('',#3304,1.);
#495=VECTOR('',#3305,1.00000000000023);
#496=VECTOR('',#3306,10.);
#497=VECTOR('',#3309,1.);
#498=VECTOR('',#3310,1.);
#499=VECTOR('',#3311,1.);
#500=VECTOR('',#3314,10.);
#501=VECTOR('',#3315,1.);
#502=VECTOR('',#3316,1.);
#503=VECTOR('',#3317,1.00000000000023);
#504=VECTOR('',#3318,1.);
#505=VECTOR('',#3319,1.);
#506=VECTOR('',#3320,1.);
#507=VECTOR('',#3321,1.);
#508=VECTOR('',#3322,1.);
#509=VECTOR('',#3323,1.00000000000023);
#510=VECTOR('',#3326,1.);
#511=VECTOR('',#3327,10.);
#512=VECTOR('',#3330,10.);
#513=VECTOR('',#3331,10.);
#514=VECTOR('',#3332,1.);
#515=VECTOR('',#3333,10.);
#516=VECTOR('',#3336,1.);
#517=VECTOR('',#3339,1.);
#518=VECTOR('',#3344,1.);
#519=VECTOR('',#3355,1.);
#520=VECTOR('',#3358,1.);
#521=VECTOR('',#3367,1.00000000000023);
#522=VECTOR('',#3370,1.);
#523=VECTOR('',#3371,1.);
#524=VECTOR('',#3372,1.);
#525=VECTOR('',#3373,1.);
#526=VECTOR('',#3376,1.);
#527=VECTOR('',#3377,1.);
#528=VECTOR('',#3378,1.);
#529=VECTOR('',#3381,10.);
#530=VECTOR('',#3382,1.);
#531=VECTOR('',#3383,1.);
#532=VECTOR('',#3386,10.);
#533=VECTOR('',#3387,1.);
#534=VECTOR('',#3388,1.);
#535=VECTOR('',#3389,1.);
#536=VECTOR('',#3402,10.);
#537=VECTOR('',#3403,1.);
#538=VECTOR('',#3404,1.);
#539=VECTOR('',#3405,1.);
#540=VECTOR('',#3434,1.);
#541=VECTOR('',#3439,1.);
#542=VECTOR('',#3444,1.);
#543=VECTOR('',#3447,1.);
#544=VECTOR('',#3452,1.);
#545=VECTOR('',#3479,1.);
#546=VECTOR('',#3480,1.);
#547=VECTOR('',#3481,1.);
#548=VECTOR('',#3482,1.);
#549=VECTOR('',#3483,1.);
#550=VECTOR('',#3484,1.);
#551=VECTOR('',#3487,1.);
#552=VECTOR('',#3488,1.);
#553=VECTOR('',#3491,1.);
#554=VECTOR('',#3492,1.);
#555=VECTOR('',#3493,1.);
#556=VECTOR('',#3494,1.);
#557=VECTOR('',#3495,1.);
#558=VECTOR('',#3498,1.);
#559=VECTOR('',#3533,1.);
#560=VECTOR('',#3548,1.);
#561=VECTOR('',#3553,1.);
#562=VECTOR('',#3556,1.);
#563=VECTOR('',#3569,1.00000000000023);
#564=VECTOR('',#3572,1.);
#565=VECTOR('',#3573,1.);
#566=VECTOR('',#3574,1.);
#567=VECTOR('',#3575,1.);
#568=VECTOR('',#3578,1.);
#569=VECTOR('',#3579,1.);
#570=VECTOR('',#3580,1.);
#571=VECTOR('',#3585,2.2);
#572=VECTOR('',#3588,1.);
#573=VECTOR('',#3589,1.);
#574=VECTOR('',#3590,1.);
#575=VECTOR('',#3591,1.);
#576=VECTOR('',#3592,1.);
#577=VECTOR('',#3593,1.);
#578=VECTOR('',#3596,1.);
#579=VECTOR('',#3597,1.);
#580=VECTOR('',#3600,1.);
#581=VECTOR('',#3601,1.);
#582=VECTOR('',#3602,1.);
#583=VECTOR('',#3603,1.);
#584=VECTOR('',#3604,1.);
#585=VECTOR('',#3607,1.);
#586=VECTOR('',#3610,1.);
#587=VECTOR('',#3613,1.);
#588=VECTOR('',#3618,1.);
#589=VECTOR('',#3625,2.2);
#590=VECTOR('',#3630,1.8);
#591=VECTOR('',#3641,1.8);
#592=CYLINDRICAL_SURFACE('',#2675,1.8);
#593=CYLINDRICAL_SURFACE('',#2677,1.8);
#594=CYLINDRICAL_SURFACE('',#2680,1.8);
#595=CYLINDRICAL_SURFACE('',#2682,1.8);
#596=CYLINDRICAL_SURFACE('',#2693,2.25);
#597=CYLINDRICAL_SURFACE('',#2702,2.25);
#598=CYLINDRICAL_SURFACE('',#2711,2.25);
#599=CYLINDRICAL_SURFACE('',#2716,2.25);
#600=CYLINDRICAL_SURFACE('',#2721,2.25);
#601=CYLINDRICAL_SURFACE('',#2724,2.25);
#602=CYLINDRICAL_SURFACE('',#2726,2.25);
#603=CYLINDRICAL_SURFACE('',#2737,2.25);
#604=CYLINDRICAL_SURFACE('',#2750,6.);
#605=CYLINDRICAL_SURFACE('',#2764,4.8);
#606=CYLINDRICAL_SURFACE('',#2765,4.8);
#607=CYLINDRICAL_SURFACE('',#2766,4.8);
#608=CYLINDRICAL_SURFACE('',#2769,2.2);
#609=CYLINDRICAL_SURFACE('',#2773,4.8);
#610=CYLINDRICAL_SURFACE('',#2774,4.8);
#611=CYLINDRICAL_SURFACE('',#2775,4.8);
#612=CYLINDRICAL_SURFACE('',#2779,2.2);
#613=CYLINDRICAL_SURFACE('',#2780,6.);
#614=CYLINDRICAL_SURFACE('',#2781,6.);
#615=CYLINDRICAL_SURFACE('',#2786,6.);
#616=CYLINDRICAL_SURFACE('',#2794,2.2);
#617=CYLINDRICAL_SURFACE('',#2799,2.65);
#618=CYLINDRICAL_SURFACE('',#2829,2.65);
#619=CYLINDRICAL_SURFACE('',#2835,2.65);
#620=CYLINDRICAL_SURFACE('',#2860,2.65);
#621=CYLINDRICAL_SURFACE('',#2872,2.2);
#622=CYLINDRICAL_SURFACE('',#2889,2.2);
#623=CYLINDRICAL_SURFACE('',#2900,2.2);
#624=CYLINDRICAL_SURFACE('',#2901,1.8);
#625=CYLINDRICAL_SURFACE('',#2906,1.8);
#626=FACE_OUTER_BOUND('',#756,.T.);
#627=FACE_OUTER_BOUND('',#757,.T.);
#628=FACE_OUTER_BOUND('',#758,.T.);
#629=FACE_OUTER_BOUND('',#759,.T.);
#630=FACE_OUTER_BOUND('',#760,.T.);
#631=FACE_OUTER_BOUND('',#761,.T.);
#632=FACE_OUTER_BOUND('',#762,.T.);
#633=FACE_OUTER_BOUND('',#763,.T.);
#634=FACE_OUTER_BOUND('',#765,.T.);
#635=FACE_OUTER_BOUND('',#766,.T.);
#636=FACE_OUTER_BOUND('',#767,.T.);
#637=FACE_OUTER_BOUND('',#768,.T.);
#638=FACE_OUTER_BOUND('',#770,.T.);
#639=FACE_OUTER_BOUND('',#771,.T.);
#640=FACE_OUTER_BOUND('',#772,.T.);
#641=FACE_OUTER_BOUND('',#773,.T.);
#642=FACE_OUTER_BOUND('',#774,.T.);
#643=FACE_OUTER_BOUND('',#775,.T.);
#644=FACE_OUTER_BOUND('',#776,.T.);
#645=FACE_OUTER_BOUND('',#777,.T.);
#646=FACE_OUTER_BOUND('',#778,.T.);
#647=FACE_OUTER_BOUND('',#779,.T.);
#648=FACE_OUTER_BOUND('',#780,.T.);
#649=FACE_OUTER_BOUND('',#781,.T.);
#650=FACE_OUTER_BOUND('',#782,.T.);
#651=FACE_OUTER_BOUND('',#783,.T.);
#652=FACE_OUTER_BOUND('',#784,.T.);
#653=FACE_OUTER_BOUND('',#785,.T.);
#654=FACE_OUTER_BOUND('',#786,.T.);
#655=FACE_OUTER_BOUND('',#787,.T.);
#656=FACE_OUTER_BOUND('',#788,.T.);
#657=FACE_OUTER_BOUND('',#789,.T.);
#658=FACE_OUTER_BOUND('',#790,.T.);
#659=FACE_OUTER_BOUND('',#791,.T.);
#660=FACE_OUTER_BOUND('',#792,.T.);
#661=FACE_OUTER_BOUND('',#793,.T.);
#662=FACE_OUTER_BOUND('',#794,.T.);
#663=FACE_OUTER_BOUND('',#795,.T.);
#664=FACE_OUTER_BOUND('',#796,.T.);
#665=FACE_OUTER_BOUND('',#797,.T.);
#666=FACE_OUTER_BOUND('',#798,.T.);
#667=FACE_OUTER_BOUND('',#799,.T.);
#668=FACE_OUTER_BOUND('',#800,.T.);
#669=FACE_OUTER_BOUND('',#801,.T.);
#670=FACE_OUTER_BOUND('',#802,.T.);
#671=FACE_OUTER_BOUND('',#803,.T.);
#672=FACE_OUTER_BOUND('',#804,.T.);
#673=FACE_OUTER_BOUND('',#805,.T.);
#674=FACE_OUTER_BOUND('',#806,.T.);
#675=FACE_OUTER_BOUND('',#807,.T.);
#676=FACE_OUTER_BOUND('',#808,.T.);
#677=FACE_OUTER_BOUND('',#809,.T.);
#678=FACE_OUTER_BOUND('',#810,.T.);
#679=FACE_OUTER_BOUND('',#811,.T.);
#680=FACE_OUTER_BOUND('',#813,.T.);
#681=FACE_OUTER_BOUND('',#816,.T.);
#682=FACE_OUTER_BOUND('',#817,.T.);
#683=FACE_OUTER_BOUND('',#818,.T.);
#684=FACE_OUTER_BOUND('',#819,.T.);
#685=FACE_OUTER_BOUND('',#820,.T.);
#686=FACE_OUTER_BOUND('',#821,.T.);
#687=FACE_OUTER_BOUND('',#822,.T.);
#688=FACE_OUTER_BOUND('',#823,.T.);
#689=FACE_OUTER_BOUND('',#824,.T.);
#690=FACE_OUTER_BOUND('',#825,.T.);
#691=FACE_OUTER_BOUND('',#826,.T.);
#692=FACE_OUTER_BOUND('',#827,.T.);
#693=FACE_OUTER_BOUND('',#828,.T.);
#694=FACE_OUTER_BOUND('',#829,.T.);
#695=FACE_OUTER_BOUND('',#830,.T.);
#696=FACE_OUTER_BOUND('',#831,.T.);
#697=FACE_OUTER_BOUND('',#832,.T.);
#698=FACE_OUTER_BOUND('',#833,.T.);
#699=FACE_OUTER_BOUND('',#834,.T.);
#700=FACE_OUTER_BOUND('',#835,.T.);
#701=FACE_OUTER_BOUND('',#836,.T.);
#702=FACE_OUTER_BOUND('',#837,.T.);
#703=FACE_OUTER_BOUND('',#838,.T.);
#704=FACE_OUTER_BOUND('',#839,.T.);
#705=FACE_OUTER_BOUND('',#840,.T.);
#706=FACE_OUTER_BOUND('',#841,.T.);
#707=FACE_OUTER_BOUND('',#842,.T.);
#708=FACE_OUTER_BOUND('',#843,.T.);
#709=FACE_OUTER_BOUND('',#846,.T.);
#710=FACE_OUTER_BOUND('',#847,.T.);
#711=FACE_OUTER_BOUND('',#848,.T.);
#712=FACE_OUTER_BOUND('',#849,.T.);
#713=FACE_OUTER_BOUND('',#850,.T.);
#714=FACE_OUTER_BOUND('',#851,.T.);
#715=FACE_OUTER_BOUND('',#852,.T.);
#716=FACE_OUTER_BOUND('',#855,.T.);
#717=FACE_OUTER_BOUND('',#856,.T.);
#718=FACE_OUTER_BOUND('',#857,.T.);
#719=FACE_OUTER_BOUND('',#858,.T.);
#720=FACE_OUTER_BOUND('',#859,.T.);
#721=FACE_OUTER_BOUND('',#860,.T.);
#722=FACE_OUTER_BOUND('',#861,.T.);
#723=FACE_OUTER_BOUND('',#862,.T.);
#724=FACE_OUTER_BOUND('',#863,.T.);
#725=FACE_OUTER_BOUND('',#864,.T.);
#726=FACE_OUTER_BOUND('',#865,.T.);
#727=FACE_OUTER_BOUND('',#866,.T.);
#728=FACE_OUTER_BOUND('',#867,.T.);
#729=FACE_OUTER_BOUND('',#868,.T.);
#730=FACE_OUTER_BOUND('',#869,.T.);
#731=FACE_OUTER_BOUND('',#872,.T.);
#732=FACE_OUTER_BOUND('',#873,.T.);
#733=FACE_OUTER_BOUND('',#877,.T.);
#734=FACE_OUTER_BOUND('',#878,.T.);
#735=FACE_OUTER_BOUND('',#879,.T.);
#736=FACE_OUTER_BOUND('',#880,.T.);
#737=FACE_OUTER_BOUND('',#881,.T.);
#738=FACE_OUTER_BOUND('',#882,.T.);
#739=FACE_OUTER_BOUND('',#883,.T.);
#740=FACE_OUTER_BOUND('',#884,.T.);
#741=FACE_OUTER_BOUND('',#885,.T.);
#742=FACE_OUTER_BOUND('',#886,.T.);
#743=FACE_OUTER_BOUND('',#887,.T.);
#744=FACE_OUTER_BOUND('',#888,.T.);
#745=FACE_OUTER_BOUND('',#889,.T.);
#746=FACE_OUTER_BOUND('',#890,.T.);
#747=FACE_OUTER_BOUND('',#894,.T.);
#748=FACE_OUTER_BOUND('',#895,.T.);
#749=FACE_OUTER_BOUND('',#898,.T.);
#750=FACE_OUTER_BOUND('',#899,.T.);
#751=FACE_OUTER_BOUND('',#900,.T.);
#752=FACE_OUTER_BOUND('',#901,.T.);
#753=FACE_OUTER_BOUND('',#902,.T.);
#754=FACE_OUTER_BOUND('',#903,.T.);
#755=FACE_OUTER_BOUND('',#904,.T.);
#756=EDGE_LOOP('',(#1644));
#757=EDGE_LOOP('',(#1645));
#758=EDGE_LOOP('',(#1646,#1647,#1648,#1649));
#759=EDGE_LOOP('',(#1650,#1651,#1652,#1653));
#760=EDGE_LOOP('',(#1654,#1655,#1656,#1657));
#761=EDGE_LOOP('',(#1658,#1659,#1660,#1661));
#762=EDGE_LOOP('',(#1662,#1663,#1664,#1665,#1666,#1667,#1668));
#763=EDGE_LOOP('',(#1669,#1670,#1671,#1672,#1673,#1674,#1675,#1676,#1677,
#1678,#1679,#1680,#1681,#1682,#1683,#1684));
#764=EDGE_LOOP('',(#1685));
#765=EDGE_LOOP('',(#1686,#1687,#1688,#1689,#1690,#1691,#1692));
#766=EDGE_LOOP('',(#1693,#1694,#1695,#1696,#1697,#1698,#1699,#1700,#1701,
#1702,#1703,#1704,#1705,#1706,#1707,#1708));
#767=EDGE_LOOP('',(#1709,#1710,#1711,#1712,#1713,#1714,#1715,#1716,#1717,
#1718,#1719,#1720,#1721,#1722,#1723,#1724,#1725,#1726,#1727));
#768=EDGE_LOOP('',(#1728,#1729,#1730,#1731,#1732,#1733,#1734,#1735,#1736,
#1737,#1738,#1739,#1740));
#769=EDGE_LOOP('',(#1741,#1742,#1743));
#770=EDGE_LOOP('',(#1744,#1745,#1746,#1747,#1748,#1749,#1750,#1751));
#771=EDGE_LOOP('',(#1752,#1753,#1754,#1755,#1756,#1757,#1758,#1759));
#772=EDGE_LOOP('',(#1760,#1761,#1762,#1763,#1764,#1765,#1766,#1767,#1768,
#1769,#1770,#1771,#1772));
#773=EDGE_LOOP('',(#1773,#1774,#1775,#1776,#1777,#1778,#1779,#1780,#1781,
#1782,#1783,#1784));
#774=EDGE_LOOP('',(#1785,#1786,#1787,#1788));
#775=EDGE_LOOP('',(#1789,#1790));
#776=EDGE_LOOP('',(#1791,#1792,#1793,#1794,#1795,#1796,#1797));
#777=EDGE_LOOP('',(#1798,#1799,#1800,#1801,#1802,#1803,#1804));
#778=EDGE_LOOP('',(#1805,#1806,#1807,#1808));
#779=EDGE_LOOP('',(#1809,#1810,#1811,#1812));
#780=EDGE_LOOP('',(#1813,#1814));
#781=EDGE_LOOP('',(#1815,#1816,#1817,#1818,#1819,#1820,#1821));
#782=EDGE_LOOP('',(#1822,#1823,#1824,#1825,#1826,#1827,#1828));
#783=EDGE_LOOP('',(#1829,#1830,#1831,#1832));
#784=EDGE_LOOP('',(#1833,#1834,#1835,#1836,#1837,#1838,#1839));
#785=EDGE_LOOP('',(#1840,#1841,#1842,#1843,#1844,#1845,#1846,#1847,#1848));
#786=EDGE_LOOP('',(#1849,#1850,#1851,#1852,#1853,#1854));
#787=EDGE_LOOP('',(#1855,#1856,#1857,#1858,#1859,#1860,#1861,#1862,#1863,
#1864,#1865,#1866,#1867,#1868,#1869,#1870,#1871,#1872,#1873,#1874));
#788=EDGE_LOOP('',(#1875,#1876,#1877,#1878,#1879,#1880));
#789=EDGE_LOOP('',(#1881,#1882,#1883,#1884,#1885,#1886,#1887,#1888,#1889,
#1890));
#790=EDGE_LOOP('',(#1891,#1892,#1893,#1894,#1895,#1896));
#791=EDGE_LOOP('',(#1897,#1898,#1899,#1900,#1901,#1902,#1903,#1904,#1905,
#1906,#1907,#1908,#1909,#1910,#1911,#1912,#1913,#1914,#1915,#1916,#1917,
#1918));
#792=EDGE_LOOP('',(#1919,#1920,#1921,#1922,#1923,#1924,#1925,#1926,#1927,
#1928));
#793=EDGE_LOOP('',(#1929,#1930));
#794=EDGE_LOOP('',(#1931,#1932));
#795=EDGE_LOOP('',(#1933,#1934,#1935,#1936));
#796=EDGE_LOOP('',(#1937,#1938,#1939));
#797=EDGE_LOOP('',(#1940,#1941,#1942,#1943,#1944,#1945,#1946,#1947));
#798=EDGE_LOOP('',(#1948,#1949,#1950,#1951,#1952,#1953,#1954,#1955,#1956,
#1957,#1958,#1959,#1960,#1961,#1962,#1963,#1964,#1965,#1966,#1967,#1968,
#1969));
#799=EDGE_LOOP('',(#1970,#1971));
#800=EDGE_LOOP('',(#1972,#1973));
#801=EDGE_LOOP('',(#1974,#1975,#1976,#1977));
#802=EDGE_LOOP('',(#1978,#1979,#1980));
#803=EDGE_LOOP('',(#1981,#1982,#1983,#1984,#1985,#1986));
#804=EDGE_LOOP('',(#1987,#1988,#1989,#1990,#1991,#1992,#1993,#1994));
#805=EDGE_LOOP('',(#1995,#1996,#1997,#1998,#1999));
#806=EDGE_LOOP('',(#2000,#2001,#2002,#2003,#2004,#2005,#2006,#2007,#2008));
#807=EDGE_LOOP('',(#2009,#2010,#2011,#2012));
#808=EDGE_LOOP('',(#2013,#2014,#2015,#2016,#2017));
#809=EDGE_LOOP('',(#2018,#2019,#2020,#2021));
#810=EDGE_LOOP('',(#2022,#2023,#2024,#2025,#2026,#2027,#2028,#2029));
#811=EDGE_LOOP('',(#2030,#2031,#2032,#2033,#2034,#2035,#2036,#2037,#2038,
#2039,#2040,#2041,#2042,#2043,#2044,#2045));
#812=EDGE_LOOP('',(#2046));
#813=EDGE_LOOP('',(#2047,#2048,#2049,#2050,#2051,#2052,#2053,#2054,#2055,
#2056,#2057,#2058));
#814=EDGE_LOOP('',(#2059));
#815=EDGE_LOOP('',(#2060));
#816=EDGE_LOOP('',(#2061,#2062,#2063,#2064));
#817=EDGE_LOOP('',(#2065,#2066,#2067,#2068));
#818=EDGE_LOOP('',(#2069,#2070,#2071,#2072,#2073,#2074));
#819=EDGE_LOOP('',(#2075,#2076,#2077,#2078,#2079));
#820=EDGE_LOOP('',(#2080,#2081,#2082,#2083,#2084,#2085,#2086,#2087,#2088,
#2089));
#821=EDGE_LOOP('',(#2090,#2091,#2092,#2093));
#822=EDGE_LOOP('',(#2094,#2095));
#823=EDGE_LOOP('',(#2096,#2097,#2098,#2099,#2100));
#824=EDGE_LOOP('',(#2101,#2102,#2103,#2104,#2105));
#825=EDGE_LOOP('',(#2106,#2107,#2108,#2109,#2110));
#826=EDGE_LOOP('',(#2111,#2112,#2113,#2114,#2115,#2116,#2117,#2118,#2119,
#2120,#2121,#2122));
#827=EDGE_LOOP('',(#2123,#2124,#2125,#2126,#2127,#2128,#2129,#2130));
#828=EDGE_LOOP('',(#2131,#2132,#2133,#2134));
#829=EDGE_LOOP('',(#2135,#2136,#2137,#2138));
#830=EDGE_LOOP('',(#2139,#2140,#2141,#2142,#2143,#2144,#2145));
#831=EDGE_LOOP('',(#2146,#2147,#2148,#2149));
#832=EDGE_LOOP('',(#2150,#2151,#2152));
#833=EDGE_LOOP('',(#2153,#2154,#2155));
#834=EDGE_LOOP('',(#2156,#2157,#2158));
#835=EDGE_LOOP('',(#2159,#2160,#2161,#2162));
#836=EDGE_LOOP('',(#2163,#2164,#2165,#2166,#2167,#2168,#2169,#2170,#2171,
#2172,#2173,#2174));
#837=EDGE_LOOP('',(#2175,#2176,#2177,#2178,#2179,#2180,#2181,#2182,#2183,
#2184,#2185,#2186));
#838=EDGE_LOOP('',(#2187,#2188,#2189,#2190,#2191,#2192,#2193,#2194,#2195,
#2196,#2197,#2198));
#839=EDGE_LOOP('',(#2199,#2200,#2201,#2202));
#840=EDGE_LOOP('',(#2203,#2204,#2205));
#841=EDGE_LOOP('',(#2206,#2207,#2208));
#842=EDGE_LOOP('',(#2209,#2210,#2211));
#843=EDGE_LOOP('',(#2212,#2213,#2214,#2215));
#844=EDGE_LOOP('',(#2216));
#845=EDGE_LOOP('',(#2217));
#846=EDGE_LOOP('',(#2218,#2219,#2220));
#847=EDGE_LOOP('',(#2221,#2222,#2223,#2224,#2225,#2226,#2227,#2228,#2229,
#2230));
#848=EDGE_LOOP('',(#2231,#2232,#2233,#2234));
#849=EDGE_LOOP('',(#2235,#2236,#2237,#2238,#2239,#2240,#2241,#2242));
#850=EDGE_LOOP('',(#2243,#2244,#2245,#2246));
#851=EDGE_LOOP('',(#2247,#2248,#2249,#2250));
#852=EDGE_LOOP('',(#2251,#2252,#2253,#2254));
#853=EDGE_LOOP('',(#2255));
#854=EDGE_LOOP('',(#2256));
#855=EDGE_LOOP('',(#2257,#2258,#2259));
#856=EDGE_LOOP('',(#2260,#2261,#2262));
#857=EDGE_LOOP('',(#2263,#2264,#2265,#2266));
#858=EDGE_LOOP('',(#2267,#2268,#2269,#2270));
#859=EDGE_LOOP('',(#2271,#2272,#2273,#2274));
#860=EDGE_LOOP('',(#2275,#2276,#2277,#2278,#2279,#2280,#2281,#2282,#2283,
#2284));
#861=EDGE_LOOP('',(#2285,#2286,#2287,#2288));
#862=EDGE_LOOP('',(#2289,#2290,#2291,#2292));
#863=EDGE_LOOP('',(#2293,#2294,#2295,#2296));
#864=EDGE_LOOP('',(#2297,#2298,#2299,#2300,#2301));
#865=EDGE_LOOP('',(#2302,#2303,#2304,#2305));
#866=EDGE_LOOP('',(#2306,#2307,#2308,#2309,#2310,#2311));
#867=EDGE_LOOP('',(#2312,#2313,#2314));
#868=EDGE_LOOP('',(#2315,#2316));
#869=EDGE_LOOP('',(#2317,#2318,#2319,#2320));
#870=EDGE_LOOP('',(#2321));
#871=EDGE_LOOP('',(#2322));
#872=EDGE_LOOP('',(#2323,#2324,#2325,#2326));
#873=EDGE_LOOP('',(#2327,#2328,#2329,#2330));
#874=EDGE_LOOP('',(#2331));
#875=EDGE_LOOP('',(#2332));
#876=EDGE_LOOP('',(#2333));
#877=EDGE_LOOP('',(#2334,#2335,#2336,#2337));
#878=EDGE_LOOP('',(#2338,#2339,#2340,#2341));
#879=EDGE_LOOP('',(#2342,#2343));
#880=EDGE_LOOP('',(#2344,#2345,#2346,#2347,#2348));
#881=EDGE_LOOP('',(#2349,#2350,#2351,#2352,#2353));
#882=EDGE_LOOP('',(#2354,#2355,#2356,#2357,#2358));
#883=EDGE_LOOP('',(#2359,#2360));
#884=EDGE_LOOP('',(#2361,#2362,#2363,#2364));
#885=EDGE_LOOP('',(#2365,#2366,#2367,#2368,#2369,#2370,#2371,#2372,#2373,
#2374));
#886=EDGE_LOOP('',(#2375,#2376,#2377,#2378));
#887=EDGE_LOOP('',(#2379,#2380,#2381,#2382,#2383,#2384,#2385,#2386));
#888=EDGE_LOOP('',(#2387,#2388,#2389,#2390));
#889=EDGE_LOOP('',(#2391,#2392,#2393,#2394));
#890=EDGE_LOOP('',(#2395,#2396,#2397,#2398));
#891=EDGE_LOOP('',(#2399));
#892=EDGE_LOOP('',(#2400));
#893=EDGE_LOOP('',(#2401));
#894=EDGE_LOOP('',(#2402,#2403,#2404,#2405));
#895=EDGE_LOOP('',(#2406,#2407,#2408,#2409));
#896=EDGE_LOOP('',(#2410));
#897=EDGE_LOOP('',(#2411));
#898=EDGE_LOOP('',(#2412,#2413,#2414,#2415));
#899=EDGE_LOOP('',(#2416,#2417,#2418,#2419));
#900=EDGE_LOOP('',(#2420));
#901=EDGE_LOOP('',(#2421));
#902=EDGE_LOOP('',(#2422,#2423,#2424,#2425));
#903=EDGE_LOOP('',(#2426));
#904=EDGE_LOOP('',(#2427));
#905=CIRCLE('',#2672,1.8);
#906=CIRCLE('',#2674,1.8);
#907=CIRCLE('',#2676,1.8);
#908=CIRCLE('',#2678,1.8);
#909=CIRCLE('',#2679,1.8);
#910=CIRCLE('',#2681,1.8);
#911=CIRCLE('',#2683,1.8);
#912=CIRCLE('',#2684,1.8);
#913=CIRCLE('',#2689,2.2);
#914=CIRCLE('',#2690,2.2);
#915=CIRCLE('',#2694,2.25);
#916=CIRCLE('',#2695,2.25);
#917=CIRCLE('',#2696,2.25);
#918=CIRCLE('',#2697,2.25);
#919=CIRCLE('',#2699,2.25);
#920=CIRCLE('',#2701,2.25);
#921=CIRCLE('',#2703,2.25);
#922=CIRCLE('',#2704,2.25);
#923=CIRCLE('',#2705,2.25);
#924=CIRCLE('',#2706,2.25);
#925=CIRCLE('',#2708,2.25);
#926=CIRCLE('',#2710,2.25);
#927=CIRCLE('',#2712,2.25);
#928=CIRCLE('',#2713,2.25);
#929=CIRCLE('',#2714,2.25);
#930=CIRCLE('',#2715,2.25);
#931=CIRCLE('',#2717,2.25);
#932=CIRCLE('',#2718,2.25);
#933=CIRCLE('',#2719,2.25);
#934=CIRCLE('',#2720,2.25);
#935=CIRCLE('',#2723,2.25);
#936=CIRCLE('',#2725,2.25);
#937=CIRCLE('',#2727,2.25);
#938=CIRCLE('',#2734,2.65);
#939=CIRCLE('',#2735,2.65);
#940=CIRCLE('',#2738,2.25);
#941=CIRCLE('',#2745,2.65);
#942=CIRCLE('',#2746,2.65);
#943=CIRCLE('',#2751,6.);
#944=CIRCLE('',#2752,6.);
#945=CIRCLE('',#2754,6.);
#946=CIRCLE('',#2758,6.);
#947=CIRCLE('',#2762,2.2);
#948=CIRCLE('',#2767,4.8);
#949=CIRCLE('',#2770,2.2);
#950=CIRCLE('',#2772,2.2);
#951=CIRCLE('',#2776,4.8);
#952=CIRCLE('',#2782,6.);
#953=CIRCLE('',#2784,6.);
#954=CIRCLE('',#2790,2.2);
#955=CIRCLE('',#2795,2.2);
#956=CIRCLE('',#2800,2.65);
#957=CIRCLE('',#2801,2.65);
#958=CIRCLE('',#2803,2.5);
#959=CIRCLE('',#2811,2.65);
#960=CIRCLE('',#2812,2.5);
#961=CIRCLE('',#2814,2.65);
#962=CIRCLE('',#2817,2.5);
#963=CIRCLE('',#2818,2.65);
#964=CIRCLE('',#2820,2.5);
#965=CIRCLE('',#2822,2.5);
#966=CIRCLE('',#2823,2.65);
#967=CIRCLE('',#2825,2.5);
#968=CIRCLE('',#2827,2.65);
#969=CIRCLE('',#2828,2.65);
#970=CIRCLE('',#2831,2.65);
#971=CIRCLE('',#2832,2.65);
#972=CIRCLE('',#2834,2.65);
#973=CIRCLE('',#2836,2.65);
#974=CIRCLE('',#2837,2.65);
#975=CIRCLE('',#2839,2.65);
#976=CIRCLE('',#2840,2.5);
#977=CIRCLE('',#2842,2.65);
#978=CIRCLE('',#2844,2.5);
#979=CIRCLE('',#2846,2.5);
#980=CIRCLE('',#2862,2.65);
#981=CIRCLE('',#2863,2.65);
#982=CIRCLE('',#2865,2.65);
#983=CIRCLE('',#2868,2.5);
#984=CIRCLE('',#2871,2.5);
#985=CIRCLE('',#2873,2.2);
#986=CIRCLE('',#2877,2.2);
#987=CIRCLE('',#2880,2.2);
#988=CIRCLE('',#2883,2.5);
#989=CIRCLE('',#2896,2.2);
#990=CIRCLE('',#2899,2.2);
#991=CIRCLE('',#2902,1.8);
#992=CIRCLE('',#2903,1.8);
#993=CIRCLE('',#2907,1.8);
#994=CIRCLE('',#2908,1.8);
#995=VERTEX_POINT('',#3650);
#996=VERTEX_POINT('',#3653);
#997=VERTEX_POINT('',#3656);
#998=VERTEX_POINT('',#3660);
#999=VERTEX_POINT('',#3662);
#1000=VERTEX_POINT('',#3666);
#1001=VERTEX_POINT('',#3670);
#1002=VERTEX_POINT('',#3672);
#1003=VERTEX_POINT('',#3676);
#1004=VERTEX_POINT('',#3677);
#1005=VERTEX_POINT('',#3679);
#1006=VERTEX_POINT('',#3681);
#1007=VERTEX_POINT('',#3683);
#1008=VERTEX_POINT('',#3685);
#1009=VERTEX_POINT('',#3687);
#1010=VERTEX_POINT('',#3691);
#1011=VERTEX_POINT('',#3693);
#1012=VERTEX_POINT('',#3695);
#1013=VERTEX_POINT('',#3697);
#1014=VERTEX_POINT('',#3699);
#1015=VERTEX_POINT('',#3701);
#1016=VERTEX_POINT('',#3703);
#1017=VERTEX_POINT('',#3705);
#1018=VERTEX_POINT('',#3707);
#1019=VERTEX_POINT('',#3709);
#1020=VERTEX_POINT('',#3711);
#1021=VERTEX_POINT('',#3713);
#1022=VERTEX_POINT('',#3715);
#1023=VERTEX_POINT('',#3717);
#1024=VERTEX_POINT('',#3720);
#1025=VERTEX_POINT('',#3723);
#1026=VERTEX_POINT('',#3724);
#1027=VERTEX_POINT('',#3726);
#1028=VERTEX_POINT('',#3728);
#1029=VERTEX_POINT('',#3730);
#1030=VERTEX_POINT('',#3732);
#1031=VERTEX_POINT('',#3734);
#1032=VERTEX_POINT('',#3738);
#1033=VERTEX_POINT('',#3740);
#1034=VERTEX_POINT('',#3742);
#1035=VERTEX_POINT('',#3744);
#1036=VERTEX_POINT('',#3746);
#1037=VERTEX_POINT('',#3748);
#1038=VERTEX_POINT('',#3750);
#1039=VERTEX_POINT('',#3752);
#1040=VERTEX_POINT('',#3754);
#1041=VERTEX_POINT('',#3756);
#1042=VERTEX_POINT('',#3758);
#1043=VERTEX_POINT('',#3760);
#1044=VERTEX_POINT('',#3762);
#1045=VERTEX_POINT('',#3764);
#1046=VERTEX_POINT('',#3768);
#1047=VERTEX_POINT('',#3770);
#1048=VERTEX_POINT('',#3772);
#1049=VERTEX_POINT('',#3783);
#1050=VERTEX_POINT('',#3816);
#1051=VERTEX_POINT('',#3818);
#1052=VERTEX_POINT('',#3820);
#1053=VERTEX_POINT('',#3822);
#1054=VERTEX_POINT('',#3833);
#1055=VERTEX_POINT('',#3835);
#1056=VERTEX_POINT('',#3837);
#1057=VERTEX_POINT('',#3839);
#1058=VERTEX_POINT('',#3841);
#1059=VERTEX_POINT('',#3843);
#1060=VERTEX_POINT('',#3846);
#1061=VERTEX_POINT('',#3890);
#1062=VERTEX_POINT('',#3892);
#1063=VERTEX_POINT('',#3894);
#1064=VERTEX_POINT('',#3896);
#1065=VERTEX_POINT('',#3898);
#1066=VERTEX_POINT('',#3900);
#1067=VERTEX_POINT('',#3911);
#1068=VERTEX_POINT('',#3913);
#1069=VERTEX_POINT('',#3915);
#1070=VERTEX_POINT('',#3917);
#1071=VERTEX_POINT('',#3919);
#1072=VERTEX_POINT('',#3922);
#1073=VERTEX_POINT('',#3923);
#1074=VERTEX_POINT('',#3956);
#1075=VERTEX_POINT('',#4008);
#1076=VERTEX_POINT('',#4009);
#1077=VERTEX_POINT('',#4011);
#1078=VERTEX_POINT('',#4013);
#1079=VERTEX_POINT('',#4015);
#1080=VERTEX_POINT('',#4018);
#1081=VERTEX_POINT('',#4022);
#1082=VERTEX_POINT('',#4023);
#1083=VERTEX_POINT('',#4025);
#1084=VERTEX_POINT('',#4027);
#1085=VERTEX_POINT('',#4029);
#1086=VERTEX_POINT('',#4032);
#1087=VERTEX_POINT('',#4036);
#1088=VERTEX_POINT('',#4037);
#1089=VERTEX_POINT('',#4039);
#1090=VERTEX_POINT('',#4041);
#1091=VERTEX_POINT('',#4049);
#1092=VERTEX_POINT('',#4075);
#1093=VERTEX_POINT('',#4077);
#1094=VERTEX_POINT('',#4102);
#1095=VERTEX_POINT('',#4112);
#1096=VERTEX_POINT('',#4113);
#1097=VERTEX_POINT('',#4115);
#1098=VERTEX_POINT('',#4117);
#1099=VERTEX_POINT('',#4123);
#1100=VERTEX_POINT('',#4125);
#1101=VERTEX_POINT('',#4127);
#1102=VERTEX_POINT('',#4129);
#1103=VERTEX_POINT('',#4131);
#1104=VERTEX_POINT('',#4135);
#1105=VERTEX_POINT('',#4138);
#1106=VERTEX_POINT('',#4140);
#1107=VERTEX_POINT('',#4144);
#1108=VERTEX_POINT('',#4148);
#1109=VERTEX_POINT('',#4149);
#1110=VERTEX_POINT('',#4151);
#1111=VERTEX_POINT('',#4153);
#1112=VERTEX_POINT('',#4159);
#1113=VERTEX_POINT('',#4162);
#1114=VERTEX_POINT('',#4164);
#1115=VERTEX_POINT('',#4168);
#1116=VERTEX_POINT('',#4170);
#1117=VERTEX_POINT('',#4172);
#1118=VERTEX_POINT('',#4174);
#1119=VERTEX_POINT('',#4176);
#1120=VERTEX_POINT('',#4180);
#1121=VERTEX_POINT('',#4184);
#1122=VERTEX_POINT('',#4185);
#1123=VERTEX_POINT('',#4188);
#1124=VERTEX_POINT('',#4190);
#1125=VERTEX_POINT('',#4192);
#1126=VERTEX_POINT('',#4196);
#1127=VERTEX_POINT('',#4198);
#1128=VERTEX_POINT('',#4200);
#1129=VERTEX_POINT('',#4202);
#1130=VERTEX_POINT('',#4204);
#1131=VERTEX_POINT('',#4208);
#1132=VERTEX_POINT('',#4213);
#1133=VERTEX_POINT('',#4215);
#1134=VERTEX_POINT('',#4219);
#1135=VERTEX_POINT('',#4221);
#1136=VERTEX_POINT('',#4223);
#1137=VERTEX_POINT('',#4225);
#1138=VERTEX_POINT('',#4227);
#1139=VERTEX_POINT('',#4229);
#1140=VERTEX_POINT('',#4231);
#1141=VERTEX_POINT('',#4233);
#1142=VERTEX_POINT('',#4235);
#1143=VERTEX_POINT('',#4237);
#1144=VERTEX_POINT('',#4239);
#1145=VERTEX_POINT('',#4243);
#1146=VERTEX_POINT('',#4245);
#1147=VERTEX_POINT('',#4247);
#1148=VERTEX_POINT('',#4251);
#1149=VERTEX_POINT('',#4253);
#1150=VERTEX_POINT('',#4255);
#1151=VERTEX_POINT('',#4258);
#1152=VERTEX_POINT('',#4265);
#1153=VERTEX_POINT('',#4267);
#1154=VERTEX_POINT('',#4269);
#1155=VERTEX_POINT('',#4271);
#1156=VERTEX_POINT('',#4273);
#1157=VERTEX_POINT('',#4275);
#1158=VERTEX_POINT('',#4278);
#1159=VERTEX_POINT('',#4280);
#1160=VERTEX_POINT('',#4285);
#1161=VERTEX_POINT('',#4288);
#1162=VERTEX_POINT('',#4293);
#1163=VERTEX_POINT('',#4294);
#1164=VERTEX_POINT('',#4321);
#1165=VERTEX_POINT('',#4322);
#1166=VERTEX_POINT('',#4349);
#1167=VERTEX_POINT('',#4369);
#1168=VERTEX_POINT('',#4378);
#1169=VERTEX_POINT('',#4392);
#1170=VERTEX_POINT('',#4394);
#1171=VERTEX_POINT('',#4396);
#1172=VERTEX_POINT('',#4398);
#1173=VERTEX_POINT('',#4400);
#1174=VERTEX_POINT('',#4402);
#1175=VERTEX_POINT('',#4406);
#1176=VERTEX_POINT('',#4407);
#1177=VERTEX_POINT('',#4433);
#1178=VERTEX_POINT('',#4434);
#1179=VERTEX_POINT('',#4460);
#1180=VERTEX_POINT('',#4467);
#1181=VERTEX_POINT('',#4501);
#1182=VERTEX_POINT('',#4503);
#1183=VERTEX_POINT('',#4507);
#1184=VERTEX_POINT('',#4509);
#1185=VERTEX_POINT('',#4514);
#1186=VERTEX_POINT('',#4516);
#1187=VERTEX_POINT('',#4520);
#1188=VERTEX_POINT('',#4522);
#1189=VERTEX_POINT('',#4526);
#1190=VERTEX_POINT('',#4528);
#1191=VERTEX_POINT('',#4530);
#1192=VERTEX_POINT('',#4533);
#1193=VERTEX_POINT('',#4535);
#1194=VERTEX_POINT('',#4537);
#1195=VERTEX_POINT('',#4539);
#1196=VERTEX_POINT('',#4541);
#1197=VERTEX_POINT('',#4543);
#1198=VERTEX_POINT('',#4546);
#1199=VERTEX_POINT('',#4551);
#1200=VERTEX_POINT('',#4553);
#1201=VERTEX_POINT('',#4564);
#1202=VERTEX_POINT('',#4568);
#1203=VERTEX_POINT('',#4579);
#1204=VERTEX_POINT('',#4580);
#1205=VERTEX_POINT('',#4583);
#1206=VERTEX_POINT('',#4587);
#1207=VERTEX_POINT('',#4589);
#1208=VERTEX_POINT('',#4597);
#1209=VERTEX_POINT('',#4599);
#1210=VERTEX_POINT('',#4604);
#1211=VERTEX_POINT('',#4611);
#1212=VERTEX_POINT('',#4613);
#1213=VERTEX_POINT('',#4617);
#1214=VERTEX_POINT('',#4623);
#1215=VERTEX_POINT('',#4629);
#1216=VERTEX_POINT('',#4633);
#1217=VERTEX_POINT('',#4640);
#1218=VERTEX_POINT('',#4649);
#1219=VERTEX_POINT('',#4661);
#1220=VERTEX_POINT('',#4662);
#1221=VERTEX_POINT('',#4664);
#1222=VERTEX_POINT('',#4666);
#1223=VERTEX_POINT('',#4668);
#1224=VERTEX_POINT('',#4673);
#1225=VERTEX_POINT('',#4677);
#1226=VERTEX_POINT('',#4679);
#1227=VERTEX_POINT('',#4681);
#1228=VERTEX_POINT('',#4683);
#1229=VERTEX_POINT('',#4714);
#1230=VERTEX_POINT('',#4720);
#1231=VERTEX_POINT('',#4729);
#1232=VERTEX_POINT('',#4730);
#1233=VERTEX_POINT('',#4732);
#1234=VERTEX_POINT('',#4737);
#1235=VERTEX_POINT('',#4739);
#1236=VERTEX_POINT('',#4746);
#1237=VERTEX_POINT('',#4748);
#1238=VERTEX_POINT('',#4750);
#1239=VERTEX_POINT('',#4752);
#1240=VERTEX_POINT('',#4754);
#1241=VERTEX_POINT('',#4758);
#1242=VERTEX_POINT('',#4762);
#1243=VERTEX_POINT('',#4764);
#1244=VERTEX_POINT('',#4766);
#1245=VERTEX_POINT('',#4768);
#1246=VERTEX_POINT('',#4777);
#1247=VERTEX_POINT('',#4782);
#1248=VERTEX_POINT('',#4787);
#1249=VERTEX_POINT('',#4789);
#1250=VERTEX_POINT('',#4795);
#1251=VERTEX_POINT('',#4797);
#1252=EDGE_CURVE('',#995,#995,#905,.T.);
#1253=EDGE_CURVE('',#996,#996,#906,.T.);
#1254=EDGE_CURVE('',#995,#997,#82,.T.);
#1255=EDGE_CURVE('',#997,#997,#907,.T.);
#1256=EDGE_CURVE('',#998,#998,#908,.T.);
#1257=EDGE_CURVE('',#998,#999,#83,.T.);
#1258=EDGE_CURVE('',#999,#999,#909,.T.);
#1259=EDGE_CURVE('',#996,#1000,#84,.T.);
#1260=EDGE_CURVE('',#1000,#1000,#910,.T.);
#1261=EDGE_CURVE('',#1001,#1001,#911,.T.);
#1262=EDGE_CURVE('',#1001,#1002,#85,.T.);
#1263=EDGE_CURVE('',#1002,#1002,#912,.T.);
#1264=EDGE_CURVE('',#1003,#1004,#86,.T.);
#1265=EDGE_CURVE('',#1005,#1003,#87,.T.);
#1266=EDGE_CURVE('',#1006,#1005,#88,.T.);
#1267=EDGE_CURVE('',#1007,#1006,#89,.T.);
#1268=EDGE_CURVE('',#1007,#1008,#90,.T.);
#1269=EDGE_CURVE('',#1008,#1009,#62,.T.);
#1270=EDGE_CURVE('',#1009,#1004,#63,.T.);
#1271=EDGE_CURVE('',#1010,#1003,#91,.T.);
#1272=EDGE_CURVE('',#1011,#1010,#92,.T.);
#1273=EDGE_CURVE('',#1011,#1012,#93,.T.);
#1274=EDGE_CURVE('',#1012,#1013,#94,.T.);
#1275=EDGE_CURVE('',#1013,#1014,#913,.T.);
#1276=EDGE_CURVE('',#1014,#1015,#95,.T.);
#1277=EDGE_CURVE('',#1016,#1015,#96,.T.);
#1278=EDGE_CURVE('',#1017,#1016,#97,.T.);
#1279=EDGE_CURVE('',#1018,#1017,#98,.T.);
#1280=EDGE_CURVE('',#1019,#1018,#99,.T.);
#1281=EDGE_CURVE('',#1019,#1020,#100,.T.);
#1282=EDGE_CURVE('',#1020,#1021,#101,.T.);
#1283=EDGE_CURVE('',#1021,#1022,#102,.T.);
#1284=EDGE_CURVE('',#1022,#1023,#103,.T.);
#1285=EDGE_CURVE('',#1023,#1005,#104,.T.);
#1286=EDGE_CURVE('',#1024,#1024,#914,.T.);
#1287=EDGE_CURVE('',#1025,#1026,#105,.T.);
#1288=EDGE_CURVE('',#1025,#1027,#106,.T.);
#1289=EDGE_CURVE('',#1028,#1027,#107,.T.);
#1290=EDGE_CURVE('',#1029,#1028,#108,.T.);
#1291=EDGE_CURVE('',#1030,#1029,#109,.T.);
#1292=EDGE_CURVE('',#1030,#1031,#110,.T.);
#1293=EDGE_CURVE('',#1031,#1026,#111,.T.);
#1294=EDGE_CURVE('',#1032,#1025,#112,.T.);
#1295=EDGE_CURVE('',#1033,#1032,#113,.T.);
#1296=EDGE_CURVE('',#1033,#1034,#114,.T.);
#1297=EDGE_CURVE('',#1034,#1035,#115,.T.);
#1298=EDGE_CURVE('',#1035,#1036,#116,.T.);
#1299=EDGE_CURVE('',#1036,#1037,#117,.T.);
#1300=EDGE_CURVE('',#1037,#1038,#118,.T.);
#1301=EDGE_CURVE('',#1039,#1038,#119,.T.);
#1302=EDGE_CURVE('',#1039,#1040,#120,.T.);
#1303=EDGE_CURVE('',#1040,#1041,#121,.T.);
#1304=EDGE_CURVE('',#1041,#1042,#122,.T.);
#1305=EDGE_CURVE('',#1042,#1043,#123,.T.);
#1306=EDGE_CURVE('',#1043,#1044,#124,.T.);
#1307=EDGE_CURVE('',#1044,#1045,#125,.T.);
#1308=EDGE_CURVE('',#1045,#1027,#126,.T.);
#1309=EDGE_CURVE('',#1046,#1046,#915,.T.);
#1310=EDGE_CURVE('',#1046,#1047,#127,.T.);
#1311=EDGE_CURVE('',#1047,#1048,#16,.T.);
#1312=EDGE_CURVE('',#1048,#1049,#17,.T.);
#1313=EDGE_CURVE('',#1049,#1050,#128,.T.);
#1314=EDGE_CURVE('',#1050,#1051,#916,.T.);
#1315=EDGE_CURVE('',#1052,#1051,#129,.T.);
#1316=EDGE_CURVE('',#1053,#1052,#18,.T.);
#1317=EDGE_CURVE('',#1054,#1053,#917,.T.);
#1318=EDGE_CURVE('',#1055,#1054,#130,.T.);
#1319=EDGE_CURVE('',#1055,#1056,#918,.T.);
#1320=EDGE_CURVE('',#1057,#1056,#64,.T.);
#1321=EDGE_CURVE('',#1058,#1057,#919,.T.);
#1322=EDGE_CURVE('',#1059,#1058,#65,.T.);
#1323=EDGE_CURVE('',#1059,#1050,#920,.T.);
#1324=EDGE_CURVE('',#1049,#1060,#19,.T.);
#1325=EDGE_CURVE('',#1060,#1047,#20,.T.);
#1326=EDGE_CURVE('',#1061,#1061,#921,.T.);
#1327=EDGE_CURVE('',#1061,#1062,#131,.T.);
#1328=EDGE_CURVE('',#1062,#1063,#922,.T.);
#1329=EDGE_CURVE('',#1064,#1063,#132,.T.);
#1330=EDGE_CURVE('',#1065,#1064,#923,.T.);
#1331=EDGE_CURVE('',#1066,#1065,#21,.T.);
#1332=EDGE_CURVE('',#1067,#1066,#133,.T.);
#1333=EDGE_CURVE('',#1067,#1068,#924,.T.);
#1334=EDGE_CURVE('',#1069,#1068,#66,.T.);
#1335=EDGE_CURVE('',#1070,#1069,#925,.T.);
#1336=EDGE_CURVE('',#1071,#1070,#67,.T.);
#1337=EDGE_CURVE('',#1071,#1062,#926,.T.);
#1338=EDGE_CURVE('',#1072,#1073,#22,.T.);
#1339=EDGE_CURVE('',#1073,#1074,#23,.T.);
#1340=EDGE_CURVE('',#1074,#1072,#24,.T.);
#1341=EDGE_CURVE('',#1075,#1076,#927,.T.);
#1342=EDGE_CURVE('',#1077,#1075,#134,.T.);
#1343=EDGE_CURVE('',#1078,#1077,#928,.T.);
#1344=EDGE_CURVE('',#1079,#1078,#135,.T.);
#1345=EDGE_CURVE('',#1076,#1079,#929,.T.);
#1346=EDGE_CURVE('',#1076,#1080,#136,.T.);
#1347=EDGE_CURVE('',#1080,#1080,#930,.T.);
#1348=EDGE_CURVE('',#1081,#1082,#931,.T.);
#1349=EDGE_CURVE('',#1083,#1081,#137,.T.);
#1350=EDGE_CURVE('',#1084,#1083,#932,.T.);
#1351=EDGE_CURVE('',#1085,#1084,#138,.T.);
#1352=EDGE_CURVE('',#1082,#1085,#933,.T.);
#1353=EDGE_CURVE('',#1082,#1086,#139,.T.);
#1354=EDGE_CURVE('',#1086,#1086,#934,.T.);
#1355=EDGE_CURVE('',#1087,#1088,#140,.T.);
#1356=EDGE_CURVE('',#1089,#1087,#68,.T.);
#1357=EDGE_CURVE('',#1090,#1089,#25,.T.);
#1358=EDGE_CURVE('',#1090,#1048,#141,.T.);
#1359=EDGE_CURVE('',#1060,#1091,#142,.T.);
#1360=EDGE_CURVE('',#1091,#1091,#935,.T.);
#1361=EDGE_CURVE('',#1088,#1090,#26,.T.);
#1362=EDGE_CURVE('',#1092,#1008,#143,.T.);
#1363=EDGE_CURVE('',#1093,#1092,#27,.T.);
#1364=EDGE_CURVE('',#1093,#1073,#144,.T.);
#1365=EDGE_CURVE('',#1074,#1094,#145,.T.);
#1366=EDGE_CURVE('',#1094,#1094,#936,.T.);
#1367=EDGE_CURVE('',#1009,#1093,#28,.T.);
#1368=EDGE_CURVE('',#1095,#1096,#146,.T.);
#1369=EDGE_CURVE('',#1095,#1097,#937,.T.);
#1370=EDGE_CURVE('',#1098,#1097,#147,.T.);
#1371=EDGE_CURVE('',#1096,#1098,#69,.T.);
#1372=EDGE_CURVE('',#1097,#1095,#148,.T.);
#1373=EDGE_CURVE('',#1098,#1099,#149,.T.);
#1374=EDGE_CURVE('',#1099,#1100,#70,.T.);
#1375=EDGE_CURVE('',#1100,#1101,#71,.T.);
#1376=EDGE_CURVE('',#1102,#1101,#150,.T.);
#1377=EDGE_CURVE('',#1102,#1103,#151,.T.);
#1378=EDGE_CURVE('',#1103,#1096,#152,.T.);
#1379=EDGE_CURVE('',#1077,#1104,#153,.T.);
#1380=EDGE_CURVE('',#1031,#1104,#154,.T.);
#1381=EDGE_CURVE('',#1030,#1105,#938,.T.);
#1382=EDGE_CURVE('',#1105,#1106,#939,.T.);
#1383=EDGE_CURVE('',#1106,#1078,#155,.T.);
#1384=EDGE_CURVE('',#1107,#1075,#156,.T.);
#1385=EDGE_CURVE('',#1104,#1107,#157,.T.);
#1386=EDGE_CURVE('',#1108,#1109,#158,.T.);
#1387=EDGE_CURVE('',#1108,#1110,#940,.T.);
#1388=EDGE_CURVE('',#1111,#1110,#159,.T.);
#1389=EDGE_CURVE('',#1109,#1111,#72,.T.);
#1390=EDGE_CURVE('',#1110,#1108,#160,.T.);
#1391=EDGE_CURVE('',#1111,#1112,#161,.T.);
#1392=EDGE_CURVE('',#1112,#1021,#162,.T.);
#1393=EDGE_CURVE('',#1020,#1113,#73,.T.);
#1394=EDGE_CURVE('',#1113,#1114,#74,.T.);
#1395=EDGE_CURVE('',#1114,#1109,#163,.T.);
#1396=EDGE_CURVE('',#1083,#1115,#164,.T.);
#1397=EDGE_CURVE('',#1115,#1116,#941,.T.);
#1398=EDGE_CURVE('',#1116,#1117,#942,.T.);
#1399=EDGE_CURVE('',#1118,#1117,#165,.T.);
#1400=EDGE_CURVE('',#1119,#1118,#166,.T.);
#1401=EDGE_CURVE('',#1119,#1084,#167,.T.);
#1402=EDGE_CURVE('',#1120,#1081,#168,.T.);
#1403=EDGE_CURVE('',#1115,#1120,#169,.T.);
#1404=EDGE_CURVE('',#1121,#1122,#170,.T.);
#1405=EDGE_CURVE('',#1121,#1089,#75,.T.);
#1406=EDGE_CURVE('',#1087,#1123,#171,.T.);
#1407=EDGE_CURVE('',#1124,#1123,#172,.T.);
#1408=EDGE_CURVE('',#1125,#1124,#173,.T.);
#1409=EDGE_CURVE('',#1122,#1125,#174,.T.);
#1410=EDGE_CURVE('',#1126,#1092,#175,.T.);
#1411=EDGE_CURVE('',#1127,#1126,#943,.T.);
#1412=EDGE_CURVE('',#1128,#1127,#176,.T.);
#1413=EDGE_CURVE('',#1129,#1128,#944,.T.);
#1414=EDGE_CURVE('',#1130,#1129,#76,.T.);
#1415=EDGE_CURVE('',#1004,#1130,#945,.T.);
#1416=EDGE_CURVE('',#1131,#1055,#177,.T.);
#1417=EDGE_CURVE('',#1051,#1131,#178,.T.);
#1418=EDGE_CURVE('',#1056,#1059,#179,.T.);
#1419=EDGE_CURVE('',#1054,#1132,#180,.T.);
#1420=EDGE_CURVE('',#1132,#1133,#181,.T.);
#1421=EDGE_CURVE('',#1133,#1128,#182,.T.);
#1422=EDGE_CURVE('',#1127,#1064,#183,.T.);
#1423=EDGE_CURVE('',#1063,#1134,#184,.T.);
#1424=EDGE_CURVE('',#1134,#1135,#185,.T.);
#1425=EDGE_CURVE('',#1135,#1136,#186,.T.);
#1426=EDGE_CURVE('',#1136,#1137,#187,.T.);
#1427=EDGE_CURVE('',#1138,#1137,#188,.T.);
#1428=EDGE_CURVE('',#1139,#1138,#189,.T.);
#1429=EDGE_CURVE('',#1140,#1139,#190,.T.);
#1430=EDGE_CURVE('',#1141,#1140,#191,.T.);
#1431=EDGE_CURVE('',#1142,#1141,#192,.T.);
#1432=EDGE_CURVE('',#1142,#1143,#193,.T.);
#1433=EDGE_CURVE('',#1143,#1144,#194,.T.);
#1434=EDGE_CURVE('',#1144,#1131,#195,.T.);
#1435=EDGE_CURVE('',#1053,#1145,#196,.T.);
#1436=EDGE_CURVE('',#1145,#1146,#197,.T.);
#1437=EDGE_CURVE('',#1147,#1146,#198,.T.);
#1438=EDGE_CURVE('',#1147,#1132,#946,.T.);
#1439=EDGE_CURVE('',#1058,#1148,#199,.T.);
#1440=EDGE_CURVE('',#1149,#1148,#200,.T.);
#1441=EDGE_CURVE('',#1149,#1150,#201,.T.);
#1442=EDGE_CURVE('',#1150,#1142,#202,.T.);
#1443=EDGE_CURVE('',#1141,#1151,#203,.T.);
#1444=EDGE_CURVE('',#1151,#1057,#204,.T.);
#1445=EDGE_CURVE('',#1068,#1071,#205,.T.);
#1446=EDGE_CURVE('',#1134,#1067,#206,.T.);
#1447=EDGE_CURVE('',#1152,#1114,#207,.T.);
#1448=EDGE_CURVE('',#1152,#1153,#208,.T.);
#1449=EDGE_CURVE('',#1153,#1154,#209,.T.);
#1450=EDGE_CURVE('',#1154,#1155,#210,.T.);
#1451=EDGE_CURVE('',#1155,#1156,#211,.T.);
#1452=EDGE_CURVE('',#1157,#1156,#212,.T.);
#1453=EDGE_CURVE('',#1157,#1135,#947,.T.);
#1454=EDGE_CURVE('',#1066,#1158,#213,.T.);
#1455=EDGE_CURVE('',#1158,#1159,#214,.T.);
#1456=EDGE_CURVE('',#1159,#1126,#215,.T.);
#1457=EDGE_CURVE('',#1112,#1007,#216,.T.);
#1458=EDGE_CURVE('',#1070,#1160,#217,.T.);
#1459=EDGE_CURVE('',#1160,#1138,#218,.T.);
#1460=EDGE_CURVE('',#1137,#1161,#219,.T.);
#1461=EDGE_CURVE('',#1161,#1013,#220,.T.);
#1462=EDGE_CURVE('',#1012,#1069,#221,.T.);
#1463=EDGE_CURVE('',#1162,#1163,#29,.T.);
#1464=EDGE_CURVE('',#1163,#1162,#30,.T.);
#1465=EDGE_CURVE('',#1164,#1165,#31,.T.);
#1466=EDGE_CURVE('',#1165,#1164,#32,.T.);
#1467=EDGE_CURVE('',#1166,#1052,#222,.T.);
#1468=EDGE_CURVE('',#1145,#1166,#948,.T.);
#1469=EDGE_CURVE('',#1146,#1166,#223,.T.);
#1470=EDGE_CURVE('',#1164,#1163,#33,.T.);
#1471=EDGE_CURVE('',#1162,#1167,#34,.T.);
#1472=EDGE_CURVE('',#1167,#1168,#224,.T.);
#1473=EDGE_CURVE('',#1168,#1168,#949,.T.);
#1474=EDGE_CURVE('',#1167,#1165,#35,.T.);
#1475=EDGE_CURVE('',#1123,#1103,#225,.T.);
#1476=EDGE_CURVE('',#1088,#1147,#226,.T.);
#1477=EDGE_CURVE('',#1144,#1169,#950,.T.);
#1478=EDGE_CURVE('',#1170,#1169,#227,.T.);
#1479=EDGE_CURVE('',#1171,#1170,#228,.T.);
#1480=EDGE_CURVE('',#1172,#1171,#229,.T.);
#1481=EDGE_CURVE('',#1173,#1172,#230,.T.);
#1482=EDGE_CURVE('',#1174,#1173,#231,.T.);
#1483=EDGE_CURVE('',#1174,#1099,#232,.T.);
#1484=EDGE_CURVE('',#1175,#1176,#36,.T.);
#1485=EDGE_CURVE('',#1176,#1175,#37,.T.);
#1486=EDGE_CURVE('',#1177,#1178,#38,.T.);
#1487=EDGE_CURVE('',#1178,#1177,#39,.T.);
#1488=EDGE_CURVE('',#1179,#1065,#233,.T.);
#1489=EDGE_CURVE('',#1158,#1179,#951,.T.);
#1490=EDGE_CURVE('',#1159,#1179,#234,.T.);
#1491=EDGE_CURVE('',#1024,#1180,#235,.T.);
#1492=EDGE_CURVE('',#1180,#1176,#40,.T.);
#1493=EDGE_CURVE('',#1175,#1178,#41,.T.);
#1494=EDGE_CURVE('',#1177,#1180,#42,.T.);
#1495=EDGE_CURVE('',#1181,#1121,#952,.T.);
#1496=EDGE_CURVE('',#1182,#1181,#77,.T.);
#1497=EDGE_CURVE('',#1133,#1182,#953,.T.);
#1498=EDGE_CURVE('',#1181,#1183,#236,.T.);
#1499=EDGE_CURVE('',#1183,#1184,#237,.T.);
#1500=EDGE_CURVE('',#1184,#1182,#238,.T.);
#1501=EDGE_CURVE('',#1129,#1185,#239,.T.);
#1502=EDGE_CURVE('',#1185,#1186,#240,.T.);
#1503=EDGE_CURVE('',#1186,#1130,#241,.T.);
#1504=EDGE_CURVE('',#1187,#1184,#242,.T.);
#1505=EDGE_CURVE('',#1188,#1187,#243,.T.);
#1506=EDGE_CURVE('',#1185,#1188,#244,.T.);
#1507=EDGE_CURVE('',#1122,#1189,#245,.T.);
#1508=EDGE_CURVE('',#1125,#1190,#246,.T.);
#1509=EDGE_CURVE('',#1190,#1191,#247,.T.);
#1510=EDGE_CURVE('',#1191,#1102,#248,.T.);
#1511=EDGE_CURVE('',#1192,#1101,#249,.T.);
#1512=EDGE_CURVE('',#1192,#1193,#250,.T.);
#1513=EDGE_CURVE('',#1193,#1194,#251,.T.);
#1514=EDGE_CURVE('',#1194,#1195,#252,.T.);
#1515=EDGE_CURVE('',#1195,#1196,#253,.T.);
#1516=EDGE_CURVE('',#1196,#1197,#254,.T.);
#1517=EDGE_CURVE('',#1197,#1149,#954,.T.);
#1518=EDGE_CURVE('',#1148,#1198,#255,.T.);
#1519=EDGE_CURVE('',#1189,#1198,#256,.T.);
#1520=EDGE_CURVE('',#1189,#1010,#257,.T.);
#1521=EDGE_CURVE('',#1199,#1186,#258,.T.);
#1522=EDGE_CURVE('',#1200,#1199,#259,.T.);
#1523=EDGE_CURVE('',#1183,#1200,#260,.T.);
#1524=EDGE_CURVE('',#1200,#1187,#261,.T.);
#1525=EDGE_CURVE('',#1188,#1199,#262,.T.);
#1526=EDGE_CURVE('',#1143,#1150,#955,.T.);
#1527=EDGE_CURVE('',#1169,#1197,#263,.T.);
#1528=EDGE_CURVE('',#1196,#1201,#78,.T.);
#1529=EDGE_CURVE('',#1201,#1170,#79,.T.);
#1530=EDGE_CURVE('',#1202,#1029,#956,.T.);
#1531=EDGE_CURVE('',#1201,#1202,#264,.T.);
#1532=EDGE_CURVE('',#1195,#1192,#957,.T.);
#1533=EDGE_CURVE('',#1100,#1105,#265,.T.);
#1534=EDGE_CURVE('',#1194,#1193,#958,.T.);
#1535=EDGE_CURVE('',#1124,#1191,#266,.T.);
#1536=EDGE_CURVE('',#1203,#1204,#267,.T.);
#1537=EDGE_CURVE('',#1191,#1204,#268,.T.);
#1538=EDGE_CURVE('',#1205,#1190,#269,.T.);
#1539=EDGE_CURVE('',#1203,#1205,#270,.T.);
#1540=EDGE_CURVE('',#1206,#1125,#271,.T.);
#1541=EDGE_CURVE('',#1207,#1206,#272,.T.);
#1542=EDGE_CURVE('',#1205,#1207,#273,.T.);
#1543=EDGE_CURVE('',#1198,#1011,#274,.T.);
#1544=EDGE_CURVE('',#1140,#1151,#275,.T.);
#1545=EDGE_CURVE('',#1160,#1139,#276,.T.);
#1546=EDGE_CURVE('',#1026,#1208,#277,.T.);
#1547=EDGE_CURVE('',#1107,#1209,#278,.T.);
#1548=EDGE_CURVE('',#1209,#1119,#279,.T.);
#1549=EDGE_CURVE('',#1208,#1118,#280,.T.);
#1550=EDGE_CURVE('',#1210,#1045,#959,.T.);
#1551=EDGE_CURVE('',#1210,#1028,#960,.T.);
#1552=EDGE_CURVE('',#1202,#1210,#961,.T.);
#1553=EDGE_CURVE('',#1208,#1032,#281,.T.);
#1554=EDGE_CURVE('',#1117,#1211,#282,.T.);
#1555=EDGE_CURVE('',#1211,#1212,#283,.T.);
#1556=EDGE_CURVE('',#1212,#1033,#284,.T.);
#1557=EDGE_CURVE('',#1212,#1213,#962,.T.);
#1558=EDGE_CURVE('',#1034,#1213,#963,.T.);
#1559=EDGE_CURVE('',#1213,#1035,#964,.T.);
#1560=EDGE_CURVE('',#1035,#1214,#965,.T.);
#1561=EDGE_CURVE('',#1214,#1036,#966,.T.);
#1562=EDGE_CURVE('',#1214,#1037,#967,.T.);
#1563=EDGE_CURVE('',#1215,#1038,#968,.T.);
#1564=EDGE_CURVE('',#1215,#1214,#969,.T.);
#1565=EDGE_CURVE('',#1216,#1215,#285,.T.);
#1566=EDGE_CURVE('',#1156,#1216,#80,.T.);
#1567=EDGE_CURVE('',#1155,#1152,#970,.T.);
#1568=EDGE_CURVE('',#1113,#1116,#286,.T.);
#1569=EDGE_CURVE('',#1039,#1120,#971,.T.);
#1570=EDGE_CURVE('',#1079,#1217,#287,.T.);
#1571=EDGE_CURVE('',#1217,#1040,#972,.T.);
#1572=EDGE_CURVE('',#1085,#1209,#288,.T.);
#1573=EDGE_CURVE('',#1041,#1202,#973,.T.);
#1574=EDGE_CURVE('',#1106,#1217,#289,.T.);
#1575=EDGE_CURVE('',#1174,#1171,#974,.T.);
#1576=EDGE_CURVE('',#1218,#1202,#975,.T.);
#1577=EDGE_CURVE('',#1042,#1218,#976,.T.);
#1578=EDGE_CURVE('',#1043,#1218,#977,.T.);
#1579=EDGE_CURVE('',#1218,#1044,#978,.T.);
#1580=EDGE_CURVE('',#1044,#1210,#979,.T.);
#1581=EDGE_CURVE('',#1219,#1220,#290,.T.);
#1582=EDGE_CURVE('',#1220,#1221,#291,.T.);
#1583=EDGE_CURVE('',#1221,#1222,#292,.T.);
#1584=EDGE_CURVE('',#1222,#1223,#293,.T.);
#1585=EDGE_CURVE('',#1223,#1206,#294,.T.);
#1586=EDGE_CURVE('',#1204,#1219,#295,.T.);
#1587=EDGE_CURVE('',#1224,#1219,#296,.T.);
#1588=EDGE_CURVE('',#1224,#1203,#297,.T.);
#1589=EDGE_CURVE('',#1207,#1225,#298,.T.);
#1590=EDGE_CURVE('',#1225,#1226,#299,.T.);
#1591=EDGE_CURVE('',#1226,#1227,#300,.T.);
#1592=EDGE_CURVE('',#1227,#1228,#301,.T.);
#1593=EDGE_CURVE('',#1228,#1224,#302,.T.);
#1594=EDGE_CURVE('',#1223,#1225,#303,.T.);
#1595=EDGE_CURVE('',#1216,#1015,#81,.T.);
#1596=EDGE_CURVE('',#1211,#1215,#980,.T.);
#1597=EDGE_CURVE('',#1019,#1016,#981,.T.);
#1598=EDGE_CURVE('',#1213,#1215,#982,.T.);
#1599=EDGE_CURVE('',#1154,#1153,#983,.T.);
#1600=EDGE_CURVE('',#1014,#1157,#304,.T.);
#1601=EDGE_CURVE('',#1173,#1172,#984,.T.);
#1602=EDGE_CURVE('',#1161,#1136,#985,.T.);
#1603=EDGE_CURVE('',#1228,#1220,#305,.T.);
#1604=EDGE_CURVE('',#1229,#1229,#986,.T.);
#1605=EDGE_CURVE('',#1227,#1221,#306,.T.);
#1606=EDGE_CURVE('',#1226,#1222,#307,.T.);
#1607=EDGE_CURVE('',#1230,#1230,#987,.T.);
#1608=EDGE_CURVE('',#1018,#1017,#988,.T.);
#1609=EDGE_CURVE('',#1022,#1006,#308,.T.);
#1610=EDGE_CURVE('',#1231,#1232,#309,.T.);
#1611=EDGE_CURVE('',#1233,#1232,#310,.T.);
#1612=EDGE_CURVE('',#1023,#1233,#311,.T.);
#1613=EDGE_CURVE('',#1231,#1022,#312,.T.);
#1614=EDGE_CURVE('',#1234,#1233,#313,.T.);
#1615=EDGE_CURVE('',#1235,#1234,#314,.T.);
#1616=EDGE_CURVE('',#1005,#1235,#315,.T.);
#1617=EDGE_CURVE('',#1229,#1230,#316,.T.);
#1618=EDGE_CURVE('',#1236,#1231,#317,.T.);
#1619=EDGE_CURVE('',#1235,#1237,#318,.T.);
#1620=EDGE_CURVE('',#1237,#1238,#319,.T.);
#1621=EDGE_CURVE('',#1238,#1239,#320,.T.);
#1622=EDGE_CURVE('',#1239,#1240,#321,.T.);
#1623=EDGE_CURVE('',#1240,#1236,#322,.T.);
#1624=EDGE_CURVE('',#1236,#1241,#323,.T.);
#1625=EDGE_CURVE('',#1232,#1241,#324,.T.);
#1626=EDGE_CURVE('',#1241,#1242,#325,.T.);
#1627=EDGE_CURVE('',#1242,#1243,#326,.T.);
#1628=EDGE_CURVE('',#1243,#1244,#327,.T.);
#1629=EDGE_CURVE('',#1244,#1245,#328,.T.);
#1630=EDGE_CURVE('',#1245,#1234,#329,.T.);
#1631=EDGE_CURVE('',#1245,#1237,#330,.T.);
#1632=EDGE_CURVE('',#1238,#1244,#331,.T.);
#1633=EDGE_CURVE('',#1239,#1243,#332,.T.);
#1634=EDGE_CURVE('',#1246,#1246,#989,.T.);
#1635=EDGE_CURVE('',#1240,#1242,#333,.T.);
#1636=EDGE_CURVE('',#1247,#1247,#990,.T.);
#1637=EDGE_CURVE('',#1247,#1246,#334,.T.);
#1638=EDGE_CURVE('',#1248,#1248,#991,.T.);
#1639=EDGE_CURVE('',#1248,#1249,#335,.T.);
#1640=EDGE_CURVE('',#1249,#1249,#992,.T.);
#1641=EDGE_CURVE('',#1250,#1250,#993,.T.);
#1642=EDGE_CURVE('',#1250,#1251,#336,.T.);
#1643=EDGE_CURVE('',#1251,#1251,#994,.T.);
#1644=ORIENTED_EDGE('',*,*,#1252,.F.);
#1645=ORIENTED_EDGE('',*,*,#1253,.F.);
#1646=ORIENTED_EDGE('',*,*,#1252,.T.);
#1647=ORIENTED_EDGE('',*,*,#1254,.T.);
#1648=ORIENTED_EDGE('',*,*,#1255,.F.);
#1649=ORIENTED_EDGE('',*,*,#1254,.F.);
#1650=ORIENTED_EDGE('',*,*,#1256,.F.);
#1651=ORIENTED_EDGE('',*,*,#1257,.T.);
#1652=ORIENTED_EDGE('',*,*,#1258,.F.);
#1653=ORIENTED_EDGE('',*,*,#1257,.F.);
#1654=ORIENTED_EDGE('',*,*,#1253,.T.);
#1655=ORIENTED_EDGE('',*,*,#1259,.T.);
#1656=ORIENTED_EDGE('',*,*,#1260,.F.);
#1657=ORIENTED_EDGE('',*,*,#1259,.F.);
#1658=ORIENTED_EDGE('',*,*,#1261,.F.);
#1659=ORIENTED_EDGE('',*,*,#1262,.T.);
#1660=ORIENTED_EDGE('',*,*,#1263,.F.);
#1661=ORIENTED_EDGE('',*,*,#1262,.F.);
#1662=ORIENTED_EDGE('',*,*,#1264,.F.);
#1663=ORIENTED_EDGE('',*,*,#1265,.F.);
#1664=ORIENTED_EDGE('',*,*,#1266,.F.);
#1665=ORIENTED_EDGE('',*,*,#1267,.F.);
#1666=ORIENTED_EDGE('',*,*,#1268,.T.);
#1667=ORIENTED_EDGE('',*,*,#1269,.T.);
#1668=ORIENTED_EDGE('',*,*,#1270,.T.);
#1669=ORIENTED_EDGE('',*,*,#1271,.F.);
#1670=ORIENTED_EDGE('',*,*,#1272,.F.);
#1671=ORIENTED_EDGE('',*,*,#1273,.T.);
#1672=ORIENTED_EDGE('',*,*,#1274,.T.);
#1673=ORIENTED_EDGE('',*,*,#1275,.T.);
#1674=ORIENTED_EDGE('',*,*,#1276,.T.);
#1675=ORIENTED_EDGE('',*,*,#1277,.F.);
#1676=ORIENTED_EDGE('',*,*,#1278,.F.);
#1677=ORIENTED_EDGE('',*,*,#1279,.F.);
#1678=ORIENTED_EDGE('',*,*,#1280,.F.);
#1679=ORIENTED_EDGE('',*,*,#1281,.T.);
#1680=ORIENTED_EDGE('',*,*,#1282,.T.);
#1681=ORIENTED_EDGE('',*,*,#1283,.T.);
#1682=ORIENTED_EDGE('',*,*,#1284,.T.);
#1683=ORIENTED_EDGE('',*,*,#1285,.T.);
#1684=ORIENTED_EDGE('',*,*,#1265,.T.);
#1685=ORIENTED_EDGE('',*,*,#1286,.T.);
#1686=ORIENTED_EDGE('',*,*,#1287,.F.);
#1687=ORIENTED_EDGE('',*,*,#1288,.T.);
#1688=ORIENTED_EDGE('',*,*,#1289,.F.);
#1689=ORIENTED_EDGE('',*,*,#1290,.F.);
#1690=ORIENTED_EDGE('',*,*,#1291,.F.);
#1691=ORIENTED_EDGE('',*,*,#1292,.T.);
#1692=ORIENTED_EDGE('',*,*,#1293,.T.);
#1693=ORIENTED_EDGE('',*,*,#1294,.F.);
#1694=ORIENTED_EDGE('',*,*,#1295,.F.);
#1695=ORIENTED_EDGE('',*,*,#1296,.T.);
#1696=ORIENTED_EDGE('',*,*,#1297,.T.);
#1697=ORIENTED_EDGE('',*,*,#1298,.T.);
#1698=ORIENTED_EDGE('',*,*,#1299,.T.);
#1699=ORIENTED_EDGE('',*,*,#1300,.T.);
#1700=ORIENTED_EDGE('',*,*,#1301,.F.);
#1701=ORIENTED_EDGE('',*,*,#1302,.T.);
#1702=ORIENTED_EDGE('',*,*,#1303,.T.);
#1703=ORIENTED_EDGE('',*,*,#1304,.T.);
#1704=ORIENTED_EDGE('',*,*,#1305,.T.);
#1705=ORIENTED_EDGE('',*,*,#1306,.T.);
#1706=ORIENTED_EDGE('',*,*,#1307,.T.);
#1707=ORIENTED_EDGE('',*,*,#1308,.T.);
#1708=ORIENTED_EDGE('',*,*,#1288,.F.);
#1709=ORIENTED_EDGE('',*,*,#1309,.F.);
#1710=ORIENTED_EDGE('',*,*,#1310,.T.);
#1711=ORIENTED_EDGE('',*,*,#1311,.T.);
#1712=ORIENTED_EDGE('',*,*,#1312,.T.);
#1713=ORIENTED_EDGE('',*,*,#1313,.T.);
#1714=ORIENTED_EDGE('',*,*,#1314,.T.);
#1715=ORIENTED_EDGE('',*,*,#1315,.F.);
#1716=ORIENTED_EDGE('',*,*,#1316,.F.);
#1717=ORIENTED_EDGE('',*,*,#1317,.F.);
#1718=ORIENTED_EDGE('',*,*,#1318,.F.);
#1719=ORIENTED_EDGE('',*,*,#1319,.T.);
#1720=ORIENTED_EDGE('',*,*,#1320,.F.);
#1721=ORIENTED_EDGE('',*,*,#1321,.F.);
#1722=ORIENTED_EDGE('',*,*,#1322,.F.);
#1723=ORIENTED_EDGE('',*,*,#1323,.T.);
#1724=ORIENTED_EDGE('',*,*,#1313,.F.);
#1725=ORIENTED_EDGE('',*,*,#1324,.T.);
#1726=ORIENTED_EDGE('',*,*,#1325,.T.);
#1727=ORIENTED_EDGE('',*,*,#1310,.F.);
#1728=ORIENTED_EDGE('',*,*,#1326,.F.);
#1729=ORIENTED_EDGE('',*,*,#1327,.T.);
#1730=ORIENTED_EDGE('',*,*,#1328,.T.);
#1731=ORIENTED_EDGE('',*,*,#1329,.F.);
#1732=ORIENTED_EDGE('',*,*,#1330,.F.);
#1733=ORIENTED_EDGE('',*,*,#1331,.F.);
#1734=ORIENTED_EDGE('',*,*,#1332,.F.);
#1735=ORIENTED_EDGE('',*,*,#1333,.T.);
#1736=ORIENTED_EDGE('',*,*,#1334,.F.);
#1737=ORIENTED_EDGE('',*,*,#1335,.F.);
#1738=ORIENTED_EDGE('',*,*,#1336,.F.);
#1739=ORIENTED_EDGE('',*,*,#1337,.T.);
#1740=ORIENTED_EDGE('',*,*,#1327,.F.);
#1741=ORIENTED_EDGE('',*,*,#1338,.T.);
#1742=ORIENTED_EDGE('',*,*,#1339,.T.);
#1743=ORIENTED_EDGE('',*,*,#1340,.T.);
#1744=ORIENTED_EDGE('',*,*,#1341,.F.);
#1745=ORIENTED_EDGE('',*,*,#1342,.F.);
#1746=ORIENTED_EDGE('',*,*,#1343,.F.);
#1747=ORIENTED_EDGE('',*,*,#1344,.F.);
#1748=ORIENTED_EDGE('',*,*,#1345,.F.);
#1749=ORIENTED_EDGE('',*,*,#1346,.T.);
#1750=ORIENTED_EDGE('',*,*,#1347,.F.);
#1751=ORIENTED_EDGE('',*,*,#1346,.F.);
#1752=ORIENTED_EDGE('',*,*,#1348,.F.);
#1753=ORIENTED_EDGE('',*,*,#1349,.F.);
#1754=ORIENTED_EDGE('',*,*,#1350,.F.);
#1755=ORIENTED_EDGE('',*,*,#1351,.F.);
#1756=ORIENTED_EDGE('',*,*,#1352,.F.);
#1757=ORIENTED_EDGE('',*,*,#1353,.T.);
#1758=ORIENTED_EDGE('',*,*,#1354,.F.);
#1759=ORIENTED_EDGE('',*,*,#1353,.F.);
#1760=ORIENTED_EDGE('',*,*,#1355,.F.);
#1761=ORIENTED_EDGE('',*,*,#1356,.F.);
#1762=ORIENTED_EDGE('',*,*,#1357,.F.);
#1763=ORIENTED_EDGE('',*,*,#1358,.T.);
#1764=ORIENTED_EDGE('',*,*,#1311,.F.);
#1765=ORIENTED_EDGE('',*,*,#1325,.F.);
#1766=ORIENTED_EDGE('',*,*,#1359,.T.);
#1767=ORIENTED_EDGE('',*,*,#1360,.F.);
#1768=ORIENTED_EDGE('',*,*,#1359,.F.);
#1769=ORIENTED_EDGE('',*,*,#1324,.F.);
#1770=ORIENTED_EDGE('',*,*,#1312,.F.);
#1771=ORIENTED_EDGE('',*,*,#1358,.F.);
#1772=ORIENTED_EDGE('',*,*,#1361,.F.);
#1773=ORIENTED_EDGE('',*,*,#1362,.F.);
#1774=ORIENTED_EDGE('',*,*,#1363,.F.);
#1775=ORIENTED_EDGE('',*,*,#1364,.T.);
#1776=ORIENTED_EDGE('',*,*,#1338,.F.);
#1777=ORIENTED_EDGE('',*,*,#1340,.F.);
#1778=ORIENTED_EDGE('',*,*,#1365,.T.);
#1779=ORIENTED_EDGE('',*,*,#1366,.F.);
#1780=ORIENTED_EDGE('',*,*,#1365,.F.);
#1781=ORIENTED_EDGE('',*,*,#1339,.F.);
#1782=ORIENTED_EDGE('',*,*,#1364,.F.);
#1783=ORIENTED_EDGE('',*,*,#1367,.F.);
#1784=ORIENTED_EDGE('',*,*,#1269,.F.);
#1785=ORIENTED_EDGE('',*,*,#1368,.F.);
#1786=ORIENTED_EDGE('',*,*,#1369,.T.);
#1787=ORIENTED_EDGE('',*,*,#1370,.F.);
#1788=ORIENTED_EDGE('',*,*,#1371,.F.);
#1789=ORIENTED_EDGE('',*,*,#1372,.F.);
#1790=ORIENTED_EDGE('',*,*,#1369,.F.);
#1791=ORIENTED_EDGE('',*,*,#1371,.T.);
#1792=ORIENTED_EDGE('',*,*,#1373,.T.);
#1793=ORIENTED_EDGE('',*,*,#1374,.T.);
#1794=ORIENTED_EDGE('',*,*,#1375,.T.);
#1795=ORIENTED_EDGE('',*,*,#1376,.F.);
#1796=ORIENTED_EDGE('',*,*,#1377,.T.);
#1797=ORIENTED_EDGE('',*,*,#1378,.T.);
#1798=ORIENTED_EDGE('',*,*,#1343,.T.);
#1799=ORIENTED_EDGE('',*,*,#1379,.T.);
#1800=ORIENTED_EDGE('',*,*,#1380,.F.);
#1801=ORIENTED_EDGE('',*,*,#1292,.F.);
#1802=ORIENTED_EDGE('',*,*,#1381,.T.);
#1803=ORIENTED_EDGE('',*,*,#1382,.T.);
#1804=ORIENTED_EDGE('',*,*,#1383,.T.);
#1805=ORIENTED_EDGE('',*,*,#1342,.T.);
#1806=ORIENTED_EDGE('',*,*,#1384,.F.);
#1807=ORIENTED_EDGE('',*,*,#1385,.F.);
#1808=ORIENTED_EDGE('',*,*,#1379,.F.);
#1809=ORIENTED_EDGE('',*,*,#1386,.F.);
#1810=ORIENTED_EDGE('',*,*,#1387,.T.);
#1811=ORIENTED_EDGE('',*,*,#1388,.F.);
#1812=ORIENTED_EDGE('',*,*,#1389,.F.);
#1813=ORIENTED_EDGE('',*,*,#1390,.F.);
#1814=ORIENTED_EDGE('',*,*,#1387,.F.);
#1815=ORIENTED_EDGE('',*,*,#1389,.T.);
#1816=ORIENTED_EDGE('',*,*,#1391,.T.);
#1817=ORIENTED_EDGE('',*,*,#1392,.T.);
#1818=ORIENTED_EDGE('',*,*,#1282,.F.);
#1819=ORIENTED_EDGE('',*,*,#1393,.T.);
#1820=ORIENTED_EDGE('',*,*,#1394,.T.);
#1821=ORIENTED_EDGE('',*,*,#1395,.T.);
#1822=ORIENTED_EDGE('',*,*,#1350,.T.);
#1823=ORIENTED_EDGE('',*,*,#1396,.T.);
#1824=ORIENTED_EDGE('',*,*,#1397,.T.);
#1825=ORIENTED_EDGE('',*,*,#1398,.T.);
#1826=ORIENTED_EDGE('',*,*,#1399,.F.);
#1827=ORIENTED_EDGE('',*,*,#1400,.F.);
#1828=ORIENTED_EDGE('',*,*,#1401,.T.);
#1829=ORIENTED_EDGE('',*,*,#1349,.T.);
#1830=ORIENTED_EDGE('',*,*,#1402,.F.);
#1831=ORIENTED_EDGE('',*,*,#1403,.F.);
#1832=ORIENTED_EDGE('',*,*,#1396,.F.);
#1833=ORIENTED_EDGE('',*,*,#1404,.F.);
#1834=ORIENTED_EDGE('',*,*,#1405,.T.);
#1835=ORIENTED_EDGE('',*,*,#1356,.T.);
#1836=ORIENTED_EDGE('',*,*,#1406,.T.);
#1837=ORIENTED_EDGE('',*,*,#1407,.F.);
#1838=ORIENTED_EDGE('',*,*,#1408,.F.);
#1839=ORIENTED_EDGE('',*,*,#1409,.F.);
#1840=ORIENTED_EDGE('',*,*,#1367,.T.);
#1841=ORIENTED_EDGE('',*,*,#1363,.T.);
#1842=ORIENTED_EDGE('',*,*,#1410,.F.);
#1843=ORIENTED_EDGE('',*,*,#1411,.F.);
#1844=ORIENTED_EDGE('',*,*,#1412,.F.);
#1845=ORIENTED_EDGE('',*,*,#1413,.F.);
#1846=ORIENTED_EDGE('',*,*,#1414,.F.);
#1847=ORIENTED_EDGE('',*,*,#1415,.F.);
#1848=ORIENTED_EDGE('',*,*,#1270,.F.);
#1849=ORIENTED_EDGE('',*,*,#1416,.F.);
#1850=ORIENTED_EDGE('',*,*,#1417,.F.);
#1851=ORIENTED_EDGE('',*,*,#1314,.F.);
#1852=ORIENTED_EDGE('',*,*,#1323,.F.);
#1853=ORIENTED_EDGE('',*,*,#1418,.F.);
#1854=ORIENTED_EDGE('',*,*,#1319,.F.);
#1855=ORIENTED_EDGE('',*,*,#1416,.T.);
#1856=ORIENTED_EDGE('',*,*,#1318,.T.);
#1857=ORIENTED_EDGE('',*,*,#1419,.T.);
#1858=ORIENTED_EDGE('',*,*,#1420,.T.);
#1859=ORIENTED_EDGE('',*,*,#1421,.T.);
#1860=ORIENTED_EDGE('',*,*,#1412,.T.);
#1861=ORIENTED_EDGE('',*,*,#1422,.T.);
#1862=ORIENTED_EDGE('',*,*,#1329,.T.);
#1863=ORIENTED_EDGE('',*,*,#1423,.T.);
#1864=ORIENTED_EDGE('',*,*,#1424,.T.);
#1865=ORIENTED_EDGE('',*,*,#1425,.T.);
#1866=ORIENTED_EDGE('',*,*,#1426,.T.);
#1867=ORIENTED_EDGE('',*,*,#1427,.F.);
#1868=ORIENTED_EDGE('',*,*,#1428,.F.);
#1869=ORIENTED_EDGE('',*,*,#1429,.F.);
#1870=ORIENTED_EDGE('',*,*,#1430,.F.);
#1871=ORIENTED_EDGE('',*,*,#1431,.F.);
#1872=ORIENTED_EDGE('',*,*,#1432,.T.);
#1873=ORIENTED_EDGE('',*,*,#1433,.T.);
#1874=ORIENTED_EDGE('',*,*,#1434,.T.);
#1875=ORIENTED_EDGE('',*,*,#1317,.T.);
#1876=ORIENTED_EDGE('',*,*,#1435,.T.);
#1877=ORIENTED_EDGE('',*,*,#1436,.T.);
#1878=ORIENTED_EDGE('',*,*,#1437,.F.);
#1879=ORIENTED_EDGE('',*,*,#1438,.T.);
#1880=ORIENTED_EDGE('',*,*,#1419,.F.);
#1881=ORIENTED_EDGE('',*,*,#1320,.T.);
#1882=ORIENTED_EDGE('',*,*,#1418,.T.);
#1883=ORIENTED_EDGE('',*,*,#1322,.T.);
#1884=ORIENTED_EDGE('',*,*,#1439,.T.);
#1885=ORIENTED_EDGE('',*,*,#1440,.F.);
#1886=ORIENTED_EDGE('',*,*,#1441,.T.);
#1887=ORIENTED_EDGE('',*,*,#1442,.T.);
#1888=ORIENTED_EDGE('',*,*,#1431,.T.);
#1889=ORIENTED_EDGE('',*,*,#1443,.T.);
#1890=ORIENTED_EDGE('',*,*,#1444,.T.);
#1891=ORIENTED_EDGE('',*,*,#1423,.F.);
#1892=ORIENTED_EDGE('',*,*,#1328,.F.);
#1893=ORIENTED_EDGE('',*,*,#1337,.F.);
#1894=ORIENTED_EDGE('',*,*,#1445,.F.);
#1895=ORIENTED_EDGE('',*,*,#1333,.F.);
#1896=ORIENTED_EDGE('',*,*,#1446,.F.);
#1897=ORIENTED_EDGE('',*,*,#1386,.T.);
#1898=ORIENTED_EDGE('',*,*,#1395,.F.);
#1899=ORIENTED_EDGE('',*,*,#1447,.F.);
#1900=ORIENTED_EDGE('',*,*,#1448,.T.);
#1901=ORIENTED_EDGE('',*,*,#1449,.T.);
#1902=ORIENTED_EDGE('',*,*,#1450,.T.);
#1903=ORIENTED_EDGE('',*,*,#1451,.T.);
#1904=ORIENTED_EDGE('',*,*,#1452,.F.);
#1905=ORIENTED_EDGE('',*,*,#1453,.T.);
#1906=ORIENTED_EDGE('',*,*,#1424,.F.);
#1907=ORIENTED_EDGE('',*,*,#1446,.T.);
#1908=ORIENTED_EDGE('',*,*,#1332,.T.);
#1909=ORIENTED_EDGE('',*,*,#1454,.T.);
#1910=ORIENTED_EDGE('',*,*,#1455,.T.);
#1911=ORIENTED_EDGE('',*,*,#1456,.T.);
#1912=ORIENTED_EDGE('',*,*,#1410,.T.);
#1913=ORIENTED_EDGE('',*,*,#1362,.T.);
#1914=ORIENTED_EDGE('',*,*,#1268,.F.);
#1915=ORIENTED_EDGE('',*,*,#1457,.F.);
#1916=ORIENTED_EDGE('',*,*,#1391,.F.);
#1917=ORIENTED_EDGE('',*,*,#1388,.T.);
#1918=ORIENTED_EDGE('',*,*,#1390,.T.);
#1919=ORIENTED_EDGE('',*,*,#1334,.T.);
#1920=ORIENTED_EDGE('',*,*,#1445,.T.);
#1921=ORIENTED_EDGE('',*,*,#1336,.T.);
#1922=ORIENTED_EDGE('',*,*,#1458,.T.);
#1923=ORIENTED_EDGE('',*,*,#1459,.T.);
#1924=ORIENTED_EDGE('',*,*,#1427,.T.);
#1925=ORIENTED_EDGE('',*,*,#1460,.T.);
#1926=ORIENTED_EDGE('',*,*,#1461,.T.);
#1927=ORIENTED_EDGE('',*,*,#1274,.F.);
#1928=ORIENTED_EDGE('',*,*,#1462,.T.);
#1929=ORIENTED_EDGE('',*,*,#1463,.F.);
#1930=ORIENTED_EDGE('',*,*,#1464,.F.);
#1931=ORIENTED_EDGE('',*,*,#1465,.F.);
#1932=ORIENTED_EDGE('',*,*,#1466,.F.);
#1933=ORIENTED_EDGE('',*,*,#1316,.T.);
#1934=ORIENTED_EDGE('',*,*,#1467,.F.);
#1935=ORIENTED_EDGE('',*,*,#1468,.F.);
#1936=ORIENTED_EDGE('',*,*,#1435,.F.);
#1937=ORIENTED_EDGE('',*,*,#1436,.F.);
#1938=ORIENTED_EDGE('',*,*,#1468,.T.);
#1939=ORIENTED_EDGE('',*,*,#1469,.F.);
#1940=ORIENTED_EDGE('',*,*,#1466,.T.);
#1941=ORIENTED_EDGE('',*,*,#1470,.T.);
#1942=ORIENTED_EDGE('',*,*,#1464,.T.);
#1943=ORIENTED_EDGE('',*,*,#1471,.T.);
#1944=ORIENTED_EDGE('',*,*,#1472,.T.);
#1945=ORIENTED_EDGE('',*,*,#1473,.F.);
#1946=ORIENTED_EDGE('',*,*,#1472,.F.);
#1947=ORIENTED_EDGE('',*,*,#1474,.T.);
#1948=ORIENTED_EDGE('',*,*,#1368,.T.);
#1949=ORIENTED_EDGE('',*,*,#1378,.F.);
#1950=ORIENTED_EDGE('',*,*,#1475,.F.);
#1951=ORIENTED_EDGE('',*,*,#1406,.F.);
#1952=ORIENTED_EDGE('',*,*,#1355,.T.);
#1953=ORIENTED_EDGE('',*,*,#1476,.T.);
#1954=ORIENTED_EDGE('',*,*,#1437,.T.);
#1955=ORIENTED_EDGE('',*,*,#1469,.T.);
#1956=ORIENTED_EDGE('',*,*,#1467,.T.);
#1957=ORIENTED_EDGE('',*,*,#1315,.T.);
#1958=ORIENTED_EDGE('',*,*,#1417,.T.);
#1959=ORIENTED_EDGE('',*,*,#1434,.F.);
#1960=ORIENTED_EDGE('',*,*,#1477,.T.);
#1961=ORIENTED_EDGE('',*,*,#1478,.F.);
#1962=ORIENTED_EDGE('',*,*,#1479,.F.);
#1963=ORIENTED_EDGE('',*,*,#1480,.F.);
#1964=ORIENTED_EDGE('',*,*,#1481,.F.);
#1965=ORIENTED_EDGE('',*,*,#1482,.F.);
#1966=ORIENTED_EDGE('',*,*,#1483,.T.);
#1967=ORIENTED_EDGE('',*,*,#1373,.F.);
#1968=ORIENTED_EDGE('',*,*,#1370,.T.);
#1969=ORIENTED_EDGE('',*,*,#1372,.T.);
#1970=ORIENTED_EDGE('',*,*,#1484,.F.);
#1971=ORIENTED_EDGE('',*,*,#1485,.F.);
#1972=ORIENTED_EDGE('',*,*,#1486,.F.);
#1973=ORIENTED_EDGE('',*,*,#1487,.F.);
#1974=ORIENTED_EDGE('',*,*,#1331,.T.);
#1975=ORIENTED_EDGE('',*,*,#1488,.F.);
#1976=ORIENTED_EDGE('',*,*,#1489,.F.);
#1977=ORIENTED_EDGE('',*,*,#1454,.F.);
#1978=ORIENTED_EDGE('',*,*,#1455,.F.);
#1979=ORIENTED_EDGE('',*,*,#1489,.T.);
#1980=ORIENTED_EDGE('',*,*,#1490,.F.);
#1981=ORIENTED_EDGE('',*,*,#1330,.T.);
#1982=ORIENTED_EDGE('',*,*,#1422,.F.);
#1983=ORIENTED_EDGE('',*,*,#1411,.T.);
#1984=ORIENTED_EDGE('',*,*,#1456,.F.);
#1985=ORIENTED_EDGE('',*,*,#1490,.T.);
#1986=ORIENTED_EDGE('',*,*,#1488,.T.);
#1987=ORIENTED_EDGE('',*,*,#1286,.F.);
#1988=ORIENTED_EDGE('',*,*,#1491,.T.);
#1989=ORIENTED_EDGE('',*,*,#1492,.T.);
#1990=ORIENTED_EDGE('',*,*,#1485,.T.);
#1991=ORIENTED_EDGE('',*,*,#1493,.T.);
#1992=ORIENTED_EDGE('',*,*,#1487,.T.);
#1993=ORIENTED_EDGE('',*,*,#1494,.T.);
#1994=ORIENTED_EDGE('',*,*,#1491,.F.);
#1995=ORIENTED_EDGE('',*,*,#1465,.T.);
#1996=ORIENTED_EDGE('',*,*,#1474,.F.);
#1997=ORIENTED_EDGE('',*,*,#1471,.F.);
#1998=ORIENTED_EDGE('',*,*,#1463,.T.);
#1999=ORIENTED_EDGE('',*,*,#1470,.F.);
#2000=ORIENTED_EDGE('',*,*,#1361,.T.);
#2001=ORIENTED_EDGE('',*,*,#1357,.T.);
#2002=ORIENTED_EDGE('',*,*,#1405,.F.);
#2003=ORIENTED_EDGE('',*,*,#1495,.F.);
#2004=ORIENTED_EDGE('',*,*,#1496,.F.);
#2005=ORIENTED_EDGE('',*,*,#1497,.F.);
#2006=ORIENTED_EDGE('',*,*,#1420,.F.);
#2007=ORIENTED_EDGE('',*,*,#1438,.F.);
#2008=ORIENTED_EDGE('',*,*,#1476,.F.);
#2009=ORIENTED_EDGE('',*,*,#1496,.T.);
#2010=ORIENTED_EDGE('',*,*,#1498,.T.);
#2011=ORIENTED_EDGE('',*,*,#1499,.T.);
#2012=ORIENTED_EDGE('',*,*,#1500,.T.);
#2013=ORIENTED_EDGE('',*,*,#1486,.T.);
#2014=ORIENTED_EDGE('',*,*,#1493,.F.);
#2015=ORIENTED_EDGE('',*,*,#1484,.T.);
#2016=ORIENTED_EDGE('',*,*,#1492,.F.);
#2017=ORIENTED_EDGE('',*,*,#1494,.F.);
#2018=ORIENTED_EDGE('',*,*,#1414,.T.);
#2019=ORIENTED_EDGE('',*,*,#1501,.T.);
#2020=ORIENTED_EDGE('',*,*,#1502,.T.);
#2021=ORIENTED_EDGE('',*,*,#1503,.T.);
#2022=ORIENTED_EDGE('',*,*,#1497,.T.);
#2023=ORIENTED_EDGE('',*,*,#1500,.F.);
#2024=ORIENTED_EDGE('',*,*,#1504,.F.);
#2025=ORIENTED_EDGE('',*,*,#1505,.F.);
#2026=ORIENTED_EDGE('',*,*,#1506,.F.);
#2027=ORIENTED_EDGE('',*,*,#1501,.F.);
#2028=ORIENTED_EDGE('',*,*,#1413,.T.);
#2029=ORIENTED_EDGE('',*,*,#1421,.F.);
#2030=ORIENTED_EDGE('',*,*,#1507,.F.);
#2031=ORIENTED_EDGE('',*,*,#1409,.T.);
#2032=ORIENTED_EDGE('',*,*,#1508,.T.);
#2033=ORIENTED_EDGE('',*,*,#1509,.T.);
#2034=ORIENTED_EDGE('',*,*,#1510,.T.);
#2035=ORIENTED_EDGE('',*,*,#1376,.T.);
#2036=ORIENTED_EDGE('',*,*,#1511,.F.);
#2037=ORIENTED_EDGE('',*,*,#1512,.T.);
#2038=ORIENTED_EDGE('',*,*,#1513,.T.);
#2039=ORIENTED_EDGE('',*,*,#1514,.T.);
#2040=ORIENTED_EDGE('',*,*,#1515,.T.);
#2041=ORIENTED_EDGE('',*,*,#1516,.T.);
#2042=ORIENTED_EDGE('',*,*,#1517,.T.);
#2043=ORIENTED_EDGE('',*,*,#1440,.T.);
#2044=ORIENTED_EDGE('',*,*,#1518,.T.);
#2045=ORIENTED_EDGE('',*,*,#1519,.F.);
#2046=ORIENTED_EDGE('',*,*,#1473,.T.);
#2047=ORIENTED_EDGE('',*,*,#1520,.T.);
#2048=ORIENTED_EDGE('',*,*,#1271,.T.);
#2049=ORIENTED_EDGE('',*,*,#1264,.T.);
#2050=ORIENTED_EDGE('',*,*,#1415,.T.);
#2051=ORIENTED_EDGE('',*,*,#1503,.F.);
#2052=ORIENTED_EDGE('',*,*,#1521,.F.);
#2053=ORIENTED_EDGE('',*,*,#1522,.F.);
#2054=ORIENTED_EDGE('',*,*,#1523,.F.);
#2055=ORIENTED_EDGE('',*,*,#1498,.F.);
#2056=ORIENTED_EDGE('',*,*,#1495,.T.);
#2057=ORIENTED_EDGE('',*,*,#1404,.T.);
#2058=ORIENTED_EDGE('',*,*,#1507,.T.);
#2059=ORIENTED_EDGE('',*,*,#1309,.T.);
#2060=ORIENTED_EDGE('',*,*,#1326,.T.);
#2061=ORIENTED_EDGE('',*,*,#1523,.T.);
#2062=ORIENTED_EDGE('',*,*,#1524,.T.);
#2063=ORIENTED_EDGE('',*,*,#1504,.T.);
#2064=ORIENTED_EDGE('',*,*,#1499,.F.);
#2065=ORIENTED_EDGE('',*,*,#1521,.T.);
#2066=ORIENTED_EDGE('',*,*,#1502,.F.);
#2067=ORIENTED_EDGE('',*,*,#1506,.T.);
#2068=ORIENTED_EDGE('',*,*,#1525,.T.);
#2069=ORIENTED_EDGE('',*,*,#1433,.F.);
#2070=ORIENTED_EDGE('',*,*,#1526,.T.);
#2071=ORIENTED_EDGE('',*,*,#1441,.F.);
#2072=ORIENTED_EDGE('',*,*,#1517,.F.);
#2073=ORIENTED_EDGE('',*,*,#1527,.F.);
#2074=ORIENTED_EDGE('',*,*,#1477,.F.);
#2075=ORIENTED_EDGE('',*,*,#1527,.T.);
#2076=ORIENTED_EDGE('',*,*,#1516,.F.);
#2077=ORIENTED_EDGE('',*,*,#1528,.T.);
#2078=ORIENTED_EDGE('',*,*,#1529,.T.);
#2079=ORIENTED_EDGE('',*,*,#1478,.T.);
#2080=ORIENTED_EDGE('',*,*,#1530,.F.);
#2081=ORIENTED_EDGE('',*,*,#1531,.F.);
#2082=ORIENTED_EDGE('',*,*,#1528,.F.);
#2083=ORIENTED_EDGE('',*,*,#1515,.F.);
#2084=ORIENTED_EDGE('',*,*,#1532,.T.);
#2085=ORIENTED_EDGE('',*,*,#1511,.T.);
#2086=ORIENTED_EDGE('',*,*,#1375,.F.);
#2087=ORIENTED_EDGE('',*,*,#1533,.T.);
#2088=ORIENTED_EDGE('',*,*,#1381,.F.);
#2089=ORIENTED_EDGE('',*,*,#1291,.T.);
#2090=ORIENTED_EDGE('',*,*,#1532,.F.);
#2091=ORIENTED_EDGE('',*,*,#1514,.F.);
#2092=ORIENTED_EDGE('',*,*,#1534,.T.);
#2093=ORIENTED_EDGE('',*,*,#1512,.F.);
#2094=ORIENTED_EDGE('',*,*,#1534,.F.);
#2095=ORIENTED_EDGE('',*,*,#1513,.F.);
#2096=ORIENTED_EDGE('',*,*,#1475,.T.);
#2097=ORIENTED_EDGE('',*,*,#1377,.F.);
#2098=ORIENTED_EDGE('',*,*,#1510,.F.);
#2099=ORIENTED_EDGE('',*,*,#1535,.F.);
#2100=ORIENTED_EDGE('',*,*,#1407,.T.);
#2101=ORIENTED_EDGE('',*,*,#1536,.T.);
#2102=ORIENTED_EDGE('',*,*,#1537,.F.);
#2103=ORIENTED_EDGE('',*,*,#1509,.F.);
#2104=ORIENTED_EDGE('',*,*,#1538,.F.);
#2105=ORIENTED_EDGE('',*,*,#1539,.F.);
#2106=ORIENTED_EDGE('',*,*,#1538,.T.);
#2107=ORIENTED_EDGE('',*,*,#1508,.F.);
#2108=ORIENTED_EDGE('',*,*,#1540,.F.);
#2109=ORIENTED_EDGE('',*,*,#1541,.F.);
#2110=ORIENTED_EDGE('',*,*,#1542,.F.);
#2111=ORIENTED_EDGE('',*,*,#1543,.F.);
#2112=ORIENTED_EDGE('',*,*,#1518,.F.);
#2113=ORIENTED_EDGE('',*,*,#1439,.F.);
#2114=ORIENTED_EDGE('',*,*,#1321,.T.);
#2115=ORIENTED_EDGE('',*,*,#1444,.F.);
#2116=ORIENTED_EDGE('',*,*,#1544,.F.);
#2117=ORIENTED_EDGE('',*,*,#1429,.T.);
#2118=ORIENTED_EDGE('',*,*,#1545,.F.);
#2119=ORIENTED_EDGE('',*,*,#1458,.F.);
#2120=ORIENTED_EDGE('',*,*,#1335,.T.);
#2121=ORIENTED_EDGE('',*,*,#1462,.F.);
#2122=ORIENTED_EDGE('',*,*,#1273,.F.);
#2123=ORIENTED_EDGE('',*,*,#1546,.F.);
#2124=ORIENTED_EDGE('',*,*,#1293,.F.);
#2125=ORIENTED_EDGE('',*,*,#1380,.T.);
#2126=ORIENTED_EDGE('',*,*,#1385,.T.);
#2127=ORIENTED_EDGE('',*,*,#1547,.T.);
#2128=ORIENTED_EDGE('',*,*,#1548,.T.);
#2129=ORIENTED_EDGE('',*,*,#1400,.T.);
#2130=ORIENTED_EDGE('',*,*,#1549,.F.);
#2131=ORIENTED_EDGE('',*,*,#1308,.F.);
#2132=ORIENTED_EDGE('',*,*,#1550,.F.);
#2133=ORIENTED_EDGE('',*,*,#1551,.T.);
#2134=ORIENTED_EDGE('',*,*,#1289,.T.);
#2135=ORIENTED_EDGE('',*,*,#1530,.T.);
#2136=ORIENTED_EDGE('',*,*,#1290,.T.);
#2137=ORIENTED_EDGE('',*,*,#1551,.F.);
#2138=ORIENTED_EDGE('',*,*,#1552,.F.);
#2139=ORIENTED_EDGE('',*,*,#1553,.F.);
#2140=ORIENTED_EDGE('',*,*,#1549,.T.);
#2141=ORIENTED_EDGE('',*,*,#1399,.T.);
#2142=ORIENTED_EDGE('',*,*,#1554,.T.);
#2143=ORIENTED_EDGE('',*,*,#1555,.T.);
#2144=ORIENTED_EDGE('',*,*,#1556,.T.);
#2145=ORIENTED_EDGE('',*,*,#1295,.T.);
#2146=ORIENTED_EDGE('',*,*,#1556,.F.);
#2147=ORIENTED_EDGE('',*,*,#1557,.T.);
#2148=ORIENTED_EDGE('',*,*,#1558,.F.);
#2149=ORIENTED_EDGE('',*,*,#1296,.F.);
#2150=ORIENTED_EDGE('',*,*,#1558,.T.);
#2151=ORIENTED_EDGE('',*,*,#1559,.T.);
#2152=ORIENTED_EDGE('',*,*,#1297,.F.);
#2153=ORIENTED_EDGE('',*,*,#1298,.F.);
#2154=ORIENTED_EDGE('',*,*,#1560,.T.);
#2155=ORIENTED_EDGE('',*,*,#1561,.T.);
#2156=ORIENTED_EDGE('',*,*,#1561,.F.);
#2157=ORIENTED_EDGE('',*,*,#1562,.T.);
#2158=ORIENTED_EDGE('',*,*,#1299,.F.);
#2159=ORIENTED_EDGE('',*,*,#1563,.T.);
#2160=ORIENTED_EDGE('',*,*,#1300,.F.);
#2161=ORIENTED_EDGE('',*,*,#1562,.F.);
#2162=ORIENTED_EDGE('',*,*,#1564,.F.);
#2163=ORIENTED_EDGE('',*,*,#1301,.T.);
#2164=ORIENTED_EDGE('',*,*,#1563,.F.);
#2165=ORIENTED_EDGE('',*,*,#1565,.F.);
#2166=ORIENTED_EDGE('',*,*,#1566,.F.);
#2167=ORIENTED_EDGE('',*,*,#1451,.F.);
#2168=ORIENTED_EDGE('',*,*,#1567,.T.);
#2169=ORIENTED_EDGE('',*,*,#1447,.T.);
#2170=ORIENTED_EDGE('',*,*,#1394,.F.);
#2171=ORIENTED_EDGE('',*,*,#1568,.T.);
#2172=ORIENTED_EDGE('',*,*,#1397,.F.);
#2173=ORIENTED_EDGE('',*,*,#1403,.T.);
#2174=ORIENTED_EDGE('',*,*,#1569,.F.);
#2175=ORIENTED_EDGE('',*,*,#1341,.T.);
#2176=ORIENTED_EDGE('',*,*,#1345,.T.);
#2177=ORIENTED_EDGE('',*,*,#1570,.T.);
#2178=ORIENTED_EDGE('',*,*,#1571,.T.);
#2179=ORIENTED_EDGE('',*,*,#1302,.F.);
#2180=ORIENTED_EDGE('',*,*,#1569,.T.);
#2181=ORIENTED_EDGE('',*,*,#1402,.T.);
#2182=ORIENTED_EDGE('',*,*,#1348,.T.);
#2183=ORIENTED_EDGE('',*,*,#1352,.T.);
#2184=ORIENTED_EDGE('',*,*,#1572,.T.);
#2185=ORIENTED_EDGE('',*,*,#1547,.F.);
#2186=ORIENTED_EDGE('',*,*,#1384,.T.);
#2187=ORIENTED_EDGE('',*,*,#1529,.F.);
#2188=ORIENTED_EDGE('',*,*,#1531,.T.);
#2189=ORIENTED_EDGE('',*,*,#1573,.F.);
#2190=ORIENTED_EDGE('',*,*,#1303,.F.);
#2191=ORIENTED_EDGE('',*,*,#1571,.F.);
#2192=ORIENTED_EDGE('',*,*,#1574,.F.);
#2193=ORIENTED_EDGE('',*,*,#1382,.F.);
#2194=ORIENTED_EDGE('',*,*,#1533,.F.);
#2195=ORIENTED_EDGE('',*,*,#1374,.F.);
#2196=ORIENTED_EDGE('',*,*,#1483,.F.);
#2197=ORIENTED_EDGE('',*,*,#1575,.T.);
#2198=ORIENTED_EDGE('',*,*,#1479,.T.);
#2199=ORIENTED_EDGE('',*,*,#1304,.F.);
#2200=ORIENTED_EDGE('',*,*,#1573,.T.);
#2201=ORIENTED_EDGE('',*,*,#1576,.F.);
#2202=ORIENTED_EDGE('',*,*,#1577,.F.);
#2203=ORIENTED_EDGE('',*,*,#1305,.F.);
#2204=ORIENTED_EDGE('',*,*,#1577,.T.);
#2205=ORIENTED_EDGE('',*,*,#1578,.F.);
#2206=ORIENTED_EDGE('',*,*,#1578,.T.);
#2207=ORIENTED_EDGE('',*,*,#1579,.T.);
#2208=ORIENTED_EDGE('',*,*,#1306,.F.);
#2209=ORIENTED_EDGE('',*,*,#1307,.F.);
#2210=ORIENTED_EDGE('',*,*,#1580,.T.);
#2211=ORIENTED_EDGE('',*,*,#1550,.T.);
#2212=ORIENTED_EDGE('',*,*,#1294,.T.);
#2213=ORIENTED_EDGE('',*,*,#1287,.T.);
#2214=ORIENTED_EDGE('',*,*,#1546,.T.);
#2215=ORIENTED_EDGE('',*,*,#1553,.T.);
#2216=ORIENTED_EDGE('',*,*,#1347,.T.);
#2217=ORIENTED_EDGE('',*,*,#1354,.T.);
#2218=ORIENTED_EDGE('',*,*,#1432,.F.);
#2219=ORIENTED_EDGE('',*,*,#1442,.F.);
#2220=ORIENTED_EDGE('',*,*,#1526,.F.);
#2221=ORIENTED_EDGE('',*,*,#1581,.T.);
#2222=ORIENTED_EDGE('',*,*,#1582,.T.);
#2223=ORIENTED_EDGE('',*,*,#1583,.T.);
#2224=ORIENTED_EDGE('',*,*,#1584,.T.);
#2225=ORIENTED_EDGE('',*,*,#1585,.T.);
#2226=ORIENTED_EDGE('',*,*,#1540,.T.);
#2227=ORIENTED_EDGE('',*,*,#1408,.T.);
#2228=ORIENTED_EDGE('',*,*,#1535,.T.);
#2229=ORIENTED_EDGE('',*,*,#1537,.T.);
#2230=ORIENTED_EDGE('',*,*,#1586,.T.);
#2231=ORIENTED_EDGE('',*,*,#1587,.T.);
#2232=ORIENTED_EDGE('',*,*,#1586,.F.);
#2233=ORIENTED_EDGE('',*,*,#1536,.F.);
#2234=ORIENTED_EDGE('',*,*,#1588,.F.);
#2235=ORIENTED_EDGE('',*,*,#1588,.T.);
#2236=ORIENTED_EDGE('',*,*,#1539,.T.);
#2237=ORIENTED_EDGE('',*,*,#1542,.T.);
#2238=ORIENTED_EDGE('',*,*,#1589,.T.);
#2239=ORIENTED_EDGE('',*,*,#1590,.T.);
#2240=ORIENTED_EDGE('',*,*,#1591,.T.);
#2241=ORIENTED_EDGE('',*,*,#1592,.T.);
#2242=ORIENTED_EDGE('',*,*,#1593,.T.);
#2243=ORIENTED_EDGE('',*,*,#1594,.T.);
#2244=ORIENTED_EDGE('',*,*,#1589,.F.);
#2245=ORIENTED_EDGE('',*,*,#1541,.T.);
#2246=ORIENTED_EDGE('',*,*,#1585,.F.);
#2247=ORIENTED_EDGE('',*,*,#1505,.T.);
#2248=ORIENTED_EDGE('',*,*,#1524,.F.);
#2249=ORIENTED_EDGE('',*,*,#1522,.T.);
#2250=ORIENTED_EDGE('',*,*,#1525,.F.);
#2251=ORIENTED_EDGE('',*,*,#1520,.F.);
#2252=ORIENTED_EDGE('',*,*,#1519,.T.);
#2253=ORIENTED_EDGE('',*,*,#1543,.T.);
#2254=ORIENTED_EDGE('',*,*,#1272,.T.);
#2255=ORIENTED_EDGE('',*,*,#1366,.T.);
#2256=ORIENTED_EDGE('',*,*,#1360,.T.);
#2257=ORIENTED_EDGE('',*,*,#1430,.T.);
#2258=ORIENTED_EDGE('',*,*,#1544,.T.);
#2259=ORIENTED_EDGE('',*,*,#1443,.F.);
#2260=ORIENTED_EDGE('',*,*,#1428,.T.);
#2261=ORIENTED_EDGE('',*,*,#1459,.F.);
#2262=ORIENTED_EDGE('',*,*,#1545,.T.);
#2263=ORIENTED_EDGE('',*,*,#1344,.T.);
#2264=ORIENTED_EDGE('',*,*,#1383,.F.);
#2265=ORIENTED_EDGE('',*,*,#1574,.T.);
#2266=ORIENTED_EDGE('',*,*,#1570,.F.);
#2267=ORIENTED_EDGE('',*,*,#1351,.T.);
#2268=ORIENTED_EDGE('',*,*,#1401,.F.);
#2269=ORIENTED_EDGE('',*,*,#1548,.F.);
#2270=ORIENTED_EDGE('',*,*,#1572,.F.);
#2271=ORIENTED_EDGE('',*,*,#1576,.T.);
#2272=ORIENTED_EDGE('',*,*,#1552,.T.);
#2273=ORIENTED_EDGE('',*,*,#1580,.F.);
#2274=ORIENTED_EDGE('',*,*,#1579,.F.);
#2275=ORIENTED_EDGE('',*,*,#1595,.F.);
#2276=ORIENTED_EDGE('',*,*,#1565,.T.);
#2277=ORIENTED_EDGE('',*,*,#1596,.F.);
#2278=ORIENTED_EDGE('',*,*,#1554,.F.);
#2279=ORIENTED_EDGE('',*,*,#1398,.F.);
#2280=ORIENTED_EDGE('',*,*,#1568,.F.);
#2281=ORIENTED_EDGE('',*,*,#1393,.F.);
#2282=ORIENTED_EDGE('',*,*,#1281,.F.);
#2283=ORIENTED_EDGE('',*,*,#1597,.T.);
#2284=ORIENTED_EDGE('',*,*,#1277,.T.);
#2285=ORIENTED_EDGE('',*,*,#1555,.F.);
#2286=ORIENTED_EDGE('',*,*,#1596,.T.);
#2287=ORIENTED_EDGE('',*,*,#1598,.F.);
#2288=ORIENTED_EDGE('',*,*,#1557,.F.);
#2289=ORIENTED_EDGE('',*,*,#1598,.T.);
#2290=ORIENTED_EDGE('',*,*,#1564,.T.);
#2291=ORIENTED_EDGE('',*,*,#1560,.F.);
#2292=ORIENTED_EDGE('',*,*,#1559,.F.);
#2293=ORIENTED_EDGE('',*,*,#1567,.F.);
#2294=ORIENTED_EDGE('',*,*,#1450,.F.);
#2295=ORIENTED_EDGE('',*,*,#1599,.T.);
#2296=ORIENTED_EDGE('',*,*,#1448,.F.);
#2297=ORIENTED_EDGE('',*,*,#1600,.T.);
#2298=ORIENTED_EDGE('',*,*,#1452,.T.);
#2299=ORIENTED_EDGE('',*,*,#1566,.T.);
#2300=ORIENTED_EDGE('',*,*,#1595,.T.);
#2301=ORIENTED_EDGE('',*,*,#1276,.F.);
#2302=ORIENTED_EDGE('',*,*,#1482,.T.);
#2303=ORIENTED_EDGE('',*,*,#1601,.T.);
#2304=ORIENTED_EDGE('',*,*,#1480,.T.);
#2305=ORIENTED_EDGE('',*,*,#1575,.F.);
#2306=ORIENTED_EDGE('',*,*,#1425,.F.);
#2307=ORIENTED_EDGE('',*,*,#1453,.F.);
#2308=ORIENTED_EDGE('',*,*,#1600,.F.);
#2309=ORIENTED_EDGE('',*,*,#1275,.F.);
#2310=ORIENTED_EDGE('',*,*,#1461,.F.);
#2311=ORIENTED_EDGE('',*,*,#1602,.T.);
#2312=ORIENTED_EDGE('',*,*,#1426,.F.);
#2313=ORIENTED_EDGE('',*,*,#1602,.F.);
#2314=ORIENTED_EDGE('',*,*,#1460,.F.);
#2315=ORIENTED_EDGE('',*,*,#1481,.T.);
#2316=ORIENTED_EDGE('',*,*,#1601,.F.);
#2317=ORIENTED_EDGE('',*,*,#1587,.F.);
#2318=ORIENTED_EDGE('',*,*,#1593,.F.);
#2319=ORIENTED_EDGE('',*,*,#1603,.T.);
#2320=ORIENTED_EDGE('',*,*,#1581,.F.);
#2321=ORIENTED_EDGE('',*,*,#1261,.T.);
#2322=ORIENTED_EDGE('',*,*,#1604,.T.);
#2323=ORIENTED_EDGE('',*,*,#1605,.T.);
#2324=ORIENTED_EDGE('',*,*,#1582,.F.);
#2325=ORIENTED_EDGE('',*,*,#1603,.F.);
#2326=ORIENTED_EDGE('',*,*,#1592,.F.);
#2327=ORIENTED_EDGE('',*,*,#1606,.T.);
#2328=ORIENTED_EDGE('',*,*,#1583,.F.);
#2329=ORIENTED_EDGE('',*,*,#1605,.F.);
#2330=ORIENTED_EDGE('',*,*,#1591,.F.);
#2331=ORIENTED_EDGE('',*,*,#1255,.T.);
#2332=ORIENTED_EDGE('',*,*,#1263,.T.);
#2333=ORIENTED_EDGE('',*,*,#1607,.T.);
#2334=ORIENTED_EDGE('',*,*,#1594,.F.);
#2335=ORIENTED_EDGE('',*,*,#1584,.F.);
#2336=ORIENTED_EDGE('',*,*,#1606,.F.);
#2337=ORIENTED_EDGE('',*,*,#1590,.F.);
#2338=ORIENTED_EDGE('',*,*,#1280,.T.);
#2339=ORIENTED_EDGE('',*,*,#1608,.T.);
#2340=ORIENTED_EDGE('',*,*,#1278,.T.);
#2341=ORIENTED_EDGE('',*,*,#1597,.F.);
#2342=ORIENTED_EDGE('',*,*,#1279,.T.);
#2343=ORIENTED_EDGE('',*,*,#1608,.F.);
#2344=ORIENTED_EDGE('',*,*,#1457,.T.);
#2345=ORIENTED_EDGE('',*,*,#1267,.T.);
#2346=ORIENTED_EDGE('',*,*,#1609,.F.);
#2347=ORIENTED_EDGE('',*,*,#1283,.F.);
#2348=ORIENTED_EDGE('',*,*,#1392,.F.);
#2349=ORIENTED_EDGE('',*,*,#1610,.T.);
#2350=ORIENTED_EDGE('',*,*,#1611,.F.);
#2351=ORIENTED_EDGE('',*,*,#1612,.F.);
#2352=ORIENTED_EDGE('',*,*,#1284,.F.);
#2353=ORIENTED_EDGE('',*,*,#1613,.F.);
#2354=ORIENTED_EDGE('',*,*,#1612,.T.);
#2355=ORIENTED_EDGE('',*,*,#1614,.F.);
#2356=ORIENTED_EDGE('',*,*,#1615,.F.);
#2357=ORIENTED_EDGE('',*,*,#1616,.F.);
#2358=ORIENTED_EDGE('',*,*,#1285,.F.);
#2359=ORIENTED_EDGE('',*,*,#1599,.F.);
#2360=ORIENTED_EDGE('',*,*,#1449,.F.);
#2361=ORIENTED_EDGE('',*,*,#1604,.F.);
#2362=ORIENTED_EDGE('',*,*,#1617,.T.);
#2363=ORIENTED_EDGE('',*,*,#1607,.F.);
#2364=ORIENTED_EDGE('',*,*,#1617,.F.);
#2365=ORIENTED_EDGE('',*,*,#1618,.T.);
#2366=ORIENTED_EDGE('',*,*,#1613,.T.);
#2367=ORIENTED_EDGE('',*,*,#1609,.T.);
#2368=ORIENTED_EDGE('',*,*,#1266,.T.);
#2369=ORIENTED_EDGE('',*,*,#1616,.T.);
#2370=ORIENTED_EDGE('',*,*,#1619,.T.);
#2371=ORIENTED_EDGE('',*,*,#1620,.T.);
#2372=ORIENTED_EDGE('',*,*,#1621,.T.);
#2373=ORIENTED_EDGE('',*,*,#1622,.T.);
#2374=ORIENTED_EDGE('',*,*,#1623,.T.);
#2375=ORIENTED_EDGE('',*,*,#1624,.T.);
#2376=ORIENTED_EDGE('',*,*,#1625,.F.);
#2377=ORIENTED_EDGE('',*,*,#1610,.F.);
#2378=ORIENTED_EDGE('',*,*,#1618,.F.);
#2379=ORIENTED_EDGE('',*,*,#1626,.T.);
#2380=ORIENTED_EDGE('',*,*,#1627,.T.);
#2381=ORIENTED_EDGE('',*,*,#1628,.T.);
#2382=ORIENTED_EDGE('',*,*,#1629,.T.);
#2383=ORIENTED_EDGE('',*,*,#1630,.T.);
#2384=ORIENTED_EDGE('',*,*,#1614,.T.);
#2385=ORIENTED_EDGE('',*,*,#1611,.T.);
#2386=ORIENTED_EDGE('',*,*,#1625,.T.);
#2387=ORIENTED_EDGE('',*,*,#1631,.T.);
#2388=ORIENTED_EDGE('',*,*,#1619,.F.);
#2389=ORIENTED_EDGE('',*,*,#1615,.T.);
#2390=ORIENTED_EDGE('',*,*,#1630,.F.);
#2391=ORIENTED_EDGE('',*,*,#1631,.F.);
#2392=ORIENTED_EDGE('',*,*,#1629,.F.);
#2393=ORIENTED_EDGE('',*,*,#1632,.F.);
#2394=ORIENTED_EDGE('',*,*,#1620,.F.);
#2395=ORIENTED_EDGE('',*,*,#1632,.T.);
#2396=ORIENTED_EDGE('',*,*,#1628,.F.);
#2397=ORIENTED_EDGE('',*,*,#1633,.F.);
#2398=ORIENTED_EDGE('',*,*,#1621,.F.);
#2399=ORIENTED_EDGE('',*,*,#1258,.T.);
#2400=ORIENTED_EDGE('',*,*,#1260,.T.);
#2401=ORIENTED_EDGE('',*,*,#1634,.T.);
#2402=ORIENTED_EDGE('',*,*,#1633,.T.);
#2403=ORIENTED_EDGE('',*,*,#1627,.F.);
#2404=ORIENTED_EDGE('',*,*,#1635,.F.);
#2405=ORIENTED_EDGE('',*,*,#1622,.F.);
#2406=ORIENTED_EDGE('',*,*,#1624,.F.);
#2407=ORIENTED_EDGE('',*,*,#1623,.F.);
#2408=ORIENTED_EDGE('',*,*,#1635,.T.);
#2409=ORIENTED_EDGE('',*,*,#1626,.F.);
#2410=ORIENTED_EDGE('',*,*,#1256,.T.);
#2411=ORIENTED_EDGE('',*,*,#1636,.T.);
#2412=ORIENTED_EDGE('',*,*,#1636,.F.);
#2413=ORIENTED_EDGE('',*,*,#1637,.T.);
#2414=ORIENTED_EDGE('',*,*,#1634,.F.);
#2415=ORIENTED_EDGE('',*,*,#1637,.F.);
#2416=ORIENTED_EDGE('',*,*,#1638,.T.);
#2417=ORIENTED_EDGE('',*,*,#1639,.T.);
#2418=ORIENTED_EDGE('',*,*,#1640,.T.);
#2419=ORIENTED_EDGE('',*,*,#1639,.F.);
#2420=ORIENTED_EDGE('',*,*,#1638,.F.);
#2421=ORIENTED_EDGE('',*,*,#1640,.F.);
#2422=ORIENTED_EDGE('',*,*,#1641,.T.);
#2423=ORIENTED_EDGE('',*,*,#1642,.T.);
#2424=ORIENTED_EDGE('',*,*,#1643,.T.);
#2425=ORIENTED_EDGE('',*,*,#1642,.F.);
#2426=ORIENTED_EDGE('',*,*,#1641,.F.);
#2427=ORIENTED_EDGE('',*,*,#1643,.F.);
#2428=PLANE('',#2671);
#2429=PLANE('',#2673);
#2430=PLANE('',#2685);
#2431=PLANE('',#2688);
#2432=PLANE('',#2691);
#2433=PLANE('',#2692);
#2434=PLANE('',#2729);
#2435=PLANE('',#2730);
#2436=PLANE('',#2733);
#2437=PLANE('',#2736);
#2438=PLANE('',#2740);
#2439=PLANE('',#2741);
#2440=PLANE('',#2744);
#2441=PLANE('',#2747);
#2442=PLANE('',#2748);
#2443=PLANE('',#2755);
#2444=PLANE('',#2756);
#2445=PLANE('',#2757);
#2446=PLANE('',#2759);
#2447=PLANE('',#2760);
#2448=PLANE('',#2761);
#2449=PLANE('',#2763);
#2450=PLANE('',#2768);
#2451=PLANE('',#2771);
#2452=PLANE('',#2777);
#2453=PLANE('',#2778);
#2454=PLANE('',#2785);
#2455=PLANE('',#2787);
#2456=PLANE('',#2788);
#2457=PLANE('',#2789);
#2458=PLANE('',#2791);
#2459=PLANE('',#2792);
#2460=PLANE('',#2793);
#2461=PLANE('',#2796);
#2462=PLANE('',#2802);
#2463=PLANE('',#2804);
#2464=PLANE('',#2805);
#2465=PLANE('',#2806);
#2466=PLANE('',#2807);
#2467=PLANE('',#2808);
#2468=PLANE('',#2809);
#2469=PLANE('',#2810);
#2470=PLANE('',#2813);
#2471=PLANE('',#2815);
#2472=PLANE('',#2816);
#2473=PLANE('',#2819);
#2474=PLANE('',#2821);
#2475=PLANE('',#2824);
#2476=PLANE('',#2826);
#2477=PLANE('',#2833);
#2478=PLANE('',#2838);
#2479=PLANE('',#2841);
#2480=PLANE('',#2843);
#2481=PLANE('',#2845);
#2482=PLANE('',#2847);
#2483=PLANE('',#2848);
#2484=PLANE('',#2849);
#2485=PLANE('',#2850);
#2486=PLANE('',#2851);
#2487=PLANE('',#2852);
#2488=PLANE('',#2853);
#2489=PLANE('',#2854);
#2490=PLANE('',#2855);
#2491=PLANE('',#2856);
#2492=PLANE('',#2857);
#2493=PLANE('',#2858);
#2494=PLANE('',#2859);
#2495=PLANE('',#2864);
#2496=PLANE('',#2866);
#2497=PLANE('',#2867);
#2498=PLANE('',#2869);
#2499=PLANE('',#2870);
#2500=PLANE('',#2874);
#2501=PLANE('',#2875);
#2502=PLANE('',#2876);
#2503=PLANE('',#2878);
#2504=PLANE('',#2879);
#2505=PLANE('',#2881);
#2506=PLANE('',#2882);
#2507=PLANE('',#2884);
#2508=PLANE('',#2885);
#2509=PLANE('',#2886);
#2510=PLANE('',#2887);
#2511=PLANE('',#2888);
#2512=PLANE('',#2890);
#2513=PLANE('',#2891);
#2514=PLANE('',#2892);
#2515=PLANE('',#2893);
#2516=PLANE('',#2894);
#2517=PLANE('',#2895);
#2518=PLANE('',#2897);
#2519=PLANE('',#2898);
#2520=PLANE('',#2904);
#2521=PLANE('',#2905);
#2522=PLANE('',#2909);
#2523=PLANE('',#2910);
#2524=ADVANCED_FACE('',(#626),#2428,.F.);
#2525=ADVANCED_FACE('',(#627),#2429,.F.);
#2526=ADVANCED_FACE('',(#628),#592,.F.);
#2527=ADVANCED_FACE('',(#629),#593,.F.);
#2528=ADVANCED_FACE('',(#630),#594,.F.);
#2529=ADVANCED_FACE('',(#631),#595,.F.);
#2530=ADVANCED_FACE('',(#632),#2430,.F.);
#2531=ADVANCED_FACE('',(#633,#43),#2431,.F.);
#2532=ADVANCED_FACE('',(#634),#2432,.T.);
#2533=ADVANCED_FACE('',(#635),#2433,.F.);
#2534=ADVANCED_FACE('',(#636),#596,.F.);
#2535=ADVANCED_FACE('',(#637,#44),#597,.F.);
#2536=ADVANCED_FACE('',(#638),#598,.F.);
#2537=ADVANCED_FACE('',(#639),#599,.F.);
#2538=ADVANCED_FACE('',(#640),#600,.F.);
#2539=ADVANCED_FACE('',(#641),#601,.F.);
#2540=ADVANCED_FACE('',(#642),#602,.F.);
#2541=ADVANCED_FACE('',(#643),#2434,.F.);
#2542=ADVANCED_FACE('',(#644),#2435,.F.);
#2543=ADVANCED_FACE('',(#645),#2436,.F.);
#2544=ADVANCED_FACE('',(#646),#2437,.F.);
#2545=ADVANCED_FACE('',(#647),#603,.F.);
#2546=ADVANCED_FACE('',(#648),#2438,.F.);
#2547=ADVANCED_FACE('',(#649),#2439,.F.);
#2548=ADVANCED_FACE('',(#650),#2440,.F.);
#2549=ADVANCED_FACE('',(#651),#2441,.T.);
#2550=ADVANCED_FACE('',(#652),#2442,.F.);
#2551=ADVANCED_FACE('',(#653),#604,.T.);
#2552=ADVANCED_FACE('',(#654),#2443,.F.);
#2553=ADVANCED_FACE('',(#655),#2444,.T.);
#2554=ADVANCED_FACE('',(#656),#2445,.T.);
#2555=ADVANCED_FACE('',(#657),#2446,.F.);
#2556=ADVANCED_FACE('',(#658),#2447,.F.);
#2557=ADVANCED_FACE('',(#659),#2448,.T.);
#2558=ADVANCED_FACE('',(#660),#2449,.F.);
#2559=ADVANCED_FACE('',(#661),#605,.T.);
#2560=ADVANCED_FACE('',(#662),#606,.T.);
#2561=ADVANCED_FACE('',(#663),#607,.T.);
#2562=ADVANCED_FACE('',(#664),#2450,.T.);
#2563=ADVANCED_FACE('',(#665),#608,.F.);
#2564=ADVANCED_FACE('',(#666),#2451,.F.);
#2565=ADVANCED_FACE('',(#667),#609,.T.);
#2566=ADVANCED_FACE('',(#668),#610,.T.);
#2567=ADVANCED_FACE('',(#669),#611,.T.);
#2568=ADVANCED_FACE('',(#670),#2452,.T.);
#2569=ADVANCED_FACE('',(#671),#2453,.T.);
#2570=ADVANCED_FACE('',(#672),#612,.F.);
#2571=ADVANCED_FACE('',(#673),#613,.T.);
#2572=ADVANCED_FACE('',(#674),#614,.T.);
#2573=ADVANCED_FACE('',(#675),#2454,.F.);
#2574=ADVANCED_FACE('',(#676),#615,.T.);
#2575=ADVANCED_FACE('',(#677),#2455,.F.);
#2576=ADVANCED_FACE('',(#678),#2456,.T.);
#2577=ADVANCED_FACE('',(#679,#45),#2457,.T.);
#2578=ADVANCED_FACE('',(#680,#46,#47),#2458,.F.);
#2579=ADVANCED_FACE('',(#681),#2459,.F.);
#2580=ADVANCED_FACE('',(#682),#2460,.T.);
#2581=ADVANCED_FACE('',(#683),#616,.F.);
#2582=ADVANCED_FACE('',(#684),#2461,.F.);
#2583=ADVANCED_FACE('',(#685),#617,.T.);
#2584=ADVANCED_FACE('',(#686),#2462,.F.);
#2585=ADVANCED_FACE('',(#687),#2463,.F.);
#2586=ADVANCED_FACE('',(#688),#2464,.F.);
#2587=ADVANCED_FACE('',(#689),#2465,.F.);
#2588=ADVANCED_FACE('',(#690),#2466,.F.);
#2589=ADVANCED_FACE('',(#691),#2467,.F.);
#2590=ADVANCED_FACE('',(#692),#2468,.F.);
#2591=ADVANCED_FACE('',(#693),#2469,.T.);
#2592=ADVANCED_FACE('',(#694),#2470,.T.);
#2593=ADVANCED_FACE('',(#695),#2471,.F.);
#2594=ADVANCED_FACE('',(#696),#2472,.T.);
#2595=ADVANCED_FACE('',(#697),#2473,.T.);
#2596=ADVANCED_FACE('',(#698),#2474,.T.);
#2597=ADVANCED_FACE('',(#699),#2475,.T.);
#2598=ADVANCED_FACE('',(#700),#2476,.T.);
#2599=ADVANCED_FACE('',(#701),#618,.T.);
#2600=ADVANCED_FACE('',(#702),#2477,.T.);
#2601=ADVANCED_FACE('',(#703),#619,.T.);
#2602=ADVANCED_FACE('',(#704),#2478,.T.);
#2603=ADVANCED_FACE('',(#705),#2479,.T.);
#2604=ADVANCED_FACE('',(#706),#2480,.T.);
#2605=ADVANCED_FACE('',(#707),#2481,.T.);
#2606=ADVANCED_FACE('',(#708,#48,#49),#2482,.T.);
#2607=ADVANCED_FACE('',(#709),#2483,.F.);
#2608=ADVANCED_FACE('',(#710),#2484,.F.);
#2609=ADVANCED_FACE('',(#711),#2485,.F.);
#2610=ADVANCED_FACE('',(#712),#2486,.T.);
#2611=ADVANCED_FACE('',(#713),#2487,.F.);
#2612=ADVANCED_FACE('',(#714),#2488,.F.);
#2613=ADVANCED_FACE('',(#715,#50,#51),#2489,.T.);
#2614=ADVANCED_FACE('',(#716),#2490,.F.);
#2615=ADVANCED_FACE('',(#717),#2491,.T.);
#2616=ADVANCED_FACE('',(#718),#2492,.F.);
#2617=ADVANCED_FACE('',(#719),#2493,.T.);
#2618=ADVANCED_FACE('',(#720),#2494,.T.);
#2619=ADVANCED_FACE('',(#721),#620,.T.);
#2620=ADVANCED_FACE('',(#722),#2495,.T.);
#2621=ADVANCED_FACE('',(#723),#2496,.T.);
#2622=ADVANCED_FACE('',(#724),#2497,.F.);
#2623=ADVANCED_FACE('',(#725),#2498,.F.);
#2624=ADVANCED_FACE('',(#726),#2499,.F.);
#2625=ADVANCED_FACE('',(#727),#621,.F.);
#2626=ADVANCED_FACE('',(#728),#2500,.F.);
#2627=ADVANCED_FACE('',(#729),#2501,.F.);
#2628=ADVANCED_FACE('',(#730,#52,#53),#2502,.F.);
#2629=ADVANCED_FACE('',(#731),#2503,.F.);
#2630=ADVANCED_FACE('',(#732,#54,#55,#56),#2504,.F.);
#2631=ADVANCED_FACE('',(#733),#2505,.F.);
#2632=ADVANCED_FACE('',(#734),#2506,.F.);
#2633=ADVANCED_FACE('',(#735),#2507,.F.);
#2634=ADVANCED_FACE('',(#736),#2508,.F.);
#2635=ADVANCED_FACE('',(#737),#2509,.F.);
#2636=ADVANCED_FACE('',(#738),#2510,.F.);
#2637=ADVANCED_FACE('',(#739),#2511,.F.);
#2638=ADVANCED_FACE('',(#740),#622,.F.);
#2639=ADVANCED_FACE('',(#741),#2512,.T.);
#2640=ADVANCED_FACE('',(#742),#2513,.F.);
#2641=ADVANCED_FACE('',(#743),#2514,.F.);
#2642=ADVANCED_FACE('',(#744),#2515,.F.);
#2643=ADVANCED_FACE('',(#745),#2516,.F.);
#2644=ADVANCED_FACE('',(#746,#57,#58,#59),#2517,.F.);
#2645=ADVANCED_FACE('',(#747),#2518,.F.);
#2646=ADVANCED_FACE('',(#748,#60,#61),#2519,.F.);
#2647=ADVANCED_FACE('',(#749),#623,.F.);
#2648=ADVANCED_FACE('',(#750),#624,.F.);
#2649=ADVANCED_FACE('',(#751),#2520,.F.);
#2650=ADVANCED_FACE('',(#752),#2521,.T.);
#2651=ADVANCED_FACE('',(#753),#625,.F.);
#2652=ADVANCED_FACE('',(#754),#2522,.F.);
#2653=ADVANCED_FACE('',(#755),#2523,.T.);
#2654=CLOSED_SHELL('',(#2524,#2525,#2526,#2527,#2528,#2529,#2530,#2531,
#2532,#2533,#2534,#2535,#2536,#2537,#2538,#2539,#2540,#2541,#2542,#2543,
#2544,#2545,#2546,#2547,#2548,#2549,#2550,#2551,#2552,#2553,#2554,#2555,
#2556,#2557,#2558,#2559,#2560,#2561,#2562,#2563,#2564,#2565,#2566,#2567,
#2568,#2569,#2570,#2571,#2572,#2573,#2574,#2575,#2576,#2577,#2578,#2579,
#2580,#2581,#2582,#2583,#2584,#2585,#2586,#2587,#2588,#2589,#2590,#2591,
#2592,#2593,#2594,#2595,#2596,#2597,#2598,#2599,#2600,#2601,#2602,#2603,
#2604,#2605,#2606,#2607,#2608,#2609,#2610,#2611,#2612,#2613,#2614,#2615,
#2616,#2617,#2618,#2619,#2620,#2621,#2622,#2623,#2624,#2625,#2626,#2627,
#2628,#2629,#2630,#2631,#2632,#2633,#2634,#2635,#2636,#2637,#2638,#2639,
#2640,#2641,#2642,#2643,#2644,#2645,#2646,#2647));
#2655=CLOSED_SHELL('',(#2648,#2649,#2650));
#2656=CLOSED_SHELL('',(#2651,#2652,#2653));
#2657=BREP_WITH_VOIDS('PRINT_V015_P401C_ForearmSideFrame_NegY',#2654,(#14,
#15));
#2658=DERIVED_UNIT_ELEMENT(#2660,1.);
#2659=DERIVED_UNIT_ELEMENT(#4807,-3.);
#2660=(
MASS_UNIT()
NAMED_UNIT(*)
SI_UNIT(.KILO.,.GRAM.)
);
#2661=DERIVED_UNIT((#2658,#2659));
#2662=MEASURE_REPRESENTATION_ITEM('density measure',
POSITIVE_RATIO_MEASURE(7850.),#2661);
#2663=PROPERTY_DEFINITION_REPRESENTATION(#2668,#2665);
#2664=PROPERTY_DEFINITION_REPRESENTATION(#2669,#2666);
#2665=REPRESENTATION('material name',(#2667),#4804);
#2666=REPRESENTATION('density',(#2662),#4804);
#2667=DESCRIPTIVE_REPRESENTATION_ITEM('Steel','Steel');
#2668=PROPERTY_DEFINITION('material property','material name',#4814);
#2669=PROPERTY_DEFINITION('material property','density of part',#4814);
#2670=AXIS2_PLACEMENT_3D('',#3648,#2911,#2912);
#2671=AXIS2_PLACEMENT_3D('',#3649,#2913,#2914);
#2672=AXIS2_PLACEMENT_3D('',#3651,#2915,#2916);
#2673=AXIS2_PLACEMENT_3D('',#3652,#2917,#2918);
#2674=AXIS2_PLACEMENT_3D('',#3654,#2919,#2920);
#2675=AXIS2_PLACEMENT_3D('',#3655,#2921,#2922);
#2676=AXIS2_PLACEMENT_3D('',#3658,#2924,#2925);
#2677=AXIS2_PLACEMENT_3D('',#3659,#2926,#2927);
#2678=AXIS2_PLACEMENT_3D('',#3661,#2928,#2929);
#2679=AXIS2_PLACEMENT_3D('',#3664,#2931,#2932);
#2680=AXIS2_PLACEMENT_3D('',#3665,#2933,#2934);
#2681=AXIS2_PLACEMENT_3D('',#3668,#2936,#2937);
#2682=AXIS2_PLACEMENT_3D('',#3669,#2938,#2939);
#2683=AXIS2_PLACEMENT_3D('',#3671,#2940,#2941);
#2684=AXIS2_PLACEMENT_3D('',#3674,#2943,#2944);
#2685=AXIS2_PLACEMENT_3D('',#3675,#2945,#2946);
#2686=AXIS2_PLACEMENT_3D('',#3688,#2952,#2953);
#2687=AXIS2_PLACEMENT_3D('',#3689,#2954,#2955);
#2688=AXIS2_PLACEMENT_3D('',#3690,#2956,#2957);
#2689=AXIS2_PLACEMENT_3D('',#3700,#2962,#2963);
#2690=AXIS2_PLACEMENT_3D('',#3721,#2974,#2975);
#2691=AXIS2_PLACEMENT_3D('',#3722,#2976,#2977);
#2692=AXIS2_PLACEMENT_3D('',#3737,#2985,#2986);
#2693=AXIS2_PLACEMENT_3D('',#3767,#3002,#3003);
#2694=AXIS2_PLACEMENT_3D('',#3769,#3004,#3005);
#2695=AXIS2_PLACEMENT_3D('',#3819,#3008,#3009);
#2696=AXIS2_PLACEMENT_3D('',#3834,#3011,#3012);
#2697=AXIS2_PLACEMENT_3D('',#3838,#3014,#3015);
#2698=AXIS2_PLACEMENT_3D('',#3840,#3016,#3017);
#2699=AXIS2_PLACEMENT_3D('',#3842,#3018,#3019);
#2700=AXIS2_PLACEMENT_3D('',#3844,#3020,#3021);
#2701=AXIS2_PLACEMENT_3D('',#3845,#3022,#3023);
#2702=AXIS2_PLACEMENT_3D('',#3889,#3024,#3025);
#2703=AXIS2_PLACEMENT_3D('',#3891,#3026,#3027);
#2704=AXIS2_PLACEMENT_3D('',#3895,#3029,#3030);
#2705=AXIS2_PLACEMENT_3D('',#3899,#3032,#3033);
#2706=AXIS2_PLACEMENT_3D('',#3914,#3035,#3036);
#2707=AXIS2_PLACEMENT_3D('',#3916,#3037,#3038);
#2708=AXIS2_PLACEMENT_3D('',#3918,#3039,#3040);
#2709=AXIS2_PLACEMENT_3D('',#3920,#3041,#3042);
#2710=AXIS2_PLACEMENT_3D('',#3921,#3043,#3044);
#2711=AXIS2_PLACEMENT_3D('',#4007,#3045,#3046);
#2712=AXIS2_PLACEMENT_3D('',#4010,#3047,#3048);
#2713=AXIS2_PLACEMENT_3D('',#4014,#3050,#3051);
#2714=AXIS2_PLACEMENT_3D('',#4017,#3053,#3054);
#2715=AXIS2_PLACEMENT_3D('',#4020,#3056,#3057);
#2716=AXIS2_PLACEMENT_3D('',#4021,#3058,#3059);
#2717=AXIS2_PLACEMENT_3D('',#4024,#3060,#3061);
#2718=AXIS2_PLACEMENT_3D('',#4028,#3063,#3064);
#2719=AXIS2_PLACEMENT_3D('',#4031,#3066,#3067);
#2720=AXIS2_PLACEMENT_3D('',#4034,#3069,#3070);
#2721=AXIS2_PLACEMENT_3D('',#4035,#3071,#3072);
#2722=AXIS2_PLACEMENT_3D('',#4040,#3074,#3075);
#2723=AXIS2_PLACEMENT_3D('',#4051,#3078,#3079);
#2724=AXIS2_PLACEMENT_3D('',#4074,#3080,#3081);
#2725=AXIS2_PLACEMENT_3D('',#4104,#3085,#3086);
#2726=AXIS2_PLACEMENT_3D('',#4111,#3087,#3088);
#2727=AXIS2_PLACEMENT_3D('',#4116,#3090,#3091);
#2728=AXIS2_PLACEMENT_3D('',#4119,#3093,#3094);
#2729=AXIS2_PLACEMENT_3D('',#4120,#3095,#3096);
#2730=AXIS2_PLACEMENT_3D('',#4122,#3098,#3099);
#2731=AXIS2_PLACEMENT_3D('',#4126,#3101,#3102);
#2732=AXIS2_PLACEMENT_3D('',#4128,#3103,#3104);
#2733=AXIS2_PLACEMENT_3D('',#4134,#3108,#3109);
#2734=AXIS2_PLACEMENT_3D('',#4139,#3112,#3113);
#2735=AXIS2_PLACEMENT_3D('',#4141,#3114,#3115);
#2736=AXIS2_PLACEMENT_3D('',#4143,#3117,#3118);
#2737=AXIS2_PLACEMENT_3D('',#4147,#3121,#3122);
#2738=AXIS2_PLACEMENT_3D('',#4152,#3124,#3125);
#2739=AXIS2_PLACEMENT_3D('',#4155,#3127,#3128);
#2740=AXIS2_PLACEMENT_3D('',#4156,#3129,#3130);
#2741=AXIS2_PLACEMENT_3D('',#4158,#3132,#3133);
#2742=AXIS2_PLACEMENT_3D('',#4163,#3136,#3137);
#2743=AXIS2_PLACEMENT_3D('',#4165,#3138,#3139);
#2744=AXIS2_PLACEMENT_3D('',#4167,#3141,#3142);
#2745=AXIS2_PLACEMENT_3D('',#4171,#3144,#3145);
#2746=AXIS2_PLACEMENT_3D('',#4173,#3146,#3147);
#2747=AXIS2_PLACEMENT_3D('',#4179,#3151,#3152);
#2748=AXIS2_PLACEMENT_3D('',#4183,#3155,#3156);
#2749=AXIS2_PLACEMENT_3D('',#4187,#3158,#3159);
#2750=AXIS2_PLACEMENT_3D('',#4195,#3164,#3165);
#2751=AXIS2_PLACEMENT_3D('',#4199,#3167,#3168);
#2752=AXIS2_PLACEMENT_3D('',#4203,#3170,#3171);
#2753=AXIS2_PLACEMENT_3D('',#4205,#3172,#3173);
#2754=AXIS2_PLACEMENT_3D('',#4206,#3174,#3175);
#2755=AXIS2_PLACEMENT_3D('',#4207,#3176,#3177);
#2756=AXIS2_PLACEMENT_3D('',#4212,#3181,#3182);
#2757=AXIS2_PLACEMENT_3D('',#4242,#3199,#3200);
#2758=AXIS2_PLACEMENT_3D('',#4249,#3204,#3205);
#2759=AXIS2_PLACEMENT_3D('',#4250,#3206,#3207);
#2760=AXIS2_PLACEMENT_3D('',#4261,#3214,#3215);
#2761=AXIS2_PLACEMENT_3D('',#4264,#3218,#3219);
#2762=AXIS2_PLACEMENT_3D('',#4277,#3226,#3227);
#2763=AXIS2_PLACEMENT_3D('',#4284,#3232,#3233);
#2764=AXIS2_PLACEMENT_3D('',#4292,#3239,#3240);
#2765=AXIS2_PLACEMENT_3D('',#4320,#3241,#3242);
#2766=AXIS2_PLACEMENT_3D('',#4348,#3243,#3244);
#2767=AXIS2_PLACEMENT_3D('',#4351,#3246,#3247);
#2768=AXIS2_PLACEMENT_3D('',#4352,#3248,#3249);
#2769=AXIS2_PLACEMENT_3D('',#4354,#3251,#3252);
#2770=AXIS2_PLACEMENT_3D('',#4380,#3254,#3255);
#2771=AXIS2_PLACEMENT_3D('',#4389,#3256,#3257);
#2772=AXIS2_PLACEMENT_3D('',#4393,#3260,#3261);
#2773=AXIS2_PLACEMENT_3D('',#4405,#3268,#3269);
#2774=AXIS2_PLACEMENT_3D('',#4432,#3270,#3271);
#2775=AXIS2_PLACEMENT_3D('',#4459,#3272,#3273);
#2776=AXIS2_PLACEMENT_3D('',#4462,#3275,#3276);
#2777=AXIS2_PLACEMENT_3D('',#4463,#3277,#3278);
#2778=AXIS2_PLACEMENT_3D('',#4465,#3280,#3281);
#2779=AXIS2_PLACEMENT_3D('',#4466,#3282,#3283);
#2780=AXIS2_PLACEMENT_3D('',#4499,#3285,#3286);
#2781=AXIS2_PLACEMENT_3D('',#4500,#3287,#3288);
#2782=AXIS2_PLACEMENT_3D('',#4502,#3289,#3290);
#2783=AXIS2_PLACEMENT_3D('',#4504,#3291,#3292);
#2784=AXIS2_PLACEMENT_3D('',#4505,#3293,#3294);
#2785=AXIS2_PLACEMENT_3D('',#4506,#3295,#3296);
#2786=AXIS2_PLACEMENT_3D('',#4512,#3300,#3301);
#2787=AXIS2_PLACEMENT_3D('',#4513,#3302,#3303);
#2788=AXIS2_PLACEMENT_3D('',#4519,#3307,#3308);
#2789=AXIS2_PLACEMENT_3D('',#4525,#3312,#3313);
#2790=AXIS2_PLACEMENT_3D('',#4545,#3324,#3325);
#2791=AXIS2_PLACEMENT_3D('',#4549,#3328,#3329);
#2792=AXIS2_PLACEMENT_3D('',#4556,#3334,#3335);
#2793=AXIS2_PLACEMENT_3D('',#4558,#3337,#3338);
#2794=AXIS2_PLACEMENT_3D('',#4560,#3340,#3341);
#2795=AXIS2_PLACEMENT_3D('',#4561,#3342,#3343);
#2796=AXIS2_PLACEMENT_3D('',#4563,#3345,#3346);
#2797=AXIS2_PLACEMENT_3D('',#4565,#3347,#3348);
#2798=AXIS2_PLACEMENT_3D('',#4566,#3349,#3350);
#2799=AXIS2_PLACEMENT_3D('',#4567,#3351,#3352);
#2800=AXIS2_PLACEMENT_3D('',#4569,#3353,#3354);
#2801=AXIS2_PLACEMENT_3D('',#4571,#3356,#3357);
#2802=AXIS2_PLACEMENT_3D('',#4573,#3359,#3360);
#2803=AXIS2_PLACEMENT_3D('',#4574,#3361,#3362);
#2804=AXIS2_PLACEMENT_3D('',#4575,#3363,#3364);
#2805=AXIS2_PLACEMENT_3D('',#4576,#3365,#3366);
#2806=AXIS2_PLACEMENT_3D('',#4578,#3368,#3369);
#2807=AXIS2_PLACEMENT_3D('',#4586,#3374,#3375);
#2808=AXIS2_PLACEMENT_3D('',#4592,#3379,#3380);
#2809=AXIS2_PLACEMENT_3D('',#4596,#3384,#3385);
#2810=AXIS2_PLACEMENT_3D('',#4603,#3390,#3391);
#2811=AXIS2_PLACEMENT_3D('',#4605,#3392,#3393);
#2812=AXIS2_PLACEMENT_3D('',#4606,#3394,#3395);
#2813=AXIS2_PLACEMENT_3D('',#4607,#3396,#3397);
#2814=AXIS2_PLACEMENT_3D('',#4608,#3398,#3399);
#2815=AXIS2_PLACEMENT_3D('',#4609,#3400,#3401);
#2816=AXIS2_PLACEMENT_3D('',#4616,#3406,#3407);
#2817=AXIS2_PLACEMENT_3D('',#4618,#3408,#3409);
#2818=AXIS2_PLACEMENT_3D('',#4619,#3410,#3411);
#2819=AXIS2_PLACEMENT_3D('',#4620,#3412,#3413);
#2820=AXIS2_PLACEMENT_3D('',#4621,#3414,#3415);
#2821=AXIS2_PLACEMENT_3D('',#4622,#3416,#3417);
#2822=AXIS2_PLACEMENT_3D('',#4624,#3418,#3419);
#2823=AXIS2_PLACEMENT_3D('',#4625,#3420,#3421);
#2824=AXIS2_PLACEMENT_3D('',#4626,#3422,#3423);
#2825=AXIS2_PLACEMENT_3D('',#4627,#3424,#3425);
#2826=AXIS2_PLACEMENT_3D('',#4628,#3426,#3427);
#2827=AXIS2_PLACEMENT_3D('',#4630,#3428,#3429);
#2828=AXIS2_PLACEMENT_3D('',#4631,#3430,#3431);
#2829=AXIS2_PLACEMENT_3D('',#4632,#3432,#3433);
#2830=AXIS2_PLACEMENT_3D('',#4635,#3435,#3436);
#2831=AXIS2_PLACEMENT_3D('',#4636,#3437,#3438);
#2832=AXIS2_PLACEMENT_3D('',#4638,#3440,#3441);
#2833=AXIS2_PLACEMENT_3D('',#4639,#3442,#3443);
#2834=AXIS2_PLACEMENT_3D('',#4642,#3445,#3446);
#2835=AXIS2_PLACEMENT_3D('',#4644,#3448,#3449);
#2836=AXIS2_PLACEMENT_3D('',#4645,#3450,#3451);
#2837=AXIS2_PLACEMENT_3D('',#4647,#3453,#3454);
#2838=AXIS2_PLACEMENT_3D('',#4648,#3455,#3456);
#2839=AXIS2_PLACEMENT_3D('',#4650,#3457,#3458);
#2840=AXIS2_PLACEMENT_3D('',#4651,#3459,#3460);
#2841=AXIS2_PLACEMENT_3D('',#4652,#3461,#3462);
#2842=AXIS2_PLACEMENT_3D('',#4653,#3463,#3464);
#2843=AXIS2_PLACEMENT_3D('',#4654,#3465,#3466);
#2844=AXIS2_PLACEMENT_3D('',#4655,#3467,#3468);
#2845=AXIS2_PLACEMENT_3D('',#4656,#3469,#3470);
#2846=AXIS2_PLACEMENT_3D('',#4657,#3471,#3472);
#2847=AXIS2_PLACEMENT_3D('',#4658,#3473,#3474);
#2848=AXIS2_PLACEMENT_3D('',#4659,#3475,#3476);
#2849=AXIS2_PLACEMENT_3D('',#4660,#3477,#3478);
#2850=AXIS2_PLACEMENT_3D('',#4672,#3485,#3486);
#2851=AXIS2_PLACEMENT_3D('',#4676,#3489,#3490);
#2852=AXIS2_PLACEMENT_3D('',#4686,#3496,#3497);
#2853=AXIS2_PLACEMENT_3D('',#4688,#3499,#3500);
#2854=AXIS2_PLACEMENT_3D('',#4689,#3501,#3502);
#2855=AXIS2_PLACEMENT_3D('',#4690,#3503,#3504);
#2856=AXIS2_PLACEMENT_3D('',#4691,#3505,#3506);
#2857=AXIS2_PLACEMENT_3D('',#4692,#3507,#3508);
#2858=AXIS2_PLACEMENT_3D('',#4693,#3509,#3510);
#2859=AXIS2_PLACEMENT_3D('',#4694,#3511,#3512);
#2860=AXIS2_PLACEMENT_3D('',#4695,#3513,#3514);
#2861=AXIS2_PLACEMENT_3D('',#4696,#3515,#3516);
#2862=AXIS2_PLACEMENT_3D('',#4697,#3517,#3518);
#2863=AXIS2_PLACEMENT_3D('',#4698,#3519,#3520);
#2864=AXIS2_PLACEMENT_3D('',#4699,#3521,#3522);
#2865=AXIS2_PLACEMENT_3D('',#4700,#3523,#3524);
#2866=AXIS2_PLACEMENT_3D('',#4701,#3525,#3526);
#2867=AXIS2_PLACEMENT_3D('',#4702,#3527,#3528);
#2868=AXIS2_PLACEMENT_3D('',#4703,#3529,#3530);
#2869=AXIS2_PLACEMENT_3D('',#4704,#3531,#3532);
#2870=AXIS2_PLACEMENT_3D('',#4706,#3534,#3535);
#2871=AXIS2_PLACEMENT_3D('',#4707,#3536,#3537);
#2872=AXIS2_PLACEMENT_3D('',#4708,#3538,#3539);
#2873=AXIS2_PLACEMENT_3D('',#4709,#3540,#3541);
#2874=AXIS2_PLACEMENT_3D('',#4710,#3542,#3543);
#2875=AXIS2_PLACEMENT_3D('',#4711,#3544,#3545);
#2876=AXIS2_PLACEMENT_3D('',#4712,#3546,#3547);
#2877=AXIS2_PLACEMENT_3D('',#4715,#3549,#3550);
#2878=AXIS2_PLACEMENT_3D('',#4716,#3551,#3552);
#2879=AXIS2_PLACEMENT_3D('',#4718,#3554,#3555);
#2880=AXIS2_PLACEMENT_3D('',#4721,#3557,#3558);
#2881=AXIS2_PLACEMENT_3D('',#4722,#3559,#3560);
#2882=AXIS2_PLACEMENT_3D('',#4723,#3561,#3562);
#2883=AXIS2_PLACEMENT_3D('',#4724,#3563,#3564);
#2884=AXIS2_PLACEMENT_3D('',#4725,#3565,#3566);
#2885=AXIS2_PLACEMENT_3D('',#4726,#3567,#3568);
#2886=AXIS2_PLACEMENT_3D('',#4728,#3570,#3571);
#2887=AXIS2_PLACEMENT_3D('',#4736,#3576,#3577);
#2888=AXIS2_PLACEMENT_3D('',#4742,#3581,#3582);
#2889=AXIS2_PLACEMENT_3D('',#4743,#3583,#3584);
#2890=AXIS2_PLACEMENT_3D('',#4745,#3586,#3587);
#2891=AXIS2_PLACEMENT_3D('',#4757,#3594,#3595);
#2892=AXIS2_PLACEMENT_3D('',#4761,#3598,#3599);
#2893=AXIS2_PLACEMENT_3D('',#4771,#3605,#3606);
#2894=AXIS2_PLACEMENT_3D('',#4773,#3608,#3609);
#2895=AXIS2_PLACEMENT_3D('',#4775,#3611,#3612);
#2896=AXIS2_PLACEMENT_3D('',#4778,#3614,#3615);
#2897=AXIS2_PLACEMENT_3D('',#4779,#3616,#3617);
#2898=AXIS2_PLACEMENT_3D('',#4781,#3619,#3620);
#2899=AXIS2_PLACEMENT_3D('',#4783,#3621,#3622);
#2900=AXIS2_PLACEMENT_3D('',#4784,#3623,#3624);
#2901=AXIS2_PLACEMENT_3D('',#4786,#3626,#3627);
#2902=AXIS2_PLACEMENT_3D('',#4788,#3628,#3629);
#2903=AXIS2_PLACEMENT_3D('',#4791,#3631,#3632);
#2904=AXIS2_PLACEMENT_3D('',#4792,#3633,#3634);
#2905=AXIS2_PLACEMENT_3D('',#4793,#3635,#3636);
#2906=AXIS2_PLACEMENT_3D('',#4794,#3637,#3638);
#2907=AXIS2_PLACEMENT_3D('',#4796,#3639,#3640);
#2908=AXIS2_PLACEMENT_3D('',#4799,#3642,#3643);
#2909=AXIS2_PLACEMENT_3D('',#4800,#3644,#3645);
#2910=AXIS2_PLACEMENT_3D('',#4801,#3646,#3647);
#2911=DIRECTION('axis',(0.,0.,1.));
#2912=DIRECTION('refdir',(1.,0.,0.));
#2913=DIRECTION('center_axis',(0.,1.,0.));
#2914=DIRECTION('ref_axis',(1.,0.,0.));
#2915=DIRECTION('center_axis',(0.,1.,0.));
#2916=DIRECTION('ref_axis',(1.,0.,0.));
#2917=DIRECTION('center_axis',(0.,1.,0.));
#2918=DIRECTION('ref_axis',(1.,0.,0.));
#2919=DIRECTION('center_axis',(0.,1.,0.));
#2920=DIRECTION('ref_axis',(1.,0.,0.));
#2921=DIRECTION('center_axis',(0.,-1.,0.));
#2922=DIRECTION('ref_axis',(1.,0.,0.));
#2923=DIRECTION('',(0.,-1.,0.));
#2924=DIRECTION('center_axis',(0.,1.,0.));
#2925=DIRECTION('ref_axis',(1.,0.,0.));
#2926=DIRECTION('center_axis',(0.,-1.,0.));
#2927=DIRECTION('ref_axis',(1.,0.,0.));
#2928=DIRECTION('center_axis',(0.,-1.,0.));
#2929=DIRECTION('ref_axis',(1.,0.,0.));
#2930=DIRECTION('',(0.,-1.,0.));
#2931=DIRECTION('center_axis',(0.,1.,0.));
#2932=DIRECTION('ref_axis',(1.,0.,0.));
#2933=DIRECTION('center_axis',(0.,-1.,0.));
#2934=DIRECTION('ref_axis',(1.,0.,0.));
#2935=DIRECTION('',(0.,-1.,0.));
#2936=DIRECTION('center_axis',(0.,1.,0.));
#2937=DIRECTION('ref_axis',(1.,0.,0.));
#2938=DIRECTION('center_axis',(0.,-1.,0.));
#2939=DIRECTION('ref_axis',(1.,0.,0.));
#2940=DIRECTION('center_axis',(0.,-1.,0.));
#2941=DIRECTION('ref_axis',(1.,0.,0.));
#2942=DIRECTION('',(0.,-1.,0.));
#2943=DIRECTION('center_axis',(0.,1.,0.));
#2944=DIRECTION('ref_axis',(1.,0.,0.));
#2945=DIRECTION('center_axis',(0.104082764569976,0.994568639219773,0.));
#2946=DIRECTION('ref_axis',(0.,0.,1.));
#2947=DIRECTION('',(0.,0.,1.));
#2948=DIRECTION('',(-0.994568639219773,0.104082764569976,0.));
#2949=DIRECTION('',(-0.994568639219773,0.104082764569976,0.));
#2950=DIRECTION('',(0.,0.,-1.));
#2951=DIRECTION('',(-0.994568639219773,0.104082764569976,0.));
#2952=DIRECTION('center_axis',(0.104082764569976,0.994568639219773,0.));
#2953=DIRECTION('ref_axis',(0.994568639219773,-0.104082764569976,0.));
#2954=DIRECTION('center_axis',(0.104082764569976,0.994568639219773,0.));
#2955=DIRECTION('ref_axis',(-0.994568639219773,0.104082764569976,0.));
#2956=DIRECTION('center_axis',(0.,0.,1.));
#2957=DIRECTION('ref_axis',(0.994568639219773,-0.104082764569976,0.));
#2958=DIRECTION('',(0.,-1.,0.));
#2959=DIRECTION('',(-1.,0.,0.));
#2960=DIRECTION('',(0.,-1.,0.));
#2961=DIRECTION('',(0.994568639219773,-0.104082764569976,0.));
#2962=DIRECTION('center_axis',(0.,0.,1.));
#2963=DIRECTION('ref_axis',(1.,0.,0.));
#2964=DIRECTION('',(0.994568639219773,-0.104082764569976,0.));
#2965=DIRECTION('',(0.,1.,0.));
#2966=DIRECTION('',(-1.,0.,0.));
#2967=DIRECTION('',(-1.,0.,0.));
#2968=DIRECTION('',(-1.,0.,0.));
#2969=DIRECTION('',(0.,1.,0.));
#2970=DIRECTION('',(0.994568639219773,-0.104082764569976,0.));
#2971=DIRECTION('',(-0.104082764569976,-0.994568639219773,0.));
#2972=DIRECTION('',(-1.,0.,0.));
#2973=DIRECTION('',(0.,-1.,0.));
#2974=DIRECTION('center_axis',(0.,0.,1.));
#2975=DIRECTION('ref_axis',(1.,0.,0.));
#2976=DIRECTION('center_axis',(0.,0.,1.));
#2977=DIRECTION('ref_axis',(1.,0.,0.));
#2978=DIRECTION('',(1.,0.,0.));
#2979=DIRECTION('',(0.,-1.,0.));
#2980=DIRECTION('',(-1.,0.,0.));
#2981=DIRECTION('',(-1.,0.,0.));
#2982=DIRECTION('',(0.,1.,0.));
#2983=DIRECTION('',(1.,0.,0.));
#2984=DIRECTION('',(0.,1.,0.));
#2985=DIRECTION('center_axis',(1.,0.,0.));
#2986=DIRECTION('ref_axis',(0.,0.,-1.));
#2987=DIRECTION('',(0.,0.,1.));
#2988=DIRECTION('',(0.,1.,0.));
#2989=DIRECTION('',(0.,0.,1.));
#2990=DIRECTION('',(0.,0.,1.));
#2991=DIRECTION('',(0.,0.,1.));
#2992=DIRECTION('',(0.,0.,1.));
#2993=DIRECTION('',(0.,0.,1.));
#2994=DIRECTION('',(0.,1.,0.));
#2995=DIRECTION('',(0.,0.,1.));
#2996=DIRECTION('',(0.,1.,0.));
#2997=DIRECTION('',(0.,0.,1.));
#2998=DIRECTION('',(0.,0.,1.));
#2999=DIRECTION('',(0.,0.,1.));
#3000=DIRECTION('',(0.,0.,1.));
#3001=DIRECTION('',(0.,0.,1.));
#3002=DIRECTION('center_axis',(1.,0.,0.));
#3003=DIRECTION('ref_axis',(0.,0.,-1.));
#3004=DIRECTION('center_axis',(1.,0.,0.));
#3005=DIRECTION('ref_axis',(0.,0.,-1.));
#3006=DIRECTION('',(1.,0.,0.));
#3007=DIRECTION('',(1.,0.,0.));
#3008=DIRECTION('center_axis',(1.,0.,0.));
#3009=DIRECTION('ref_axis',(0.,0.,-1.));
#3010=DIRECTION('',(1.,0.,0.));
#3011=DIRECTION('center_axis',(-1.,0.,0.));
#3012=DIRECTION('ref_axis',(0.,0.,-1.));
#3013=DIRECTION('',(-1.,0.,0.));
#3014=DIRECTION('center_axis',(1.,0.,0.));
#3015=DIRECTION('ref_axis',(0.,0.,-1.));
#3016=DIRECTION('center_axis',(-0.104082764569976,-0.994568639219773,0.));
#3017=DIRECTION('ref_axis',(-0.994568639219773,0.104082764569976,0.));
#3018=DIRECTION('center_axis',(-1.,0.,0.));
#3019=DIRECTION('ref_axis',(0.,0.,-1.));
#3020=DIRECTION('center_axis',(-0.104082764569976,-0.994568639219773,0.));
#3021=DIRECTION('ref_axis',(-0.994568639219773,0.104082764569976,0.));
#3022=DIRECTION('center_axis',(1.,0.,0.));
#3023=DIRECTION('ref_axis',(0.,0.,-1.));
#3024=DIRECTION('center_axis',(1.,0.,0.));
#3025=DIRECTION('ref_axis',(0.,0.,-1.));
#3026=DIRECTION('center_axis',(1.,0.,0.));
#3027=DIRECTION('ref_axis',(0.,0.,-1.));
#3028=DIRECTION('',(1.,0.,0.));
#3029=DIRECTION('center_axis',(1.,0.,0.));
#3030=DIRECTION('ref_axis',(0.,0.,-1.));
#3031=DIRECTION('',(1.,0.,0.));
#3032=DIRECTION('center_axis',(-1.,0.,0.));
#3033=DIRECTION('ref_axis',(0.,0.,-1.));
#3034=DIRECTION('',(-1.,0.,0.));
#3035=DIRECTION('center_axis',(1.,0.,0.));
#3036=DIRECTION('ref_axis',(0.,0.,-1.));
#3037=DIRECTION('center_axis',(-0.104082764569976,-0.994568639219773,0.));
#3038=DIRECTION('ref_axis',(-0.994568639219773,0.104082764569976,0.));
#3039=DIRECTION('center_axis',(-1.,0.,0.));
#3040=DIRECTION('ref_axis',(0.,0.,-1.));
#3041=DIRECTION('center_axis',(-0.104082764569976,-0.994568639219773,0.));
#3042=DIRECTION('ref_axis',(-0.994568639219773,0.104082764569976,0.));
#3043=DIRECTION('center_axis',(1.,0.,0.));
#3044=DIRECTION('ref_axis',(0.,0.,-1.));
#3045=DIRECTION('center_axis',(0.,1.,0.));
#3046=DIRECTION('ref_axis',(1.,0.,0.));
#3047=DIRECTION('center_axis',(0.,1.,0.));
#3048=DIRECTION('ref_axis',(1.,0.,0.));
#3049=DIRECTION('',(0.,1.,0.));
#3050=DIRECTION('center_axis',(0.,1.,0.));
#3051=DIRECTION('ref_axis',(1.,0.,0.));
#3052=DIRECTION('',(0.,-1.,0.));
#3053=DIRECTION('center_axis',(0.,1.,0.));
#3054=DIRECTION('ref_axis',(1.,0.,0.));
#3055=DIRECTION('',(0.,1.,0.));
#3056=DIRECTION('center_axis',(0.,-1.,0.));
#3057=DIRECTION('ref_axis',(1.,0.,0.));
#3058=DIRECTION('center_axis',(0.,1.,0.));
#3059=DIRECTION('ref_axis',(1.,0.,0.));
#3060=DIRECTION('center_axis',(0.,1.,0.));
#3061=DIRECTION('ref_axis',(1.,0.,0.));
#3062=DIRECTION('',(0.,1.,0.));
#3063=DIRECTION('center_axis',(0.,1.,0.));
#3064=DIRECTION('ref_axis',(1.,0.,0.));
#3065=DIRECTION('',(0.,-1.,0.));
#3066=DIRECTION('center_axis',(0.,1.,0.));
#3067=DIRECTION('ref_axis',(1.,0.,0.));
#3068=DIRECTION('',(0.,1.,0.));
#3069=DIRECTION('center_axis',(0.,-1.,0.));
#3070=DIRECTION('ref_axis',(1.,0.,0.));
#3071=DIRECTION('center_axis',(0.,1.,0.));
#3072=DIRECTION('ref_axis',(1.,0.,0.));
#3073=DIRECTION('',(0.,1.,0.));
#3074=DIRECTION('center_axis',(0.104082764569976,0.994568639219773,0.));
#3075=DIRECTION('ref_axis',(0.994568639219773,-0.104082764569976,0.));
#3076=DIRECTION('',(0.,1.,0.));
#3077=DIRECTION('',(0.,1.,0.));
#3078=DIRECTION('center_axis',(0.,-1.,0.));
#3079=DIRECTION('ref_axis',(1.,0.,0.));
#3080=DIRECTION('center_axis',(0.,1.,0.));
#3081=DIRECTION('ref_axis',(1.,0.,0.));
#3082=DIRECTION('',(0.,-1.,0.));
#3083=DIRECTION('',(0.,1.,0.));
#3084=DIRECTION('',(0.,1.,0.));
#3085=DIRECTION('center_axis',(0.,-1.,0.));
#3086=DIRECTION('ref_axis',(1.,0.,0.));
#3087=DIRECTION('center_axis',(0.,1.,0.));
#3088=DIRECTION('ref_axis',(1.,0.,0.));
#3089=DIRECTION('',(0.,1.,0.));
#3090=DIRECTION('center_axis',(0.,-1.,0.));
#3091=DIRECTION('ref_axis',(1.,0.,0.));
#3092=DIRECTION('',(0.,-1.,0.));
#3093=DIRECTION('center_axis',(-0.104082764569976,-0.994568639219773,0.));
#3094=DIRECTION('ref_axis',(0.994568639219773,-0.104082764569976,0.));
#3095=DIRECTION('center_axis',(0.,-1.,0.));
#3096=DIRECTION('ref_axis',(-1.,0.,0.));
#3097=DIRECTION('',(1.,0.,0.));
#3098=DIRECTION('center_axis',(-0.104082764569976,-0.994568639219773,0.));
#3099=DIRECTION('ref_axis',(0.,0.,-1.));
#3100=DIRECTION('',(-0.994568639219773,0.104082764569976,0.));
#3101=DIRECTION('center_axis',(-0.104082764569976,-0.994568639219773,0.));
#3102=DIRECTION('ref_axis',(-0.994568639219773,0.104082764569976,0.));
#3103=DIRECTION('center_axis',(-0.104082764569976,-0.994568639219773,0.));
#3104=DIRECTION('ref_axis',(-0.994568639219773,0.104082764569976,0.));
#3105=DIRECTION('',(-0.994568639219773,0.104082764569976,0.));
#3106=DIRECTION('',(0.,0.,-1.));
#3107=DIRECTION('',(-0.994568639219773,0.104082764569976,0.));
#3108=DIRECTION('center_axis',(0.,1.,0.));
#3109=DIRECTION('ref_axis',(0.,0.,1.));
#3110=DIRECTION('',(1.,0.,0.));
#3111=DIRECTION('',(0.,0.,-1.));
#3112=DIRECTION('center_axis',(0.,1.,0.));
#3113=DIRECTION('ref_axis',(0.,0.,1.));
#3114=DIRECTION('center_axis',(0.,1.,0.));
#3115=DIRECTION('ref_axis',(0.,0.,1.));
#3116=DIRECTION('',(1.,0.,0.));
#3117=DIRECTION('center_axis',(0.,0.,1.));
#3118=DIRECTION('ref_axis',(1.,0.,0.));
#3119=DIRECTION('',(-1.,0.,0.));
#3120=DIRECTION('',(0.,1.,0.));
#3121=DIRECTION('center_axis',(0.,1.,0.));
#3122=DIRECTION('ref_axis',(1.,0.,0.));
#3123=DIRECTION('',(0.,1.,0.));
#3124=DIRECTION('center_axis',(0.,-1.,0.));
#3125=DIRECTION('ref_axis',(1.,0.,0.));
#3126=DIRECTION('',(0.,-1.,0.));
#3127=DIRECTION('center_axis',(-0.104082764569976,-0.994568639219773,0.));
#3128=DIRECTION('ref_axis',(0.994568639219773,-0.104082764569976,0.));
#3129=DIRECTION('center_axis',(0.,-1.,0.));
#3130=DIRECTION('ref_axis',(-1.,0.,0.));
#3131=DIRECTION('',(-1.,0.,0.));
#3132=DIRECTION('center_axis',(-0.104082764569976,-0.994568639219773,0.));
#3133=DIRECTION('ref_axis',(0.,0.,-1.));
#3134=DIRECTION('',(0.994568639219773,-0.104082764569976,0.));
#3135=DIRECTION('',(0.,0.,-1.));
#3136=DIRECTION('center_axis',(-0.104082764569976,-0.994568639219773,0.));
#3137=DIRECTION('ref_axis',(-0.994568639219773,0.104082764569976,0.));
#3138=DIRECTION('center_axis',(-0.104082764569976,-0.994568639219773,0.));
#3139=DIRECTION('ref_axis',(-0.994568639219773,0.104082764569976,0.));
#3140=DIRECTION('',(0.994568639219773,-0.104082764569976,0.));
#3141=DIRECTION('center_axis',(0.,1.,0.));
#3142=DIRECTION('ref_axis',(0.,0.,1.));
#3143=DIRECTION('',(-1.,0.,0.));
#3144=DIRECTION('center_axis',(0.,1.,0.));
#3145=DIRECTION('ref_axis',(0.,0.,1.));
#3146=DIRECTION('center_axis',(0.,1.,0.));
#3147=DIRECTION('ref_axis',(0.,0.,1.));
#3148=DIRECTION('',(-1.,0.,0.));
#3149=DIRECTION('',(0.,0.,-1.));
#3150=DIRECTION('',(-1.,0.,0.));
#3151=DIRECTION('center_axis',(0.,0.,1.));
#3152=DIRECTION('ref_axis',(1.,0.,0.));
#3153=DIRECTION('',(1.,0.,0.));
#3154=DIRECTION('',(0.,1.,0.));
#3155=DIRECTION('center_axis',(0.104082764569976,0.994568639219773,0.));
#3156=DIRECTION('ref_axis',(0.,0.,1.));
#3157=DIRECTION('',(0.,0.,1.));
#3158=DIRECTION('center_axis',(0.104082764569976,0.994568639219773,0.));
#3159=DIRECTION('ref_axis',(-0.994568639219773,0.104082764569976,0.));
#3160=DIRECTION('',(0.994568639219773,-0.104082764569976,0.));
#3161=DIRECTION('',(0.,0.,-1.));
#3162=DIRECTION('',(0.994568639219773,-0.104082764569976,0.));
#3163=DIRECTION('',(0.994568639219773,-0.104082764569976,0.));
#3164=DIRECTION('center_axis',(1.,0.,0.));
#3165=DIRECTION('ref_axis',(0.,0.,-1.));
#3166=DIRECTION('',(-1.,0.,0.));
#3167=DIRECTION('center_axis',(1.,0.,0.));
#3168=DIRECTION('ref_axis',(0.,0.,-1.));
#3169=DIRECTION('',(1.,0.,0.));
#3170=DIRECTION('center_axis',(-1.,0.,0.));
#3171=DIRECTION('ref_axis',(0.,0.,-1.));
#3172=DIRECTION('center_axis',(0.104082764569976,0.994568639219773,0.));
#3173=DIRECTION('ref_axis',(-0.994568639219773,0.104082764569976,0.));
#3174=DIRECTION('center_axis',(-1.,0.,0.));
#3175=DIRECTION('ref_axis',(0.,0.,-1.));
#3176=DIRECTION('center_axis',(1.,0.,0.));
#3177=DIRECTION('ref_axis',(0.,0.,-1.));
#3178=DIRECTION('',(0.,0.,-1.));
#3179=DIRECTION('',(0.,1.,0.));
#3180=DIRECTION('',(0.,0.,1.));
#3181=DIRECTION('center_axis',(0.,-1.,0.));
#3182=DIRECTION('ref_axis',(0.,0.,-1.));
#3183=DIRECTION('',(0.,0.,-1.));
#3184=DIRECTION('',(-1.,0.,0.));
#3185=DIRECTION('',(0.,0.,-1.));
#3186=DIRECTION('',(0.,0.,-1.));
#3187=DIRECTION('',(0.,0.,-1.));
#3188=DIRECTION('',(1.,0.,0.));
#3189=DIRECTION('',(0.,0.,1.));
#3190=DIRECTION('',(1.,0.,0.));
#3191=DIRECTION('',(0.,0.,-1.));
#3192=DIRECTION('',(1.,0.,0.));
#3193=DIRECTION('',(0.,0.,-1.));
#3194=DIRECTION('',(-1.,0.,0.));
#3195=DIRECTION('',(0.,0.,-1.));
#3196=DIRECTION('',(-1.,0.,0.));
#3197=DIRECTION('',(0.,0.,1.));
#3198=DIRECTION('',(-1.,0.,0.));
#3199=DIRECTION('center_axis',(1.,0.,0.));
#3200=DIRECTION('ref_axis',(0.,0.,-1.));
#3201=DIRECTION('',(0.,-1.,0.));
#3202=DIRECTION('',(0.,0.,1.));
#3203=DIRECTION('',(0.,1.,0.));
#3204=DIRECTION('center_axis',(1.,0.,0.));
#3205=DIRECTION('ref_axis',(0.,0.,-1.));
#3206=DIRECTION('center_axis',(-0.104082764569976,-0.994568639219773,0.));
#3207=DIRECTION('ref_axis',(0.,0.,-1.));
#3208=DIRECTION('',(0.,0.,1.));
#3209=DIRECTION('',(-0.994568639219773,0.104082764569976,0.));
#3210=DIRECTION('',(0.,0.,-1.));
#3211=DIRECTION('',(0.994568639219773,-0.104082764569976,0.));
#3212=DIRECTION('',(-0.994568639219773,0.104082764569976,0.));
#3213=DIRECTION('',(0.,0.,1.));
#3214=DIRECTION('center_axis',(1.,0.,0.));
#3215=DIRECTION('ref_axis',(0.,0.,-1.));
#3216=DIRECTION('',(0.,0.,1.));
#3217=DIRECTION('',(0.,-1.,0.));
#3218=DIRECTION('center_axis',(0.,0.,1.));
#3219=DIRECTION('ref_axis',(1.,0.,0.));
#3220=DIRECTION('',(0.,1.,0.));
#3221=DIRECTION('',(-1.,0.,0.));
#3222=DIRECTION('',(-1.,0.,0.));
#3223=DIRECTION('',(-1.,0.,0.));
#3224=DIRECTION('',(0.,1.,0.));
#3225=DIRECTION('',(0.994568639219773,-0.104082764569976,0.));
#3226=DIRECTION('center_axis',(0.,0.,-1.));
#3227=DIRECTION('ref_axis',(1.,0.,0.));
#3228=DIRECTION('',(0.,-1.,0.));
#3229=DIRECTION('',(-1.,0.,0.));
#3230=DIRECTION('',(0.,-1.,0.));
#3231=DIRECTION('',(-0.104082764569976,-0.994568639219773,0.));
#3232=DIRECTION('center_axis',(-0.104082764569976,-0.994568639219773,0.));
#3233=DIRECTION('ref_axis',(0.,0.,-1.));
#3234=DIRECTION('',(0.,0.,1.));
#3235=DIRECTION('',(0.994568639219773,-0.104082764569976,0.));
#3236=DIRECTION('',(-0.994568639219773,0.104082764569976,0.));
#3237=DIRECTION('',(0.,0.,-1.));
#3238=DIRECTION('',(0.,0.,1.));
#3239=DIRECTION('center_axis',(0.,1.,0.));
#3240=DIRECTION('ref_axis',(1.,0.,0.));
#3241=DIRECTION('center_axis',(0.,1.,0.));
#3242=DIRECTION('ref_axis',(1.,0.,0.));
#3243=DIRECTION('center_axis',(0.,1.,0.));
#3244=DIRECTION('ref_axis',(1.,0.,0.));
#3245=DIRECTION('',(0.,1.,0.));
#3246=DIRECTION('center_axis',(0.,-1.,0.));
#3247=DIRECTION('ref_axis',(1.,0.,0.));
#3248=DIRECTION('center_axis',(0.,-1.,0.));
#3249=DIRECTION('ref_axis',(-1.,0.,0.));
#3250=DIRECTION('',(1.,0.,0.));
#3251=DIRECTION('center_axis',(0.,0.,1.));
#3252=DIRECTION('ref_axis',(1.,0.,0.));
#3253=DIRECTION('',(0.,0.,1.));
#3254=DIRECTION('center_axis',(0.,0.,-1.));
#3255=DIRECTION('ref_axis',(1.,0.,0.));
#3256=DIRECTION('center_axis',(0.,0.,1.));
#3257=DIRECTION('ref_axis',(1.,0.,0.));
#3258=DIRECTION('',(0.104082764569976,0.994568639219773,0.));
#3259=DIRECTION('',(1.,0.,0.));
#3260=DIRECTION('center_axis',(0.,0.,1.));
#3261=DIRECTION('ref_axis',(1.,0.,0.));
#3262=DIRECTION('',(-0.994568639219773,0.104082764569976,0.));
#3263=DIRECTION('',(0.,1.,0.));
#3264=DIRECTION('',(-1.,0.,0.));
#3265=DIRECTION('',(-1.,0.,0.));
#3266=DIRECTION('',(-1.,0.,0.));
#3267=DIRECTION('',(0.,1.,0.));
#3268=DIRECTION('center_axis',(0.,1.,0.));
#3269=DIRECTION('ref_axis',(1.,0.,0.));
#3270=DIRECTION('center_axis',(0.,1.,0.));
#3271=DIRECTION('ref_axis',(1.,0.,0.));
#3272=DIRECTION('center_axis',(0.,1.,0.));
#3273=DIRECTION('ref_axis',(1.,0.,0.));
#3274=DIRECTION('',(0.,1.,0.));
#3275=DIRECTION('center_axis',(0.,-1.,0.));
#3276=DIRECTION('ref_axis',(1.,0.,0.));
#3277=DIRECTION('center_axis',(0.,-1.,0.));
#3278=DIRECTION('ref_axis',(-1.,0.,0.));
#3279=DIRECTION('',(0.,0.,1.));
#3280=DIRECTION('center_axis',(1.,0.,0.));
#3281=DIRECTION('ref_axis',(0.,0.,-1.));
#3282=DIRECTION('center_axis',(0.,0.,1.));
#3283=DIRECTION('ref_axis',(1.,0.,0.));
#3284=DIRECTION('',(0.,0.,1.));
#3285=DIRECTION('center_axis',(1.,0.,0.));
#3286=DIRECTION('ref_axis',(0.,-7.6571373978539E-16,1.));
#3287=DIRECTION('center_axis',(1.,0.,0.));
#3288=DIRECTION('ref_axis',(0.,0.,-1.));
#3289=DIRECTION('center_axis',(-1.,0.,0.));
#3290=DIRECTION('ref_axis',(0.,0.,-1.));
#3291=DIRECTION('center_axis',(0.104082764569976,0.994568639219773,0.));
#3292=DIRECTION('ref_axis',(-0.994568639219773,0.104082764569976,0.));
#3293=DIRECTION('center_axis',(-1.,0.,0.));
#3294=DIRECTION('ref_axis',(0.,0.,-1.));
#3295=DIRECTION('center_axis',(0.104082764569976,0.994568639219773,0.));
#3296=DIRECTION('ref_axis',(0.,0.,1.));
#3297=DIRECTION('',(0.,0.,-1.));
#3298=DIRECTION('',(0.994568639219773,-0.104082764569976,0.));
#3299=DIRECTION('',(0.,0.,1.));
#3300=DIRECTION('center_axis',(1.,0.,0.));
#3301=DIRECTION('ref_axis',(0.,0.,-1.));
#3302=DIRECTION('center_axis',(0.104082764569976,0.994568639219773,0.));
#3303=DIRECTION('ref_axis',(0.,0.,1.));
#3304=DIRECTION('',(0.,0.,1.));
#3305=DIRECTION('',(-0.994568639219773,0.104082764569976,0.));
#3306=DIRECTION('',(0.,0.,-1.));
#3307=DIRECTION('center_axis',(1.,0.,0.));
#3308=DIRECTION('ref_axis',(0.,0.,-1.));
#3309=DIRECTION('',(0.,-1.,0.));
#3310=DIRECTION('',(0.,0.,1.));
#3311=DIRECTION('',(0.,1.,0.));
#3312=DIRECTION('center_axis',(0.,0.,1.));
#3313=DIRECTION('ref_axis',(0.994568639219773,-0.104082764569976,0.));
#3314=DIRECTION('',(0.,1.,0.));
#3315=DIRECTION('',(0.,1.,0.));
#3316=DIRECTION('',(1.,0.,0.));
#3317=DIRECTION('',(0.104082764569976,0.994568639219773,0.));
#3318=DIRECTION('',(0.,1.,0.));
#3319=DIRECTION('',(-1.,0.,0.));
#3320=DIRECTION('',(-1.,0.,0.));
#3321=DIRECTION('',(-1.,0.,0.));
#3322=DIRECTION('',(0.,1.,0.));
#3323=DIRECTION('',(-0.994568639219773,0.104082764569976,0.));
#3324=DIRECTION('center_axis',(0.,0.,-1.));
#3325=DIRECTION('ref_axis',(1.,0.,0.));
#3326=DIRECTION('',(0.,1.,0.));
#3327=DIRECTION('',(1.,0.,0.));
#3328=DIRECTION('center_axis',(1.,0.,0.));
#3329=DIRECTION('ref_axis',(0.,0.,-1.));
#3330=DIRECTION('',(0.,0.,-1.));
#3331=DIRECTION('',(0.,-1.,0.));
#3332=DIRECTION('',(0.,0.,-1.));
#3333=DIRECTION('',(0.,1.,0.));
#3334=DIRECTION('center_axis',(0.,0.,1.));
#3335=DIRECTION('ref_axis',(0.994568639219773,-0.104082764569976,0.));
#3336=DIRECTION('',(1.,0.,0.));
#3337=DIRECTION('center_axis',(0.,0.,1.));
#3338=DIRECTION('ref_axis',(0.994568639219773,-0.104082764569976,0.));
#3339=DIRECTION('',(-1.,0.,0.));
#3340=DIRECTION('center_axis',(0.,0.,1.));
#3341=DIRECTION('ref_axis',(1.,0.,0.));
#3342=DIRECTION('center_axis',(0.,0.,-1.));
#3343=DIRECTION('ref_axis',(1.,0.,0.));
#3344=DIRECTION('',(0.,0.,1.));
#3345=DIRECTION('center_axis',(-0.104082764569976,-0.994568639219773,0.));
#3346=DIRECTION('ref_axis',(0.,0.,-1.));
#3347=DIRECTION('center_axis',(-0.104082764569976,-0.994568639219773,0.));
#3348=DIRECTION('ref_axis',(-0.994568639219773,0.104082764569976,0.));
#3349=DIRECTION('center_axis',(-0.104082764569976,-0.994568639219773,0.));
#3350=DIRECTION('ref_axis',(-0.994568639219773,0.104082764569976,0.));
#3351=DIRECTION('center_axis',(0.,1.,0.));
#3352=DIRECTION('ref_axis',(0.,0.,1.));
#3353=DIRECTION('center_axis',(0.,1.,0.));
#3354=DIRECTION('ref_axis',(0.,0.,1.));
#3355=DIRECTION('',(0.,1.,0.));
#3356=DIRECTION('center_axis',(0.,1.,0.));
#3357=DIRECTION('ref_axis',(0.,0.,1.));
#3358=DIRECTION('',(0.,1.,0.));
#3359=DIRECTION('center_axis',(0.,1.,0.));
#3360=DIRECTION('ref_axis',(0.,0.,1.));
#3361=DIRECTION('center_axis',(0.,1.,0.));
#3362=DIRECTION('ref_axis',(0.,0.,1.));
#3363=DIRECTION('center_axis',(0.,1.,0.));
#3364=DIRECTION('ref_axis',(0.,0.,1.));
#3365=DIRECTION('center_axis',(-0.994568639219773,0.104082764569976,0.));
#3366=DIRECTION('ref_axis',(0.,0.,1.));
#3367=DIRECTION('',(0.104082764569976,0.994568639219773,0.));
#3368=DIRECTION('center_axis',(0.,-1.,0.));
#3369=DIRECTION('ref_axis',(0.,0.,-1.));
#3370=DIRECTION('',(0.,0.,-1.));
#3371=DIRECTION('',(1.,0.,0.));
#3372=DIRECTION('',(0.,0.,-1.));
#3373=DIRECTION('',(-1.,0.,0.));
#3374=DIRECTION('center_axis',(1.,0.,0.));
#3375=DIRECTION('ref_axis',(0.,0.,-1.));
#3376=DIRECTION('',(0.,1.,0.));
#3377=DIRECTION('',(0.,0.,-1.));
#3378=DIRECTION('',(0.,-1.,0.));
#3379=DIRECTION('center_axis',(-1.,0.,0.));
#3380=DIRECTION('ref_axis',(0.,0.,1.));
#3381=DIRECTION('',(0.,0.,-1.));
#3382=DIRECTION('',(0.,1.,0.));
#3383=DIRECTION('',(0.,-1.,0.));
#3384=DIRECTION('center_axis',(-1.,0.,0.));
#3385=DIRECTION('ref_axis',(0.,0.,1.));
#3386=DIRECTION('',(0.,0.,-1.));
#3387=DIRECTION('',(0.,0.,-1.));
#3388=DIRECTION('',(0.,-1.,0.));
#3389=DIRECTION('',(0.,-1.,0.));
#3390=DIRECTION('center_axis',(0.,1.,0.));
#3391=DIRECTION('ref_axis',(0.,0.,1.));
#3392=DIRECTION('center_axis',(0.,1.,0.));
#3393=DIRECTION('ref_axis',(0.,0.,1.));
#3394=DIRECTION('center_axis',(0.,1.,0.));
#3395=DIRECTION('ref_axis',(0.,0.,1.));
#3396=DIRECTION('center_axis',(0.,1.,0.));
#3397=DIRECTION('ref_axis',(0.,0.,1.));
#3398=DIRECTION('center_axis',(0.,1.,0.));
#3399=DIRECTION('ref_axis',(0.,0.,1.));
#3400=DIRECTION('center_axis',(0.,0.,1.));
#3401=DIRECTION('ref_axis',(1.,0.,0.));
#3402=DIRECTION('',(-1.,0.,0.));
#3403=DIRECTION('',(0.,1.,0.));
#3404=DIRECTION('',(-1.,0.,0.));
#3405=DIRECTION('',(-1.,0.,0.));
#3406=DIRECTION('center_axis',(0.,1.,0.));
#3407=DIRECTION('ref_axis',(0.,0.,1.));
#3408=DIRECTION('center_axis',(0.,1.,0.));
#3409=DIRECTION('ref_axis',(0.,0.,1.));
#3410=DIRECTION('center_axis',(0.,1.,0.));
#3411=DIRECTION('ref_axis',(0.,0.,1.));
#3412=DIRECTION('center_axis',(0.,1.,0.));
#3413=DIRECTION('ref_axis',(0.,0.,1.));
#3414=DIRECTION('center_axis',(0.,1.,0.));
#3415=DIRECTION('ref_axis',(0.,0.,1.));
#3416=DIRECTION('center_axis',(0.,1.,0.));
#3417=DIRECTION('ref_axis',(0.,0.,1.));
#3418=DIRECTION('center_axis',(0.,1.,0.));
#3419=DIRECTION('ref_axis',(0.,0.,1.));
#3420=DIRECTION('center_axis',(0.,1.,0.));
#3421=DIRECTION('ref_axis',(0.,0.,1.));
#3422=DIRECTION('center_axis',(0.,1.,0.));
#3423=DIRECTION('ref_axis',(0.,0.,1.));
#3424=DIRECTION('center_axis',(0.,1.,0.));
#3425=DIRECTION('ref_axis',(0.,0.,1.));
#3426=DIRECTION('center_axis',(0.,1.,0.));
#3427=DIRECTION('ref_axis',(0.,0.,1.));
#3428=DIRECTION('center_axis',(0.,1.,0.));
#3429=DIRECTION('ref_axis',(0.,0.,1.));
#3430=DIRECTION('center_axis',(0.,1.,0.));
#3431=DIRECTION('ref_axis',(0.,0.,1.));
#3432=DIRECTION('center_axis',(0.,1.,0.));
#3433=DIRECTION('ref_axis',(0.,0.,1.));
#3434=DIRECTION('',(0.,1.,0.));
#3435=DIRECTION('center_axis',(-0.104082764569976,-0.994568639219773,0.));
#3436=DIRECTION('ref_axis',(-0.994568639219773,0.104082764569976,0.));
#3437=DIRECTION('center_axis',(0.,1.,0.));
#3438=DIRECTION('ref_axis',(0.,0.,1.));
#3439=DIRECTION('',(0.,1.,0.));
#3440=DIRECTION('center_axis',(0.,1.,0.));
#3441=DIRECTION('ref_axis',(0.,0.,1.));
#3442=DIRECTION('center_axis',(0.,-1.,0.));
#3443=DIRECTION('ref_axis',(0.,0.,-1.));
#3444=DIRECTION('',(-1.,0.,0.));
#3445=DIRECTION('center_axis',(0.,1.,0.));
#3446=DIRECTION('ref_axis',(0.,0.,1.));
#3447=DIRECTION('',(1.,0.,0.));
#3448=DIRECTION('center_axis',(0.,1.,0.));
#3449=DIRECTION('ref_axis',(3.55081485728119E-12,0.,-1.));
#3450=DIRECTION('center_axis',(0.,1.,0.));
#3451=DIRECTION('ref_axis',(0.,0.,1.));
#3452=DIRECTION('',(0.,1.,0.));
#3453=DIRECTION('center_axis',(0.,1.,0.));
#3454=DIRECTION('ref_axis',(0.,0.,1.));
#3455=DIRECTION('center_axis',(0.,1.,0.));
#3456=DIRECTION('ref_axis',(0.,0.,1.));
#3457=DIRECTION('center_axis',(0.,1.,0.));
#3458=DIRECTION('ref_axis',(0.,0.,1.));
#3459=DIRECTION('center_axis',(0.,1.,0.));
#3460=DIRECTION('ref_axis',(0.,0.,1.));
#3461=DIRECTION('center_axis',(0.,1.,0.));
#3462=DIRECTION('ref_axis',(0.,0.,1.));
#3463=DIRECTION('center_axis',(0.,1.,0.));
#3464=DIRECTION('ref_axis',(0.,0.,1.));
#3465=DIRECTION('center_axis',(0.,1.,0.));
#3466=DIRECTION('ref_axis',(0.,0.,1.));
#3467=DIRECTION('center_axis',(0.,1.,0.));
#3468=DIRECTION('ref_axis',(0.,0.,1.));
#3469=DIRECTION('center_axis',(0.,1.,0.));
#3470=DIRECTION('ref_axis',(0.,0.,1.));
#3471=DIRECTION('center_axis',(0.,1.,0.));
#3472=DIRECTION('ref_axis',(0.,0.,1.));
#3473=DIRECTION('center_axis',(0.,1.,0.));
#3474=DIRECTION('ref_axis',(0.,0.,1.));
#3475=DIRECTION('center_axis',(0.,0.,-1.));
#3476=DIRECTION('ref_axis',(-1.,0.,0.));
#3477=DIRECTION('center_axis',(0.,0.,1.));
#3478=DIRECTION('ref_axis',(1.,0.,0.));
#3479=DIRECTION('',(1.,0.,0.));
#3480=DIRECTION('',(0.,-1.,0.));
#3481=DIRECTION('',(-1.,0.,0.));
#3482=DIRECTION('',(0.,1.,0.));
#3483=DIRECTION('',(-1.,0.,0.));
#3484=DIRECTION('',(0.,-1.,0.));
#3485=DIRECTION('center_axis',(-1.,0.,0.));
#3486=DIRECTION('ref_axis',(0.,0.,1.));
#3487=DIRECTION('',(0.,0.,-1.));
#3488=DIRECTION('',(0.,1.,0.));
#3489=DIRECTION('center_axis',(0.,0.,1.));
#3490=DIRECTION('ref_axis',(1.,0.,0.));
#3491=DIRECTION('',(1.,0.,0.));
#3492=DIRECTION('',(0.,-1.,0.));
#3493=DIRECTION('',(1.,0.,0.));
#3494=DIRECTION('',(0.,1.,0.));
#3495=DIRECTION('',(-1.,0.,0.));
#3496=DIRECTION('center_axis',(0.,1.,0.));
#3497=DIRECTION('ref_axis',(0.,0.,1.));
#3498=DIRECTION('',(0.,0.,1.));
#3499=DIRECTION('center_axis',(0.,1.,0.));
#3500=DIRECTION('ref_axis',(0.,0.,1.));
#3501=DIRECTION('center_axis',(0.,1.,0.));
#3502=DIRECTION('ref_axis',(0.,0.,1.));
#3503=DIRECTION('center_axis',(0.,0.,1.));
#3504=DIRECTION('ref_axis',(0.994568639219773,-0.104082764569976,0.));
#3505=DIRECTION('center_axis',(0.,0.,1.));
#3506=DIRECTION('ref_axis',(0.994568639219773,-0.104082764569976,0.));
#3507=DIRECTION('center_axis',(0.,0.,1.));
#3508=DIRECTION('ref_axis',(1.,0.,0.));
#3509=DIRECTION('center_axis',(0.,0.,1.));
#3510=DIRECTION('ref_axis',(1.,0.,0.));
#3511=DIRECTION('center_axis',(0.,1.,0.));
#3512=DIRECTION('ref_axis',(0.,0.,1.));
#3513=DIRECTION('center_axis',(0.,1.,0.));
#3514=DIRECTION('ref_axis',(3.55081485728119E-12,0.,-1.));
#3515=DIRECTION('center_axis',(-0.104082764569976,-0.994568639219773,0.));
#3516=DIRECTION('ref_axis',(-0.994568639219773,0.104082764569976,0.));
#3517=DIRECTION('center_axis',(0.,1.,0.));
#3518=DIRECTION('ref_axis',(0.,0.,1.));
#3519=DIRECTION('center_axis',(0.,1.,0.));
#3520=DIRECTION('ref_axis',(0.,0.,1.));
#3521=DIRECTION('center_axis',(0.,1.,0.));
#3522=DIRECTION('ref_axis',(0.,0.,1.));
#3523=DIRECTION('center_axis',(0.,1.,0.));
#3524=DIRECTION('ref_axis',(0.,0.,1.));
#3525=DIRECTION('center_axis',(0.,1.,0.));
#3526=DIRECTION('ref_axis',(0.,0.,1.));
#3527=DIRECTION('center_axis',(0.,1.,0.));
#3528=DIRECTION('ref_axis',(0.,0.,1.));
#3529=DIRECTION('center_axis',(0.,1.,0.));
#3530=DIRECTION('ref_axis',(0.,0.,1.));
#3531=DIRECTION('center_axis',(-0.104082764569976,-0.994568639219773,0.));
#3532=DIRECTION('ref_axis',(0.,0.,-1.));
#3533=DIRECTION('',(0.,0.,1.));
#3534=DIRECTION('center_axis',(0.,1.,0.));
#3535=DIRECTION('ref_axis',(0.,0.,1.));
#3536=DIRECTION('center_axis',(0.,1.,0.));
#3537=DIRECTION('ref_axis',(0.,0.,1.));
#3538=DIRECTION('center_axis',(0.,0.,1.));
#3539=DIRECTION('ref_axis',(1.,0.,0.));
#3540=DIRECTION('center_axis',(0.,0.,1.));
#3541=DIRECTION('ref_axis',(1.,0.,0.));
#3542=DIRECTION('center_axis',(0.,0.,1.));
#3543=DIRECTION('ref_axis',(1.,0.,0.));
#3544=DIRECTION('center_axis',(0.,1.,0.));
#3545=DIRECTION('ref_axis',(0.,0.,1.));
#3546=DIRECTION('center_axis',(0.,-1.,0.));
#3547=DIRECTION('ref_axis',(0.,0.,-1.));
#3548=DIRECTION('',(0.,0.,-1.));
#3549=DIRECTION('center_axis',(0.,-1.,0.));
#3550=DIRECTION('ref_axis',(1.,0.,0.));
#3551=DIRECTION('center_axis',(-1.,0.,0.));
#3552=DIRECTION('ref_axis',(0.,0.,1.));
#3553=DIRECTION('',(0.,0.,-1.));
#3554=DIRECTION('center_axis',(0.,1.,0.));
#3555=DIRECTION('ref_axis',(0.,0.,1.));
#3556=DIRECTION('',(0.,0.,-1.));
#3557=DIRECTION('center_axis',(0.,1.,0.));
#3558=DIRECTION('ref_axis',(1.,0.,0.));
#3559=DIRECTION('center_axis',(1.,0.,0.));
#3560=DIRECTION('ref_axis',(0.,0.,-1.));
#3561=DIRECTION('center_axis',(0.,1.,0.));
#3562=DIRECTION('ref_axis',(0.,0.,1.));
#3563=DIRECTION('center_axis',(0.,1.,0.));
#3564=DIRECTION('ref_axis',(0.,0.,1.));
#3565=DIRECTION('center_axis',(0.,1.,0.));
#3566=DIRECTION('ref_axis',(0.,0.,1.));
#3567=DIRECTION('center_axis',(-0.994568639219773,0.104082764569976,0.));
#3568=DIRECTION('ref_axis',(0.,0.,1.));
#3569=DIRECTION('',(-0.104082764569976,-0.994568639219773,0.));
#3570=DIRECTION('center_axis',(0.,-1.,0.));
#3571=DIRECTION('ref_axis',(0.,0.,-1.));
#3572=DIRECTION('',(0.,0.,-1.));
#3573=DIRECTION('',(1.,0.,0.));
#3574=DIRECTION('',(0.,0.,-1.));
#3575=DIRECTION('',(-1.,0.,0.));
#3576=DIRECTION('center_axis',(1.,0.,0.));
#3577=DIRECTION('ref_axis',(0.,0.,-1.));
#3578=DIRECTION('',(0.,1.,0.));
#3579=DIRECTION('',(0.,0.,-1.));
#3580=DIRECTION('',(0.,-1.,0.));
#3581=DIRECTION('center_axis',(0.,1.,0.));
#3582=DIRECTION('ref_axis',(0.,0.,1.));
#3583=DIRECTION('center_axis',(0.,-1.,0.));
#3584=DIRECTION('ref_axis',(1.,0.,0.));
#3585=DIRECTION('',(0.,-1.,0.));
#3586=DIRECTION('center_axis',(0.,0.,1.));
#3587=DIRECTION('ref_axis',(1.,0.,0.));
#3588=DIRECTION('',(0.,1.,0.));
#3589=DIRECTION('',(1.,0.,0.));
#3590=DIRECTION('',(0.,-1.,0.));
#3591=DIRECTION('',(1.,0.,0.));
#3592=DIRECTION('',(0.,1.,0.));
#3593=DIRECTION('',(-1.,0.,0.));
#3594=DIRECTION('center_axis',(-1.,0.,0.));
#3595=DIRECTION('ref_axis',(0.,0.,1.));
#3596=DIRECTION('',(0.,0.,-1.));
#3597=DIRECTION('',(0.,-1.,0.));
#3598=DIRECTION('center_axis',(0.,0.,1.));
#3599=DIRECTION('ref_axis',(1.,0.,0.));
#3600=DIRECTION('',(1.,0.,0.));
#3601=DIRECTION('',(0.,-1.,0.));
#3602=DIRECTION('',(-1.,0.,0.));
#3603=DIRECTION('',(0.,1.,0.));
#3604=DIRECTION('',(-1.,0.,0.));
#3605=DIRECTION('center_axis',(0.,1.,0.));
#3606=DIRECTION('ref_axis',(0.,0.,1.));
#3607=DIRECTION('',(0.,0.,1.));
#3608=DIRECTION('center_axis',(1.,0.,0.));
#3609=DIRECTION('ref_axis',(0.,0.,-1.));
#3610=DIRECTION('',(0.,0.,-1.));
#3611=DIRECTION('center_axis',(0.,1.,0.));
#3612=DIRECTION('ref_axis',(0.,0.,1.));
#3613=DIRECTION('',(0.,0.,-1.));
#3614=DIRECTION('center_axis',(0.,1.,0.));
#3615=DIRECTION('ref_axis',(1.,0.,0.));
#3616=DIRECTION('center_axis',(-1.,0.,0.));
#3617=DIRECTION('ref_axis',(0.,0.,1.));
#3618=DIRECTION('',(0.,0.,-1.));
#3619=DIRECTION('center_axis',(0.,-1.,0.));
#3620=DIRECTION('ref_axis',(0.,0.,-1.));
#3621=DIRECTION('center_axis',(0.,-1.,0.));
#3622=DIRECTION('ref_axis',(1.,0.,0.));
#3623=DIRECTION('center_axis',(0.,-1.,0.));
#3624=DIRECTION('ref_axis',(1.,0.,0.));
#3625=DIRECTION('',(0.,-1.,0.));
#3626=DIRECTION('center_axis',(0.,0.,-1.));
#3627=DIRECTION('ref_axis',(1.,0.,0.));
#3628=DIRECTION('center_axis',(0.,0.,1.));
#3629=DIRECTION('ref_axis',(1.,0.,0.));
#3630=DIRECTION('',(0.,0.,-1.));
#3631=DIRECTION('center_axis',(0.,0.,-1.));
#3632=DIRECTION('ref_axis',(1.,0.,0.));
#3633=DIRECTION('center_axis',(0.,0.,1.));
#3634=DIRECTION('ref_axis',(1.,0.,0.));
#3635=DIRECTION('center_axis',(0.,0.,1.));
#3636=DIRECTION('ref_axis',(1.,0.,0.));
#3637=DIRECTION('center_axis',(0.,0.,-1.));
#3638=DIRECTION('ref_axis',(1.,0.,0.));
#3639=DIRECTION('center_axis',(0.,0.,1.));
#3640=DIRECTION('ref_axis',(1.,0.,0.));
#3641=DIRECTION('',(0.,0.,-1.));
#3642=DIRECTION('center_axis',(0.,0.,-1.));
#3643=DIRECTION('ref_axis',(1.,0.,0.));
#3644=DIRECTION('center_axis',(0.,0.,1.));
#3645=DIRECTION('ref_axis',(1.,0.,0.));
#3646=DIRECTION('center_axis',(0.,0.,1.));
#3647=DIRECTION('ref_axis',(1.,0.,0.));
#3648=CARTESIAN_POINT('',(0.,0.,0.));
#3649=CARTESIAN_POINT('Origin',(501.,-53.5,282.));
#3650=CARTESIAN_POINT('',(499.2,-53.5,282.));
#3651=CARTESIAN_POINT('Origin',(501.,-53.5,282.));
#3652=CARTESIAN_POINT('Origin',(501.,-53.5,198.));
#3653=CARTESIAN_POINT('',(499.2,-53.5,198.));
#3654=CARTESIAN_POINT('Origin',(501.,-53.5,198.));
#3655=CARTESIAN_POINT('Origin',(501.,-65.5,282.));
#3656=CARTESIAN_POINT('',(499.2,-66.,282.));
#3657=CARTESIAN_POINT('',(499.2,-65.5,282.));
#3658=CARTESIAN_POINT('Origin',(501.,-66.,282.));
#3659=CARTESIAN_POINT('Origin',(510.,-65.5,198.));
#3660=CARTESIAN_POINT('',(508.2,-58.,198.));
#3661=CARTESIAN_POINT('Origin',(510.,-58.,198.));
#3662=CARTESIAN_POINT('',(508.2,-66.,198.));
#3663=CARTESIAN_POINT('',(508.2,-65.5,198.));
#3664=CARTESIAN_POINT('Origin',(510.,-66.,198.));
#3665=CARTESIAN_POINT('Origin',(501.,-65.5,198.));
#3666=CARTESIAN_POINT('',(499.2,-66.,198.));
#3667=CARTESIAN_POINT('',(499.2,-65.5,198.));
#3668=CARTESIAN_POINT('Origin',(501.,-66.,198.));
#3669=CARTESIAN_POINT('Origin',(510.,-65.5,282.));
#3670=CARTESIAN_POINT('',(508.2,-58.,282.));
#3671=CARTESIAN_POINT('Origin',(510.,-58.,282.));
#3672=CARTESIAN_POINT('',(508.2,-66.,282.));
#3673=CARTESIAN_POINT('',(508.2,-65.5,282.));
#3674=CARTESIAN_POINT('Origin',(510.,-66.,282.));
#3675=CARTESIAN_POINT('Origin',(456.58366894172,-42.47827455687,240.));
#3676=CARTESIAN_POINT('',(425.,-39.1730068769078,206.));
#3677=CARTESIAN_POINT('',(425.,-39.1730068769078,209.960263193718));
#3678=CARTESIAN_POINT('',(425.,-39.1730068769078,240.));
#3679=CARTESIAN_POINT('',(495.,-46.49858827228,206.));
#3680=CARTESIAN_POINT('',(456.58366894172,-42.47827455687,206.));
#3681=CARTESIAN_POINT('',(499.58366894172,-46.97827455687,206.));
#3682=CARTESIAN_POINT('',(456.58366894172,-42.47827455687,206.));
#3683=CARTESIAN_POINT('',(499.58366894172,-46.97827455687,211.));
#3684=CARTESIAN_POINT('',(499.58366894172,-46.97827455687,240.));
#3685=CARTESIAN_POINT('',(432.015564437075,-39.9071938528851,211.));
#3686=CARTESIAN_POINT('',(467.15107565564,-43.58416595717,211.));
#3687=CARTESIAN_POINT('',(428.219103658846,-39.5098898179513,210.624897014015));
#3688=CARTESIAN_POINT('Origin',(430.,-39.6962626908636,212.));
#3689=CARTESIAN_POINT('Origin',(375.569045398658,-34.,213.));
#3690=CARTESIAN_POINT('Origin',(457.,-38.5,206.));
#3691=CARTESIAN_POINT('',(425.,-27.5,206.));
#3692=CARTESIAN_POINT('',(425.,-42.875,206.));
#3693=CARTESIAN_POINT('',(435.,-27.5,206.));
#3694=CARTESIAN_POINT('',(468.75,-27.5,206.));
#3695=CARTESIAN_POINT('',(435.,-32.17583033237,206.));
#3696=CARTESIAN_POINT('',(435.,0.,206.));
#3697=CARTESIAN_POINT('',(459.94534903528,-34.78639011513,206.));
#3698=CARTESIAN_POINT('',(457.41633105827,-34.52172544312,206.));
#3699=CARTESIAN_POINT('',(463.84732378075,-35.19473630942,206.));
#3700=CARTESIAN_POINT('Origin',(462.,-34.,206.));
#3701=CARTESIAN_POINT('',(477.34999999999,-36.60780707656,206.));
#3702=CARTESIAN_POINT('',(457.41633105827,-34.52172544312,206.));
#3703=CARTESIAN_POINT('',(477.35,-39.,206.));
#3704=CARTESIAN_POINT('',(477.35,-39.,206.));
#3705=CARTESIAN_POINT('',(477.5,-39.,206.));
#3706=CARTESIAN_POINT('',(468.5,-39.,206.));
#3707=CARTESIAN_POINT('',(482.5,-39.,206.));
#3708=CARTESIAN_POINT('',(468.5,-39.,206.));
#3709=CARTESIAN_POINT('',(482.65,-39.,206.));
#3710=CARTESIAN_POINT('',(468.5,-39.,206.));
#3711=CARTESIAN_POINT('',(482.65,-37.16245823936,206.));
#3712=CARTESIAN_POINT('',(482.65,-39.,206.));
#3713=CARTESIAN_POINT('',(500.41633105827,-39.02172544312,206.));
#3714=CARTESIAN_POINT('',(457.41633105827,-34.52172544312,206.));
#3715=CARTESIAN_POINT('',(500.,-43.,206.));
#3716=CARTESIAN_POINT('',(500.,-43.,206.));
#3717=CARTESIAN_POINT('',(495.,-43.,206.));
#3718=CARTESIAN_POINT('',(478.,-43.,206.));
#3719=CARTESIAN_POINT('',(495.,-45.5,206.));
#3720=CARTESIAN_POINT('',(427.8,-34.,206.));
#3721=CARTESIAN_POINT('Origin',(430.,-34.,206.));
#3722=CARTESIAN_POINT('Origin',(485.,0.,274.));
#3723=CARTESIAN_POINT('',(480.,-27.5,274.));
#3724=CARTESIAN_POINT('',(490.,-27.5,274.));
#3725=CARTESIAN_POINT('',(482.75,-27.5,274.));
#3726=CARTESIAN_POINT('',(480.,-34.,274.));
#3727=CARTESIAN_POINT('',(480.,0.,274.));
#3728=CARTESIAN_POINT('',(482.5,-34.,274.));
#3729=CARTESIAN_POINT('',(482.5,-34.,274.));
#3730=CARTESIAN_POINT('',(482.65,-34.,274.));
#3731=CARTESIAN_POINT('',(482.5,-34.,274.));
#3732=CARTESIAN_POINT('',(482.64999999999,-36.5,274.));
#3733=CARTESIAN_POINT('',(482.65,-39.,274.));
#3734=CARTESIAN_POINT('',(490.,-36.5,274.));
#3735=CARTESIAN_POINT('',(485.,-36.5,274.));
#3736=CARTESIAN_POINT('',(490.,0.,274.));
#3737=CARTESIAN_POINT('Origin',(480.,0.,240.));
#3738=CARTESIAN_POINT('',(480.,-27.5,206.));
#3739=CARTESIAN_POINT('',(480.,-27.5,240.));
#3740=CARTESIAN_POINT('',(480.,-34.,206.));
#3741=CARTESIAN_POINT('',(480.,0.,206.));
#3742=CARTESIAN_POINT('',(480.,-34.,208.35));
#3743=CARTESIAN_POINT('',(480.,-34.,223.));
#3744=CARTESIAN_POINT('',(480.,-34.,208.5));
#3745=CARTESIAN_POINT('',(480.,-34.,223.));
#3746=CARTESIAN_POINT('',(480.,-34.,208.65));
#3747=CARTESIAN_POINT('',(480.,-34.,225.5));
#3748=CARTESIAN_POINT('',(480.,-34.,213.5));
#3749=CARTESIAN_POINT('',(480.,-34.,225.5));
#3750=CARTESIAN_POINT('',(480.,-34.,213.65));
#3751=CARTESIAN_POINT('',(480.,-34.,225.5));
#3752=CARTESIAN_POINT('',(480.,-35.,213.65));
#3753=CARTESIAN_POINT('',(480.,-39.,213.65));
#3754=CARTESIAN_POINT('',(480.,-35.,266.35));
#3755=CARTESIAN_POINT('',(480.,-35.,240.));
#3756=CARTESIAN_POINT('',(480.,-34.,266.35));
#3757=CARTESIAN_POINT('',(480.,-39.,266.35));
#3758=CARTESIAN_POINT('',(480.,-34.,266.5));
#3759=CARTESIAN_POINT('',(480.,-34.,254.5));
#3760=CARTESIAN_POINT('',(480.,-34.,271.35));
#3761=CARTESIAN_POINT('',(480.,-34.,254.5));
#3762=CARTESIAN_POINT('',(480.,-34.,271.5));
#3763=CARTESIAN_POINT('',(480.,-34.,254.5));
#3764=CARTESIAN_POINT('',(480.,-34.,271.65));
#3765=CARTESIAN_POINT('',(480.,-34.,257.));
#3766=CARTESIAN_POINT('',(480.,-34.,257.));
#3767=CARTESIAN_POINT('Origin',(425.5,-34.,267.));
#3768=CARTESIAN_POINT('',(425.,-34.,269.25));
#3769=CARTESIAN_POINT('Origin',(425.,-34.,267.));
#3770=CARTESIAN_POINT('',(428.129171306613,-34.,269.25));
#3771=CARTESIAN_POINT('',(425.5,-34.,269.25));
#3772=CARTESIAN_POINT('',(427.75,-36.0155644372401,267.999999999833));
#3773=CARTESIAN_POINT('Ctrl Pts',(428.129171306613,-34.,269.25));
#3774=CARTESIAN_POINT('Ctrl Pts',(428.129171306613,-34.2640343820927,269.25));
#3775=CARTESIAN_POINT('Ctrl Pts',(428.093987774513,-34.5423726115012,269.200918512411));
#3776=CARTESIAN_POINT('Ctrl Pts',(427.983978228215,-35.0567680083727,269.005356475972));
#3777=CARTESIAN_POINT('Ctrl Pts',(427.912697957519,-35.2936129497611,268.85897033244));
#3778=CARTESIAN_POINT('Ctrl Pts',(427.805395878573,-35.6726898582472,268.52498830164));
#3779=CARTESIAN_POINT('Ctrl Pts',(427.757920819646,-35.859681536852,268.291421349565));
#3780=CARTESIAN_POINT('Ctrl Pts',(427.750369875935,-35.9918846789852,268.046690487319));
#3781=CARTESIAN_POINT('Ctrl Pts',(427.749999999996,-36.0038832246442,268.023544236366));
#3782=CARTESIAN_POINT('Ctrl Pts',(427.75,-36.0155644372401,267.999999999666));
#3783=CARTESIAN_POINT('',(431.870828693387,-34.,269.25));
#3784=CARTESIAN_POINT('Ctrl Pts',(427.75,-36.0155644372401,267.999999999666));
#3785=CARTESIAN_POINT('Ctrl Pts',(427.750000000023,-36.0917085515957,267.846526630615));
#3786=CARTESIAN_POINT('Ctrl Pts',(427.76662208788,-36.153322454474,267.675619723759));
#3787=CARTESIAN_POINT('Ctrl Pts',(427.849678576488,-36.2380396784822,267.307570246049));
#3788=CARTESIAN_POINT('Ctrl Pts',(427.92424292275,-36.253796030156,267.110415127611));
#3789=CARTESIAN_POINT('Ctrl Pts',(428.107990372632,-36.2445248643026,266.766655126036));
#3790=CARTESIAN_POINT('Ctrl Pts',(428.230805947862,-36.2185596739941,266.594436903667));
#3791=CARTESIAN_POINT('Ctrl Pts',(428.518065781444,-36.1420618901937,266.294266747944));
#3792=CARTESIAN_POINT('Ctrl Pts',(428.682546582244,-36.0925227921653,266.166097457471));
#3793=CARTESIAN_POINT('Ctrl Pts',(429.008707470876,-36.0039042328523,265.971300486592));
#3794=CARTESIAN_POINT('Ctrl Pts',(429.198368039901,-35.9567961765996,265.887506189175));
#3795=CARTESIAN_POINT('Ctrl Pts',(429.596760716895,-35.889567101571,265.776794872095));
#3796=CARTESIAN_POINT('Ctrl Pts',(429.80575883233,-35.870828693387,265.75));
#3797=CARTESIAN_POINT('Ctrl Pts',(430.19424116767,-35.870828693387,265.75));
#3798=CARTESIAN_POINT('Ctrl Pts',(430.403239283105,-35.889567101571,265.776794872095));
#3799=CARTESIAN_POINT('Ctrl Pts',(430.801631960099,-35.9567961765996,265.887506189175));
#3800=CARTESIAN_POINT('Ctrl Pts',(430.991292529124,-36.0039042328523,265.971300486592));
#3801=CARTESIAN_POINT('Ctrl Pts',(431.317453417756,-36.0925227921653,266.166097457471));
#3802=CARTESIAN_POINT('Ctrl Pts',(431.481934218556,-36.1420618901937,266.294266747944));
#3803=CARTESIAN_POINT('Ctrl Pts',(431.769194052138,-36.2185596739941,266.594436903667));
#3804=CARTESIAN_POINT('Ctrl Pts',(431.892009627368,-36.2445248643026,266.766655126036));
#3805=CARTESIAN_POINT('Ctrl Pts',(432.07575707725,-36.253796030156,267.110415127611));
#3806=CARTESIAN_POINT('Ctrl Pts',(432.150321423512,-36.2380396784822,267.307570246049));
#3807=CARTESIAN_POINT('Ctrl Pts',(432.23929487136,-36.1472871841438,267.701839634986));
#3808=CARTESIAN_POINT('Ctrl Pts',(432.254195236337,-36.0718114020017,267.898732310799));
#3809=CARTESIAN_POINT('Ctrl Pts',(432.242079180354,-35.859681536852,268.291421349565));
#3810=CARTESIAN_POINT('Ctrl Pts',(432.194604121427,-35.6726898582472,268.52498830164));
#3811=CARTESIAN_POINT('Ctrl Pts',(432.087302042481,-35.2936129497611,268.85897033244));
#3812=CARTESIAN_POINT('Ctrl Pts',(432.016021771785,-35.0567680083727,269.005356475972));
#3813=CARTESIAN_POINT('Ctrl Pts',(431.906012225487,-34.5423726115012,269.200918512411));
#3814=CARTESIAN_POINT('Ctrl Pts',(431.870828693387,-34.2640343820927,269.25));
#3815=CARTESIAN_POINT('Ctrl Pts',(431.870828693387,-34.,269.25));
#3816=CARTESIAN_POINT('',(440.,-34.,269.25));
#3817=CARTESIAN_POINT('',(425.5,-34.,269.25));
#3818=CARTESIAN_POINT('',(440.,-35.0307764064044,269.));
#3819=CARTESIAN_POINT('Origin',(440.,-34.,267.));
#3820=CARTESIAN_POINT('',(434.694677837722,-35.0307764064044,269.));
#3821=CARTESIAN_POINT('',(425.5,-35.0307764064044,269.));
#3822=CARTESIAN_POINT('',(434.5,-36.1478264868695,266.329670691151));
#3823=CARTESIAN_POINT('Ctrl Pts',(434.5,-36.1478264868695,266.329670691151));
#3824=CARTESIAN_POINT('Ctrl Pts',(434.58062195354,-36.2156144749066,266.546872645885));
#3825=CARTESIAN_POINT('Ctrl Pts',(434.647013037727,-36.25,266.776229119821));
#3826=CARTESIAN_POINT('Ctrl Pts',(434.753570853015,-36.25,267.276483733694));
#3827=CARTESIAN_POINT('Ctrl Pts',(434.78918627605,-36.1955585817883,267.575522098582));
#3828=CARTESIAN_POINT('Ctrl Pts',(434.806246390336,-35.9693791128891,268.128383415071));
#3829=CARTESIAN_POINT('Ctrl Pts',(434.78901233931,-35.7976240990254,268.38215786514));
#3830=CARTESIAN_POINT('Ctrl Pts',(434.744734369108,-35.4392669262912,268.744408903099));
#3831=CARTESIAN_POINT('Ctrl Pts',(434.718207376559,-35.2451072813139,268.88953639549));
#3832=CARTESIAN_POINT('Ctrl Pts',(434.694677837722,-35.0307764064043,269.));
#3833=CARTESIAN_POINT('',(434.5,-35.,264.984435562925));
#3834=CARTESIAN_POINT('Origin',(434.5,-34.,267.));
#3835=CARTESIAN_POINT('',(440.,-35.,264.984435562925));
#3836=CARTESIAN_POINT('',(425.5,-35.,264.984435562925));
#3837=CARTESIAN_POINT('',(440.,-32.6990861463162,265.16421048448));
#3838=CARTESIAN_POINT('Origin',(440.,-34.,267.));
#3839=CARTESIAN_POINT('',(435.,-32.17583033237,265.682842065772));
#3840=CARTESIAN_POINT('Origin',(452.430954601812,-34.,267.));
#3841=CARTESIAN_POINT('',(435.,-32.17583033237,268.317157934228));
#3842=CARTESIAN_POINT('Origin',(435.,-34.,267.));
#3843=CARTESIAN_POINT('',(440.,-32.6990861463162,268.83578951552));
#3844=CARTESIAN_POINT('Origin',(452.430954601812,-34.,267.));
#3845=CARTESIAN_POINT('Origin',(440.,-34.,267.));
#3846=CARTESIAN_POINT('',(427.75,-31.9844355627599,267.999999999833));
#3847=CARTESIAN_POINT('Ctrl Pts',(431.870828693387,-34.,269.25));
#3848=CARTESIAN_POINT('Ctrl Pts',(431.870828693387,-33.7359656179073,269.25));
#3849=CARTESIAN_POINT('Ctrl Pts',(431.906012225487,-33.4576273884988,269.200918512411));
#3850=CARTESIAN_POINT('Ctrl Pts',(432.016021771785,-32.9432319916273,269.005356475972));
#3851=CARTESIAN_POINT('Ctrl Pts',(432.087302042481,-32.7063870502389,268.85897033244));
#3852=CARTESIAN_POINT('Ctrl Pts',(432.194604121427,-32.3273101417528,268.52498830164));
#3853=CARTESIAN_POINT('Ctrl Pts',(432.242079180354,-32.140318463148,268.291421349565));
#3854=CARTESIAN_POINT('Ctrl Pts',(432.254195236337,-31.9281885979983,267.898732310799));
#3855=CARTESIAN_POINT('Ctrl Pts',(432.23929487136,-31.8527128158562,267.701839634986));
#3856=CARTESIAN_POINT('Ctrl Pts',(432.150321423512,-31.7619603215178,267.307570246049));
#3857=CARTESIAN_POINT('Ctrl Pts',(432.07575707725,-31.746203969844,267.110415127611));
#3858=CARTESIAN_POINT('Ctrl Pts',(431.892009627368,-31.7554751356974,266.766655126036));
#3859=CARTESIAN_POINT('Ctrl Pts',(431.769194052138,-31.781440326006,266.594436903667));
#3860=CARTESIAN_POINT('Ctrl Pts',(431.481934218556,-31.8579381098063,266.294266747944));
#3861=CARTESIAN_POINT('Ctrl Pts',(431.317453417756,-31.9074772078347,266.166097457471));
#3862=CARTESIAN_POINT('Ctrl Pts',(430.991292529124,-31.9960957671477,265.971300486592));
#3863=CARTESIAN_POINT('Ctrl Pts',(430.801631960099,-32.0432038234004,265.887506189175));
#3864=CARTESIAN_POINT('Ctrl Pts',(430.403239283105,-32.110432898429,265.776794872095));
#3865=CARTESIAN_POINT('Ctrl Pts',(430.19424116767,-32.129171306613,265.75));
#3866=CARTESIAN_POINT('Ctrl Pts',(429.80575883233,-32.129171306613,265.75));
#3867=CARTESIAN_POINT('Ctrl Pts',(429.596760716895,-32.110432898429,265.776794872095));
#3868=CARTESIAN_POINT('Ctrl Pts',(429.198368039901,-32.0432038234004,265.887506189175));
#3869=CARTESIAN_POINT('Ctrl Pts',(429.008707470876,-31.9960957671477,265.971300486592));
#3870=CARTESIAN_POINT('Ctrl Pts',(428.682546582244,-31.9074772078347,266.166097457471));
#3871=CARTESIAN_POINT('Ctrl Pts',(428.518065781444,-31.8579381098063,266.294266747944));
#3872=CARTESIAN_POINT('Ctrl Pts',(428.230805947862,-31.781440326006,266.594436903667));
#3873=CARTESIAN_POINT('Ctrl Pts',(428.107990372632,-31.7554751356974,266.766655126036));
#3874=CARTESIAN_POINT('Ctrl Pts',(427.92424292275,-31.746203969844,267.110415127611));
#3875=CARTESIAN_POINT('Ctrl Pts',(427.849678576488,-31.7619603215178,267.307570246049));
#3876=CARTESIAN_POINT('Ctrl Pts',(427.76662208788,-31.846677545526,267.675619723759));
#3877=CARTESIAN_POINT('Ctrl Pts',(427.750000000023,-31.9082914484043,267.846526630615));
#3878=CARTESIAN_POINT('Ctrl Pts',(427.75,-31.9844355627599,267.999999999666));
#3879=CARTESIAN_POINT('Ctrl Pts',(427.75,-31.9844355627599,267.999999999666));
#3880=CARTESIAN_POINT('Ctrl Pts',(427.749999999996,-31.9961167753558,268.023544236366));
#3881=CARTESIAN_POINT('Ctrl Pts',(427.750369875935,-32.0081153210148,268.046690487319));
#3882=CARTESIAN_POINT('Ctrl Pts',(427.757920819646,-32.140318463148,268.291421349565));
#3883=CARTESIAN_POINT('Ctrl Pts',(427.805395878573,-32.3273101417528,268.52498830164));
#3884=CARTESIAN_POINT('Ctrl Pts',(427.912697957519,-32.7063870502389,268.85897033244));
#3885=CARTESIAN_POINT('Ctrl Pts',(427.983978228215,-32.9432319916273,269.005356475972));
#3886=CARTESIAN_POINT('Ctrl Pts',(428.093987774513,-33.4576273884988,269.200918512411));
#3887=CARTESIAN_POINT('Ctrl Pts',(428.129171306613,-33.7359656179073,269.25));
#3888=CARTESIAN_POINT('Ctrl Pts',(428.129171306613,-34.,269.25));
#3889=CARTESIAN_POINT('Origin',(425.5,-34.,213.));
#3890=CARTESIAN_POINT('',(425.,-34.,215.25));
#3891=CARTESIAN_POINT('Origin',(425.,-34.,213.));
#3892=CARTESIAN_POINT('',(440.,-34.,215.25));
#3893=CARTESIAN_POINT('',(425.5,-34.,215.25));
#3894=CARTESIAN_POINT('',(440.,-35.,215.015564437075));
#3895=CARTESIAN_POINT('Origin',(440.,-34.,213.));
#3896=CARTESIAN_POINT('',(434.5,-35.,215.015564437075));
#3897=CARTESIAN_POINT('',(425.5,-35.,215.015564437075));
#3898=CARTESIAN_POINT('',(434.5,-36.1478264868695,213.670329308849));
#3899=CARTESIAN_POINT('Origin',(434.5,-34.,213.));
#3900=CARTESIAN_POINT('',(434.694677837722,-35.0307764064044,211.));
#3901=CARTESIAN_POINT('Ctrl Pts',(434.694677837722,-35.0307764064044,211.));
#3902=CARTESIAN_POINT('Ctrl Pts',(434.718207376559,-35.2451072813139,211.11046360451));
#3903=CARTESIAN_POINT('Ctrl Pts',(434.744734369108,-35.4392669262912,211.255591096901));
#3904=CARTESIAN_POINT('Ctrl Pts',(434.78901233931,-35.7976240990254,211.61784213486));
#3905=CARTESIAN_POINT('Ctrl Pts',(434.806246390336,-35.9693791128891,211.871616584929));
#3906=CARTESIAN_POINT('Ctrl Pts',(434.78918627605,-36.1955585817883,212.424477901418));
#3907=CARTESIAN_POINT('Ctrl Pts',(434.753570853015,-36.25,212.723516266306));
#3908=CARTESIAN_POINT('Ctrl Pts',(434.647013037727,-36.25,213.223770880179));
#3909=CARTESIAN_POINT('Ctrl Pts',(434.58062195354,-36.2156144749066,213.453127354115));
#3910=CARTESIAN_POINT('Ctrl Pts',(434.5,-36.1478264868695,213.670329308849));
#3911=CARTESIAN_POINT('',(440.,-35.0307764064044,211.));
#3912=CARTESIAN_POINT('',(425.5,-35.0307764064044,211.));
#3913=CARTESIAN_POINT('',(440.,-32.6990861463162,211.16421048448));
#3914=CARTESIAN_POINT('Origin',(440.,-34.,213.));
#3915=CARTESIAN_POINT('',(435.,-32.17583033237,211.682842065772));
#3916=CARTESIAN_POINT('Origin',(452.430954601812,-34.,213.));
#3917=CARTESIAN_POINT('',(435.,-32.17583033237,214.317157934228));
#3918=CARTESIAN_POINT('Origin',(435.,-34.,213.));
#3919=CARTESIAN_POINT('',(440.,-32.6990861463162,214.83578951552));
#3920=CARTESIAN_POINT('Origin',(452.430954601812,-34.,213.));
#3921=CARTESIAN_POINT('Origin',(440.,-34.,213.));
#3922=CARTESIAN_POINT('',(431.870828693387,-34.,210.75));
#3923=CARTESIAN_POINT('',(427.75,-36.0155644372401,212.000000000167));
#3924=CARTESIAN_POINT('Ctrl Pts',(431.870828693387,-34.,210.75));
#3925=CARTESIAN_POINT('Ctrl Pts',(431.870828693387,-34.2640343820927,210.75));
#3926=CARTESIAN_POINT('Ctrl Pts',(431.906012225487,-34.5423726115012,210.799081487589));
#3927=CARTESIAN_POINT('Ctrl Pts',(432.016021771785,-35.0567680083727,210.994643524028));
#3928=CARTESIAN_POINT('Ctrl Pts',(432.087302042481,-35.2936129497611,211.141029667561));
#3929=CARTESIAN_POINT('Ctrl Pts',(432.194604121427,-35.6726898582472,211.47501169836));
#3930=CARTESIAN_POINT('Ctrl Pts',(432.242079180354,-35.859681536852,211.708578650435));
#3931=CARTESIAN_POINT('Ctrl Pts',(432.254195236337,-36.0718114020017,212.101267689201));
#3932=CARTESIAN_POINT('Ctrl Pts',(432.23929487136,-36.1472871841438,212.298160365014));
#3933=CARTESIAN_POINT('Ctrl Pts',(432.150321423512,-36.2380396784822,212.692429753951));
#3934=CARTESIAN_POINT('Ctrl Pts',(432.07575707725,-36.253796030156,212.889584872389));
#3935=CARTESIAN_POINT('Ctrl Pts',(431.892009627368,-36.2445248643026,213.233344873964));
#3936=CARTESIAN_POINT('Ctrl Pts',(431.769194052138,-36.2185596739941,213.405563096333));
#3937=CARTESIAN_POINT('Ctrl Pts',(431.481934218556,-36.1420618901937,213.705733252056));
#3938=CARTESIAN_POINT('Ctrl Pts',(431.317453417756,-36.0925227921653,213.833902542529));
#3939=CARTESIAN_POINT('Ctrl Pts',(430.991292529124,-36.0039042328523,214.028699513408));
#3940=CARTESIAN_POINT('Ctrl Pts',(430.801631960099,-35.9567961765996,214.112493810825));
#3941=CARTESIAN_POINT('Ctrl Pts',(430.403239283105,-35.889567101571,214.223205127905));
#3942=CARTESIAN_POINT('Ctrl Pts',(430.19424116767,-35.870828693387,214.25));
#3943=CARTESIAN_POINT('Ctrl Pts',(429.80575883233,-35.870828693387,214.25));
#3944=CARTESIAN_POINT('Ctrl Pts',(429.596760716895,-35.8895671015711,214.223205127905));
#3945=CARTESIAN_POINT('Ctrl Pts',(429.198368039901,-35.9567961765996,214.112493810825));
#3946=CARTESIAN_POINT('Ctrl Pts',(429.008707470876,-36.0039042328523,214.028699513408));
#3947=CARTESIAN_POINT('Ctrl Pts',(428.682546582244,-36.0925227921653,213.833902542529));
#3948=CARTESIAN_POINT('Ctrl Pts',(428.518065781444,-36.1420618901937,213.705733252056));
#3949=CARTESIAN_POINT('Ctrl Pts',(428.230805947862,-36.2185596739941,213.405563096333));
#3950=CARTESIAN_POINT('Ctrl Pts',(428.107990372632,-36.2445248643026,213.233344873964));
#3951=CARTESIAN_POINT('Ctrl Pts',(427.92424292275,-36.253796030156,212.889584872389));
#3952=CARTESIAN_POINT('Ctrl Pts',(427.849678576488,-36.2380396784822,212.692429753951));
#3953=CARTESIAN_POINT('Ctrl Pts',(427.76662208788,-36.153322454474,212.324380276241));
#3954=CARTESIAN_POINT('Ctrl Pts',(427.750000000023,-36.0917085515957,212.153473369385));
#3955=CARTESIAN_POINT('Ctrl Pts',(427.75,-36.0155644372401,212.000000000334));
#3956=CARTESIAN_POINT('',(427.75,-31.9844355627599,212.000000000167));
#3957=CARTESIAN_POINT('Ctrl Pts',(427.75,-36.0155644372401,212.000000000334));
#3958=CARTESIAN_POINT('Ctrl Pts',(427.749999999996,-36.0038832246442,211.976455763634));
#3959=CARTESIAN_POINT('Ctrl Pts',(427.750369875935,-35.9918846789852,211.953309512681));
#3960=CARTESIAN_POINT('Ctrl Pts',(427.757920819646,-35.859681536852,211.708578650435));
#3961=CARTESIAN_POINT('Ctrl Pts',(427.805395878573,-35.6726898582472,211.47501169836));
#3962=CARTESIAN_POINT('Ctrl Pts',(427.912697957519,-35.2936129497611,211.141029667561));
#3963=CARTESIAN_POINT('Ctrl Pts',(427.983978228215,-35.0567680083727,210.994643524028));
#3964=CARTESIAN_POINT('Ctrl Pts',(428.093987774513,-34.5423726115012,210.799081487589));
#3965=CARTESIAN_POINT('Ctrl Pts',(428.129171306613,-34.2640343820927,210.75));
#3966=CARTESIAN_POINT('Ctrl Pts',(428.129171306613,-33.7359656179073,210.75));
#3967=CARTESIAN_POINT('Ctrl Pts',(428.093987774513,-33.4576273884988,210.799081487589));
#3968=CARTESIAN_POINT('Ctrl Pts',(427.983978228215,-32.9432319916273,210.994643524028));
#3969=CARTESIAN_POINT('Ctrl Pts',(427.912697957519,-32.7063870502389,211.141029667561));
#3970=CARTESIAN_POINT('Ctrl Pts',(427.805395878573,-32.3273101417528,211.47501169836));
#3971=CARTESIAN_POINT('Ctrl Pts',(427.757920819646,-32.140318463148,211.708578650435));
#3972=CARTESIAN_POINT('Ctrl Pts',(427.750369875935,-32.0081153210148,211.953309512681));
#3973=CARTESIAN_POINT('Ctrl Pts',(427.749999999996,-31.9961167753558,211.976455763634));
#3974=CARTESIAN_POINT('Ctrl Pts',(427.75,-31.9844355627599,212.000000000334));
#3975=CARTESIAN_POINT('Ctrl Pts',(427.75,-31.9844355627599,212.000000000334));
#3976=CARTESIAN_POINT('Ctrl Pts',(427.750000000023,-31.9082914484043,212.153473369385));
#3977=CARTESIAN_POINT('Ctrl Pts',(427.76662208788,-31.846677545526,212.324380276241));
#3978=CARTESIAN_POINT('Ctrl Pts',(427.849678576488,-31.7619603215178,212.692429753951));
#3979=CARTESIAN_POINT('Ctrl Pts',(427.92424292275,-31.746203969844,212.889584872389));
#3980=CARTESIAN_POINT('Ctrl Pts',(428.107990372632,-31.7554751356974,213.233344873964));
#3981=CARTESIAN_POINT('Ctrl Pts',(428.230805947862,-31.7814403260059,213.405563096333));
#3982=CARTESIAN_POINT('Ctrl Pts',(428.518065781444,-31.8579381098063,213.705733252056));
#3983=CARTESIAN_POINT('Ctrl Pts',(428.682546582244,-31.9074772078347,213.833902542529));
#3984=CARTESIAN_POINT('Ctrl Pts',(429.008707470876,-31.9960957671477,214.028699513408));
#3985=CARTESIAN_POINT('Ctrl Pts',(429.198368039901,-32.0432038234004,214.112493810825));
#3986=CARTESIAN_POINT('Ctrl Pts',(429.596760716895,-32.110432898429,214.223205127905));
#3987=CARTESIAN_POINT('Ctrl Pts',(429.80575883233,-32.129171306613,214.25));
#3988=CARTESIAN_POINT('Ctrl Pts',(430.19424116767,-32.129171306613,214.25));
#3989=CARTESIAN_POINT('Ctrl Pts',(430.403239283105,-32.110432898429,214.223205127905));
#3990=CARTESIAN_POINT('Ctrl Pts',(430.801631960099,-32.0432038234004,214.112493810825));
#3991=CARTESIAN_POINT('Ctrl Pts',(430.991292529124,-31.9960957671477,214.028699513408));
#3992=CARTESIAN_POINT('Ctrl Pts',(431.317453417756,-31.9074772078347,213.833902542529));
#3993=CARTESIAN_POINT('Ctrl Pts',(431.481934218556,-31.8579381098063,213.705733252056));
#3994=CARTESIAN_POINT('Ctrl Pts',(431.769194052138,-31.7814403260059,213.405563096333));
#3995=CARTESIAN_POINT('Ctrl Pts',(431.892009627368,-31.7554751356974,213.233344873964));
#3996=CARTESIAN_POINT('Ctrl Pts',(432.07575707725,-31.746203969844,212.889584872389));
#3997=CARTESIAN_POINT('Ctrl Pts',(432.150321423512,-31.7619603215178,212.692429753951));
#3998=CARTESIAN_POINT('Ctrl Pts',(432.23929487136,-31.8527128158562,212.298160365014));
#3999=CARTESIAN_POINT('Ctrl Pts',(432.254195236337,-31.9281885979983,212.101267689201));
#4000=CARTESIAN_POINT('Ctrl Pts',(432.242079180354,-32.140318463148,211.708578650435));
#4001=CARTESIAN_POINT('Ctrl Pts',(432.194604121427,-32.3273101417528,211.47501169836));
#4002=CARTESIAN_POINT('Ctrl Pts',(432.087302042481,-32.7063870502389,211.141029667561));
#4003=CARTESIAN_POINT('Ctrl Pts',(432.016021771785,-32.9432319916273,210.994643524028));
#4004=CARTESIAN_POINT('Ctrl Pts',(431.906012225487,-33.4576273884988,210.799081487589));
#4005=CARTESIAN_POINT('Ctrl Pts',(431.870828693387,-33.7359656179073,210.75));
#4006=CARTESIAN_POINT('Ctrl Pts',(431.870828693387,-34.,210.75));
#4007=CARTESIAN_POINT('Origin',(485.,0.,268.));
#4008=CARTESIAN_POINT('',(487.015564437075,-35.,269.));
#4009=CARTESIAN_POINT('',(482.75,-35.,268.));
#4010=CARTESIAN_POINT('Origin',(485.,-35.,268.));
#4011=CARTESIAN_POINT('',(487.015564437075,-36.5,269.));
#4012=CARTESIAN_POINT('',(487.015564437075,0.,269.));
#4013=CARTESIAN_POINT('',(482.984435562925,-36.5,269.));
#4014=CARTESIAN_POINT('Origin',(485.,-36.5,268.));
#4015=CARTESIAN_POINT('',(482.984435562925,-35.,269.));
#4016=CARTESIAN_POINT('',(482.984435562925,0.,269.));
#4017=CARTESIAN_POINT('Origin',(485.,-35.,268.));
#4018=CARTESIAN_POINT('',(482.75,-27.5,268.));
#4019=CARTESIAN_POINT('',(482.75,0.,268.));
#4020=CARTESIAN_POINT('Origin',(485.,-27.5,268.));
#4021=CARTESIAN_POINT('Origin',(485.,0.,212.));
#4022=CARTESIAN_POINT('',(482.984435562925,-35.,211.));
#4023=CARTESIAN_POINT('',(482.75,-35.,212.));
#4024=CARTESIAN_POINT('Origin',(485.,-35.,212.));
#4025=CARTESIAN_POINT('',(482.984435562925,-36.5,211.));
#4026=CARTESIAN_POINT('',(482.984435562925,0.,211.));
#4027=CARTESIAN_POINT('',(487.015564437075,-36.5,211.));
#4028=CARTESIAN_POINT('Origin',(485.,-36.5,212.));
#4029=CARTESIAN_POINT('',(487.015564437075,-35.,211.));
#4030=CARTESIAN_POINT('',(487.015564437075,0.,211.));
#4031=CARTESIAN_POINT('Origin',(485.,-35.,212.));
#4032=CARTESIAN_POINT('',(482.75,-27.5,212.));
#4033=CARTESIAN_POINT('',(482.75,0.,212.));
#4034=CARTESIAN_POINT('Origin',(485.,-27.5,212.));
#4035=CARTESIAN_POINT('Origin',(430.,0.,268.));
#4036=CARTESIAN_POINT('',(432.015564437075,-39.9071938528851,269.));
#4037=CARTESIAN_POINT('',(432.015564437075,-39.6568542494924,269.));
#4038=CARTESIAN_POINT('',(432.015564437075,0.,269.));
#4039=CARTESIAN_POINT('',(428.219103658846,-39.5098898179513,269.375102985985));
#4040=CARTESIAN_POINT('Origin',(430.,-39.6962626908636,268.));
#4041=CARTESIAN_POINT('',(427.75,-39.9160797830996,268.));
#4042=CARTESIAN_POINT('Ctrl Pts',(427.75,-39.9160797830996,268.));
#4043=CARTESIAN_POINT('Ctrl Pts',(427.75,-39.8664243497012,268.29376550565));
#4044=CARTESIAN_POINT('Ctrl Pts',(427.810665241201,-39.7899583001443,268.600760486444));
#4045=CARTESIAN_POINT('Ctrl Pts',(428.00491091774,-39.6390679656753,269.058252299491));
#4046=CARTESIAN_POINT('Ctrl Pts',(428.104007010993,-39.5741446248912,269.226041278513));
#4047=CARTESIAN_POINT('Ctrl Pts',(428.219103658846,-39.5098898179513,269.375102985985));
#4048=CARTESIAN_POINT('',(427.75,0.,268.));
#4049=CARTESIAN_POINT('',(427.75,-27.5,268.));
#4050=CARTESIAN_POINT('',(427.75,0.,268.));
#4051=CARTESIAN_POINT('Origin',(430.,-27.5,268.));
#4052=CARTESIAN_POINT('Ctrl Pts',(432.015564437075,-39.6568542494924,269.));
#4053=CARTESIAN_POINT('Ctrl Pts',(432.035201143407,-39.6708475557362,268.960420953055));
#4054=CARTESIAN_POINT('Ctrl Pts',(432.053717779275,-39.684610825932,268.920168665549));
#4055=CARTESIAN_POINT('Ctrl Pts',(432.189334758799,-39.7899583001444,268.600760486443));
#4056=CARTESIAN_POINT('Ctrl Pts',(432.25,-39.8664243497012,268.29376550565));
#4057=CARTESIAN_POINT('Ctrl Pts',(432.25,-39.9631841580337,267.721326759757));
#4058=CARTESIAN_POINT('Ctrl Pts',(432.194827932142,-39.9915769216988,267.421444590731));
#4059=CARTESIAN_POINT('Ctrl Pts',(431.967398282708,-40.0049309184689,266.868037085364));
#4060=CARTESIAN_POINT('Ctrl Pts',(431.795132060735,-39.9909787861674,266.61454205479));
#4061=CARTESIAN_POINT('Ctrl Pts',(431.396455604541,-39.9516176399432,266.213113120623));
#4062=CARTESIAN_POINT('Ctrl Pts',(431.143172423817,-39.9236760452868,266.038794789203));
#4063=CARTESIAN_POINT('Ctrl Pts',(430.58725298503,-39.8814215689099,265.807215814516));
#4064=CARTESIAN_POINT('Ctrl Pts',(430.284504604556,-39.8683472971528,265.75));
#4065=CARTESIAN_POINT('Ctrl Pts',(429.715495395444,-39.8683472971528,265.75));
#4066=CARTESIAN_POINT('Ctrl Pts',(429.41274701497,-39.8814215689099,265.807215814516));
#4067=CARTESIAN_POINT('Ctrl Pts',(428.856827576183,-39.9236760452868,266.038794789203));
#4068=CARTESIAN_POINT('Ctrl Pts',(428.603544395459,-39.9516176399432,266.213113120623));
#4069=CARTESIAN_POINT('Ctrl Pts',(428.204867939265,-39.9909787861674,266.61454205479));
#4070=CARTESIAN_POINT('Ctrl Pts',(428.032601717292,-40.0049309184689,266.868037085364));
#4071=CARTESIAN_POINT('Ctrl Pts',(427.805172067858,-39.9915769216988,267.421444590731));
#4072=CARTESIAN_POINT('Ctrl Pts',(427.75,-39.9631841580338,267.721326759757));
#4073=CARTESIAN_POINT('Ctrl Pts',(427.75,-39.9160797830996,268.));
#4074=CARTESIAN_POINT('Origin',(430.,0.,212.));
#4075=CARTESIAN_POINT('',(432.015564437075,-39.6568542494924,211.));
#4076=CARTESIAN_POINT('',(432.015564437075,0.,211.));
#4077=CARTESIAN_POINT('',(427.75,-39.9160797830996,212.));
#4078=CARTESIAN_POINT('Ctrl Pts',(427.75,-39.9160797830996,212.));
#4079=CARTESIAN_POINT('Ctrl Pts',(427.75,-39.9631841580337,212.278673240243));
#4080=CARTESIAN_POINT('Ctrl Pts',(427.805172067858,-39.9915769216988,212.578555409269));
#4081=CARTESIAN_POINT('Ctrl Pts',(428.032601717292,-40.0049309184689,213.131962914636));
#4082=CARTESIAN_POINT('Ctrl Pts',(428.204867939265,-39.9909787861674,213.38545794521));
#4083=CARTESIAN_POINT('Ctrl Pts',(428.603544395459,-39.9516176399432,213.786886879377));
#4084=CARTESIAN_POINT('Ctrl Pts',(428.856827576183,-39.9236760452868,213.961205210797));
#4085=CARTESIAN_POINT('Ctrl Pts',(429.41274701497,-39.8814215689099,214.192784185484));
#4086=CARTESIAN_POINT('Ctrl Pts',(429.715495395444,-39.8683472971528,214.25));
#4087=CARTESIAN_POINT('Ctrl Pts',(430.,-39.8683472971528,214.25));
#4088=CARTESIAN_POINT('Ctrl Pts',(430.284504604556,-39.8683472971528,214.25));
#4089=CARTESIAN_POINT('Ctrl Pts',(430.58725298503,-39.8814215689099,214.192784185484));
#4090=CARTESIAN_POINT('Ctrl Pts',(431.143172423817,-39.9236760452868,213.961205210797));
#4091=CARTESIAN_POINT('Ctrl Pts',(431.396455604541,-39.9516176399432,213.786886879377));
#4092=CARTESIAN_POINT('Ctrl Pts',(431.795132060735,-39.9909787861674,213.38545794521));
#4093=CARTESIAN_POINT('Ctrl Pts',(431.967398282708,-40.0049309184689,213.131962914636));
#4094=CARTESIAN_POINT('Ctrl Pts',(432.194827932142,-39.9915769216988,212.578555409269));
#4095=CARTESIAN_POINT('Ctrl Pts',(432.25,-39.9631841580337,212.278673240243));
#4096=CARTESIAN_POINT('Ctrl Pts',(432.25,-39.8664243497012,211.70623449435));
#4097=CARTESIAN_POINT('Ctrl Pts',(432.189334758799,-39.7899583001443,211.399239513556));
#4098=CARTESIAN_POINT('Ctrl Pts',(432.053717779275,-39.684610825932,211.079831334451));
#4099=CARTESIAN_POINT('Ctrl Pts',(432.035201143407,-39.6708475557362,211.039579046945));
#4100=CARTESIAN_POINT('Ctrl Pts',(432.015564437075,-39.6568542494924,211.));
#4101=CARTESIAN_POINT('',(427.75,0.,212.));
#4102=CARTESIAN_POINT('',(427.75,-27.5,212.));
#4103=CARTESIAN_POINT('',(427.75,0.,212.));
#4104=CARTESIAN_POINT('Origin',(430.,-27.5,212.));
#4105=CARTESIAN_POINT('Ctrl Pts',(428.219103658846,-39.5098898179514,210.624897014015));
#4106=CARTESIAN_POINT('Ctrl Pts',(428.104007010993,-39.5741446248912,210.773958721487));
#4107=CARTESIAN_POINT('Ctrl Pts',(428.00491091774,-39.6390679656753,210.941747700509));
#4108=CARTESIAN_POINT('Ctrl Pts',(427.810665241201,-39.7899583001443,211.399239513556));
#4109=CARTESIAN_POINT('Ctrl Pts',(427.75,-39.8664243497012,211.70623449435));
#4110=CARTESIAN_POINT('Ctrl Pts',(427.75,-39.9160797830996,212.));
#4111=CARTESIAN_POINT('Origin',(485.,0.,268.));
#4112=CARTESIAN_POINT('',(487.015564437075,-42.,269.));
#4113=CARTESIAN_POINT('',(487.015564437075,-37.619319633929,269.));
#4114=CARTESIAN_POINT('',(487.015564437075,0.,269.));
#4115=CARTESIAN_POINT('',(482.984435562925,-42.,269.));
#4116=CARTESIAN_POINT('Origin',(485.,-42.,268.));
#4117=CARTESIAN_POINT('',(482.984435562925,-37.1974573098883,269.));
#4118=CARTESIAN_POINT('',(482.984435562925,0.,269.));
#4119=CARTESIAN_POINT('Origin',(485.,-37.4083884719186,268.));
#4120=CARTESIAN_POINT('Origin',(485.,-42.,268.));
#4121=CARTESIAN_POINT('',(481.5,-42.,269.));
#4122=CARTESIAN_POINT('Origin',(457.41633105827,-34.52172544312,240.));
#4123=CARTESIAN_POINT('',(482.65,-37.16245823935,269.));
#4124=CARTESIAN_POINT('',(467.9837377722,-35.62761684341,269.));
#4125=CARTESIAN_POINT('',(480.87891979156,-36.97711263615,271.5));
#4126=CARTESIAN_POINT('Origin',(480.,-36.88513265796,269.));
#4127=CARTESIAN_POINT('',(482.65,-37.16245823936,274.));
#4128=CARTESIAN_POINT('Origin',(480.,-36.88513265796,274.));
#4129=CARTESIAN_POINT('',(500.41633105827,-39.02172544312,274.));
#4130=CARTESIAN_POINT('',(457.41633105827,-34.52172544312,274.));
#4131=CARTESIAN_POINT('',(500.41633105827,-39.02172544312,269.));
#4132=CARTESIAN_POINT('',(500.41633105827,-39.02172544312,240.));
#4133=CARTESIAN_POINT('',(467.9837377722,-35.62761684341,269.));
#4134=CARTESIAN_POINT('Origin',(485.,-36.5,240.));
#4135=CARTESIAN_POINT('',(490.,-36.5,269.));
#4136=CARTESIAN_POINT('',(481.5,-36.5,269.));
#4137=CARTESIAN_POINT('',(490.,-36.5,240.));
#4138=CARTESIAN_POINT('',(480.87891979155,-36.5,271.5));
#4139=CARTESIAN_POINT('Origin',(480.,-36.5,274.));
#4140=CARTESIAN_POINT('',(482.64999999999,-36.5,269.));
#4141=CARTESIAN_POINT('Origin',(480.,-36.5,269.));
#4142=CARTESIAN_POINT('',(481.5,-36.5,269.));
#4143=CARTESIAN_POINT('Origin',(478.,-42.,269.));
#4144=CARTESIAN_POINT('',(490.,-35.,269.));
#4145=CARTESIAN_POINT('',(478.,-35.,269.));
#4146=CARTESIAN_POINT('',(490.,-21.,269.));
#4147=CARTESIAN_POINT('Origin',(485.,0.,212.));
#4148=CARTESIAN_POINT('',(482.984435562925,-42.,211.));
#4149=CARTESIAN_POINT('',(482.984435562925,-37.1974573098883,211.));
#4150=CARTESIAN_POINT('',(482.984435562925,0.,211.));
#4151=CARTESIAN_POINT('',(487.015564437075,-42.,211.));
#4152=CARTESIAN_POINT('Origin',(485.,-42.,212.));
#4153=CARTESIAN_POINT('',(487.015564437075,-37.619319633929,211.));
#4154=CARTESIAN_POINT('',(487.015564437075,0.,211.));
#4155=CARTESIAN_POINT('Origin',(485.,-37.4083884719186,212.));
#4156=CARTESIAN_POINT('Origin',(485.,-42.,212.));
#4157=CARTESIAN_POINT('',(481.5,-42.,211.));
#4158=CARTESIAN_POINT('Origin',(457.41633105827,-34.52172544312,240.));
#4159=CARTESIAN_POINT('',(500.41633105827,-39.02172544312,211.));
#4160=CARTESIAN_POINT('',(467.9837377722,-35.62761684341,211.));
#4161=CARTESIAN_POINT('',(500.41633105827,-39.02172544312,240.));
#4162=CARTESIAN_POINT('',(480.87891979156,-36.97711263615,208.5));
#4163=CARTESIAN_POINT('Origin',(480.,-36.88513265796,206.));
#4164=CARTESIAN_POINT('',(482.65,-37.16245823935,211.));
#4165=CARTESIAN_POINT('Origin',(480.,-36.88513265796,211.));
#4166=CARTESIAN_POINT('',(467.9837377722,-35.62761684341,211.));
#4167=CARTESIAN_POINT('Origin',(485.,-36.5,240.));
#4168=CARTESIAN_POINT('',(482.64999999999,-36.5,211.));
#4169=CARTESIAN_POINT('',(481.5,-36.5,211.));
#4170=CARTESIAN_POINT('',(480.87891979155,-36.5,208.5));
#4171=CARTESIAN_POINT('Origin',(480.,-36.5,211.));
#4172=CARTESIAN_POINT('',(482.64999999999,-36.5,206.));
#4173=CARTESIAN_POINT('Origin',(480.,-36.5,206.));
#4174=CARTESIAN_POINT('',(490.,-36.5,206.));
#4175=CARTESIAN_POINT('',(485.,-36.5,206.));
#4176=CARTESIAN_POINT('',(490.,-36.5,211.));
#4177=CARTESIAN_POINT('',(490.,-36.5,240.));
#4178=CARTESIAN_POINT('',(481.5,-36.5,211.));
#4179=CARTESIAN_POINT('Origin',(478.,-42.,211.));
#4180=CARTESIAN_POINT('',(482.64999999999,-35.,211.));
#4181=CARTESIAN_POINT('',(478.,-35.,211.));
#4182=CARTESIAN_POINT('',(482.65,-39.,211.));
#4183=CARTESIAN_POINT('Origin',(456.58366894172,-42.47827455687,240.));
#4184=CARTESIAN_POINT('',(425.,-39.1730068769078,270.039736806282));
#4185=CARTESIAN_POINT('',(425.,-39.1730068769078,274.));
#4186=CARTESIAN_POINT('',(425.,-39.1730068769078,240.));
#4187=CARTESIAN_POINT('Origin',(375.569045398658,-34.,267.));
#4188=CARTESIAN_POINT('',(499.58366894172,-46.97827455687,269.));
#4189=CARTESIAN_POINT('',(467.15107565564,-43.58416595717,269.));
#4190=CARTESIAN_POINT('',(499.58366894172,-46.97827455687,274.));
#4191=CARTESIAN_POINT('',(499.58366894172,-46.97827455687,240.));
#4192=CARTESIAN_POINT('',(495.,-46.49858827228,274.));
#4193=CARTESIAN_POINT('',(456.58366894172,-42.47827455687,274.));
#4194=CARTESIAN_POINT('',(456.58366894172,-42.47827455687,274.));
#4195=CARTESIAN_POINT('Origin',(429.75,-34.,213.));
#4196=CARTESIAN_POINT('',(434.5,-39.6568542494924,211.));
#4197=CARTESIAN_POINT('',(429.75,-39.6568542494924,211.));
#4198=CARTESIAN_POINT('',(434.5,-35.,218.9160797831));
#4199=CARTESIAN_POINT('Origin',(434.5,-34.,213.));
#4200=CARTESIAN_POINT('',(426.,-35.,218.9160797831));
#4201=CARTESIAN_POINT('',(429.75,-35.,218.9160797831));
#4202=CARTESIAN_POINT('',(426.,-39.27765803972,215.854176871846));
#4203=CARTESIAN_POINT('Origin',(426.,-34.,213.));
#4204=CARTESIAN_POINT('',(425.,-39.1730068769078,216.039736806282));
#4205=CARTESIAN_POINT('Origin',(375.569045398658,-34.,213.));
#4206=CARTESIAN_POINT('Origin',(425.,-34.,213.));
#4207=CARTESIAN_POINT('Origin',(440.,-34.,267.));
#4208=CARTESIAN_POINT('',(440.,-35.,269.));
#4209=CARTESIAN_POINT('',(440.,-35.,253.5));
#4210=CARTESIAN_POINT('',(440.,-38.,269.));
#4211=CARTESIAN_POINT('',(440.,-32.6990861463162,253.5));
#4212=CARTESIAN_POINT('Origin',(478.,-35.,240.));
#4213=CARTESIAN_POINT('',(434.5,-35.,261.0839202169));
#4214=CARTESIAN_POINT('',(434.5,-35.,253.5));
#4215=CARTESIAN_POINT('',(426.,-35.,261.0839202169));
#4216=CARTESIAN_POINT('',(429.75,-35.,261.0839202169));
#4217=CARTESIAN_POINT('',(426.,-35.,240.));
#4218=CARTESIAN_POINT('',(434.5,-35.,226.5));
#4219=CARTESIAN_POINT('',(440.,-35.,211.));
#4220=CARTESIAN_POINT('',(440.,-35.,226.5));
#4221=CARTESIAN_POINT('',(460.04040820577,-35.,211.));
#4222=CARTESIAN_POINT('',(478.,-35.,211.));
#4223=CARTESIAN_POINT('',(460.04040820577,-35.,216.));
#4224=CARTESIAN_POINT('',(460.04040820577,-35.,205.));
#4225=CARTESIAN_POINT('',(461.98651015734,-35.,216.));
#4226=CARTESIAN_POINT('',(470.,-35.,216.));
#4227=CARTESIAN_POINT('',(461.98651015734,-35.,220.));
#4228=CARTESIAN_POINT('',(461.98651015734,-35.,240.));
#4229=CARTESIAN_POINT('',(435.,-35.,220.));
#4230=CARTESIAN_POINT('',(468.,-35.,220.));
#4231=CARTESIAN_POINT('',(435.,-35.,260.));
#4232=CARTESIAN_POINT('',(435.,-35.,240.));
#4233=CARTESIAN_POINT('',(461.98651015734,-35.,260.));
#4234=CARTESIAN_POINT('',(468.,-35.,260.));
#4235=CARTESIAN_POINT('',(461.98651015734,-35.,264.));
#4236=CARTESIAN_POINT('',(461.98651015734,-35.,240.));
#4237=CARTESIAN_POINT('',(460.04040820577,-35.,264.));
#4238=CARTESIAN_POINT('',(470.,-35.,264.));
#4239=CARTESIAN_POINT('',(460.04040820577,-35.,269.));
#4240=CARTESIAN_POINT('',(460.04040820577,-35.,275.));
#4241=CARTESIAN_POINT('',(478.,-35.,269.));
#4242=CARTESIAN_POINT('Origin',(434.5,-34.,267.));
#4243=CARTESIAN_POINT('',(434.5,-36.5,266.329670691151));
#4244=CARTESIAN_POINT('',(434.5,-32.,266.329670691151));
#4245=CARTESIAN_POINT('',(434.5,-36.5,269.));
#4246=CARTESIAN_POINT('',(434.5,-36.5,267.5));
#4247=CARTESIAN_POINT('',(434.5,-39.6568542494924,269.));
#4248=CARTESIAN_POINT('',(434.5,-38.,269.));
#4249=CARTESIAN_POINT('Origin',(434.5,-34.,267.));
#4250=CARTESIAN_POINT('Origin',(457.41633105827,-34.52172544312,240.));
#4251=CARTESIAN_POINT('',(435.,-32.17583033237,274.));
#4252=CARTESIAN_POINT('',(435.,-32.17583033237,240.));
#4253=CARTESIAN_POINT('',(459.94534903528,-34.78639011513,274.));
#4254=CARTESIAN_POINT('',(457.41633105827,-34.52172544312,274.));
#4255=CARTESIAN_POINT('',(459.94534903528,-34.78639011513,264.));
#4256=CARTESIAN_POINT('',(459.94534903528,-34.78639011513,276.));
#4257=CARTESIAN_POINT('',(459.65633373314,-34.7561443277,264.));
#4258=CARTESIAN_POINT('',(435.,-32.17583033237,260.));
#4259=CARTESIAN_POINT('',(457.9626731741,-34.57890078082,260.));
#4260=CARTESIAN_POINT('',(435.,-32.17583033237,240.));
#4261=CARTESIAN_POINT('Origin',(440.,-34.,213.));
#4262=CARTESIAN_POINT('',(440.,-32.6990861463162,226.5));
#4263=CARTESIAN_POINT('',(440.,-38.,211.));
#4264=CARTESIAN_POINT('Origin',(478.,-42.,211.));
#4265=CARTESIAN_POINT('',(482.65,-39.,211.));
#4266=CARTESIAN_POINT('',(482.65,-39.,211.));
#4267=CARTESIAN_POINT('',(482.5,-39.,211.));
#4268=CARTESIAN_POINT('',(479.,-39.,211.));
#4269=CARTESIAN_POINT('',(477.5,-39.,211.));
#4270=CARTESIAN_POINT('',(479.,-39.,211.));
#4271=CARTESIAN_POINT('',(477.35,-39.,211.));
#4272=CARTESIAN_POINT('',(479.,-39.,211.));
#4273=CARTESIAN_POINT('',(477.34999999999,-36.60780707655,211.));
#4274=CARTESIAN_POINT('',(477.35,-39.,211.));
#4275=CARTESIAN_POINT('',(463.84732378075,-35.19473630942,211.));
#4276=CARTESIAN_POINT('',(467.9837377722,-35.62761684341,211.));
#4277=CARTESIAN_POINT('Origin',(462.,-34.,211.));
#4278=CARTESIAN_POINT('',(434.694677837722,-36.5,211.));
#4279=CARTESIAN_POINT('',(434.694677837722,-32.,211.));
#4280=CARTESIAN_POINT('',(434.5,-36.5,211.));
#4281=CARTESIAN_POINT('',(454.,-36.5,211.));
#4282=CARTESIAN_POINT('',(434.5,-38.,211.));
#4283=CARTESIAN_POINT('',(499.93259328607,-43.6441085997,211.));
#4284=CARTESIAN_POINT('Origin',(457.41633105827,-34.52172544312,240.));
#4285=CARTESIAN_POINT('',(435.,-32.17583033237,220.));
#4286=CARTESIAN_POINT('',(435.,-32.17583033237,240.));
#4287=CARTESIAN_POINT('',(457.9626731741,-34.57890078082,220.));
#4288=CARTESIAN_POINT('',(459.94534903528,-34.78639011513,216.));
#4289=CARTESIAN_POINT('',(459.65633373314,-34.7561443277,216.));
#4290=CARTESIAN_POINT('',(459.94534903528,-34.78639011513,204.));
#4291=CARTESIAN_POINT('',(435.,-32.17583033237,240.));
#4292=CARTESIAN_POINT('Origin',(430.,-32.,268.));
#4293=CARTESIAN_POINT('',(428.940897283917,-35.9282897699222,272.681698563213));
#4294=CARTESIAN_POINT('',(431.059102716083,-35.9282897699222,272.681698563213));
#4295=CARTESIAN_POINT('Ctrl Pts',(428.940897283918,-35.9282897699225,272.681698563213));
#4296=CARTESIAN_POINT('Ctrl Pts',(428.970557767211,-35.9085192200197,272.68840841392));
#4297=CARTESIAN_POINT('Ctrl Pts',(429.00037002949,-35.8891791180013,272.694856806636));
#4298=CARTESIAN_POINT('Ctrl Pts',(429.175180393479,-35.7792817212116,272.73091153634));
#4299=CARTESIAN_POINT('Ctrl Pts',(429.323109077496,-35.6992316307476,272.754700681647));
#4300=CARTESIAN_POINT('Ctrl Pts',(429.639738283569,-35.5780301119807,272.789109584885));
#4301=CARTESIAN_POINT('Ctrl Pts',(429.808160307264,-35.5362291495736,272.8));
#4302=CARTESIAN_POINT('Ctrl Pts',(430.,-35.5362291495736,272.8));
#4303=CARTESIAN_POINT('Ctrl Pts',(430.191839692736,-35.5362291495736,272.8));
#4304=CARTESIAN_POINT('Ctrl Pts',(430.360261716431,-35.5780301119807,272.789109584885));
#4305=CARTESIAN_POINT('Ctrl Pts',(430.676890922504,-35.6992316307476,272.754700681647));
#4306=CARTESIAN_POINT('Ctrl Pts',(430.824819606521,-35.7792817212116,272.73091153634));
#4307=CARTESIAN_POINT('Ctrl Pts',(430.999629955023,-35.8891791082653,272.69485680983));
#4308=CARTESIAN_POINT('Ctrl Pts',(431.029442219871,-35.9085192114085,272.688408416842));
#4309=CARTESIAN_POINT('Ctrl Pts',(431.059102716082,-35.9282897699225,272.681698563213));
#4310=CARTESIAN_POINT('Ctrl Pts',(431.059102716083,-35.9282897699222,272.681698563213));
#4311=CARTESIAN_POINT('Ctrl Pts',(430.990791832521,-35.9658091528733,272.697151980672));
#4312=CARTESIAN_POINT('Ctrl Pts',(430.920101684339,-35.9998937674269,272.711563349225));
#4313=CARTESIAN_POINT('Ctrl Pts',(430.577190113742,-36.1430727931935,272.773087255347));
#4314=CARTESIAN_POINT('Ctrl Pts',(430.28061300558,-36.2,272.8));
#4315=CARTESIAN_POINT('Ctrl Pts',(429.71938699442,-36.2,272.8));
#4316=CARTESIAN_POINT('Ctrl Pts',(429.422809886258,-36.1430727931935,272.773087255347));
#4317=CARTESIAN_POINT('Ctrl Pts',(429.079898315661,-35.9998937674269,272.711563349225));
#4318=CARTESIAN_POINT('Ctrl Pts',(429.009208167479,-35.9658091528733,272.697151980672));
#4319=CARTESIAN_POINT('Ctrl Pts',(428.940897283917,-35.9282897699222,272.681698563213));
#4320=CARTESIAN_POINT('Origin',(430.,-32.,268.));
#4321=CARTESIAN_POINT('',(431.059102716083,-32.0717102300778,272.681698563213));
#4322=CARTESIAN_POINT('',(428.940897283917,-32.0717102300778,272.681698563213));
#4323=CARTESIAN_POINT('Ctrl Pts',(431.059102716082,-32.0717102300775,272.681698563213));
#4324=CARTESIAN_POINT('Ctrl Pts',(431.029442232789,-32.0914807799803,272.68840841392));
#4325=CARTESIAN_POINT('Ctrl Pts',(430.99962997051,-32.1108208819987,272.694856806636));
#4326=CARTESIAN_POINT('Ctrl Pts',(430.824819606521,-32.2207182787884,272.73091153634));
#4327=CARTESIAN_POINT('Ctrl Pts',(430.676890922504,-32.3007683692524,272.754700681647));
#4328=CARTESIAN_POINT('Ctrl Pts',(430.360261716431,-32.4219698880193,272.789109584885));
#4329=CARTESIAN_POINT('Ctrl Pts',(430.191839692736,-32.4637708504263,272.8));
#4330=CARTESIAN_POINT('Ctrl Pts',(430.,-32.4637708504263,272.8));
#4331=CARTESIAN_POINT('Ctrl Pts',(429.808160307264,-32.4637708504263,272.8));
#4332=CARTESIAN_POINT('Ctrl Pts',(429.639738283569,-32.4219698880193,272.789109584885));
#4333=CARTESIAN_POINT('Ctrl Pts',(429.323109077496,-32.3007683692524,272.754700681647));
#4334=CARTESIAN_POINT('Ctrl Pts',(429.175180393479,-32.2207182787884,272.73091153634));
#4335=CARTESIAN_POINT('Ctrl Pts',(429.000370044977,-32.1108208917347,272.69485680983));
#4336=CARTESIAN_POINT('Ctrl Pts',(428.970557780129,-32.0914807885915,272.688408416842));
#4337=CARTESIAN_POINT('Ctrl Pts',(428.940897283918,-32.0717102300776,272.681698563213));
#4338=CARTESIAN_POINT('Ctrl Pts',(428.940897283917,-32.0717102300778,272.681698563213));
#4339=CARTESIAN_POINT('Ctrl Pts',(429.009208167479,-32.0341908471267,272.697151980672));
#4340=CARTESIAN_POINT('Ctrl Pts',(429.079898315661,-32.0001062325731,272.711563349225));
#4341=CARTESIAN_POINT('Ctrl Pts',(429.422809886258,-31.8569272068065,272.773087255347));
#4342=CARTESIAN_POINT('Ctrl Pts',(429.71938699442,-31.8,272.8));
#4343=CARTESIAN_POINT('Ctrl Pts',(430.28061300558,-31.8,272.8));
#4344=CARTESIAN_POINT('Ctrl Pts',(430.577190113742,-31.8569272068065,272.773087255347));
#4345=CARTESIAN_POINT('Ctrl Pts',(430.920101684339,-32.0001062325731,272.711563349225));
#4346=CARTESIAN_POINT('Ctrl Pts',(430.990791832521,-32.0341908471268,272.697151980672));
#4347=CARTESIAN_POINT('Ctrl Pts',(431.059102716083,-32.0717102300778,272.681698563213));
#4348=CARTESIAN_POINT('Origin',(430.,-32.,268.));
#4349=CARTESIAN_POINT('',(434.694677837722,-36.5,269.));
#4350=CARTESIAN_POINT('',(434.694677837722,-32.,269.));
#4351=CARTESIAN_POINT('Origin',(430.,-36.5,268.));
#4352=CARTESIAN_POINT('Origin',(430.,-36.5,268.));
#4353=CARTESIAN_POINT('',(454.,-36.5,269.));
#4354=CARTESIAN_POINT('Origin',(430.,-34.,276.));
#4355=CARTESIAN_POINT('Ctrl Pts',(431.059102716083,-32.0717102300778,272.681698563213));
#4356=CARTESIAN_POINT('Ctrl Pts',(431.245455712532,-32.1740636044346,272.716435880318));
#4357=CARTESIAN_POINT('Ctrl Pts',(431.414117620675,-32.3028477834538,272.756834615473));
#4358=CARTESIAN_POINT('Ctrl Pts',(431.749444215748,-32.6381743785276,272.846853854265));
#4359=CARTESIAN_POINT('Ctrl Pts',(431.918370539017,-32.8838423112884,272.901604403841));
#4360=CARTESIAN_POINT('Ctrl Pts',(432.143716792128,-33.4251678856238,272.978654578431));
#4361=CARTESIAN_POINT('Ctrl Pts',(432.2,-33.721017814036,273.));
#4362=CARTESIAN_POINT('Ctrl Pts',(432.2,-34.278982185964,273.));
#4363=CARTESIAN_POINT('Ctrl Pts',(432.143716792128,-34.5748321143762,272.978654578431));
#4364=CARTESIAN_POINT('Ctrl Pts',(431.918370539017,-35.1161576887116,272.901604403841));
#4365=CARTESIAN_POINT('Ctrl Pts',(431.749444215748,-35.3618256214724,272.846853854265));
#4366=CARTESIAN_POINT('Ctrl Pts',(431.414117620675,-35.6971522165462,272.756834615473));
#4367=CARTESIAN_POINT('Ctrl Pts',(431.245455712531,-35.8259363955654,272.716435880318));
#4368=CARTESIAN_POINT('Ctrl Pts',(431.059102716083,-35.9282897699222,272.681698563213));
#4369=CARTESIAN_POINT('',(427.8,-34.,273.));
#4370=CARTESIAN_POINT('Ctrl Pts',(428.940897283917,-35.9282897699222,272.681698563213));
#4371=CARTESIAN_POINT('Ctrl Pts',(428.754544287469,-35.8259363955654,272.716435880318));
#4372=CARTESIAN_POINT('Ctrl Pts',(428.585882379325,-35.6971522165462,272.756834615473));
#4373=CARTESIAN_POINT('Ctrl Pts',(428.250555784252,-35.3618256214724,272.846853854265));
#4374=CARTESIAN_POINT('Ctrl Pts',(428.081629460983,-35.1161576887115,272.901604403841));
#4375=CARTESIAN_POINT('Ctrl Pts',(427.856283207872,-34.5748321143762,272.978654578431));
#4376=CARTESIAN_POINT('Ctrl Pts',(427.8,-34.278982185964,273.));
#4377=CARTESIAN_POINT('Ctrl Pts',(427.8,-34.,273.));
#4378=CARTESIAN_POINT('',(427.8,-34.,274.));
#4379=CARTESIAN_POINT('',(427.8,-34.,276.));
#4380=CARTESIAN_POINT('Origin',(430.,-34.,274.));
#4381=CARTESIAN_POINT('Ctrl Pts',(427.8,-34.,273.));
#4382=CARTESIAN_POINT('Ctrl Pts',(427.8,-33.721017814036,273.));
#4383=CARTESIAN_POINT('Ctrl Pts',(427.856283207872,-33.4251678856238,272.978654578431));
#4384=CARTESIAN_POINT('Ctrl Pts',(428.081629460983,-32.8838423112884,272.901604403841));
#4385=CARTESIAN_POINT('Ctrl Pts',(428.250555784252,-32.6381743785276,272.846853854265));
#4386=CARTESIAN_POINT('Ctrl Pts',(428.585882379325,-32.3028477834538,272.756834615473));
#4387=CARTESIAN_POINT('Ctrl Pts',(428.754544287468,-32.1740636044346,272.716435880318));
#4388=CARTESIAN_POINT('Ctrl Pts',(428.940897283917,-32.0717102300778,272.681698563213));
#4389=CARTESIAN_POINT('Origin',(478.,-42.,269.));
#4390=CARTESIAN_POINT('',(499.93259328607,-43.6441085997,269.));
#4391=CARTESIAN_POINT('',(429.75,-39.6568542494924,269.));
#4392=CARTESIAN_POINT('',(463.84732378075,-35.19473630942,269.));
#4393=CARTESIAN_POINT('Origin',(462.,-34.,269.));
#4394=CARTESIAN_POINT('',(477.34999999999,-36.60780707655,269.));
#4395=CARTESIAN_POINT('',(467.9837377722,-35.62761684341,269.));
#4396=CARTESIAN_POINT('',(477.35,-39.,269.));
#4397=CARTESIAN_POINT('',(477.35,-39.,269.));
#4398=CARTESIAN_POINT('',(477.5,-39.,269.));
#4399=CARTESIAN_POINT('',(479.,-39.,269.));
#4400=CARTESIAN_POINT('',(482.5,-39.,269.));
#4401=CARTESIAN_POINT('',(479.,-39.,269.));
#4402=CARTESIAN_POINT('',(482.65,-39.,269.));
#4403=CARTESIAN_POINT('',(479.,-39.,269.));
#4404=CARTESIAN_POINT('',(482.65,-39.,269.));
#4405=CARTESIAN_POINT('Origin',(430.,-32.,212.));
#4406=CARTESIAN_POINT('',(431.059102716083,-35.9282897699222,207.318301436787));
#4407=CARTESIAN_POINT('',(428.940897283917,-35.9282897699222,207.318301436787));
#4408=CARTESIAN_POINT('Ctrl Pts',(431.059102716082,-35.9282897699225,207.318301436787));
#4409=CARTESIAN_POINT('Ctrl Pts',(431.029442219871,-35.9085192114085,207.311591583158));
#4410=CARTESIAN_POINT('Ctrl Pts',(430.999629955023,-35.8891791082653,207.30514319017));
#4411=CARTESIAN_POINT('Ctrl Pts',(430.824819606521,-35.7792817212116,207.26908846366));
#4412=CARTESIAN_POINT('Ctrl Pts',(430.676890922504,-35.6992316307476,207.245299318353));
#4413=CARTESIAN_POINT('Ctrl Pts',(430.360261716431,-35.5780301119807,207.210890415115));
#4414=CARTESIAN_POINT('Ctrl Pts',(430.191839692736,-35.5362291495736,207.2));
#4415=CARTESIAN_POINT('Ctrl Pts',(429.808160307264,-35.5362291495736,207.2));
#4416=CARTESIAN_POINT('Ctrl Pts',(429.639738283569,-35.5780301119807,207.210890415115));
#4417=CARTESIAN_POINT('Ctrl Pts',(429.323109077496,-35.6992316307476,207.245299318353));
#4418=CARTESIAN_POINT('Ctrl Pts',(429.175180393479,-35.7792817212116,207.26908846366));
#4419=CARTESIAN_POINT('Ctrl Pts',(429.000370044977,-35.8891791082653,207.30514319017));
#4420=CARTESIAN_POINT('Ctrl Pts',(428.970557780129,-35.9085192114086,207.311591583158));
#4421=CARTESIAN_POINT('Ctrl Pts',(428.940897283918,-35.9282897699225,207.318301436787));
#4422=CARTESIAN_POINT('Ctrl Pts',(428.940897283917,-35.9282897699222,207.318301436787));
#4423=CARTESIAN_POINT('Ctrl Pts',(429.009208167479,-35.9658091528732,207.302848019328));
#4424=CARTESIAN_POINT('Ctrl Pts',(429.079898315661,-35.9998937674269,207.288436650775));
#4425=CARTESIAN_POINT('Ctrl Pts',(429.422809886258,-36.1430727931935,207.226912744653));
#4426=CARTESIAN_POINT('Ctrl Pts',(429.71938699442,-36.2,207.2));
#4427=CARTESIAN_POINT('Ctrl Pts',(430.28061300558,-36.2,207.2));
#4428=CARTESIAN_POINT('Ctrl Pts',(430.577190113742,-36.1430727931935,207.226912744653));
#4429=CARTESIAN_POINT('Ctrl Pts',(430.920101684339,-35.9998937674269,207.288436650775));
#4430=CARTESIAN_POINT('Ctrl Pts',(430.990791832521,-35.9658091528733,207.302848019328));
#4431=CARTESIAN_POINT('Ctrl Pts',(431.059102716083,-35.9282897699222,207.318301436787));
#4432=CARTESIAN_POINT('Origin',(430.,-32.,212.));
#4433=CARTESIAN_POINT('',(428.940897283917,-32.0717102300778,207.318301436787));
#4434=CARTESIAN_POINT('',(431.059102716083,-32.0717102300778,207.318301436787));
#4435=CARTESIAN_POINT('Ctrl Pts',(428.940897283918,-32.0717102300776,207.318301436787));
#4436=CARTESIAN_POINT('Ctrl Pts',(428.970557780129,-32.0914807885915,207.311591583158));
#4437=CARTESIAN_POINT('Ctrl Pts',(429.000370044977,-32.1108208917347,207.30514319017));
#4438=CARTESIAN_POINT('Ctrl Pts',(429.175180393479,-32.2207182787884,207.26908846366));
#4439=CARTESIAN_POINT('Ctrl Pts',(429.323109077496,-32.3007683692524,207.245299318353));
#4440=CARTESIAN_POINT('Ctrl Pts',(429.639738283569,-32.4219698880193,207.210890415115));
#4441=CARTESIAN_POINT('Ctrl Pts',(429.808160307264,-32.4637708504263,207.2));
#4442=CARTESIAN_POINT('Ctrl Pts',(430.191839692736,-32.4637708504263,207.2));
#4443=CARTESIAN_POINT('Ctrl Pts',(430.360261716431,-32.4219698880193,207.210890415115));
#4444=CARTESIAN_POINT('Ctrl Pts',(430.676890922504,-32.3007683692524,207.245299318353));
#4445=CARTESIAN_POINT('Ctrl Pts',(430.824819606521,-32.2207182787884,207.26908846366));
#4446=CARTESIAN_POINT('Ctrl Pts',(430.999629955023,-32.1108208917347,207.30514319017));
#4447=CARTESIAN_POINT('Ctrl Pts',(431.029442219871,-32.0914807885914,207.311591583158));
#4448=CARTESIAN_POINT('Ctrl Pts',(431.059102716082,-32.0717102300775,207.318301436787));
#4449=CARTESIAN_POINT('Ctrl Pts',(431.059102716083,-32.0717102300778,207.318301436787));
#4450=CARTESIAN_POINT('Ctrl Pts',(430.990791832521,-32.0341908471267,207.302848019328));
#4451=CARTESIAN_POINT('Ctrl Pts',(430.920101684339,-32.0001062325731,207.288436650775));
#4452=CARTESIAN_POINT('Ctrl Pts',(430.577190113742,-31.8569272068065,207.226912744653));
#4453=CARTESIAN_POINT('Ctrl Pts',(430.28061300558,-31.8,207.2));
#4454=CARTESIAN_POINT('Ctrl Pts',(429.71938699442,-31.8,207.2));
#4455=CARTESIAN_POINT('Ctrl Pts',(429.422809886258,-31.8569272068065,207.226912744653));
#4456=CARTESIAN_POINT('Ctrl Pts',(429.079898315661,-32.0001062325731,207.288436650775));
#4457=CARTESIAN_POINT('Ctrl Pts',(429.009208167479,-32.0341908471268,207.302848019328));
#4458=CARTESIAN_POINT('Ctrl Pts',(428.940897283917,-32.0717102300778,207.318301436787));
#4459=CARTESIAN_POINT('Origin',(430.,-32.,212.));
#4460=CARTESIAN_POINT('',(434.5,-36.5,213.670329308849));
#4461=CARTESIAN_POINT('',(434.5,-32.,213.670329308849));
#4462=CARTESIAN_POINT('Origin',(430.,-36.5,212.));
#4463=CARTESIAN_POINT('Origin',(430.,-36.5,212.));
#4464=CARTESIAN_POINT('',(434.5,-36.5,212.5));
#4465=CARTESIAN_POINT('Origin',(434.5,-34.,213.));
#4466=CARTESIAN_POINT('Origin',(430.,-34.,204.));
#4467=CARTESIAN_POINT('',(427.8,-34.,207.));
#4468=CARTESIAN_POINT('',(427.8,-34.,204.));
#4469=CARTESIAN_POINT('Ctrl Pts',(427.8,-34.,207.));
#4470=CARTESIAN_POINT('Ctrl Pts',(427.8,-34.278982185964,207.));
#4471=CARTESIAN_POINT('Ctrl Pts',(427.856283207872,-34.5748321143762,207.021345421569));
#4472=CARTESIAN_POINT('Ctrl Pts',(428.081629460983,-35.1161576887116,207.098395596159));
#4473=CARTESIAN_POINT('Ctrl Pts',(428.250555784252,-35.3618256214724,207.153146145735));
#4474=CARTESIAN_POINT('Ctrl Pts',(428.585882379325,-35.6971522165462,207.243165384527));
#4475=CARTESIAN_POINT('Ctrl Pts',(428.754544287468,-35.8259363955654,207.283564119682));
#4476=CARTESIAN_POINT('Ctrl Pts',(428.940897283917,-35.9282897699221,207.318301436787));
#4477=CARTESIAN_POINT('Ctrl Pts',(431.059102716083,-35.9282897699222,207.318301436787));
#4478=CARTESIAN_POINT('Ctrl Pts',(431.245455712531,-35.8259363955654,207.283564119682));
#4479=CARTESIAN_POINT('Ctrl Pts',(431.414117620675,-35.6971522165462,207.243165384527));
#4480=CARTESIAN_POINT('Ctrl Pts',(431.749444215748,-35.3618256214724,207.153146145735));
#4481=CARTESIAN_POINT('Ctrl Pts',(431.918370539017,-35.1161576887116,207.09839559616));
#4482=CARTESIAN_POINT('Ctrl Pts',(432.143716792128,-34.5748321143762,207.021345421569));
#4483=CARTESIAN_POINT('Ctrl Pts',(432.2,-34.278982185964,207.));
#4484=CARTESIAN_POINT('Ctrl Pts',(432.2,-33.721017814036,207.));
#4485=CARTESIAN_POINT('Ctrl Pts',(432.143716792128,-33.4251678856238,207.021345421569));
#4486=CARTESIAN_POINT('Ctrl Pts',(431.918370539017,-32.8838423112884,207.098395596159));
#4487=CARTESIAN_POINT('Ctrl Pts',(431.749444215748,-32.6381743785276,207.153146145735));
#4488=CARTESIAN_POINT('Ctrl Pts',(431.414117620675,-32.3028477834538,207.243165384527));
#4489=CARTESIAN_POINT('Ctrl Pts',(431.245455712531,-32.1740636044346,207.283564119682));
#4490=CARTESIAN_POINT('Ctrl Pts',(431.059102716083,-32.0717102300779,207.318301436787));
#4491=CARTESIAN_POINT('Ctrl Pts',(428.940897283918,-32.0717102300778,207.318301436787));
#4492=CARTESIAN_POINT('Ctrl Pts',(428.754544287469,-32.1740636044345,207.283564119682));
#4493=CARTESIAN_POINT('Ctrl Pts',(428.585882379325,-32.3028477834538,207.243165384527));
#4494=CARTESIAN_POINT('Ctrl Pts',(428.250555784252,-32.6381743785276,207.153146145735));
#4495=CARTESIAN_POINT('Ctrl Pts',(428.081629460983,-32.8838423112884,207.098395596159));
#4496=CARTESIAN_POINT('Ctrl Pts',(427.856283207872,-33.4251678856238,207.021345421569));
#4497=CARTESIAN_POINT('Ctrl Pts',(427.8,-33.721017814036,207.));
#4498=CARTESIAN_POINT('Ctrl Pts',(427.8,-34.,207.));
#4499=CARTESIAN_POINT('Origin',(429.75,-34.,267.));
#4500=CARTESIAN_POINT('Origin',(429.75,-34.,267.));
#4501=CARTESIAN_POINT('',(425.,-39.1730068769078,263.960263193718));
#4502=CARTESIAN_POINT('Origin',(425.,-34.,267.));
#4503=CARTESIAN_POINT('',(426.,-39.27765803972,264.145823128154));
#4504=CARTESIAN_POINT('Origin',(375.569045398658,-34.,267.));
#4505=CARTESIAN_POINT('Origin',(426.,-34.,267.));
#4506=CARTESIAN_POINT('Origin',(456.58366894172,-42.47827455687,240.));
#4507=CARTESIAN_POINT('',(425.,-39.1730068769154,260.));
#4508=CARTESIAN_POINT('',(425.,-39.1730068769078,240.));
#4509=CARTESIAN_POINT('',(426.,-39.27765803972,260.));
#4510=CARTESIAN_POINT('',(457.13001105754,-42.53544989458,260.));
#4511=CARTESIAN_POINT('',(426.,-39.27765803972,240.));
#4512=CARTESIAN_POINT('Origin',(429.75,-34.,213.));
#4513=CARTESIAN_POINT('Origin',(456.58366894172,-42.47827455687,240.));
#4514=CARTESIAN_POINT('',(426.,-39.27765803972,220.));
#4515=CARTESIAN_POINT('',(426.,-39.27765803972,240.));
#4516=CARTESIAN_POINT('',(425.,-39.1730068769154,220.));
#4517=CARTESIAN_POINT('',(457.13001105754,-42.53544989458,220.));
#4518=CARTESIAN_POINT('',(425.,-39.1730068769078,240.));
#4519=CARTESIAN_POINT('Origin',(426.,-42.,240.));
#4520=CARTESIAN_POINT('',(426.,-36.5,260.));
#4521=CARTESIAN_POINT('',(426.,-40.75,260.));
#4522=CARTESIAN_POINT('',(426.,-36.5,220.));
#4523=CARTESIAN_POINT('',(426.,-36.5,240.));
#4524=CARTESIAN_POINT('',(426.,-40.75,220.));
#4525=CARTESIAN_POINT('Origin',(457.,-38.5,274.));
#4526=CARTESIAN_POINT('',(425.,-27.5,274.));
#4527=CARTESIAN_POINT('',(425.,-42.875,274.));
#4528=CARTESIAN_POINT('',(495.,-43.,274.));
#4529=CARTESIAN_POINT('',(495.,-45.5,274.));
#4530=CARTESIAN_POINT('',(500.,-43.,274.));
#4531=CARTESIAN_POINT('',(478.,-43.,274.));
#4532=CARTESIAN_POINT('',(500.,-43.,274.));
#4533=CARTESIAN_POINT('',(482.65,-39.,274.));
#4534=CARTESIAN_POINT('',(482.65,-39.,274.));
#4535=CARTESIAN_POINT('',(482.5,-39.,274.));
#4536=CARTESIAN_POINT('',(468.5,-39.,274.));
#4537=CARTESIAN_POINT('',(477.5,-39.,274.));
#4538=CARTESIAN_POINT('',(468.5,-39.,274.));
#4539=CARTESIAN_POINT('',(477.35,-39.,274.));
#4540=CARTESIAN_POINT('',(468.5,-39.,274.));
#4541=CARTESIAN_POINT('',(477.34999999999,-36.60780707656,274.));
#4542=CARTESIAN_POINT('',(477.35,-39.,274.));
#4543=CARTESIAN_POINT('',(463.84732378075,-35.19473630942,274.));
#4544=CARTESIAN_POINT('',(457.41633105827,-34.52172544312,274.));
#4545=CARTESIAN_POINT('Origin',(462.,-34.,274.));
#4546=CARTESIAN_POINT('',(435.,-27.5,274.));
#4547=CARTESIAN_POINT('',(435.,0.,274.));
#4548=CARTESIAN_POINT('',(468.75,-27.5,274.));
#4549=CARTESIAN_POINT('Origin',(425.,0.,240.));
#4550=CARTESIAN_POINT('',(425.,-27.5,240.));
#4551=CARTESIAN_POINT('',(425.,-36.5,220.));
#4552=CARTESIAN_POINT('',(425.,-19.75,220.));
#4553=CARTESIAN_POINT('',(425.,-36.5,260.));
#4554=CARTESIAN_POINT('',(425.,-36.5,240.));
#4555=CARTESIAN_POINT('',(425.,-19.75,260.));
#4556=CARTESIAN_POINT('Origin',(458.,-39.5,260.));
#4557=CARTESIAN_POINT('',(444.,-36.5,260.));
#4558=CARTESIAN_POINT('Origin',(458.,-39.5,220.));
#4559=CARTESIAN_POINT('',(444.,-36.5,220.));
#4560=CARTESIAN_POINT('Origin',(462.,-34.,276.));
#4561=CARTESIAN_POINT('Origin',(462.,-34.,264.));
#4562=CARTESIAN_POINT('',(463.84732378075,-35.19473630942,276.));
#4563=CARTESIAN_POINT('Origin',(457.41633105827,-34.52172544312,240.));
#4564=CARTESIAN_POINT('',(479.12108020843,-36.79315267977,271.5));
#4565=CARTESIAN_POINT('Origin',(480.,-36.88513265796,274.));
#4566=CARTESIAN_POINT('Origin',(480.,-36.88513265796,269.));
#4567=CARTESIAN_POINT('Origin',(480.,-39.,274.));
#4568=CARTESIAN_POINT('',(479.12108020843,-34.,271.5));
#4569=CARTESIAN_POINT('Origin',(480.,-34.,274.));
#4570=CARTESIAN_POINT('',(479.12108020843,-39.,271.5));
#4571=CARTESIAN_POINT('Origin',(480.,-39.,274.));
#4572=CARTESIAN_POINT('',(480.87891979156,-39.,271.5));
#4573=CARTESIAN_POINT('Origin',(480.,-39.,274.));
#4574=CARTESIAN_POINT('Origin',(480.,-39.,274.));
#4575=CARTESIAN_POINT('Origin',(480.,-39.,274.));
#4576=CARTESIAN_POINT('Origin',(500.,-43.,240.));
#4577=CARTESIAN_POINT('',(500.,-43.,274.));
#4578=CARTESIAN_POINT('Origin',(499.,-43.,282.));
#4579=CARTESIAN_POINT('',(503.,-43.,290.));
#4580=CARTESIAN_POINT('',(503.,-43.,274.));
#4581=CARTESIAN_POINT('',(503.,-43.,282.));
#4582=CARTESIAN_POINT('',(499.,-43.,274.));
#4583=CARTESIAN_POINT('',(495.,-43.,290.));
#4584=CARTESIAN_POINT('',(495.,-43.,282.));
#4585=CARTESIAN_POINT('',(499.,-43.,290.));
#4586=CARTESIAN_POINT('Origin',(495.,-52.5,282.));
#4587=CARTESIAN_POINT('',(495.,-62.,274.));
#4588=CARTESIAN_POINT('',(495.,-52.5,274.));
#4589=CARTESIAN_POINT('',(495.,-62.,290.));
#4590=CARTESIAN_POINT('',(495.,-62.,282.));
#4591=CARTESIAN_POINT('',(495.,-52.5,290.));
#4592=CARTESIAN_POINT('Origin',(435.,0.,240.));
#4593=CARTESIAN_POINT('',(435.,-27.5,240.));
#4594=CARTESIAN_POINT('',(435.,-19.75,260.));
#4595=CARTESIAN_POINT('',(435.,-19.75,220.));
#4596=CARTESIAN_POINT('Origin',(490.,0.,240.));
#4597=CARTESIAN_POINT('',(490.,-27.5,206.));
#4598=CARTESIAN_POINT('',(490.,-27.5,240.));
#4599=CARTESIAN_POINT('',(490.,-35.,211.));
#4600=CARTESIAN_POINT('',(490.,-35.,240.));
#4601=CARTESIAN_POINT('',(490.,-21.,211.));
#4602=CARTESIAN_POINT('',(490.,0.,206.));
#4603=CARTESIAN_POINT('Origin',(480.,-34.,274.));
#4604=CARTESIAN_POINT('',(479.38332955519,-34.,271.57725));
#4605=CARTESIAN_POINT('Origin',(480.,-34.,269.));
#4606=CARTESIAN_POINT('Origin',(480.,-34.,274.));
#4607=CARTESIAN_POINT('Origin',(480.,-34.,274.));
#4608=CARTESIAN_POINT('Origin',(480.,-34.,269.));
#4609=CARTESIAN_POINT('Origin',(485.,0.,206.));
#4610=CARTESIAN_POINT('',(482.75,-27.5,206.));
#4611=CARTESIAN_POINT('',(482.65,-34.,206.));
#4612=CARTESIAN_POINT('',(482.65,-39.,206.));
#4613=CARTESIAN_POINT('',(482.5,-34.,206.));
#4614=CARTESIAN_POINT('',(482.5,-34.,206.));
#4615=CARTESIAN_POINT('',(482.5,-34.,206.));
#4616=CARTESIAN_POINT('Origin',(480.,-34.,206.));
#4617=CARTESIAN_POINT('',(479.38332955519,-34.,208.42275));
#4618=CARTESIAN_POINT('Origin',(480.,-34.,206.));
#4619=CARTESIAN_POINT('Origin',(480.,-34.,211.));
#4620=CARTESIAN_POINT('Origin',(480.,-34.,206.));
#4621=CARTESIAN_POINT('Origin',(480.,-34.,206.));
#4622=CARTESIAN_POINT('Origin',(480.,-34.,211.));
#4623=CARTESIAN_POINT('',(479.38332955519,-34.,208.57725));
#4624=CARTESIAN_POINT('Origin',(480.,-34.,211.));
#4625=CARTESIAN_POINT('Origin',(480.,-34.,206.));
#4626=CARTESIAN_POINT('Origin',(480.,-34.,211.));
#4627=CARTESIAN_POINT('Origin',(480.,-34.,211.));
#4628=CARTESIAN_POINT('Origin',(480.,-34.,211.));
#4629=CARTESIAN_POINT('',(479.12108020843,-34.,208.5));
#4630=CARTESIAN_POINT('Origin',(480.,-34.,211.));
#4631=CARTESIAN_POINT('Origin',(480.,-34.,206.));
#4632=CARTESIAN_POINT('Origin',(480.,-39.,211.));
#4633=CARTESIAN_POINT('',(479.12108020843,-36.79315267977,208.5));
#4634=CARTESIAN_POINT('',(479.12108020843,-39.,208.5));
#4635=CARTESIAN_POINT('Origin',(480.,-36.88513265796,211.));
#4636=CARTESIAN_POINT('Origin',(480.,-39.,211.));
#4637=CARTESIAN_POINT('',(480.87891979156,-39.,208.5));
#4638=CARTESIAN_POINT('Origin',(480.,-35.,211.));
#4639=CARTESIAN_POINT('Origin',(478.,-35.,240.));
#4640=CARTESIAN_POINT('',(482.64999999999,-35.,269.));
#4641=CARTESIAN_POINT('',(478.,-35.,269.));
#4642=CARTESIAN_POINT('Origin',(480.,-35.,269.));
#4643=CARTESIAN_POINT('',(478.,-35.,211.));
#4644=CARTESIAN_POINT('Origin',(480.,-39.,269.));
#4645=CARTESIAN_POINT('Origin',(480.,-34.,269.));
#4646=CARTESIAN_POINT('',(482.65,-39.,269.));
#4647=CARTESIAN_POINT('Origin',(480.,-39.,269.));
#4648=CARTESIAN_POINT('Origin',(480.,-34.,269.));
#4649=CARTESIAN_POINT('',(479.38332955519,-34.,271.42275));
#4650=CARTESIAN_POINT('Origin',(480.,-34.,274.));
#4651=CARTESIAN_POINT('Origin',(480.,-34.,269.));
#4652=CARTESIAN_POINT('Origin',(480.,-34.,269.));
#4653=CARTESIAN_POINT('Origin',(480.,-34.,274.));
#4654=CARTESIAN_POINT('Origin',(480.,-34.,269.));
#4655=CARTESIAN_POINT('Origin',(480.,-34.,269.));
#4656=CARTESIAN_POINT('Origin',(480.,-34.,274.));
#4657=CARTESIAN_POINT('Origin',(480.,-34.,274.));
#4658=CARTESIAN_POINT('Origin',(485.,-27.5,240.));
#4659=CARTESIAN_POINT('Origin',(462.,-34.,264.));
#4660=CARTESIAN_POINT('Origin',(499.,-52.5,274.));
#4661=CARTESIAN_POINT('',(503.,-58.,274.));
#4662=CARTESIAN_POINT('',(535.,-58.,274.));
#4663=CARTESIAN_POINT('',(517.,-58.,274.));
#4664=CARTESIAN_POINT('',(535.,-66.,274.));
#4665=CARTESIAN_POINT('',(535.,-62.,274.));
#4666=CARTESIAN_POINT('',(499.,-66.,274.));
#4667=CARTESIAN_POINT('',(517.,-66.,274.));
#4668=CARTESIAN_POINT('',(499.,-62.,274.));
#4669=CARTESIAN_POINT('',(499.,-62.,274.));
#4670=CARTESIAN_POINT('',(499.,-62.,274.));
#4671=CARTESIAN_POINT('',(503.,-52.5,274.));
#4672=CARTESIAN_POINT('Origin',(503.,-52.5,282.));
#4673=CARTESIAN_POINT('',(503.,-58.,290.));
#4674=CARTESIAN_POINT('',(503.,-58.,282.));
#4675=CARTESIAN_POINT('',(503.,-52.5,290.));
#4676=CARTESIAN_POINT('Origin',(499.,-52.5,290.));
#4677=CARTESIAN_POINT('',(499.,-62.,290.));
#4678=CARTESIAN_POINT('',(499.,-62.,290.));
#4679=CARTESIAN_POINT('',(499.,-66.,290.));
#4680=CARTESIAN_POINT('',(499.,-62.,290.));
#4681=CARTESIAN_POINT('',(535.,-66.,290.));
#4682=CARTESIAN_POINT('',(517.,-66.,290.));
#4683=CARTESIAN_POINT('',(535.,-58.,290.));
#4684=CARTESIAN_POINT('',(535.,-62.,290.));
#4685=CARTESIAN_POINT('',(517.,-58.,290.));
#4686=CARTESIAN_POINT('Origin',(499.,-62.,282.));
#4687=CARTESIAN_POINT('',(499.,-62.,282.));
#4688=CARTESIAN_POINT('Origin',(430.,-36.5,240.));
#4689=CARTESIAN_POINT('Origin',(430.,-27.5,240.));
#4690=CARTESIAN_POINT('Origin',(458.,-39.5,260.));
#4691=CARTESIAN_POINT('Origin',(458.,-39.5,220.));
#4692=CARTESIAN_POINT('Origin',(478.,-42.,269.));
#4693=CARTESIAN_POINT('Origin',(478.,-42.,211.));
#4694=CARTESIAN_POINT('Origin',(480.,-34.,269.));
#4695=CARTESIAN_POINT('Origin',(480.,-39.,206.));
#4696=CARTESIAN_POINT('Origin',(480.,-36.88513265796,206.));
#4697=CARTESIAN_POINT('Origin',(480.,-34.,206.));
#4698=CARTESIAN_POINT('Origin',(480.,-39.,206.));
#4699=CARTESIAN_POINT('Origin',(480.,-34.,206.));
#4700=CARTESIAN_POINT('Origin',(480.,-34.,211.));
#4701=CARTESIAN_POINT('Origin',(480.,-34.,206.));
#4702=CARTESIAN_POINT('Origin',(480.,-39.,211.));
#4703=CARTESIAN_POINT('Origin',(480.,-39.,211.));
#4704=CARTESIAN_POINT('Origin',(457.41633105827,-34.52172544312,240.));
#4705=CARTESIAN_POINT('',(463.84732378075,-35.19473630942,204.));
#4706=CARTESIAN_POINT('Origin',(480.,-39.,269.));
#4707=CARTESIAN_POINT('Origin',(480.,-39.,269.));
#4708=CARTESIAN_POINT('Origin',(462.,-34.,204.));
#4709=CARTESIAN_POINT('Origin',(462.,-34.,216.));
#4710=CARTESIAN_POINT('Origin',(462.,-34.,216.));
#4711=CARTESIAN_POINT('Origin',(480.,-39.,269.));
#4712=CARTESIAN_POINT('Origin',(517.,-58.,282.));
#4713=CARTESIAN_POINT('',(535.,-58.,282.));
#4714=CARTESIAN_POINT('',(523.8,-58.,282.));
#4715=CARTESIAN_POINT('Origin',(526.,-58.,282.));
#4716=CARTESIAN_POINT('Origin',(535.,-62.,282.));
#4717=CARTESIAN_POINT('',(535.,-66.,282.));
#4718=CARTESIAN_POINT('Origin',(517.,-66.,282.));
#4719=CARTESIAN_POINT('',(499.,-66.,282.));
#4720=CARTESIAN_POINT('',(523.8,-66.,282.));
#4721=CARTESIAN_POINT('Origin',(526.,-66.,282.));
#4722=CARTESIAN_POINT('Origin',(499.,-62.,282.));
#4723=CARTESIAN_POINT('Origin',(480.,-39.,206.));
#4724=CARTESIAN_POINT('Origin',(480.,-39.,206.));
#4725=CARTESIAN_POINT('Origin',(480.,-39.,206.));
#4726=CARTESIAN_POINT('Origin',(500.,-43.,240.));
#4727=CARTESIAN_POINT('',(500.,-43.,206.));
#4728=CARTESIAN_POINT('Origin',(499.,-43.,198.));
#4729=CARTESIAN_POINT('',(503.,-43.,206.));
#4730=CARTESIAN_POINT('',(503.,-43.,190.));
#4731=CARTESIAN_POINT('',(503.,-43.,198.));
#4732=CARTESIAN_POINT('',(495.,-43.,190.));
#4733=CARTESIAN_POINT('',(499.,-43.,190.));
#4734=CARTESIAN_POINT('',(495.,-43.,198.));
#4735=CARTESIAN_POINT('',(499.,-43.,206.));
#4736=CARTESIAN_POINT('Origin',(495.,-52.5,198.));
#4737=CARTESIAN_POINT('',(495.,-62.,190.));
#4738=CARTESIAN_POINT('',(495.,-52.5,190.));
#4739=CARTESIAN_POINT('',(495.,-62.,206.));
#4740=CARTESIAN_POINT('',(495.,-62.,198.));
#4741=CARTESIAN_POINT('',(495.,-52.5,206.));
#4742=CARTESIAN_POINT('Origin',(480.,-39.,211.));
#4743=CARTESIAN_POINT('Origin',(526.,-62.,282.));
#4744=CARTESIAN_POINT('',(523.8,-62.,282.));
#4745=CARTESIAN_POINT('Origin',(499.,-52.5,206.));
#4746=CARTESIAN_POINT('',(503.,-58.,206.));
#4747=CARTESIAN_POINT('',(503.,-52.5,206.));
#4748=CARTESIAN_POINT('',(499.,-62.,206.));
#4749=CARTESIAN_POINT('',(499.,-62.,206.));
#4750=CARTESIAN_POINT('',(499.,-66.,206.));
#4751=CARTESIAN_POINT('',(499.,-62.,206.));
#4752=CARTESIAN_POINT('',(535.,-66.,206.));
#4753=CARTESIAN_POINT('',(517.,-66.,206.));
#4754=CARTESIAN_POINT('',(535.,-58.,206.));
#4755=CARTESIAN_POINT('',(535.,-62.,206.));
#4756=CARTESIAN_POINT('',(517.,-58.,206.));
#4757=CARTESIAN_POINT('Origin',(503.,-52.5,198.));
#4758=CARTESIAN_POINT('',(503.,-58.,190.));
#4759=CARTESIAN_POINT('',(503.,-58.,198.));
#4760=CARTESIAN_POINT('',(503.,-52.5,190.));
#4761=CARTESIAN_POINT('Origin',(499.,-52.5,190.));
#4762=CARTESIAN_POINT('',(535.,-58.,190.));
#4763=CARTESIAN_POINT('',(517.,-58.,190.));
#4764=CARTESIAN_POINT('',(535.,-66.,190.));
#4765=CARTESIAN_POINT('',(535.,-62.,190.));
#4766=CARTESIAN_POINT('',(499.,-66.,190.));
#4767=CARTESIAN_POINT('',(517.,-66.,190.));
#4768=CARTESIAN_POINT('',(499.,-62.,190.));
#4769=CARTESIAN_POINT('',(499.,-62.,190.));
#4770=CARTESIAN_POINT('',(499.,-62.,190.));
#4771=CARTESIAN_POINT('Origin',(499.,-62.,198.));
#4772=CARTESIAN_POINT('',(499.,-62.,198.));
#4773=CARTESIAN_POINT('Origin',(499.,-62.,198.));
#4774=CARTESIAN_POINT('',(499.,-66.,198.));
#4775=CARTESIAN_POINT('Origin',(517.,-66.,198.));
#4776=CARTESIAN_POINT('',(535.,-66.,198.));
#4777=CARTESIAN_POINT('',(523.8,-66.,198.));
#4778=CARTESIAN_POINT('Origin',(526.,-66.,198.));
#4779=CARTESIAN_POINT('Origin',(535.,-62.,198.));
#4780=CARTESIAN_POINT('',(535.,-58.,198.));
#4781=CARTESIAN_POINT('Origin',(517.,-58.,198.));
#4782=CARTESIAN_POINT('',(523.8,-58.,198.));
#4783=CARTESIAN_POINT('Origin',(526.,-58.,198.));
#4784=CARTESIAN_POINT('Origin',(526.,-62.,198.));
#4785=CARTESIAN_POINT('',(523.8,-62.,198.));
#4786=CARTESIAN_POINT('Origin',(505.,-62.,289.75));
#4787=CARTESIAN_POINT('',(503.2,-62.,289.75));
#4788=CARTESIAN_POINT('Origin',(505.,-62.,289.75));
#4789=CARTESIAN_POINT('',(503.2,-62.,277.75));
#4790=CARTESIAN_POINT('',(503.2,-62.,289.75));
#4791=CARTESIAN_POINT('Origin',(505.,-62.,277.75));
#4792=CARTESIAN_POINT('Origin',(505.,-62.,289.75));
#4793=CARTESIAN_POINT('Origin',(505.,-62.,277.75));
#4794=CARTESIAN_POINT('Origin',(518.,-62.,289.75));
#4795=CARTESIAN_POINT('',(516.2,-62.,289.75));
#4796=CARTESIAN_POINT('Origin',(518.,-62.,289.75));
#4797=CARTESIAN_POINT('',(516.2,-62.,277.75));
#4798=CARTESIAN_POINT('',(516.2,-62.,289.75));
#4799=CARTESIAN_POINT('Origin',(518.,-62.,277.75));
#4800=CARTESIAN_POINT('Origin',(518.,-62.,289.75));
#4801=CARTESIAN_POINT('Origin',(518.,-62.,277.75));
#4802=UNCERTAINTY_MEASURE_WITH_UNIT(LENGTH_MEASURE(0.01),#4806,
'DISTANCE_ACCURACY_VALUE',
'Maximum model space distance between geometric entities at asserted c
onnectivities');
#4803=UNCERTAINTY_MEASURE_WITH_UNIT(LENGTH_MEASURE(0.01),#4806,
'DISTANCE_ACCURACY_VALUE',
'Maximum model space distance between geometric entities at asserted c
onnectivities');
#4804=(
GEOMETRIC_REPRESENTATION_CONTEXT(3)
GLOBAL_UNCERTAINTY_ASSIGNED_CONTEXT((#4802))
GLOBAL_UNIT_ASSIGNED_CONTEXT((#4806,#4808,#4809))
REPRESENTATION_CONTEXT('','3D')
);
#4805=(
GEOMETRIC_REPRESENTATION_CONTEXT(3)
GLOBAL_UNCERTAINTY_ASSIGNED_CONTEXT((#4803))
GLOBAL_UNIT_ASSIGNED_CONTEXT((#4806,#4808,#4809))
REPRESENTATION_CONTEXT('','3D')
);
#4806=(
LENGTH_UNIT()
NAMED_UNIT(*)
SI_UNIT(.MILLI.,.METRE.)
);
#4807=(
LENGTH_UNIT()
NAMED_UNIT(*)
SI_UNIT($,.METRE.)
);
#4808=(
NAMED_UNIT(*)
PLANE_ANGLE_UNIT()
SI_UNIT($,.RADIAN.)
);
#4809=(
NAMED_UNIT(*)
SI_UNIT($,.STERADIAN.)
SOLID_ANGLE_UNIT()
);
#4810=SHAPE_DEFINITION_REPRESENTATION(#4811,#4812);
#4811=PRODUCT_DEFINITION_SHAPE('',$,#4814);
#4812=SHAPE_REPRESENTATION('',(#2670),#4804);
#4813=PRODUCT_DEFINITION_CONTEXT('part definition',#4818,'design');
#4814=PRODUCT_DEFINITION('2026-09-09-17-44-21-323','TMP_V036',#4815,#4813);
#4815=PRODUCT_DEFINITION_FORMATION('',$,#4820);
#4816=PRODUCT_RELATED_PRODUCT_CATEGORY('TMP_V036','TMP_V036',(#4820));
#4817=APPLICATION_PROTOCOL_DEFINITION('international standard',
'automotive_design',2009,#4818);
#4818=APPLICATION_CONTEXT(
'Core Data for Automotive Mechanical Design Process');
#4819=PRODUCT_CONTEXT('part definition',#4818,'mechanical');
#4820=PRODUCT('2026-09-09-17-44-21-323','TMP_V036',$,(#4819));
#4821=PRESENTATION_STYLE_ASSIGNMENT((#4822));
#4822=SURFACE_STYLE_USAGE(.BOTH.,#4823);
#4823=SURFACE_SIDE_STYLE('',(#4824));
#4824=SURFACE_STYLE_FILL_AREA(#4825);
#4825=FILL_AREA_STYLE('Steel - Satin',(#4826));
#4826=FILL_AREA_STYLE_COLOUR('Steel - Satin',#4827);
#4827=COLOUR_RGB('Steel - Satin',0.627450980392157,0.627450980392157,0.627450980392157);
ENDSEC;
END-ISO-10303-21;
